{
  "code": "taxidermy",
	"maxstacksize": 4,
		"behaviors": [
		{ "name": "GroundStorable", "properties": { "layout": "SingleCenter"}}
	],
  "variantgroups": [
    {"code": "tribe","states": [ "alceini", "capreolini", "odocoileini" ]},
    {"code": "type","states": [ "baby","female","male" ]},
    {"code": "species","states": [ "alcesalces","capreoluscapreolus","capreoluspygargus","hydropotesinermis","blastocerusdichotomus","hippocamelusantisensis","hippocamelusbisulcus","mazamaamericana","mazamachunyi","mazamagouazoubira","mazamanana","mazamanemorivaga","mazamarufina","mazamatemama","mazamatienhoveni","odocoileushemionus","odocoileuspandora","odocoileusvirginianus","ozotocerosbezoarticus","pudellamephistophiles","pudupuda","rangifertarandus" ]},
    {"code": "size","states": [ "00","01", "02", "03", "04", "05", "06", "07", "08", "09"]}
  ],
	"allowedVariants": [
		"*-alceini-male-alcesalces-*",
		"*-alceini-*-alcesalces-00",
		"*-capreolini-*-capreoluscapreolus-00",
		"*-capreolini-*-capreoluspygargus-00",
		"*-capreolini-*-hydropotesinermis-00",
		"*-odocoileini-*-blastocerusdichotomus-00",
		"*-odocoileini-*-hippocamelusantisensis-00",
		"*-odocoileini-*-hippocamelusbisulcus-00",
		"*-odocoileini-*-mazamaamericana-00",
		"*-odocoileini-*-mazamachunyi-00",
		"*-odocoileini-*-mazamagouazoubira-00",
		"*-odocoileini-*-mazamanana-00",
		"*-odocoileini-*-mazamanemorivaga-00",
		"*-odocoileini-*-mazamarufina-00",
		"*-odocoileini-*-mazamatemama-00",
		"*-odocoileini-*-mazamatienhoveni-00",
		"*-odocoileini-*-odocoileushemionus-00",
		"*-odocoileini-*-odocoileuspandora-00",
		"*-odocoileini-*-odocoileusvirginianus-00",
		"*-odocoileini-*-ozotocerosbezoarticus-00",
		"*-odocoileini-*-pudellamephistophiles-00",
		"*-odocoileini-*-pudupuda-00",
		"*-odocoileini-*-rangifertarandus-00"
	],
  "attributes": {
    "handbook": {
      "groupBy": [ "taxidermy-*" ]
    },
		"displaycaseable": false, 
		"shelvable": false,
		"groundStorageTransformByType": {
			"*-male-alcesalces-*": {"rotation": { "x": 0, "y": 90, "z": 0 },"origin": { "x": 0.5, "y": 0.0, "z": 0.5 },"scale": 1.1},
			"*-female-alcesalces-*": {"rotation": { "x": 0, "y": 90, "z": 0 },"origin": { "x": 0.5, "y": 0.0, "z": 0.5 },"scale": 0.9},
			"*": {"rotation": { "x": 0, "y": 90, "z": 0 },"origin": { "x": 0.5, "y": 0.0, "z": 0.5 },"scale": 1}
	}
  },
  "shapebytype": {
    "*-male-alcesalces-*": {"base": "block/alceini/taxidermy-alcesalces-male-{size}"},
    "*-female-alcesalces-*": {"base": "block/alceini/taxidermy-alcesalces-male-00"},
    "*": {
      "base": "block/{tribe}/taxidermy-{species}-{type}"
    }
  },
  "creativeinventory": {"general": [ "*" ], "decorative": [ "*" ]
  },
  "texturesByType": {
    "*baby-alcesalces-*": {"skin": {"base": "game:entity/hooved/deer/moose-baby"}},
    "*-alcesalces-*": {"skin": {"base": "game:entity/hooved/deer/moose-adult"}},
    "*-baby-capreoluspygargus-*": {"skin": {"base": "entity/{tribe}/capreoluscapreolus-baby"}},
    "*-baby-mazamachunyi-*": {"skin": {"base": "entity/{tribe}/mazamanana-baby"}},
    "*-baby-mazamagouazoubira-*": {"skin": {"base": "entity/{tribe}/mazamaamericana-baby"}},
    "*-baby-mazamarufina-*": {"skin": {"base": "entity/{tribe}/mazamanana-baby"}},
    "*-baby-mazamatemama-*": {"skin": {"base": "entity/{tribe}/mazamaamericana-baby"}},
    "*-baby-mazamatienhoveni-*": {"skin": {"base": "entity/{tribe}/mazamaamericana-baby"}},
    "*-baby-odocoileushemionus-*": {"skin": {"base": "entity/{tribe}/odocoileusvirginianus-baby"}},
    "*-baby-odocoileusvirginianus-*": {"skin": {"base": "entity/{tribe}/odocoileusvirginianus-baby"}},
    "*-baby-pudellamephistophiles-*": {"skin": {"base": "entity/{tribe}/pudupuda-baby"}},
    "*-baby-*": {"skin": {"base": "entity/{tribe}/{species}-baby"}},
    "*-female-*": {"skin": {"base": "entity/{tribe}/{species}-adult"}},
    "*-male-*": {"skin": {"base": "entity/{tribe}/{species}-adult"}}
  },
  "combustibleProps": {
    "burnTemperature": 400,
    "burnDuration": 10
  },
  "sounds": {
    "place": "game:block/cloth",
    "walk": "game:walk/cloth"
  },
	"guiTransformByType": {
		
		"*-alceini-male-*": {
			"rotate": true,
			"translation": { "x": 0, "y": 0, "z": 0 },
			"rotation": {"x": 0,"y": -60,"z": 180},
			"origin": { "x": 0.5, "y": 1.1, "z": 0.5 },
			"scale": 0.75
		},
		"*-alceini-female-*": {
			"rotate": true,
			"translation": { "x": 0, "y": 0, "z": 0 },
			"rotation": {"x": 0,"y": -60,"z": 180},
			"origin": { "x": 0.5, "y": 1, "z": 0.5 },
			"scale": 0.8
		},
		"*-alceini-baby-*": {
			"rotate": true,
			"translation": { "x": 0, "y": 0, "z": 0 },
			"rotation": {"x": 0,"y": -60,"z": 180},
			"origin": { "x": 0.5, "y": 0.5, "z": 0.5 },
			"scale": 1.5
		},
		"*-capreolini-male-*": {
			"rotate": true,
			"translation": { "x": 0, "y": 0, "z": 0 },
			"rotation": {"x": 0,"y": -60,"z": 180},
			"origin": { "x": 0.5, "y": 0.5, "z": 0.5 },
			"scale": 1.5
		},
		"*-capreolini-female-*": {
			"rotate": true,
			"translation": { "x": 0, "y": 0, "z": 0 },
			"rotation": {"x": 0,"y": -60,"z": 180},
			"origin": { "x": 0.5, "y": 0.5, "z": 0.5 },
			"scale": 1.25
		},
		"*-capreolini-baby-*": {
			"rotate": true,
			"translation": { "x": 0, "y": 0, "z": 0 },
			"rotation": {"x": 0,"y": -60,"z": 180},
			"origin": { "x": 0.5, "y": 0.2, "z": 0.5 },
			"scale": 2.5
		},
		"*-odocoileini-male-*": {
			"rotate": true,
			"translation": { "x": 0, "y": 0, "z": 0 },
			"rotation": {"x": 0,"y": -60,"z": 180},
			"origin": { "x": 0.5, "y": 0.5, "z": 0.5 },
			"scale": 1.25
		},
		"*-odocoileini-female-*": {
			"rotate": true,
			"translation": { "x": 0, "y": 0, "z": 0 },
			"rotation": {"x": 0,"y": -60,"z": 180},
			"origin": { "x": 0.5, "y": 0.4, "z": 0.5 },
			"scale": 1.3
		},
		"*-baby-blastocerus*": {
			"rotate": true,
			"translation": { "x": 0, "y": 0, "z": 0 },
			"rotation": {"x": 0,"y": -60,"z": 180},
			"origin": { "x": 0.5, "y": 0.5, "z": 0.5 },
			"scale": 1.5
		},	
		"*-baby-rangifer*": {
			"rotate": true,
			"translation": { "x": 0, "y": 0, "z": 0 },
			"rotation": {"x": 0,"y": -60,"z": 180},
			"origin": { "x": 0.5, "y": 0.5, "z": 0.5 },
			"scale": 1.5
		},	
		"*-odocoileini-baby-*": {
			"rotate": true,
			"translation": { "x": 0, "y": 0, "z": 0 },
			"rotation": {"x": 0,"y": -60,"z": 180},
			"origin": { "x": 0.5, "y": 0.2, "z": 0.5 },
			"scale": 1.75
		},		
		"*": {
			"rotate": true,
			"translation": { "x": 0, "y": 0, "z": 0 },
			"rotation": {"x": 0,"y": -60,"z": 180},
			"origin": { "x": 0.5, "y": 0, "z": 0.5 },
			"scale": 2.0
		}			
	},
  "groundTransform": {
    "translation": {"x": 0.5,"y": 0,"z": 0},
    "rotation": {"x": 0,"y": 135,"z": 0},
    "origin": {"x": 0.5,"y": -0.02,"z": 0.5},
    "scale": 0.5
  },
  "tpHandTransform": {
    "translation": {"x": -1,"y": -0.8,"z": -1},
    "rotation": {"x": -46,"y": 300,"z": -2},
    "origin": {"x": 0.5,"y": 1,"z": 0.5},
    "scale": 0.5
  },
  "fpHandTransform": {
		"translation": { "x": 0.4, "y": 0, "z": 0 },
		"rotation": { "x": -8, "y": -63, "z": -7 },
    "origin": {"x": 0.5,"y": 0.1,"z": 0.5},
    "scale": 0.5
  },
  "materialDensity": 200
}