{
    "rndWeight": 0.25,
    "perlinWeight": 1.0,
    "species": [
        {
            "code": "wildgrass:switchgrass",
            "chance": 1,
            "spread": 0.015,
            "threshold": 0.5,
            "minTemp": 0,
            "maxTemp": 40,
            "minRain": 0.2,
            "maxRain": 0.8,
            "minForest": 0.0,
            "maxForest": 0.3,
            "blockCodes": [
                "wildgrass:switchgrass-2-free",
                "wildgrass:switchgrass-3-free",
                "wildgrass:switchgrass-4-free"
            ]
        },
        {
            "code": "wildgrass:ryegrass-perennial",
            "chance": 2.0,
            "spread": 0.025,
            "threshold": 0.2,
            "minTemp": -3,
            "maxTemp": 30,
            "minRain": 0.2,
            "maxRain": 1.0,
            "minForest": 0.0,
            "maxForest": 0.8,
            "blockCodes": [
                "wildgrass:ryegrass-perennial-1-free",
                "wildgrass:ryegrass-perennial-2-free",
                "wildgrass:ryegrass-perennial-3-free"
            ]
        },
        {
            "code": "wildgrass:bluegrass",
            "chance": 3.0,
            "spread": 0.02,
            "threshold": 0.2,
            "minTemp": -4,
            "maxTemp": 40,
            "minRain": 0.4,
            "maxRain": 1.0,
            "minForest": 0.0,
            "maxForest": 0.5,
            "blockCodes": [
                "wildgrass:bluegrass-1-free",
                "wildgrass:bluegrass-2-free",
                "wildgrass:bluegrass-3-free"
            ]
        },
        {
            "code": "wildgrass:bushgrass",
            "chance": 1.0,
            "spread": 0.05,
            "threshold": 0.3,
            "minTemp": -3,
            "maxTemp": 18,
            "minRain": 0.1,
            "maxRain": 1.0,
            "minForest": 0.0,
            "maxForest": 1.0,
            "blockCodes": [
                "wildgrass:bushgrass-1-free",
                "wildgrass:bushgrass-2-free",
                "wildgrass:bushgrass-3-free"
            ]
        },
        {
            "code": "wildgrass:fescue-meadow",
            "chance": 2.0,
            "spread": 0.025,
            "threshold": 0.3,
            "minTemp": -3,
            "maxTemp": 30,
            "minRain": 0.6,
            "maxRain": 1.0,
            "minForest": 0.0,
            "maxForest": 0.4,
            "blockCodes": [
                "wildgrass:fescue-meadow-1-free",
                "wildgrass:fescue-meadow-2-free",
                "wildgrass:fescue-meadow-3-free"
            ]
        },
        {
            "code": "wildgrass:buttongrass",
            "chance": 2.0,
            "spread": 0.025,
            "threshold": 0.4,
            "minTemp": -3,
            "maxTemp": 18,
            "minRain": 0.4,
            "maxRain": 1.0,
            "minForest": 0.0,
            "maxForest": 0.6,
            "blockCodes": [
                "wildgrass:buttongrass-1-free",
                "wildgrass:buttongrass-2-free",
                "wildgrass:buttongrass-3-free"
            ]
        }
    ]
}