{
	"editor": {
		"allAngles": true,
		"entityTextureMode": true
	},
	"textureWidth": 32,
	"textureHeight": 32,
	"textureSizes": {
		"bottom": [16,16],
		"skin": [32,32]
	},
	"textures": {
	},
	"elements": [
		{
			"name": "Rotation Point",
			"from": [ 0.0, 0.0, 0.0 ], 
			"to": [ 0.0, 0.0, 0.0 ], 
			"uv": [ 0.0, 0.0 ],
			"faces": {
				"north": { "texture": "#null", "uv": [ 0.0, 0.5, 0.5, 1.0 ], "enabled": false },
				"east": { "texture": "#null", "uv": [ 0.5, 0.5, 1.0, 1.0 ], "enabled": false },
				"south": { "texture": "#null", "uv": [ 1.0, 0.5, 1.5, 1.0 ], "enabled": false },
				"west": { "texture": "#null", "uv": [ 1.5, 0.5, 2.0, 1.0 ], "enabled": false },
				"up": { "texture": "#null", "uv": [ 0.0, 0.0, 0.5, 0.5 ], "enabled": false },
				"down": { "texture": "#null", "uv": [ 0.5, 0.0, 1.0, 0.5 ], "enabled": false }
			},
			"children": [
				{
					"name": "Base",
					"from": [ 1.0, 0.0, 8.0 ], 
					"to": [ 1.0, 0.0, 8.0 ], 
					"uv": [ 0.0, 0.0 ],
					"rotationOrigin": [ 1.0, 0.0, 8.0 ],
					"faces": {
						"north": { "texture": "#null", "uv": [ 0.0, 0.5, 0.5, 1.0 ], "enabled": false },
						"east": { "texture": "#null", "uv": [ 0.5, 0.5, 1.0, 1.0 ], "enabled": false },
						"south": { "texture": "#null", "uv": [ 1.0, 0.5, 1.5, 1.0 ], "enabled": false },
						"west": { "texture": "#null", "uv": [ 1.5, 0.5, 2.0, 1.0 ], "enabled": false },
						"up": { "texture": "#null", "uv": [ 0.0, 0.0, 0.5, 0.5 ], "enabled": false },
						"down": { "texture": "#null", "uv": [ 0.5, 0.0, 1.0, 0.5 ], "enabled": false }
					},
					"children": [
						{
							"name": "PeltBody",
							"from": [ 0.0, 0.0, -2.0 ], 
							"to": [ 6.0, 0.42, 2.0 ], 
							"unwrapMode": 5,
							"autoUnwrap": false,
							"uv": [ 1.0, 9.0 ],
							"rotationOrigin": [ 0.0, 0.0, -2.0 ],
							"faces": {
								"north": { "texture": "#skin", "uv": [ 14.0, 4.0, 20.0, 4.5 ], "rotation": 180, "autoUv": false, "snapUv": false, "windMode": [-1,-1,-1,-1] },
								"east": { "texture": "#skin", "uv": [ 9.5, 0.0, 10.0, 4.0 ], "rotation": 90, "autoUv": false, "snapUv": false, "windMode": [-1,-1,-1,-1] },
								"south": { "texture": "#skin", "uv": [ 4.0, 4.0, 10.0, 4.5 ], "autoUv": false, "snapUv": false, "windMode": [-1,-1,-1,-1] },
								"west": { "texture": "#skin", "uv": [ 4.0, 0.0, 4.5, 4.0 ], "rotation": 270, "autoUv": false, "snapUv": false, "windMode": [-1,-1,-1,-1] },
								"up": { "texture": "#skin", "uv": [ 4.0, 0.0, 10.0, 4.0 ], "autoUv": false, "snapUv": false, "windMode": [-1,-1,-1,-1] },
								"down": { "texture": "#bottom", "uv": [ 8.0, 9.5, 14.0, 13.5 ], "autoUv": false, "snapUv": false, "windMode": [-1,-1,-1,-1] }
							},
							"children": [
								{
									"name": "LBody",
									"from": [ 0.0, 0.01, 3.0 ], 
									"to": [ 6.0, 0.41, 6.5 ], 
									"unwrapMode": 5,
									"autoUnwrap": false,
									"uv": [ 0.5, 1.5 ],
									"rotationOrigin": [ 0.0, -0.01, 3.0 ],
									"rotationY": -3.0,
									"faces": {
										"north": { "texture": "#null", "uv": [ 0.0, 3.5, 6.0, 4.0 ], "enabled": false },
										"east": { "texture": "#skin", "uv": [ 9.5, 4.0, 10.0, 7.5 ], "rotation": 90, "autoUv": false, "snapUv": false, "windMode": [-1,-1,-1,-1] },
										"south": { "texture": "#skin", "uv": [ 4.0, 7.5, 10.0, 8.0 ], "autoUv": false, "snapUv": false, "windMode": [-1,-1,-1,-1] },
										"west": { "texture": "#skin", "uv": [ 4.0, 4.0, 4.5, 7.5 ], "rotation": 270, "autoUv": false, "snapUv": false, "windMode": [-1,-1,-1,-1] },
										"up": { "texture": "#skin", "uv": [ 4.0, 4.0, 10.0, 7.5 ], "autoUv": false, "snapUv": false, "windMode": [-1,-1,-1,-1] },
										"down": { "texture": "#bottom", "uv": [ 7.5, 1.5, 13.5, 5.0 ], "autoUv": false, "snapUv": false }
									},
									"children": [
										{
											"name": "LArm",
											"from": [ 0.0, 0.01, 2.5 ], 
											"to": [ 1.0, 0.39, 5.5 ], 
											"unwrapMode": 5,
											"autoUnwrap": false,
											"uv": [ 13.0, 12.0 ],
											"rotationOrigin": [ 0.0, 0.01, 2.5 ],
											"rotationY": -30.0,
											"faces": {
												"north": { "texture": "#null", "uv": [ 0.0, 3.0, 1.0, 3.5 ], "enabled": false },
												"east": { "texture": "#skin", "uv": [ 22.0, 15.0, 22.5, 18.0 ], "rotation": 90, "autoUv": false, "snapUv": false, "windMode": [-1,-1,-1,-1] },
												"south": { "texture": "#skin", "uv": [ 21.0, 18.0, 22.0, 18.5 ], "autoUv": false, "snapUv": false, "windMode": [-1,-1,-1,-1] },
												"west": { "texture": "#skin", "uv": [ 20.5, 15.0, 21.0, 18.0 ], "rotation": 270, "autoUv": false, "snapUv": false, "windMode": [-1,-1,-1,-1] },
												"up": { "texture": "#skin", "uv": [ 21.0, 15.0, 22.0, 18.0 ], "autoUv": false, "snapUv": false, "windMode": [-1,-1,-1,-1] },
												"down": { "texture": "#bottom", "uv": [ 15.0, 12.0, 16.0, 15.0 ], "autoUv": false, "snapUv": false, "windMode": [-1,-1,-1,-1] }
											},
											"children": [
												{
													"name": "LArmLower",
													"from": [ 1.0, 0.01, 0.0 ], 
													"to": [ 2.0, 0.37, 3.0 ], 
													"unwrapMode": 5,
													"autoUnwrap": false,
													"uv": [ 13.0, 11.5 ],
													"rotationOrigin": [ 2.0, 0.01, 0.0 ],
													"rotationY": -10.0,
													"faces": {
														"north": { "texture": "#null", "uv": [ 0.0, 3.0, 1.0, 3.5 ], "enabled": false },
														"east": { "texture": "#skin", "uv": [ 23.5, 15.0, 24.0, 18.0 ], "rotation": 90, "autoUv": false, "snapUv": false, "windMode": [-1,-1,-1,-1] },
														"south": { "texture": "#skin", "uv": [ 22.5, 18.0, 23.5, 18.5 ], "autoUv": false, "snapUv": false, "windMode": [-1,-1,-1,-1] },
														"west": { "texture": "#null", "uv": [ 5.0, 3.0, 8.0, 3.5 ], "enabled": false },
														"up": { "texture": "#skin", "uv": [ 22.5, 15.0, 23.5, 18.0 ], "autoUv": false, "snapUv": false, "windMode": [-1,-1,-1,-1] },
														"down": { "texture": "#bottom", "uv": [ 15.0, 11.5, 16.0, 14.5 ], "autoUv": false, "snapUv": false, "windMode": [-1,-1,-1,-1] }
													}
												}
											]
										}
									]
								},
								{
									"name": "RBody",
									"from": [ 0.0, -0.41, 1.0 ], 
									"to": [ 6.0, -0.01, 4.5 ], 
									"unwrapMode": 6,
									"autoUnwrap": false,
									"uv": [ 3.0, 5.5 ],
									"rotationOrigin": [ 0.0, 0.0, 1.0 ],
									"rotationX": 180.0,
									"rotationY": -3.0,
									"faces": {
										"north": { "texture": "#null", "uv": [ 0.0, 3.5, 6.0, 4.0 ], "enabled": false },
										"east": { "texture": "#skin", "uv": [ 14.0, 4.0, 14.5, 7.5 ], "rotation": 90, "autoUv": false, "snapUv": false, "windMode": [-1,-1,-1,-1] },
										"south": { "texture": "#skin", "uv": [ 14.0, 7.5, 20.0, 8.0 ], "rotation": 180, "autoUv": false, "snapUv": false, "windMode": [-1,-1,-1,-1] },
										"west": { "texture": "#skin", "uv": [ 19.5, 4.0, 20.0, 7.5 ], "rotation": 270, "autoUv": false, "snapUv": false, "windMode": [-1,-1,-1,-1] },
										"up": { "texture": "#bottom", "uv": [ 10.0, 5.5, 16.0, 9.0 ], "autoUv": false, "snapUv": false, "windMode": [-1,-1,-1,-1] },
										"down": { "texture": "#skin", "uv": [ 14.0, 4.0, 20.0, 7.5 ], "autoUv": false, "snapUv": false, "windMode": [-1,-1,-1,-1] }
									},
									"children": [
										{
											"name": "RArm",
											"from": [ 0.0, 0.01, 2.5 ], 
											"to": [ 1.0, 0.39, 5.5 ], 
											"unwrapMode": 6,
											"autoUnwrap": false,
											"uv": [ 4.0, 6.5 ],
											"rotationOrigin": [ 0.0, 0.39, 2.5 ],
											"rotationY": -30.0,
											"faces": {
												"north": { "texture": "#null", "uv": [ 0.0, 3.0, 1.0, 3.5 ], "enabled": false },
												"east": { "texture": "#skin", "uv": [ 28.0, 14.0, 28.5, 17.0 ], "rotation": 90, "autoUv": false, "snapUv": false },
												"south": { "texture": "#skin", "uv": [ 27.0, 17.0, 28.0, 17.5 ], "rotation": 180, "autoUv": false, "snapUv": false, "windMode": [-1,-1,-1,-1] },
												"west": { "texture": "#skin", "uv": [ 26.5, 14.0, 27.0, 17.0 ], "rotation": 270, "autoUv": false, "snapUv": false, "windMode": [-1,-1,-1,-1] },
												"up": { "texture": "#bottom", "uv": [ 6.0, 7.0, 7.0, 10.0 ], "autoUv": false, "snapUv": false, "windMode": [-1,-1,-1,-1] },
												"down": { "texture": "#skin", "uv": [ 27.0, 14.0, 28.0, 17.0 ], "autoUv": false, "snapUv": false, "windMode": [-1,-1,-1,-1] }
											},
											"children": [
												{
													"name": "RArmLower",
													"from": [ 1.0, 0.01, 0.0 ], 
													"to": [ 2.0, 0.37, 3.0 ], 
													"unwrapMode": 5,
													"autoUnwrap": false,
													"uv": [ 4.5, 6.5 ],
													"rotationOrigin": [ 2.0, 0.37, 0.0 ],
													"rotationY": -10.0,
													"faces": {
														"north": { "texture": "#null", "uv": [ 0.0, 3.0, 1.0, 3.5 ], "enabled": false },
														"east": { "texture": "#skin", "uv": [ 29.5, 14.0, 30.0, 17.0 ], "rotation": 90, "autoUv": false, "snapUv": false, "windMode": [-1,-1,-1,-1] },
														"south": { "texture": "#skin", "uv": [ 28.5, 17.0, 29.5, 17.5 ], "autoUv": false, "snapUv": false, "windMode": [-1,-1,-1,-1] },
														"west": { "texture": "#null", "uv": [ 5.0, 3.0, 8.0, 3.5 ], "enabled": false },
														"up": { "texture": "#bottom", "uv": [ 4.5, 6.5, 5.5, 9.5 ], "autoUv": false, "snapUv": false, "windMode": [-1,-1,-1,-1] },
														"down": { "texture": "#skin", "uv": [ 28.5, 14.0, 29.5, 17.0 ], "autoUv": false, "snapUv": false, "windMode": [-1,-1,-1,-1] }
													}
												}
											]
										}
									]
								},
								{
									"name": "PeltAbdomen",
									"from": [ 6.0, 0.01, 0.25 ], 
									"to": [ 12.5, 0.41, 3.75 ], 
									"unwrapMode": 5,
									"autoUnwrap": false,
									"uv": [ 1.0, 11.0 ],
									"rotationOrigin": [ 6.0, 0.01, 0.25 ],
									"faces": {
										"north": { "texture": "#skin", "uv": [ 31.0, 25.5, 31.4, 32.0 ], "rotation": 270, "autoUv": false, "snapUv": false, "windMode": [-1,-1,-1,-1] },
										"east": { "texture": "#skin", "uv": [ 18.0, 22.0, 18.4, 25.5 ], "rotation": 90, "autoUv": false, "snapUv": false, "windMode": [-1,-1,-1,-1] },
										"south": { "texture": "#skin", "uv": [ 18.0, 25.5, 18.4, 32.0 ], "rotation": 90, "autoUv": false, "snapUv": false, "windMode": [-1,-1,-1,-1] },
										"west": { "texture": "#null", "uv": [ 16.5, 3.5, 20.0, 4.0 ], "enabled": false },
										"up": { "texture": "#skin", "uv": [ 14.5, 25.5, 18.0, 32.0 ], "rotation": 90, "autoUv": false, "snapUv": false, "windMode": [-1,-1,-1,-1] },
										"down": { "texture": "#bottom", "uv": [ 8.0, 11.5, 14.5, 15.0 ], "autoUv": false, "snapUv": false }
									},
									"children": [
										{
											"name": "LAbdomen",
											"from": [ 0.0, 0.01, 2.7 ], 
											"to": [ 6.5, 0.39, 6.7 ], 
											"unwrapMode": 5,
											"autoUnwrap": false,
											"uv": [ 1.0, 5.5 ],
											"rotationOrigin": [ 0.0, 0.01, 2.7 ],
											"rotationY": -3.0,
											"faces": {
												"north": { "texture": "#null", "uv": [ 0.0, 4.0, 6.5, 4.5 ], "enabled": false },
												"east": { "texture": "#skin", "uv": [ 18.5, 25.5, 22.5, 26.0 ], "autoUv": false, "snapUv": false, "windMode": [-1,-1,-1,-1] },
												"south": { "texture": "#skin", "uv": [ 22.5, 25.5, 23.0, 32.0 ], "rotation": 90, "autoUv": false, "snapUv": false, "windMode": [-1,-1,-1,-1] },
												"west": { "texture": "#skin", "uv": [ 18.5, 31.5, 22.5, 32.0 ], "rotation": 180, "autoUv": false, "snapUv": false, "windMode": [-1,-1,-1,-1] },
												"up": { "texture": "#skin", "uv": [ 18.5, 25.5, 22.5, 32.0 ], "rotation": 90, "autoUv": false, "snapUv": false, "windMode": [-1,-1,-1,-1] },
												"down": { "texture": "#bottom", "uv": [ 8.5, 5.5, 15.0, 9.5 ], "autoUv": false, "snapUv": false, "windMode": [-1,-1,-1,-1] }
											},
											"children": [
												{
													"name": "LLeg",
													"from": [ 3.5, 0.01, 4.0 ], 
													"to": [ 5.5, 0.37, 8.0 ], 
													"unwrapMode": 5,
													"autoUnwrap": false,
													"uv": [ 4.0, 4.5 ],
													"rotationOrigin": [ 3.5, 0.01, 4.0 ],
													"rotationY": 72.0,
													"faces": {
														"north": { "texture": "#null", "uv": [ 0.0, 4.0, 2.0, 4.5 ], "enabled": false },
														"east": { "texture": "#skin", "uv": [ 5.0, 14.5, 5.5, 18.5 ], "rotation": 90, "autoUv": false, "snapUv": false, "windMode": [-1,-1,-1,-1] },
														"south": { "texture": "#skin", "uv": [ 3.0, 18.5, 5.0, 19.0 ], "autoUv": false, "snapUv": false, "windMode": [-1,-1,-1,-1] },
														"west": { "texture": "#skin", "uv": [ 2.5, 14.5, 3.0, 18.5 ], "rotation": 270, "autoUv": false, "snapUv": false, "windMode": [-1,-1,-1,-1] },
														"up": { "texture": "#skin", "uv": [ 3.0, 14.5, 5.0, 18.5 ], "autoUv": false, "snapUv": false, "windMode": [-1,-1,-1,-1] },
														"down": { "texture": "#bottom", "uv": [ 7.0, 4.5, 9.0, 8.5 ], "autoUv": false, "snapUv": false, "windMode": [-1,-1,-1,-1] }
													},
													"children": [
														{
															"name": "LLegEnd",
															"from": [ 0.0, -0.01, 3.5 ], 
															"to": [ 2.0, 0.37, 5.5 ], 
															"unwrapMode": 5,
															"autoUnwrap": false,
															"uv": [ 2.0, 9.0 ],
															"rotationOrigin": [ 1.0, -0.01, 3.5 ],
															"rotationY": -14.0,
															"faces": {
																"north": { "texture": "#skin", "uv": [ 3.0, 18.5, 5.0, 19.0 ], "rotation": 180, "autoUv": false, "snapUv": false, "windMode": [-1,-1,-1,-1] },
																"east": { "texture": "#skin", "uv": [ 4.5, 18.5, 5.0, 20.5 ], "rotation": 90, "autoUv": false, "snapUv": false, "windMode": [-1,-1,-1,-1] },
																"south": { "texture": "#skin", "uv": [ 3.0, 20.0, 5.0, 20.5 ], "autoUv": false, "snapUv": false, "windMode": [-1,-1,-1,-1] },
																"west": { "texture": "#skin", "uv": [ 3.0, 18.5, 3.5, 20.5 ], "rotation": 270, "autoUv": false, "snapUv": false, "windMode": [-1,-1,-1,-1] },
																"up": { "texture": "#skin", "uv": [ 3.0, 18.5, 5.0, 20.5 ], "autoUv": false, "snapUv": false, "windMode": [-1,-1,-1,-1] },
																"down": { "texture": "#bottom", "uv": [ 5.0, 9.5, 7.0, 11.5 ], "autoUv": false, "snapUv": false, "windMode": [-1,-1,-1,-1] }
															}
														}
													]
												},
												{
													"name": "LLegLower",
													"from": [ 5.0, 0.02, 0.5 ], 
													"to": [ 6.5, 0.36, 4.0 ], 
													"unwrapMode": 5,
													"autoUnwrap": false,
													"uv": [ 0.5, 6.0 ],
													"rotationOrigin": [ 6.5, 0.02, 0.5 ],
													"rotationY": 26.0,
													"faces": {
														"north": { "texture": "#null", "uv": [ 0.0, 3.5, 1.5, 4.0 ], "enabled": false },
														"east": { "texture": "#skin", "uv": [ 6.5, 15.0, 7.0, 18.5 ], "rotation": 90, "autoUv": false, "snapUv": false, "windMode": [-1,-1,-1,-1] },
														"south": { "texture": "#null", "uv": [ 5.0, 3.5, 6.5, 4.0 ], "enabled": false },
														"west": { "texture": "#null", "uv": [ 6.5, 3.5, 10.0, 4.0 ], "enabled": false },
														"up": { "texture": "#skin", "uv": [ 5.5, 15.0, 7.0, 18.5 ], "autoUv": false, "snapUv": false, "windMode": [-1,-1,-1,-1] },
														"down": { "texture": "#bottom", "uv": [ 2.5, 6.0, 4.0, 9.5 ], "autoUv": false, "snapUv": false, "windMode": [-1,-1,-1,-1] }
													}
												}
											]
										},
										{
											"name": "RAbdomen",
											"from": [ 0.0, -0.37, 0.8 ], 
											"to": [ 6.5, 0.01, 4.8 ], 
											"unwrapMode": 5,
											"autoUnwrap": false,
											"uv": [ 2.0, 4.0 ],
											"rotationOrigin": [ 0.0, 0.01, 0.8 ],
											"rotationX": 180.0,
											"rotationY": -3.0,
											"faces": {
												"north": { "texture": "#null", "uv": [ 0.0, 4.0, 6.5, 4.5 ], "enabled": false },
												"east": { "texture": "#skin", "uv": [ 27.0, 25.5, 31.0, 26.0 ], "autoUv": false, "snapUv": false, "windMode": [-1,-1,-1,-1] },
												"south": { "texture": "#skin", "uv": [ 26.5, 25.5, 27.0, 32.0 ], "rotation": 90, "autoUv": false, "snapUv": false, "windMode": [-1,-1,-1,-1] },
												"west": { "texture": "#skin", "uv": [ 27.0, 31.5, 31.0, 32.0 ], "rotation": 180, "autoUv": false, "snapUv": false, "windMode": [-1,-1,-1,-1] },
												"up": { "texture": "#bottom", "uv": [ 2.5, 4.0, 9.0, 8.0 ], "autoUv": false, "snapUv": false, "windMode": [-1,-1,-1,-1] },
												"down": { "texture": "#skin", "uv": [ 27.0, 25.5, 31.0, 32.0 ], "rotation": 270, "autoUv": false, "snapUv": false, "windMode": [-1,-1,-1,-1] }
											},
											"children": [
												{
													"name": "RLeg",
													"from": [ 3.5, 0.01, 4.0 ], 
													"to": [ 5.5, 0.37, 8.0 ], 
													"unwrapMode": 5,
													"autoUnwrap": false,
													"uv": [ 1.5, 3.5 ],
													"rotationOrigin": [ 3.5, 0.37, 4.0 ],
													"rotationY": 72.0,
													"faces": {
														"north": { "texture": "#null", "uv": [ 0.0, 4.0, 2.0, 4.5 ], "enabled": false },
														"east": { "texture": "#skin", "uv": [ 6.5, 20.5, 7.0, 24.5 ], "rotation": 90, "autoUv": false, "snapUv": false, "windMode": [-1,-1,-1,-1] },
														"south": { "texture": "#skin", "uv": [ 7.0, 24.5, 9.0, 25.0 ], "autoUv": false, "snapUv": false, "windMode": [-1,-1,-1,-1] },
														"west": { "texture": "#skin", "uv": [ 9.0, 20.5, 9.5, 24.5 ], "rotation": 270, "autoUv": false, "snapUv": false, "windMode": [-1,-1,-1,-1] },
														"up": { "texture": "#bottom", "uv": [ 2.0, 3.5, 4.0, 7.5 ], "autoUv": false, "snapUv": false, "windMode": [-1,-1,-1,-1] },
														"down": { "texture": "#skin", "uv": [ 7.0, 20.5, 9.0, 24.5 ], "autoUv": false, "snapUv": false, "windMode": [-1,-1,-1,-1] }
													},
													"children": [
														{
															"name": "RLegEnd",
															"from": [ 0.0, -0.01, 3.5 ], 
															"to": [ 2.0, 0.37, 5.5 ], 
															"unwrapMode": 5,
															"autoUnwrap": false,
															"uv": [ 3.5, 8.0 ],
															"rotationOrigin": [ 1.0, 0.38, 3.5 ],
															"rotationY": -14.0,
															"faces": {
																"north": { "texture": "#skin", "uv": [ 7.0, 24.5, 9.0, 25.0 ], "rotation": 180, "autoUv": false, "snapUv": false, "windMode": [-1,-1,-1,-1] },
																"east": { "texture": "#skin", "uv": [ 7.0, 24.5, 7.5, 26.5 ], "rotation": 90, "autoUv": false, "snapUv": false, "windMode": [-1,-1,-1,-1] },
																"south": { "texture": "#skin", "uv": [ 7.0, 26.0, 9.0, 26.5 ], "autoUv": false, "snapUv": false, "windMode": [-1,-1,-1,-1] },
																"west": { "texture": "#skin", "uv": [ 8.5, 24.5, 9.0, 26.5 ], "rotation": 270, "autoUv": false, "snapUv": false, "windMode": [-1,-1,-1,-1] },
																"up": { "texture": "#bottom", "uv": [ 4.0, 8.5, 6.0, 10.5 ], "autoUv": false, "snapUv": false, "windMode": [-1,-1,-1,-1] },
																"down": { "texture": "#skin", "uv": [ 7.0, 24.5, 9.0, 26.5 ], "autoUv": false, "snapUv": false, "windMode": [-1,-1,-1,-1] }
															}
														}
													]
												},
												{
													"name": "RLegLower",
													"from": [ 5.0, 0.02, 0.5 ], 
													"to": [ 6.5, 0.36, 4.0 ], 
													"unwrapMode": 5,
													"autoUnwrap": false,
													"uv": [ 12.5, 4.5 ],
													"rotationOrigin": [ 6.5, 0.36, 0.5 ],
													"rotationY": 26.0,
													"faces": {
														"north": { "texture": "#null", "uv": [ 0.0, 3.5, 1.5, 4.0 ], "enabled": false },
														"east": { "texture": "#skin", "uv": [ 5.0, 21.0, 5.5, 24.5 ], "rotation": 90, "autoUv": false, "snapUv": false, "windMode": [-1,-1,-1,-1] },
														"south": { "texture": "#null", "uv": [ 5.0, 3.5, 6.5, 4.0 ], "enabled": false },
														"west": { "texture": "#null", "uv": [ 6.5, 3.5, 10.0, 4.0 ], "enabled": false },
														"up": { "texture": "#bottom", "uv": [ 12.5, 4.5, 14.0, 8.0 ], "autoUv": false, "snapUv": false, "windMode": [-1,-1,-1,-1] },
														"down": { "texture": "#skin", "uv": [ 5.0, 21.0, 6.5, 24.5 ], "autoUv": false, "snapUv": false, "windMode": [-1,-1,-1,-1] }
													}
												}
											]
										},
										{
											"name": "PeltTail",
											"from": [ 6.5, 0.01, 1.25 ], 
											"to": [ 8.0, 0.39, 2.25 ], 
											"autoUnwrap": false,
											"uv": [ 0.0, 0.0 ],
											"rotationOrigin": [ 6.5, 0.01, 1.25 ],
											"faces": {
												"north": { "texture": "#skin", "uv": [ 15.0, 11.0, 16.5, 11.5 ], "autoUv": false, "snapUv": false, "windMode": [-1,-1,-1,-1] },
												"east": { "texture": "#skin", "uv": [ 14.5, 11.0, 15.5, 11.0 ], "autoUv": false, "snapUv": false, "windMode": [-1,-1,-1,-1] },
												"south": { "texture": "#skin", "uv": [ 13.0, 11.0, 14.5, 11.5 ], "autoUv": false, "snapUv": false, "windMode": [-1,-1,-1,-1] },
												"west": { "texture": "#skin", "uv": [ 12.5, 11.0, 13.0, 11.5 ], "autoUv": false, "snapUv": false, "windMode": [-1,-1,-1,-1] },
												"up": { "texture": "#skin", "uv": [ 13.0, 10.5, 14.5, 11.0 ], "autoUv": false, "snapUv": false, "windMode": [-1,-1,-1,-1] },
												"down": { "texture": "#skin", "uv": [ 13.0, 11.5, 14.5, 12.0 ], "autoUv": false, "snapUv": false, "windMode": [-1,-1,-1,-1] }
											},
											"children": [
												{
													"name": "PeltTailEnd",
													"from": [ 1.5, -0.01, 0.1 ], 
													"to": [ 2.25, 0.38, 0.9 ], 
													"autoUnwrap": false,
													"uv": [ 0.0, 0.0 ],
													"rotationOrigin": [ 1.5, -0.01, 0.1 ],
													"faces": {
														"north": { "texture": "#skin", "uv": [ 15.5, 12.0, 16.0, 12.5 ] },
														"east": { "texture": "#skin", "uv": [ 15.0, 12.0, 15.5, 12.5 ], "windMode": [-1,-1,-1,-1] },
														"south": { "texture": "#skin", "uv": [ 14.5, 12.0, 15.0, 12.5 ], "windMode": [-1,-1,-1,-1] },
														"west": { "texture": "#skin", "uv": [ 14.5, 12.0, 15.0, 12.5 ], "windMode": [-1,-1,-1,-1] },
														"up": { "texture": "#skin", "uv": [ 14.5, 11.5, 15.0, 12.0 ], "windMode": [-1,-1,-1,-1] },
														"down": { "texture": "#skin", "uv": [ 14.5, 12.5, 15.0, 13.0 ], "windMode": [-1,-1,-1,-1] }
													}
												}
											]
										}
									]
								},
								{
									"name": "LNeck",
									"from": [ -2.0, 0.02, 2.0 ], 
									"to": [ 0.0, 0.4, 5.0 ], 
									"unwrapMode": 5,
									"autoUnwrap": false,
									"uv": [ 5.0, 11.5 ],
									"rotationOrigin": [ 0.0, 0.02, 2.0 ],
									"rotationY": 22.0,
									"faces": {
										"north": { "texture": "#skin", "uv": [ 24.5, 1.5, 26.5, 2.0 ], "rotation": 180, "autoUv": false, "snapUv": false },
										"east": { "texture": "#null", "uv": [ 2.0, 3.0, 5.0, 3.5 ], "enabled": false },
										"south": { "texture": "#skin", "uv": [ 24.5, 5.0, 26.5, 5.5 ], "autoUv": false, "snapUv": false, "windMode": [-1,-1,-1,-1] },
										"west": { "texture": "#skin", "uv": [ 24.0, 2.0, 24.5, 5.0 ], "rotation": 270, "autoUv": false, "snapUv": false, "windMode": [-1,-1,-1,-1] },
										"up": { "texture": "#skin", "uv": [ 24.5, 2.0, 26.5, 5.0 ], "autoUv": false, "snapUv": false, "windMode": [-1,-1,-1,-1] },
										"down": { "texture": "#bottom", "uv": [ 7.5, 12.0, 9.5, 15.0 ], "autoUv": false, "snapUv": false, "windMode": [-1,-1,-1,-1] }
									}
								},
								{
									"name": "RNeck",
									"from": [ -2.0, -0.36, 2.0 ], 
									"to": [ 0.0, 0.02, 5.0 ], 
									"unwrapMode": 6,
									"autoUnwrap": false,
									"uv": [ 8.0, 11.5 ],
									"rotationOrigin": [ 0.0, 0.02, 2.0 ],
									"rotationX": 180.0,
									"rotationY": 22.0,
									"faces": {
										"north": { "texture": "#skin", "uv": [ 24.5, 0.0, 26.5, 0.5 ], "rotation": 180, "autoUv": false, "snapUv": false },
										"east": { "texture": "#null", "uv": [ 2.0, 3.0, 5.0, 3.5 ], "enabled": false },
										"south": { "texture": "#skin", "uv": [ 26.5, 4.5, 28.5, 5.0 ], "rotation": 180, "autoUv": false, "snapUv": false, "windMode": [-1,-1,-1,-1] },
										"west": { "texture": "#skin", "uv": [ 28.5, 1.5, 29.0, 4.5 ], "rotation": 270, "autoUv": false, "snapUv": false, "windMode": [-1,-1,-1,-1] },
										"up": { "texture": "#bottom", "uv": [ 10.5, 12.0, 12.5, 15.0 ], "autoUv": false, "snapUv": false, "windMode": [-1,-1,-1,-1] },
										"down": { "texture": "#skin", "uv": [ 26.5, 1.5, 28.5, 4.5 ], "autoUv": false, "snapUv": false, "windMode": [-1,-1,-1,-1] }
									}
								}
							]
						}
					]
				}
			]
		}
	]}