[
  {
    "side": "Server",
    "dependsOn": [{ "modid": "combatoverhaul" }],
    "file": "sirenia:entities/water/sirenia",
    "op": "add",
    "path": "/client/behaviors/-",
    "value": {
      "code": "CombatOverhaul:EntityColliders",
      "elementsByType": {
        "*-adult-*-gigas": {
          "Torso": ["Neck4", "Neck3", "Neck2", "Neck1", "Body3", "Body2", "Body", "Tail1", "Tail2", "Tail3", "Tail4", "Tail5"],
          "Head": ["Head", "Head2", "Front mouth", "Lower mouth"],
          "Arm": ["L flipper", "L flipper point", "R flipper", "R flipper point"],
          "Leg": ["Tail6", "Fluke Base2", "RFluke1", "RFluke2", "RFluke3", "LFluke1", "LFluke2", "LFluke3", "RFluke4", "LFluke4"],
          "Critical": [],
          "Resistant": []
        },
        "*": {
          "Torso": ["Neck2", "Neck1", "Body", "Tail1", "Tail2", "Tail3"],
          "Head": ["Head", "Head2", "Front mouth"],
          "Arm": ["L flipper", "L flipper point", "R flipper", "R flipper point"],
          "Leg": ["Fluke Base", "LFluke1", "LFluke2", "LFluke3", "RFluke1", "RFluke2", "RFluke3"],
          "Critical": [],
          "Resistant": []
        }
      }
    }
  },
  {
    "side": "Server",
    "dependsOn": [{ "modid": "combatoverhaul" }],
    "file": "sirenia:entities/water/sirenia",
    "op": "add",
    "path": "/server/behaviors/-",
    "value": {
      "code": "CombatOverhaul:EntityColliders",
      "elementsByType": {
        "*-adult-*-gigas": {
          "Torso": ["Neck4", "Neck3", "Neck2", "Neck1", "Body3", "Body2", "Body", "Tail1", "Tail2", "Tail3", "Tail4", "Tail5"],
          "Head": ["Head", "Head2", "Front mouth", "Lower mouth"],
          "Arm": ["L flipper", "L flipper point", "R flipper", "R flipper point"],
          "Leg": ["Tail6", "Fluke Base2", "RFluke1", "RFluke2", "RFluke3", "LFluke1", "LFluke2", "LFluke3", "RFluke4", "LFluke4"],
          "Critical": [],
          "Resistant": []
        },
        "*": {
          "Torso": ["Neck2", "Neck1", "Body", "Tail1", "Tail2", "Tail3"],
          "Head": ["Head", "Head2", "Front mouth"],
          "Arm": ["L flipper", "L flipper point", "R flipper", "R flipper point"],
          "Leg": ["Fluke Base", "LFluke1", "LFluke2", "LFluke3", "RFluke1", "RFluke2", "RFluke3"],
          "Critical": [],
          "Resistant": []
        }
      }
    }
  },
  {
    "side": "Server",
    "dependsOn": [{ "modid": "combatoverhaul" }],
    "file": "sirenia:entities/water/sirenia",
    "op": "add",
    "path": "/server/behaviors/-",
    "value": {
      "code": "CombatOverhaul:EntityDamageModel",
      "damageModel": {
        "TorsoDamageMultiplier": 1,
        "LimbsDamageMultiplier": 0.75,
        "HeadDamageMultiplier": 1.5,
        "CriticalDamageMultiplier": 2,
        "DefaultResists": {"BluntAttack": 7, "SlashingAttack": 5, "PiercingAttack": 4}
      }
    }
  },
  {
    "side": "Server",
    "dependsOn": [{ "modid": "combatoverhaul" }],
    "file": "sirenia:entities/water/sirenia",
    "op": "add",
    "path": "/client/behaviors/-",
    "value": {
      "code": "CombatOverhaul:EntityDamageModel",
      "damageModel": {
        "TorsoDamageMultiplier": 1,
        "LimbsDamageMultiplier": 0.75,
        "HeadDamageMultiplier": 1.5,
        "CriticalDamageMultiplier": 2,
        "DefaultResists": {"BluntAttack": 7, "SlashingAttack": 5, "PiercingAttack": 4}
      }
    }
  }
]