{
	"code": "creature",
	"class": "ItemCreature",
	"maxstacksize": 64,
	"variantgroups": [
		{
			"code": "type",
			"states": [
				"cervidae-alceini-carcass",
				"cervidae-alceini-adult-male-alcesalces","cervidae-alceini-adult-female-alcesalces","cervidae-alceini-baby-female-alcesalces","cervidae-alceini-baby-male-alcesalces",

				"cervidae-capreolini-adult-male-capreoluscapreolus","cervidae-capreolini-adult-female-capreoluscapreolus","cervidae-capreolini-baby-female-capreoluscapreolus","cervidae-capreolini-baby-male-capreoluscapreolus",
				"cervidae-capreolini-adult-male-capreoluspygargus","cervidae-capreolini-adult-female-capreoluspygargus","cervidae-capreolini-baby-female-capreoluspygargus","cervidae-capreolini-baby-male-capreoluspygargus",
				"cervidae-capreolini-adult-male-hydropotesinermis","cervidae-capreolini-adult-female-hydropotesinermis","cervidae-capreolini-baby-female-hydropotesinermis","cervidae-capreolini-baby-male-hydropotesinermis",

				"cervidae-odocoileini-adult-male-blastocerusdichotomus","cervidae-odocoileini-adult-female-blastocerusdichotomus","cervidae-odocoileini-baby-female-blastocerusdichotomus","cervidae-odocoileini-baby-male-blastocerusdichotomus",
				"cervidae-odocoileini-adult-male-hippocamelusantisensis","cervidae-odocoileini-adult-female-hippocamelusantisensis","cervidae-odocoileini-baby-female-hippocamelusantisensis","cervidae-odocoileini-baby-male-hippocamelusantisensis",
				"cervidae-odocoileini-adult-male-hippocamelusbisulcus","cervidae-odocoileini-adult-female-hippocamelusbisulcus","cervidae-odocoileini-baby-female-hippocamelusbisulcus","cervidae-odocoileini-baby-male-hippocamelusbisulcus",
				"cervidae-odocoileini-adult-male-mazamaamericana","cervidae-odocoileini-adult-female-mazamaamericana","cervidae-odocoileini-baby-female-mazamaamericana","cervidae-odocoileini-baby-male-mazamaamericana",
				"cervidae-odocoileini-adult-male-mazamachunyi","cervidae-odocoileini-adult-female-mazamachunyi","cervidae-odocoileini-baby-female-mazamachunyi","cervidae-odocoileini-baby-male-mazamachunyi",
				"cervidae-odocoileini-adult-male-mazamagouazoubira","cervidae-odocoileini-adult-female-mazamagouazoubira","cervidae-odocoileini-baby-female-mazamagouazoubira","cervidae-odocoileini-baby-male-mazamagouazoubira",
				"cervidae-odocoileini-adult-male-mazamanana","cervidae-odocoileini-adult-female-mazamanana","cervidae-odocoileini-baby-female-mazamanana","cervidae-odocoileini-baby-male-mazamanana",
				"cervidae-odocoileini-adult-male-mazamanemorivaga","cervidae-odocoileini-adult-female-mazamanemorivaga","cervidae-odocoileini-baby-female-mazamanemorivaga","cervidae-odocoileini-baby-male-mazamanemorivaga",
				"cervidae-odocoileini-adult-male-mazamarufina","cervidae-odocoileini-adult-female-mazamarufina","cervidae-odocoileini-baby-female-mazamarufina","cervidae-odocoileini-baby-male-mazamarufina",
				"cervidae-odocoileini-adult-male-mazamatemama","cervidae-odocoileini-adult-female-mazamatemama","cervidae-odocoileini-baby-female-mazamatemama","cervidae-odocoileini-baby-male-mazamatemama",
				"cervidae-odocoileini-adult-male-mazamatienhoveni","cervidae-odocoileini-adult-female-mazamatienhoveni","cervidae-odocoileini-baby-female-mazamatienhoveni","cervidae-odocoileini-baby-male-mazamatienhoveni",
				"cervidae-odocoileini-adult-male-odocoileushemionus","cervidae-odocoileini-adult-female-odocoileushemionus","cervidae-odocoileini-baby-female-odocoileushemionus","cervidae-odocoileini-baby-male-odocoileushemionus",
				"cervidae-odocoileini-adult-male-odocoileuspandora","cervidae-odocoileini-adult-female-odocoileuspandora","cervidae-odocoileini-baby-female-odocoileuspandora","cervidae-odocoileini-baby-male-odocoileuspandora",
				"cervidae-odocoileini-adult-male-odocoileusvirginianus","cervidae-odocoileini-adult-female-odocoileusvirginianus","cervidae-odocoileini-baby-female-odocoileusvirginianus","cervidae-odocoileini-baby-male-odocoileusvirginianus",
				"cervidae-odocoileini-adult-male-ozotocerosbezoarticus","cervidae-odocoileini-adult-female-ozotocerosbezoarticus","cervidae-odocoileini-baby-female-ozotocerosbezoarticus","cervidae-odocoileini-baby-male-ozotocerosbezoarticus",
				"cervidae-odocoileini-adult-male-pudellamephistophiles","cervidae-odocoileini-adult-female-pudellamephistophiles","cervidae-odocoileini-baby-female-pudellamephistophiles","cervidae-odocoileini-baby-male-pudellamephistophiles",
				"cervidae-odocoileini-adult-male-pudupuda","cervidae-odocoileini-adult-female-pudupuda","cervidae-odocoileini-baby-female-pudupuda","cervidae-odocoileini-baby-male-pudupuda",
				"cervidae-odocoileini-adult-male-rangifertarandus","cervidae-odocoileini-adult-female-rangifertarandus","cervidae-odocoileini-baby-female-rangifertarandus","cervidae-odocoileini-baby-male-rangifertarandus"			]
		},
		
		],

	"shapeByType": {
		"*-carcass": {
			"base": "game:block/bone/carcass/medium"
		},
		"*-alceini-adult-male-alcesalces": {"base": "entity/alceini/alcesalces/adult"},
		"*-alceini-adult-female-alcesalces": {"base": "entity/alceini/alcesalces/adult"},
		"*-alceini-baby-female-alcesalces": {"base": "entity/alceini/alcesalces/baby"},
		"*-alceini-baby-male-alcesalces": {"base": "entity/alceini/alcesalces/baby"},


		"*-capreolini-adult-male-capreoluscapreolus": {"base": "entity/capreolini/capreoluscapreolus-male"},
		"*-capreolini-adult-female-capreoluscapreolus": {"base": "entity/capreolini/capreoluscapreolus-female"},
		"*-capreolini-baby-female-capreoluscapreolus": {"base": "entity/capreolini/capreoluscapreolus-baby"},
		"*-capreolini-baby-male-capreoluscapreolus": {"base": "entity/capreolini/capreoluscapreolus-baby"},

		"*-capreolini-adult-male-capreoluspygargus": {"base": "entity/capreolini/capreoluspygargus-male"},
		"*-capreolini-adult-female-capreoluspygargus": {"base": "entity/capreolini/capreoluscapreolus-female"},
		"*-capreolini-baby-female-capreoluspygargus": {"base": "entity/capreolini/capreoluscapreolus-baby"},
		"*-capreolini-baby-male-capreoluspygargus": {"base": "entity/capreolini/capreoluscapreolus-baby"},

		"*-capreolini-adult-male-hydropotesinermis": {"base": "entity/capreolini/hydropotesinermis-male"},
		"*-capreolini-adult-female-hydropotesinermis": {"base": "entity/capreolini/hydropotesinermis-female"},
		"*-capreolini-baby-female-hydropotesinermis": {"base": "entity/capreolini/hydropotesinermis-baby"},
		"*-capreolini-baby-male-hydropotesinermis": {"base": "entity/capreolini/hydropotesinermis-baby"},

		"*-odocoileini-adult-male-blastocerusdichotomus": {"base": "entity/odocoileini/blastocerusdichotomus-male"},
		"*-odocoileini-adult-female-blastocerusdichotomus": {"base": "entity/odocoileini/blastocerusdichotomus-female"},
		"*-odocoileini-baby-female-blastocerusdichotomus": {"base": "entity/odocoileini/blastocerusdichotomus-baby"},
		"*-odocoileini-baby-male-blastocerusdichotomus": {"base": "entity/odocoileini/blastocerusdichotomus-baby"},

		"*-odocoileini-adult-male-hippocamelusantisensis": {"base": "entity/odocoileini/hippocamelusantisensis-male"},
		"*-odocoileini-adult-female-hippocamelusantisensis": {"base": "entity/odocoileini/hippocamelusantisensis-female"},
		"*-odocoileini-baby-female-hippocamelusantisensis": {"base": "entity/odocoileini/hippocamelusantisensis-baby"},
		"*-odocoileini-baby-male-hippocamelusantisensis": {"base": "entity/odocoileini/hippocamelusantisensis-baby"},

		"*-odocoileini-adult-male-hippocamelusbisulcus": {"base": "entity/odocoileini/hippocamelusbisulcus-male"},
		"*-odocoileini-adult-female-hippocamelusbisulcus": {"base": "entity/odocoileini/hippocamelusbisulcus-female"},
		"*-odocoileini-baby-female-hippocamelusbisulcus": {"base": "entity/odocoileini/hippocamelusbisulcus-baby"},
		"*-odocoileini-baby-male-hippocamelusbisulcus": {"base": "entity/odocoileini/hippocamelusbisulcus-baby"},

		"*-odocoileini-adult-male-mazamaamericana": {"base": "entity/odocoileini/mazamaamericana-male"},
		"*-odocoileini-adult-female-mazamaamericana": {"base": "entity/odocoileini/mazamaamericana-female"},
		"*-odocoileini-baby-female-mazamaamericana": {"base": "entity/odocoileini/mazamaamericana-baby"},
		"*-odocoileini-baby-male-mazamaamericana": {"base": "entity/odocoileini/mazamaamericana-baby"},

		"*-odocoileini-adult-male-mazamachunyi": {"base": "entity/odocoileini/mazamanana-male"},
		"*-odocoileini-adult-female-mazamachunyi": {"base": "entity/odocoileini/mazamanana-female"},
		"*-odocoileini-baby-female-mazamachunyi": {"base": "entity/odocoileini/mazamanana-baby"},
		"*-odocoileini-baby-male-mazamachunyi": {"base": "entity/odocoileini/mazamanana-baby"},

		"*-odocoileini-adult-male-mazamagouazoubira": {"base": "entity/odocoileini/mazamaamericana-male"},
		"*-odocoileini-adult-female-mazamagouazoubira": {"base": "entity/odocoileini/mazamaamericana-female"},
		"*-odocoileini-baby-female-mazamagouazoubira": {"base": "entity/odocoileini/mazamaamericana-baby"},
		"*-odocoileini-baby-male-mazamagouazoubira": {"base": "entity/odocoileini/mazamaamericana-baby"},

		"*-odocoileini-adult-male-mazamanana": {"base": "entity/odocoileini/mazamanana-male"},
		"*-odocoileini-adult-female-mazamanana": {"base": "entity/odocoileini/mazamanana-female"},
		"*-odocoileini-baby-female-mazamanana": {"base": "entity/odocoileini/mazamanana-baby"},
		"*-odocoileini-baby-male-mazamanana": {"base": "entity/odocoileini/mazamanana-baby"},

		"*-odocoileini-adult-male-mazamanemorivaga": {"base": "entity/odocoileini/mazamaamericana-male"},
		"*-odocoileini-adult-female-mazamanemorivaga": {"base": "entity/odocoileini/mazamaamericana-female"},
		"*-odocoileini-baby-female-mazamanemorivaga": {"base": "entity/odocoileini/mazamaamericana-baby"},
		"*-odocoileini-baby-male-mazamanemorivaga": {"base": "entity/odocoileini/mazamaamericana-baby"},

		"*-odocoileini-adult-male-mazamarufina": {"base": "entity/odocoileini/mazamanana-male"},
		"*-odocoileini-adult-female-mazamarufina": {"base": "entity/odocoileini/mazamanana-female"},
		"*-odocoileini-baby-female-mazamarufina": {"base": "entity/odocoileini/mazamanana-baby"},
		"*-odocoileini-baby-male-mazamarufina": {"base": "entity/odocoileini/mazamanana-baby"},

		"*-odocoileini-adult-male-mazamatemama": {"base": "entity/odocoileini/mazamaamericana-male"},
		"*-odocoileini-adult-female-mazamatemama": {"base": "entity/odocoileini/mazamaamericana-female"},
		"*-odocoileini-baby-female-mazamatemama": {"base": "entity/odocoileini/mazamaamericana-baby"},
		"*-odocoileini-baby-male-mazamatemama": {"base": "entity/odocoileini/mazamaamericana-baby"},

		"*-odocoileini-adult-male-mazamatienhoveni": {"base": "entity/odocoileini/mazamaamericana-male"},
		"*-odocoileini-adult-female-mazamatienhoveni": {"base": "entity/odocoileini/mazamaamericana-female"},
		"*-odocoileini-baby-female-mazamatienhoveni": {"base": "entity/odocoileini/mazamaamericana-baby"},
		"*-odocoileini-baby-male-mazamatienhoveni": {"base": "entity/odocoileini/mazamaamericana-baby"},

		"*-odocoileini-adult-male-odocoileushemionus": {"base": "entity/odocoileini/odocoileushemionus-male"},
		"*-odocoileini-adult-female-odocoileushemionus": {"base": "entity/odocoileini/odocoileushemionus-female"},
		"*-odocoileini-baby-female-odocoileushemionus": {"base": "entity/capreolini/capreoluscapreolus-baby"},
		"*-odocoileini-baby-male-odocoileushemionus": {"base": "entity/capreolini/capreoluscapreolus-baby"},

		"*-odocoileini-adult-male-odocoileuspandora": {"base": "entity/odocoileini/odocoileuspandora-male"},
		"*-odocoileini-adult-female-odocoileuspandora": {"base": "entity/odocoileini/odocoileuspandora-female"},
		"*-odocoileini-baby-female-odocoileuspandora": {"base": "entity/odocoileini/mazamaamericana-baby"},
		"*-odocoileini-baby-male-odocoileuspandora": {"base": "entity/odocoileini/mazamaamericana-baby"},

		"*-odocoileini-adult-male-odocoileusvirginianus": {"base": "entity/odocoileini/odocoileusvirginianus-male"},
		"*-odocoileini-adult-female-odocoileusvirginianus": {"base": "entity/odocoileini/odocoileusvirginianus-female"},
		"*-odocoileini-baby-female-odocoileusvirginianus": {"base": "entity/capreolini/capreoluscapreolus-baby"},
		"*-odocoileini-baby-male-odocoileusvirginianus": {"base": "entity/capreolini/capreoluscapreolus-baby"},

		"*-odocoileini-adult-male-ozotocerosbezoarticus": {"base": "entity/odocoileini/ozotocerosbezoarticus-male"},
		"*-odocoileini-adult-female-ozotocerosbezoarticus": {"base": "entity/odocoileini/ozotocerosbezoarticus-female"},
		"*-odocoileini-baby-female-ozotocerosbezoarticus": {"base": "entity/odocoileini/ozotocerosbezoarticus-baby"},
		"*-odocoileini-baby-male-ozotocerosbezoarticus": {"base": "entity/odocoileini/ozotocerosbezoarticus-baby"},

		"*-odocoileini-adult-male-pudellamephistophiles": {"base": "entity/odocoileini/pudellamephistophiles-male"},
		"*-odocoileini-adult-female-pudellamephistophiles": {"base": "entity/odocoileini/pudellamephistophiles-female"},
		"*-odocoileini-baby-female-pudellamephistophiles": {"base": "entity/odocoileini/pudellamephistophiles-baby"},
		"*-odocoileini-baby-male-pudellamephistophiles": {"base": "entity/odocoileini/pudellamephistophiles-baby"},

		"*-odocoileini-adult-male-pudupuda": {"base": "entity/odocoileini/pudellamephistophiles-male"},
		"*-odocoileini-adult-female-pudupuda": {"base": "entity/odocoileini/pudellamephistophiles-female"},
		"*-odocoileini-baby-female-pudupuda": {"base": "entity/odocoileini/pudellamephistophiles-baby"},
		"*-odocoileini-baby-male-pudupuda": {"base": "entity/odocoileini/pudellamephistophiles-baby"},

		"*-odocoileini-adult-male-rangifertarandus": {"base": "entity/odocoileini/rangifertarandus-male"},
		"*-odocoileini-adult-female-rangifertarandus": {"base": "entity/odocoileini/rangifertarandus-female"},
		"*-odocoileini-baby-female-rangifertarandus": {"base": "entity/odocoileini/rangifertarandus-baby"},
		"*-odocoileini-baby-male-rangifertarandus": {"base": "entity/odocoileini/rangifertarandus-baby"}
	},
	"texturesByType": {
		"*-alceini-adult-male-alcesalces": {"skin": { "base": "game:entity/hooved/deer/moose-adult" }},
		"*-alceini-adult-female-alcesalces": {"skin": { "base": "game:entity/hooved/deer/moose-adult" }},
		"*-alceini-baby-female-alcesalces": {"skin": { "base": "game:entity/hooved/deer/moose-baby" }},
		"*-alceini-baby-male-alcesalces": {"skin": { "base": "game:entity/hooved/deer/moose-baby" }},

		"*-capreolini-adult-male-capreoluscapreolus": {"skin": { "base": "entity/capreolini/capreoluscapreolus-adult" }},
		"*-capreolini-adult-female-capreoluscapreolus": {"skin": { "base": "entity/capreolini/capreoluscapreolus-adult" }},
		"*-capreolini-baby-female-capreoluscapreolus": {"skin": { "base": "entity/capreolini/capreoluscapreolus-baby" }},
		"*-capreolini-baby-male-capreoluscapreolus": {"skin": { "base": "entity/capreolini/capreoluscapreolus-baby" }},

		"*-capreolini-adult-male-capreoluspygargus": {"skin": { "base": "entity/capreolini/capreoluspygargus-adult" }},
		"*-capreolini-adult-female-capreoluspygargus": {"skin": { "base": "entity/capreolini/capreoluspygargus-adult" }},
		"*-capreolini-baby-female-capreoluspygargus": {"skin": { "base": "entity/capreolini/capreoluscapreolus-baby" }},
		"*-capreolini-baby-male-capreoluspygargus": {"skin": { "base": "entity/capreolini/capreoluscapreolus-baby" }},

		"*-capreolini-adult-male-hydropotesinermis": {"skin": { "base": "entity/capreolini/hydropotesinermis-adult" }},
		"*-capreolini-adult-female-hydropotesinermis": {"skin": { "base": "entity/capreolini/hydropotesinermis-adult" }},
		"*-capreolini-baby-female-hydropotesinermis": {"skin": { "base": "entity/capreolini/hydropotesinermis-baby" }},
		"*-capreolini-baby-male-hydropotesinermis": {"skin": { "base": "entity/capreolini/hydropotesinermis-baby" }},


		"*-odocoileini-adult-male-blastocerusdichotomus": {"skin": {"base": "entity/odocoileini/blastocerusdichotomus-adult"}},
		"*-odocoileini-adult-female-blastocerusdichotomus": {"skin": {"base": "entity/odocoileini/blastocerusdichotomus-adult"}},
		"*-odocoileini-baby-female-blastocerusdichotomus": {"skin": {"base": "entity/odocoileini/blastocerusdichotomus-baby"}},
		"*-odocoileini-baby-male-blastocerusdichotomus": {"skin": {"base": "entity/odocoileini/blastocerusdichotomus-baby"}},

		"*-odocoileini-adult-male-hippocamelusantisensis": {"skin": {"base": "entity/odocoileini/hippocamelusantisensis-adult"}},
		"*-odocoileini-adult-female-hippocamelusantisensis": {"skin": {"base": "entity/odocoileini/hippocamelusantisensis-adult"}},
		"*-odocoileini-baby-female-hippocamelusantisensis": {"skin": {"base": "entity/odocoileini/hippocamelusantisensis-baby"}},
		"*-odocoileini-baby-male-hippocamelusantisensis": {"skin": {"base": "entity/odocoileini/hippocamelusantisensis-baby"}},

		"*-odocoileini-adult-male-hippocamelusbisulcus": {"skin": {"base": "entity/odocoileini/hippocamelusbisulcus-adult"}},
		"*-odocoileini-adult-female-hippocamelusbisulcus": {"skin": {"base": "entity/odocoileini/hippocamelusbisulcus-adult"}},
		"*-odocoileini-baby-female-hippocamelusbisulcus": {"skin": {"base": "entity/odocoileini/hippocamelusbisulcus-baby"}},
		"*-odocoileini-baby-male-hippocamelusbisulcus": {"skin": {"base": "entity/odocoileini/hippocamelusbisulcus-baby"}},

		"*-odocoileini-adult-male-mazamaamericana": {"skin": {"base": "entity/odocoileini/mazamaamericana-adult"}},
		"*-odocoileini-adult-female-mazamaamericana": {"skin": {"base": "entity/odocoileini/mazamaamericana-adult"}},
		"*-odocoileini-baby-female-mazamaamericana": {"skin": {"base": "entity/odocoileini/mazamaamericana-baby"}},
		"*-odocoileini-baby-male-mazamaamericana": {"skin": {"base": "entity/odocoileini/mazamaamericana-baby"}},

		"*-odocoileini-adult-male-mazamachunyi": {"skin": {"base": "entity/odocoileini/mazamachunyi-adult"}},
		"*-odocoileini-adult-female-mazamachunyi": {"skin": {"base": "entity/odocoileini/mazamachunyi-adult"}},
		"*-odocoileini-baby-female-mazamachunyi": {"skin": {"base": "entity/odocoileini/mazamanana-baby"}},
		"*-odocoileini-baby-male-mazamachunyi": {"skin": {"base": "entity/odocoileini/mazamanana-baby"}},

		"*-odocoileini-adult-male-mazamagouazoubira": {"skin": {"base": "entity/odocoileini/mazamagouazoubira-adult"}},
		"*-odocoileini-adult-female-mazamagouazoubira": {"skin": {"base": "entity/odocoileini/mazamagouazoubira-adult"}},
		"*-odocoileini-baby-female-mazamagouazoubira": {"skin": {"base": "entity/odocoileini/mazamaamericana-baby"}},
		"*-odocoileini-baby-male-mazamagouazoubira": {"skin": {"base": "entity/odocoileini/mazamaamericana-baby"}},

		"*-odocoileini-adult-male-mazamanana": {"skin": {"base": "entity/odocoileini/mazamanana-adult"}},
		"*-odocoileini-adult-female-mazamanana": {"skin": {"base": "entity/odocoileini/mazamanana-adult"}},
		"*-odocoileini-baby-female-mazamanana": {"skin": {"base": "entity/odocoileini/mazamanana-baby"}},
		"*-odocoileini-baby-male-mazamanana": {"skin": {"base": "entity/odocoileini/mazamanana-baby"}},

		"*-odocoileini-adult-male-mazamanemorivaga": {"skin": {"base": "entity/odocoileini/mazamanemorivaga-adult"}},
		"*-odocoileini-adult-female-mazamanemorivaga": {"skin": {"base": "entity/odocoileini/mazamanemorivaga-adult"}},
		"*-odocoileini-baby-female-mazamanemorivaga": {"skin": {"base": "entity/odocoileini/mazamanemorivaga-baby"}},
		"*-odocoileini-baby-male-mazamanemorivaga": {"skin": {"base": "entity/odocoileini/mazamanemorivaga-baby"}},

		"*-odocoileini-adult-male-mazamarufina": {"skin": {"base": "entity/odocoileini/mazamarufina-adult"}},
		"*-odocoileini-adult-female-mazamarufina": {"skin": {"base": "entity/odocoileini/mazamarufina-adult"}},
		"*-odocoileini-baby-female-mazamarufina": {"skin": {"base": "entity/odocoileini/mazamanana-baby"}},
		"*-odocoileini-baby-male-mazamarufina": {"skin": {"base": "entity/odocoileini/mazamanana-baby"}},

		"*-odocoileini-adult-male-mazamatemama": {"skin": {"base": "entity/odocoileini/mazamatemama-adult"}},
		"*-odocoileini-adult-female-mazamatemama": {"skin": {"base": "entity/odocoileini/mazamatemama-adult"}},
		"*-odocoileini-baby-female-mazamatemama": {"skin": {"base": "entity/odocoileini/mazamaamericana-baby"}},
		"*-odocoileini-baby-male-mazamatemama": {"skin": {"base": "entity/odocoileini/mazamaamericana-baby"}},

		"*-odocoileini-adult-male-mazamatienhoveni": {"skin": {"base": "entity/odocoileini/mazamatienhoveni-adult"}},
		"*-odocoileini-adult-female-mazamatienhoveni": {"skin": {"base": "entity/odocoileini/mazamatienhoveni-adult"}},
		"*-odocoileini-baby-female-mazamatienhoveni": {"skin": {"base": "entity/odocoileini/mazamaamericana-baby"}},
		"*-odocoileini-baby-male-mazamatienhoveni": {"skin": {"base": "entity/odocoileini/mazamaamericana-baby"}},

		"*-odocoileini-adult-male-odocoileushemionus": {"skin": {"base": "entity/odocoileini/odocoileushemionus-adult"}},
		"*-odocoileini-adult-female-odocoileushemionus": {"skin": {"base": "entity/odocoileini/odocoileushemionus-adult"}},
		"*-odocoileini-baby-female-odocoileushemionus": {"skin": {"base": "entity/odocoileini/odocoileusvirginianus-baby"}},
		"*-odocoileini-baby-male-odocoileushemionus": {"skin": {"base": "entity/odocoileini/odocoileusvirginianus-baby"}},

		"*-odocoileini-adult-male-odocoileuspandora": {"skin": {"base": "entity/odocoileini/odocoileuspandora-adult"}},
		"*-odocoileini-adult-female-odocoileuspandora": {"skin": {"base": "entity/odocoileini/odocoileuspandora-adult"}},
		"*-odocoileini-baby-female-odocoileuspandora": {"skin": {"base": "entity/odocoileini/odocoileuspandora-baby"}},
		"*-odocoileini-baby-male-odocoileuspandora": {"skin": {"base": "entity/odocoileini/odocoileuspandora-baby"}},

		"*-odocoileini-adult-male-odocoileusvirginianus": {"skin": {"base": "entity/odocoileini/odocoileusvirginianus-adult"}},
		"*-odocoileini-adult-female-odocoileusvirginianus": {"skin": {"base": "entity/odocoileini/odocoileusvirginianus-adult"}},
		"*-odocoileini-baby-female-odocoileusvirginianus": {"skin": {"base": "entity/odocoileini/odocoileusvirginianus-baby"}},
		"*-odocoileini-baby-male-odocoileusvirginianus": {"skin": {"base": "entity/odocoileini/odocoileusvirginianus-baby"}},

		"*-odocoileini-adult-male-ozotocerosbezoarticus": {"skin": {"base": "entity/odocoileini/ozotocerosbezoarticus-adult"}},
		"*-odocoileini-adult-female-ozotocerosbezoarticus": {"skin": {"base": "entity/odocoileini/ozotocerosbezoarticus-adult"}},
		"*-odocoileini-baby-female-ozotocerosbezoarticus": {"skin": {"base": "entity/odocoileini/ozotocerosbezoarticus-baby"}},
		"*-odocoileini-baby-male-ozotocerosbezoarticus": {"skin": {"base": "entity/odocoileini/ozotocerosbezoarticus-baby"}},

		"*-odocoileini-adult-male-pudellamephistophiles": {"skin": {"base": "entity/odocoileini/pudellamephistophiles-adult"}},
		"*-odocoileini-adult-female-pudellamephistophiles": {"skin": {"base": "entity/odocoileini/pudellamephistophiles-adult"}},
		"*-odocoileini-baby-female-pudellamephistophiles": {"skin": {"base": "entity/odocoileini/pudupuda-baby"}},
		"*-odocoileini-baby-male-pudellamephistophiles": {"skin": {"base": "entity/odocoileini/pudupuda-baby"}},

		"*-odocoileini-adult-male-pudupuda": {"skin": {"base": "entity/odocoileini/pudupuda-adult"}},
		"*-odocoileini-adult-female-pudupuda": {"skin": {"base": "entity/odocoileini/pudupuda-adult"}},
		"*-odocoileini-baby-female-pudupuda": {"skin": {"base": "entity/odocoileini/pudupuda-baby"}},
		"*-odocoileini-baby-male-pudupuda": {"skin": {"base": "entity/odocoileini/pudupuda-baby"}},

		"*-odocoileini-adult-male-rangifertarandus": {"skin": {"base": "entity/odocoileini/rangifertarandus-adult"}},
		"*-odocoileini-adult-female-rangifertarandus": {"skin": {"base": "entity/odocoileini/rangifertarandus-adult"}},
		"*-odocoileini-baby-female-rangifertarandus": {"skin": {"base": "entity/odocoileini/rangifertarandus-baby"}},
		"*-odocoileini-baby-male-rangifertarandus": {"skin": {"base": "entity/odocoileini/rangifertarandus-baby"}},

		"*-carcass": {
			"skin": { "base": "game:block/creature/bone" }
		}
	},
	
	
	
	
	"creativeinventory": { "general": ["*"], "items": ["*"], "creatures": ["*"] },
	"materialDensity": 600,
	"guiTransformByType": {
		
		"*-alceini-adult-male-*": {
			"rotate": true,
			"translation": { "x": 3, "y": 0, "z": 0 },
			"rotation": { "x": -11, "y": -52, "z": -180 },
			"origin": { "x": 0.5, "y": 0.8, "z": 0.5 },
			"scale": 0.47
		},
		"*-alceini-adult-female-*": {
			"rotate": true,
			"translation": { "x": 3, "y": 0, "z": 0 },
			"rotation": { "x": -11, "y": -52, "z": -180 },
			"origin": { "x": 0.5, "y": 0.7, "z": 0.5 },
			"scale": 0.47
		},
		"*-alceini-baby-*": {
			"rotate": true,
			"translation": { "x": 1, "y": -1, "z": 0 },
			"rotation": { "x": -11, "y": -52, "z": -180 },
			"origin": { "x": 0.5, "y": 0.6, "z": 0.5 },
			"scale": 0.87
		},
		"*-capreolini-adult-male-*": {
			"rotate": true,
			"translation": { "x": 3, "y": 0, "z": 0 },
			"rotation": { "x": -11, "y": -52, "z": -180 },
			"origin": { "x": 0.5, "y": 0.8, "z": 0.5 },
			"scale": 0.77
		},
		"*-capreolini-adult-female-*": {
			"rotate": true,
			"translation": { "x": 3, "y": 0, "z": 0 },
			"rotation": { "x": -11, "y": -52, "z": -180 },
			"origin": { "x": 0.5, "y": 0.7, "z": 0.5 },
			"scale": 0.77
		},
		"*-capreolini-baby-*": {
			"rotate": true,
			"translation": { "x": 1, "y": -1, "z": 0 },
			"rotation": { "x": -11, "y": -52, "z": -180 },
			"origin": { "x": 0.5, "y": 0.6, "z": 0.5 },
			"scale": 1.17
		},
		"*-odocoileini-adult-male-*": {
			"rotate": true,
			"translation": { "x": 3, "y": 0, "z": 0 },
			"rotation": { "x": -11, "y": -52, "z": -180 },
			"origin": { "x": 0.5, "y": 0.8, "z": 0.5 },
			"scale": 0.77
		},
		"*-odocoileini-adult-female-*": {
			"rotate": true,
			"translation": { "x": 3, "y": 0, "z": 0 },
			"rotation": { "x": -11, "y": -52, "z": -180 },
			"origin": { "x": 0.5, "y": 0.7, "z": 0.5 },
			"scale": 0.77
		},
		"*-odocoileini-baby-*": {
			"rotate": true,
			"translation": { "x": 1, "y": -1, "z": 0 },
			"rotation": { "x": -11, "y": -52, "z": -180 },
			"origin": { "x": 0.5, "y": 0.6, "z": 0.5 },
			"scale": 1.17
		},		
		"*": {
			"rotate": true,
			"translation": { "x": 1, "y": -1, "z": 0 },
			"rotation": { "x": -11, "y": -52, "z": -180 },
			"origin": { "x": 0.5, "y": 0.6, "z": 0.5 },
			"scale": 1.0
		}			
	},
	
	"tpHandTransformByType": {
		"*-alceini-adult-male-*": {
			"translation": { "x": -0.9, "y": -0.9, "z": -0.7 },
			"rotation": { "x": -180, "y": 0, "z": -156 },
			"scale": 0.45
		},
		"*-alceini-adult-female-*": {
			"translation": { "x": -0.9, "y": -0.9, "z": -0.7 },
			"rotation": { "x": -180, "y": 0, "z": -156 },
			"scale": 0.45
		},
		"*-alceini-baby-*": {
			"translation": { "x": -0.4, "y": 0, "z": -0.6 },
			"rotation": { "x": -160, "y": -26, "z": -90 },
			"origin": { "x": 0.5, "y": 0.1, "z": 0.5 },
			"scale": 0.45
		},
		"*-capreolini-adult-male-*": {
			"translation": { "x": -0.9, "y": -0.9, "z": -0.7 },
			"rotation": { "x": -180, "y": 0, "z": -156 },
			"scale": 0.45
		},
		"*-capreolini-adult-female-*": {
			"translation": { "x": -0.9, "y": -0.9, "z": -0.7 },
			"rotation": { "x": -180, "y": 0, "z": -156 },
			"scale": 0.45
		},
		"*-capreolini-baby-*": {
			"translation": { "x": -0.4, "y": 0, "z": -0.6 },
			"rotation": { "x": -160, "y": -26, "z": -90 },
			"origin": { "x": 0.5, "y": 0.1, "z": 0.5 },
			"scale": 0.45
		},
		"*-odocoileini-adult-male-*": {
			"translation": { "x": -0.9, "y": -0.9, "z": -0.7 },
			"rotation": { "x": -180, "y": 0, "z": -156 },
			"scale": 0.45
		},
		"*-odocoileini-adult-female-*": {
			"translation": { "x": -0.9, "y": -0.9, "z": -0.7 },
			"rotation": { "x": -180, "y": 0, "z": -156 },
			"scale": 0.45
		},
		"*-odocoileini-baby-*": {
			"translation": { "x": -0.4, "y": 0, "z": -0.6 },
			"rotation": { "x": -160, "y": -26, "z": -90 },
			"origin": { "x": 0.5, "y": 0.1, "z": 0.5 },
			"scale": 0.45
		},	
		"*": {
			"translation": { "x": -0.4, "y": 0, "z": -0.6 },
			"rotation": { "x": -160, "y": -26, "z": -90 },
			"origin": { "x": 0.5, "y": 0.1, "z": 0.5 },
			"scale": 1.0
		}			
	},
	
	"fpHandTransformByType": {
		"*-alceini-adult-male-*": {
			"translation": { "x": 0.2, "y": 0, "z": 0 },
			"rotation": { "x": -8, "y": -63, "z": -7 }
		},
		"*-alceini-adult-female-*": {
			"translation": { "x": 0.2, "y": 0, "z": 0 },
			"rotation": { "x": -8, "y": -63, "z": -7 }
		},
		"*-alceini-baby-*": {
			"translation": { "x": 0.4, "y": 0, "z": 0 },
			"rotation": { "x": -8, "y": -63, "z": -7 }
		},
		"*-capreolini-adult-male-*": {
			"translation": { "x": 0.2, "y": 0, "z": 0 },
			"rotation": { "x": -8, "y": -63, "z": -7 }
		},
		"*-capreolini-adult-female-*": {
			"translation": { "x": 0.2, "y": 0, "z": 0 },
			"rotation": { "x": -8, "y": -63, "z": -7 }
		},
		"*-capreolini-baby-*": {
			"translation": { "x": 0.4, "y": 0, "z": 0 },
			"rotation": { "x": -8, "y": -63, "z": -7 }
		},
		"*-odocoileini-adult-male-*": {
			"translation": { "x": 0.2, "y": 0, "z": 0 },
			"rotation": { "x": -8, "y": -63, "z": -7 }
		},
		"*-odocoileini-adult-female-*": {
			"translation": { "x": 0.2, "y": 0, "z": 0 },
			"rotation": { "x": -8, "y": -63, "z": -7 }
		},
		"*-odocoileini-baby-*": {
			"translation": { "x": 0.4, "y": 0, "z": 0 },
			"rotation": { "x": -8, "y": -63, "z": -7 }
		},
		"*": {
			"translation": { "x": 0.4, "y": 0, "z": 0 },
			"rotation": { "x": -8, "y": -63, "z": -7 }
		}
	}
	

	
	
	
	




