[
  {
    "op": "add",
    "path": "/client/behaviors/-",
    "value": {
	"code": "shearable",
	"enabledByType": {
		"caninae-canina-adult-*-canis-familiaris": true,
		"*": false
	},
	"hoursPerUnitByType" : {
		"*": 42
	},
	"hoursPerUnitGenerationalReduction" : 0.5,
	"hoursPerUnitMaxReduction" : 8.0,
	"maxGenBonusByType" : {
		"*": 4
	},
	"generationalMaxGrowthBonus" : 2,
	"generationalScratchChanceReduction" : 0.05,
	"minQuantityByType": {
		"*": 3
	},
	"maxQuantityByType": {
		"*": 5
	},
	"minGen": 3,
	"shearsBonusByType": {
		"*": 2
	},
	"scratchChance": 0.45,
	"dropByType": {
		"*": "wool:fleece-deer-lightbrown"
	},
	"shearSound": "game:sounds/player/scrape.ogg"
    },
    "file": "entities/land/canina-female.json",
    "side": "Server"
  },

  {
    "op": "add",
    "path": "/server/behaviors/-",
    "value": {
	"code": "shearable",
	"enabledByType": {
		"caninae-canina-adult-*-canis-familiaris": true,
		"*": false
	},
	"hoursPerUnitByType" : {
		"*": 42
	},
	"hoursPerUnitGenerationalReduction" : 0.5,
	"hoursPerUnitMaxReduction" : 8.0,
	"maxGenBonusByType" : {
		"*": 4
	},
	"generationalMaxGrowthBonus" : 2,
	"generationalScratchChanceReduction" : 0.05,
	"minQuantityByType": {
		"*": 3
	},
	"maxQuantityByType": {
		"*": 5
	},
	"minGen": 3,
	"shearsBonusByType": {
		"*": 2
	},
	"scratchChance": 0.45,
	"dropByType": {
		"*": "wool:fleece-deer-lightbrown"
	},
	"shearSound": "game:sounds/player/scrape.ogg"
    },
    "file": "entities/land/canina-female.json",
    "side": "Server"
  },
  {
    "op": "add",
    "path": "/client/behaviors/-",
    "value": {
	"code": "shearable",
	"enabledByType": {
		"caninae-canina-adult-*-canis-familiaris": true,
		"*": false
	},
	"hoursPerUnitByType" : {
		"*": 42
	},
	"hoursPerUnitGenerationalReduction" : 0.5,
	"hoursPerUnitMaxReduction" : 8.0,
	"maxGenBonusByType" : {
		"*": 4
	},
	"generationalMaxGrowthBonus" : 2,
	"generationalScratchChanceReduction" : 0.05,
	"minQuantityByType": {
		"*": 3
	},
	"maxQuantityByType": {
		"*": 5
	},
	"minGen": 3,
	"shearsBonusByType": {
		"*": 2
	},
	"scratchChance": 0.45,
	"dropByType": {
		"*": "wool:fleece-deer-lightbrown"
	},
	"shearSound": "game:sounds/player/scrape.ogg"
    },
    "file": "entities/land/canina-male.json",
    "side": "Server"
  },

  {
    "op": "add",
    "path": "/server/behaviors/-",
    "value": {
	"code": "shearable",
	"enabledByType": {
		"caninae-canina-adult-*-canis-familiaris": true,
		"*": false
	},
	"hoursPerUnitByType" : {
		"*": 42
	},
	"hoursPerUnitGenerationalReduction" : 0.5,
	"hoursPerUnitMaxReduction" : 8.0,
	"maxGenBonusByType" : {
		"*": 4
	},
	"generationalMaxGrowthBonus" : 2,
	"generationalScratchChanceReduction" : 0.05,
	"minQuantityByType": {
		"*": 3
	},
	"maxQuantityByType": {
		"*": 5
	},
	"minGen": 3,
	"shearsBonusByType": {
		"*": 2
	},
	"scratchChance": 0.45,
	"dropByType": {
		"*": "wool:fleece-deer-lightbrown"
	},
	"shearSound": "game:sounds/player/scrape.ogg"
    },
    "file": "entities/land/canina-male.json",
    "side": "Server"
  },
]

