[
  {
    "side": "Server",
    "dependsOn": [{ "modid": "combatoverhaul" }],
    "file": "manidae:entities/land/manidae",
    "op": "add",
    "path": "/client/behaviors/-",
    "value": {
      "code": "CombatOverhaul:EntityColliders",
      "elements": {
        "Torso": ["Neck1", "Shoulder", "Body2", "Body", "Tail1", "Tail2", "Tail3", "Tail4"],
        "Head": ["Neck2", "Head", "Nose bridge", "Upper mouth"],
        "Arm": ["L Upper arm", "L Lower arm", "L Hand", "R Upper arm", "R Lower arm", "R Hand"],
        "Leg": ["L Thigh", "L Lowerleg", "L Foot", "R Thigh", "R Lowerleg", "R Foot"],
        "Critical": [],
        "Resistant": []
      }
    }
  },
  {
    "side": "Server",
    "dependsOn": [{ "modid": "combatoverhaul" }],
    "file": "manidae:entities/land/manidae",
    "op": "add",
    "path": "/server/behaviors/-",
    "value": {
      "code": "CombatOverhaul:EntityColliders",
      "elements": {
        "Torso": ["Neck1", "Shoulder", "Body2", "Body", "Tail1", "Tail2", "Tail3", "Tail4"],
        "Head": ["Neck2", "Head", "Nose bridge", "Upper mouth"],
        "Arm": ["L Upper arm", "L Lower arm", "L Hand", "R Upper arm", "R Lower arm", "R Hand"],
        "Leg": ["L Thigh", "L Lowerleg", "L Foot", "R Thigh", "R Lowerleg", "R Foot"],
        "Critical": [],
        "Resistant": []
      }
    }
  },
  {
    "side": "Server",
    "dependsOn": [{ "modid": "combatoverhaul" }],
    "file": "manidae:entities/land/manidae",
    "op": "add",
    "path": "/server/behaviors/-",
    "value": {
      "code": "CombatOverhaul:EntityDamageModel",
      "damageModel": {
        "TorsoDamageMultiplier": 1,
        "LimbsDamageMultiplier": 0.75,
        "HeadDamageMultiplier": 1.5,
        "CriticalDamageMultiplier": 2,
        "DefaultResists": {"BluntAttack": 2, "SlashingAttack": 3, "PiercingAttack": 4}
      }
    }
  },
  {
    "side": "Server",
    "dependsOn": [{ "modid": "combatoverhaul" }],
    "file": "manidae:entities/land/manidae",
    "op": "add",
    "path": "/client/behaviors/-",
    "value": {
      "code": "CombatOverhaul:EntityDamageModel",
      "damageModel": {
        "TorsoDamageMultiplier": 1,
        "LimbsDamageMultiplier": 0.75,
        "HeadDamageMultiplier": 1.5,
        "CriticalDamageMultiplier": 2,
        "DefaultResists": {"BluntAttack": 2, "SlashingAttack": 3, "PiercingAttack": 4}
      }
    }
  },
  {"side": "Server", "dependsOn": [{ "modid": "combatoverhaul" }], "file": "manidae:entities/land/manidae", "op": "add", "path": "/server/behaviors/11/aitasks/0/damageType", "value": "SlashingAttack"},
  {"side": "Server", "dependsOn": [{ "modid": "combatoverhaul" }], "file": "manidae:entities/land/manidae", "op": "replace", "path": "/server/behaviors/11/aitasks/0/damageTierByType", "value": {"*": 1}}
]