{
	"editor": {
		"backDropShape": "entity/alceini/alcesalces/adult",
		"collapsedPaths": "Root/Body/abdomen/L back Thigh,Root/Body/abdomen/R back Thigh",
		"allAngles": true,
		"entityTextureMode": false
	},
	"textureWidth": 16,
	"textureHeight": 16,
	"textureSizes": {
		"moose-antlers": [16,16],
		"leather": [16,16]
	},
	"textures": {
		"leather": "game:block/leather/plain",
		"moose-antlers": "game:entity/hooved/deer/moose-antlers"
	},
	"elements": [
		{
			"name": "Horn attachment",
			"stepParentName": "head",
			"from": [ 2.0, 5.3, 2.8 ],
			"to": [ 3.0, 6.3, 3.8 ],
			"rotationOrigin": [ 2.0, 5.3, 2.8 ],
			"faces": {
			},
			"children": [
				{
					"name": "R antler base",
					"from": [ 0.5, 0.3, -3.2 ],
					"to": [ 1.7, 1.3, -2.0 ],
					"rotationOrigin": [ 0.5, 0.3, -2.4 ],
					"rotationX": -65.0,
					"rotationY": -10.0,
					"rotationZ": -5.0,
					"faces": {
						"north": { "texture": "#moose-antlers", "uv": [ 14.5, 14.5, 15.5, 15.5 ], "windMode": [-1,-1,-1,-1] },
						"east": { "texture": "#moose-antlers", "uv": [ 15.0, 15.0, 16.0, 16.0 ], "windMode": [-1,-1,-1,-1] },
						"south": { "texture": "#moose-antlers", "uv": [ 14.5, 14.5, 15.5, 15.5 ], "windMode": [-1,-1,-1,-1] },
						"west": { "texture": "#moose-antlers", "uv": [ 14.5, 15.0, 15.5, 16.0 ], "windMode": [-1,-1,-1,-1], "windData": [0,1,1,1] },
						"up": { "texture": "#moose-antlers", "uv": [ 15.0, 15.0, 16.0, 16.0 ], "rotation": 90 }
					},
					"children": [
						{
							"name": "R antler base 2",
							"from": [ 0.1, 0.9, 0.1 ],
							"to": [ 1.1, 2.9, 1.1 ],
							"rotationOrigin": [ 0.1, 0.9, 1.1 ],
							"rotationX": -7.0,
							"faces": {
								"north": { "texture": "#moose-antlers", "uv": [ 1.5, 4.0, 2.5, 6.0 ] },
								"east": { "texture": "#moose-antlers", "uv": [ 10.5, 13.0, 11.5, 15.0 ] },
								"south": { "texture": "#moose-antlers", "uv": [ 0.5, 3.0, 1.5, 5.0 ] },
								"west": { "texture": "#moose-antlers", "uv": [ 13.5, 2.5, 14.5, 4.5 ] },
								"up": { "texture": "#moose-antlers", "uv": [ 8.0, 1.0, 9.0, 2.0 ], "rotation": 90 },
								"down": { "texture": "#moose-antlers", "uv": [ 5.0, 0.0, 6.0, 1.0 ], "rotation": 90, "windMode": [-1,-1,-1,-1] }
							},
							"children": [
								{
									"name": "R antler HAND1",
									"from": [ -4.2, 2.7, 0.5 ],
									"to": [ 0.8, 8.7, 1.3 ],
									"rotationOrigin": [ -0.9, 2.7, 0.5 ],
									"rotationX": 25.0,
									"rotationZ": -50.0,
									"faces": {
										"north": { "texture": "#moose-antlers", "uv": [ 3.5, 9.0, 8.5, 15.0 ] },
										"east": { "texture": "#moose-antlers", "uv": [ 5.0, 6.0, 5.5, 12.0 ] },
										"south": { "texture": "#moose-antlers", "uv": [ 9.5, 0.0, 14.5, 6.0 ] },
										"west": { "texture": "#moose-antlers", "uv": [ 1.0, 10.0, 1.5, 16.0 ] },
										"up": { "texture": "#moose-antlers", "uv": [ 10.5, 9.0, 11.0, 14.0 ], "rotation": 270 },
										"down": { "texture": "#moose-antlers", "uv": [ 1.0, 0.0, 1.5, 5.0 ], "rotation": 270 }
									},
									"children": [
										{
											"name": "RantlerThumb",
											"from": [ -2.5, 0.0, 0.1 ],
											"to": [ 0.5, 1.5, 0.8 ],
											"rotationOrigin": [ 0.5, 0.5, 0.1 ],
											"rotationX": -20.0,
											"rotationY": 20.0,
											"rotationZ": 30.0,
											"faces": {
												"north": { "texture": "#moose-antlers", "uv": [ 10.5, 14.0, 13.5, 15.5 ] },
												"east": { "texture": "#moose-antlers", "uv": [ 10.5, 2.0, 11.0, 3.5 ], "windMode": [-1,-1,-1,-1] },
												"south": { "texture": "#moose-antlers", "uv": [ 11.5, 2.0, 14.5, 3.5 ] },
												"west": { "texture": "#moose-antlers", "uv": [ 2.5, 6.5, 3.0, 8.0 ] },
												"up": { "texture": "#moose-antlers", "uv": [ 3.0, 3.0, 6.0, 3.5 ] },
												"down": { "texture": "#moose-antlers", "uv": [ 2.5, 3.0, 5.5, 3.5 ] }
											},
											"children": [
												{
													"name": "RTine01",
													"from": [ -1.0, 0.0, 0.05 ],
													"to": [ 0.0, 0.6, 0.65 ],
													"rotationOrigin": [ 0.0, 0.6, 0.65 ],
													"rotationZ": 15.0,
													"faces": {
														"north": { "texture": "#moose-antlers", "uv": [ 13.0, 5.5, 14.0, 6.0 ] },
														"east": { "texture": "#moose-antlers", "uv": [ 3.5, 6.0, 4.0, 6.5 ] },
														"south": { "texture": "#moose-antlers", "uv": [ 8.0, 3.5, 9.0, 4.0 ] },
														"west": { "texture": "#moose-antlers", "uv": [ 15.0, 10.5, 15.5, 11.0 ] },
														"up": { "texture": "#moose-antlers", "uv": [ 3.0, 3.0, 4.0, 3.5 ] },
														"down": { "texture": "#moose-antlers", "uv": [ 11.5, 6.5, 12.5, 7.0 ] }
													},
													"children": [
														{
															"name": "RTine01B",
															"from": [ -1.5, 0.05, 0.05 ],
															"to": [ 0.0, 0.55, 0.55 ],
															"rotationOrigin": [ 0.0, 0.55, 0.05 ],
															"rotationY": 15.0,
															"faces": {
																"north": { "texture": "#moose-antlers", "uv": [ 9.5, 4.0, 11.0, 4.5 ] },
																"east": { "texture": "#moose-antlers", "uv": [ 7.5, 5.5, 8.0, 6.0 ] },
																"south": { "texture": "#moose-antlers", "uv": [ 1.0, 8.5, 2.5, 9.0 ] },
																"west": { "texture": "#moose-antlers", "uv": [ 7.0, 7.5, 7.5, 8.0 ] },
																"up": { "texture": "#moose-antlers", "uv": [ 8.0, 7.5, 9.5, 8.0 ] },
																"down": { "texture": "#moose-antlers", "uv": [ 8.5, 14.5, 10.0, 15.0 ] }
															},
															"children": [
																{
																	"name": "RTine01C",
																	"from": [ -1.5, 0.1, 0.1 ],
																	"to": [ 0.0, 0.4, 0.4 ],
																	"rotationOrigin": [ 0.0, 0.4, 0.1 ],
																	"rotationY": 10.0,
																	"faces": {
																		"north": { "texture": "#moose-antlers", "uv": [ 8.0, 0.5, 9.5, 1.0 ] },
																		"east": { "texture": "#moose-antlers", "uv": [ 8.5, 15.0, 9.0, 15.5 ] },
																		"south": { "texture": "#moose-antlers", "uv": [ 2.0, 8.5, 3.5, 9.0 ] },
																		"west": { "texture": "#moose-antlers", "uv": [ 1.0, 9.0, 1.5, 9.5 ] },
																		"up": { "texture": "#moose-antlers", "uv": [ 4.5, 7.0, 6.0, 7.5 ] },
																		"down": { "texture": "#moose-antlers", "uv": [ 3.5, 0.5, 5.0, 1.0 ] }
																	}
																}
															]
														}
													]
												},
												{
													"name": "RTine02",
													"from": [ -1.0, 0.9, 0.05 ],
													"to": [ 0.0, 1.5, 0.65 ],
													"rotationOrigin": [ 0.0, 0.9, 0.65 ],
													"rotationZ": -20.0,
													"faces": {
														"north": { "texture": "#moose-antlers", "uv": [ 9.5, 13.5, 10.5, 14.0 ] },
														"east": { "texture": "#moose-antlers", "uv": [ 5.5, 7.0, 6.0, 7.5 ] },
														"south": { "texture": "#moose-antlers", "uv": [ 0.0, 13.0, 1.0, 13.5 ] },
														"west": { "texture": "#moose-antlers", "uv": [ 8.5, 1.5, 9.0, 2.0 ] },
														"up": { "texture": "#moose-antlers", "uv": [ 4.0, 2.5, 5.0, 3.0 ] },
														"down": { "texture": "#moose-antlers", "uv": [ 12.5, 3.5, 13.5, 4.0 ] }
													},
													"children": [
														{
															"name": "RTine02B",
															"from": [ -1.5, 0.05, 0.05 ],
															"to": [ 0.0, 0.55, 0.55 ],
															"rotationOrigin": [ 0.0, 0.55, 0.05 ],
															"rotationY": 10.0,
															"faces": {
																"north": { "texture": "#moose-antlers", "uv": [ 11.5, 5.0, 13.0, 5.5 ] },
																"east": { "texture": "#moose-antlers", "uv": [ 6.5, 7.5, 7.0, 8.0 ] },
																"south": { "texture": "#moose-antlers", "uv": [ 7.5, 4.5, 9.0, 5.0 ] },
																"west": { "texture": "#moose-antlers", "uv": [ 6.5, 8.5, 7.0, 9.0 ] },
																"up": { "texture": "#moose-antlers", "uv": [ 4.5, 15.0, 6.0, 15.5 ] },
																"down": { "texture": "#moose-antlers", "uv": [ 14.0, 9.5, 15.5, 10.0 ] }
															},
															"children": [
																{
																	"name": "RTine02C",
																	"from": [ -1.5, 0.1, 0.1 ],
																	"to": [ 0.0, 0.4, 0.4 ],
																	"rotationOrigin": [ 0.0, 0.4, 0.1 ],
																	"rotationY": 10.0,
																	"faces": {
																		"north": { "texture": "#moose-antlers", "uv": [ 1.5, 2.5, 3.0, 3.0 ] },
																		"east": { "texture": "#moose-antlers", "uv": [ 0.5, 13.0, 1.0, 13.5 ] },
																		"south": { "texture": "#moose-antlers", "uv": [ 2.5, 14.5, 4.0, 15.0 ] },
																		"west": { "texture": "#moose-antlers", "uv": [ 4.5, 14.0, 5.0, 14.5 ] },
																		"up": { "texture": "#moose-antlers", "uv": [ 5.0, 2.0, 6.5, 2.5 ] },
																		"down": { "texture": "#moose-antlers", "uv": [ 3.0, 9.0, 4.5, 9.5 ] }
																	}
																}
															]
														}
													]
												}
											]
										},
										{
											"name": "RTine04",
											"from": [ -2.0, 5.4, 0.1 ],
											"to": [ 0.0, 6.0, 0.7 ],
											"rotationOrigin": [ 0.0, 5.4, 0.1 ],
											"rotationY": 20.0,
											"rotationZ": -10.0,
											"faces": {
												"north": { "texture": "#moose-antlers", "uv": [ 7.5, 7.5, 9.5, 8.0 ] },
												"east": { "texture": "#moose-antlers", "uv": [ 4.5, 0.5, 5.0, 1.0 ] },
												"south": { "texture": "#moose-antlers", "uv": [ 0.0, 4.0, 2.0, 4.5 ] },
												"west": { "texture": "#moose-antlers", "uv": [ 14.5, 1.5, 15.0, 2.0 ] },
												"up": { "texture": "#moose-antlers", "uv": [ 0.0, 13.0, 2.0, 13.5 ] },
												"down": { "texture": "#moose-antlers", "uv": [ 7.5, 15.0, 9.5, 15.5 ] }
											},
											"children": [
												{
													"name": "RTine04B",
													"from": [ -2.5, 0.1, 0.1 ],
													"to": [ 0.0, 0.5, 0.5 ],
													"rotationOrigin": [ 0.0, 0.1, 0.1 ],
													"rotationY": 20.0,
													"faces": {
														"north": { "texture": "#moose-antlers", "uv": [ 11.0, 11.0, 13.5, 11.5 ] },
														"east": { "texture": "#moose-antlers", "uv": [ 6.5, 7.0, 7.0, 7.5 ] },
														"south": { "texture": "#moose-antlers", "uv": [ 5.5, 13.0, 8.0, 13.5 ] },
														"west": { "texture": "#moose-antlers", "uv": [ 12.5, 7.0, 13.0, 7.5 ] },
														"up": { "texture": "#moose-antlers", "uv": [ 3.5, 8.0, 6.0, 8.5 ] },
														"down": { "texture": "#moose-antlers", "uv": [ 2.5, 11.5, 5.0, 12.0 ] }
													}
												}
											]
										},
										{
											"name": "RAntler HAND2",
											"from": [ 0.0, 6.0, 0.0 ],
											"to": [ 5.0, 11.0, 0.8 ],
											"rotationOrigin": [ 0.0, 6.0, 0.0 ],
											"rotationX": 15.0,
											"rotationZ": -10.0,
											"faces": {
												"north": { "texture": "#moose-antlers", "uv": [ 7.0, 6.5, 12.0, 11.5 ] },
												"east": { "texture": "#moose-antlers", "uv": [ 14.5, 0.5, 15.0, 5.5 ] },
												"south": { "texture": "#moose-antlers", "uv": [ 7.0, 9.0, 12.0, 14.0 ] },
												"west": { "texture": "#moose-antlers", "uv": [ 5.0, 4.5, 5.5, 9.5 ] },
												"up": { "texture": "#moose-antlers", "uv": [ 3.5, 3.0, 8.5, 3.5 ] },
												"down": { "texture": "#moose-antlers", "uv": [ 11.0, 0.5, 16.0, 1.0 ] }
											},
											"children": [
												{
													"name": "RAntler HAND3",
													"from": [ 0.5, 5.0, 0.0 ],
													"to": [ 5.0, 10.0, 0.8 ],
													"rotationOrigin": [ 0.5, 5.0, 0.0 ],
													"rotationX": 15.0,
													"rotationZ": -10.0,
													"faces": {
														"north": { "texture": "#moose-antlers", "uv": [ 7.0, 3.5, 11.5, 8.5 ] },
														"east": { "texture": "#moose-antlers", "uv": [ 9.5, 11.5, 10.0, 16.5 ] },
														"south": { "texture": "#moose-antlers", "uv": [ 8.5, 1.0, 13.0, 6.0 ] },
														"west": { "texture": "#moose-antlers", "uv": [ 6.5, 10.0, 7.0, 15.0 ] },
														"up": { "texture": "#moose-antlers", "uv": [ 11.5, 11.5, 16.0, 12.0 ] },
														"down": { "texture": "#moose-antlers", "uv": [ 11.0, 9.5, 15.5, 10.0 ] }
													},
													"children": [
														{
															"name": "RHorn10",
															"from": [ 4.2, 5.0, 0.2 ],
															"to": [ 4.6, 6.0, 0.6 ],
															"rotationOrigin": [ 4.2, 5.0, 0.2 ],
															"rotationX": 15.0,
															"rotationZ": -20.0,
															"faces": {
																"north": { "texture": "#moose-antlers", "uv": [ 7.5, 8.0, 8.0, 9.0 ] },
																"east": { "texture": "#moose-antlers", "uv": [ 11.5, 13.5, 12.0, 14.5 ] },
																"south": { "texture": "#moose-antlers", "uv": [ 0.0, 0.5, 0.5, 1.5 ] },
																"west": { "texture": "#moose-antlers", "uv": [ 0.0, 0.0, 0.5, 1.0 ] },
																"up": { "texture": "#moose-antlers", "uv": [ 15.0, 6.0, 15.5, 6.5 ] },
																"down": { "texture": "#moose-antlers", "uv": [ 13.5, 11.5, 14.0, 12.0 ] }
															}
														},
														{
															"name": "RHorn08",
															"from": [ 0.0, 5.0, 0.2 ],
															"to": [ 0.4, 6.0, 0.6 ],
															"rotationOrigin": [ 0.6, 5.0, 0.2 ],
															"rotationX": 15.0,
															"rotationZ": 25.0,
															"faces": {
																"north": { "texture": "#moose-antlers", "uv": [ 9.0, 9.5, 9.5, 10.5 ] },
																"east": { "texture": "#moose-antlers", "uv": [ 8.0, 12.0, 8.5, 13.0 ] },
																"south": { "texture": "#moose-antlers", "uv": [ 14.5, 6.0, 15.0, 7.0 ] },
																"west": { "texture": "#moose-antlers", "uv": [ 9.0, 1.0, 9.5, 2.0 ] },
																"up": { "texture": "#moose-antlers", "uv": [ 14.0, 2.0, 14.5, 2.5 ] },
																"down": { "texture": "#moose-antlers", "uv": [ 3.0, 0.0, 3.5, 0.5 ] }
															}
														},
														{
															"name": "RHorn09",
															"from": [ 2.2, 5.0, 0.2 ],
															"to": [ 2.6, 6.0, 0.6 ],
															"rotationOrigin": [ 2.2, 5.0, 0.2 ],
															"rotationX": 15.0,
															"faces": {
																"north": { "texture": "#moose-antlers", "uv": [ 0.5, 0.0, 1.0, 1.0 ] },
																"east": { "texture": "#moose-antlers", "uv": [ 10.5, 5.0, 11.0, 6.0 ] },
																"south": { "texture": "#moose-antlers", "uv": [ 10.0, 8.5, 10.5, 9.5 ] },
																"west": { "texture": "#moose-antlers", "uv": [ 11.0, 11.0, 11.5, 12.0 ] },
																"up": { "texture": "#moose-antlers", "uv": [ 15.0, 15.0, 15.5, 15.5 ] },
																"down": { "texture": "#moose-antlers", "uv": [ 8.0, 0.0, 8.5, 0.5 ] }
															}
														},
														{
															"name": "RTine07",
															"from": [ -1.0, 2.0, 0.15 ],
															"to": [ 0.0, 2.5, 0.65 ],
															"rotationOrigin": [ 0.0, 2.0, 0.15 ],
															"rotationY": 10.0,
															"rotationZ": -25.0,
															"faces": {
																"north": { "texture": "#moose-antlers", "uv": [ 12.5, 13.0, 13.5, 13.5 ] },
																"east": { "texture": "#moose-antlers", "uv": [ 4.5, 4.0, 5.0, 4.5 ] },
																"south": { "texture": "#moose-antlers", "uv": [ 13.0, 10.5, 14.0, 11.0 ] },
																"west": { "texture": "#moose-antlers", "uv": [ 1.0, 4.5, 1.5, 5.0 ] },
																"up": { "texture": "#moose-antlers", "uv": [ 3.0, 2.5, 4.0, 3.0 ] },
																"down": { "texture": "#moose-antlers", "uv": [ 3.0, 11.5, 4.0, 12.0 ] }
															}
														}
													]
												},
												{
													"name": "RTine05",
													"from": [ -1.5, 2.0, 0.1 ],
													"to": [ 0.0, 2.6, 0.7 ],
													"rotationOrigin": [ 0.0, 2.0, 0.1 ],
													"rotationY": 15.0,
													"rotationZ": -15.0,
													"faces": {
														"north": { "texture": "#moose-antlers", "uv": [ 2.0, 11.0, 3.5, 11.5 ] },
														"east": { "texture": "#moose-antlers", "uv": [ 4.5, 11.5, 5.0, 12.0 ] },
														"south": { "texture": "#moose-antlers", "uv": [ 6.5, 1.0, 8.0, 1.5 ] },
														"west": { "texture": "#moose-antlers", "uv": [ 11.0, 7.5, 11.5, 8.0 ] },
														"up": { "texture": "#moose-antlers", "uv": [ 10.5, 11.5, 12.0, 12.0 ] },
														"down": { "texture": "#moose-antlers", "uv": [ 11.5, 14.0, 13.0, 14.5 ] }
													},
													"children": [
														{
															"name": "RTine05B",
															"from": [ -2.0, 0.1, 0.1 ],
															"to": [ 0.0, 0.5, 0.5 ],
															"rotationOrigin": [ 0.0, 0.1, 0.1 ],
															"rotationY": 15.0,
															"faces": {
																"north": { "texture": "#moose-antlers", "uv": [ 12.5, 7.5, 14.5, 8.0 ] },
																"east": { "texture": "#moose-antlers", "uv": [ 3.5, 9.5, 4.0, 10.0 ] },
																"south": { "texture": "#moose-antlers", "uv": [ 6.0, 14.0, 8.0, 14.5 ] },
																"west": { "texture": "#moose-antlers", "uv": [ 13.5, 15.0, 14.0, 15.5 ] },
																"up": { "texture": "#moose-antlers", "uv": [ 13.0, 14.5, 15.0, 15.0 ] },
																"down": { "texture": "#moose-antlers", "uv": [ 11.0, 9.0, 13.0, 9.5 ] }
															}
														}
													]
												},
												{
													"name": "RTine06",
													"from": [ -1.0, 4.5, 0.1 ],
													"to": [ 0.0, 5.0, 0.6 ],
													"rotationOrigin": [ 0.0, 4.5, 0.1 ],
													"rotationY": 20.0,
													"rotationZ": -20.0,
													"faces": {
														"north": { "texture": "#moose-antlers", "uv": [ 3.0, 10.0, 4.0, 10.5 ] },
														"east": { "texture": "#moose-antlers", "uv": [ 9.0, 11.5, 9.5, 12.0 ] },
														"south": { "texture": "#moose-antlers", "uv": [ 0.0, 9.0, 1.0, 9.5 ] },
														"west": { "texture": "#moose-antlers", "uv": [ 3.5, 13.0, 4.0, 13.5 ] },
														"up": { "texture": "#moose-antlers", "uv": [ 0.5, 15.0, 1.5, 15.5 ] },
														"down": { "texture": "#moose-antlers", "uv": [ 7.0, 10.5, 8.0, 11.0 ] }
													},
													"children": [
														{
															"name": "RTine06B",
															"from": [ -1.4, 0.1, 0.0 ],
															"to": [ 0.1, 0.4, 0.3 ],
															"rotationOrigin": [ 0.1, 0.1, 0.0 ],
															"rotationY": 10.0,
															"faces": {
																"north": { "texture": "#moose-antlers", "uv": [ 11.5, 4.0, 13.0, 4.5 ] },
																"east": { "texture": "#moose-antlers", "uv": [ 2.0, 6.0, 2.5, 6.5 ] },
																"south": { "texture": "#moose-antlers", "uv": [ 7.0, 13.0, 8.5, 13.5 ] },
																"west": { "texture": "#moose-antlers", "uv": [ 7.0, 4.5, 7.5, 5.0 ] },
																"up": { "texture": "#moose-antlers", "uv": [ 14.0, 4.5, 15.5, 5.0 ] },
																"down": { "texture": "#moose-antlers", "uv": [ 11.5, 14.5, 13.0, 15.0 ] }
															}
														}
													]
												}
											]
										},
										{
											"name": "Rtine03",
											"from": [ -3.0, 3.0, 0.1 ],
											"to": [ 0.0, 3.6, 0.7 ],
											"rotationOrigin": [ 0.0, 3.0, 0.1 ],
											"rotationY": 20.0,
											"faces": {
												"north": { "texture": "#moose-antlers", "uv": [ 4.0, 3.0, 7.0, 3.5 ] },
												"east": { "texture": "#moose-antlers", "uv": [ 5.5, 10.0, 6.0, 10.5 ] },
												"south": { "texture": "#moose-antlers", "uv": [ 3.5, 0.5, 6.5, 1.0 ] },
												"west": { "texture": "#moose-antlers", "uv": [ 0.5, 0.0, 1.0, 0.5 ] },
												"up": { "texture": "#moose-antlers", "uv": [ 7.0, 12.5, 10.0, 13.0 ] },
												"down": { "texture": "#moose-antlers", "uv": [ 9.5, 13.5, 12.5, 14.0 ] }
											},
											"children": [
												{
													"name": "Rtine03B",
													"from": [ -2.5, 0.1, 0.1 ],
													"to": [ 0.0, 0.5, 0.5 ],
													"rotationOrigin": [ 0.0, 0.1, 0.1 ],
													"rotationY": 20.0,
													"faces": {
														"north": { "texture": "#moose-antlers", "uv": [ 1.5, 13.5, 4.0, 14.0 ] },
														"east": { "texture": "#moose-antlers", "uv": [ 12.5, 14.0, 13.0, 14.5 ] },
														"south": { "texture": "#moose-antlers", "uv": [ 8.5, 13.5, 11.0, 14.0 ] },
														"west": { "texture": "#moose-antlers", "uv": [ 0.5, 8.0, 1.0, 8.5 ] },
														"up": { "texture": "#moose-antlers", "uv": [ 8.5, 0.0, 11.0, 0.5 ] },
														"down": { "texture": "#moose-antlers", "uv": [ 1.5, 10.5, 4.0, 11.0 ] }
													}
												}
											]
										}
									]
								}
							]
						}
					]
				},
				{
					"name": "L antler base",
					"from": [ 0.5, 0.5, 2.3 ],
					"to": [ 1.7, 1.5, 3.5 ],
					"rotationOrigin": [ 0.5, 0.5, 2.3 ],
					"rotationX": 65.0,
					"rotationY": 10.0,
					"rotationZ": -5.0,
					"faces": {
						"north": { "texture": "#moose-antlers", "uv": [ 15.0, 14.5, 16.0, 15.5 ], "windMode": [-1,-1,-1,-1] },
						"east": { "texture": "#moose-antlers", "uv": [ 14.5, 15.0, 15.5, 16.0 ], "windMode": [-1,-1,-1,-1] },
						"south": { "texture": "#moose-antlers", "uv": [ 15.0, 15.0, 16.0, 16.0 ], "windMode": [-1,-1,-1,-1] },
						"west": { "texture": "#moose-antlers", "uv": [ 14.5, 14.5, 15.5, 15.5 ], "rotation": 90, "windMode": [-1,-1,-1,-1], "windData": [0,0,0,0] },
						"up": { "texture": "#moose-antlers", "uv": [ 15.0, 14.5, 16.0, 15.5 ], "rotation": 90, "windMode": [-1,-1,-1,-1] }
					},
					"children": [
						{
							"name": "L antler base 2",
							"from": [ 0.1, 0.9, 0.1 ],
							"to": [ 1.1, 2.9, 1.1 ],
							"rotationOrigin": [ 0.1, 0.9, 0.1 ],
							"rotationX": 7.0,
							"faces": {
								"north": { "texture": "#moose-antlers", "uv": [ 5.5, 3.0, 6.5, 5.0 ] },
								"east": { "texture": "#moose-antlers", "uv": [ 1.5, 13.0, 2.5, 15.0 ] },
								"south": { "texture": "#moose-antlers", "uv": [ 11.0, 7.0, 12.0, 9.0 ] },
								"west": { "texture": "#moose-antlers", "uv": [ 9.5, 3.0, 10.5, 5.0 ] },
								"up": { "texture": "#moose-antlers", "uv": [ 1.0, 5.0, 2.0, 6.0 ], "rotation": 90 },
								"down": { "texture": "#moose-antlers", "uv": [ 3.0, 5.0, 4.0, 6.0 ], "rotation": 90 }
							},
							"children": [
								{
									"name": "LAntler HAND1",
									"from": [ -3.2, 4.6, -1.3 ],
									"to": [ 1.8, 10.6, -0.5 ],
									"rotationOrigin": [ -2.7, 4.7, -0.9 ],
									"rotationX": -25.0,
									"rotationY": -1.0,
									"rotationZ": -50.0,
									"faces": {
										"north": { "texture": "#moose-antlers", "uv": [ 10.0, 3.5, 15.0, 9.5 ] },
										"east": { "texture": "#moose-antlers", "uv": [ 4.5, 1.5, 5.0, 7.5 ] },
										"south": { "texture": "#moose-antlers", "uv": [ 2.5, 3.0, 7.5, 9.0 ] },
										"west": { "texture": "#moose-antlers", "uv": [ 0.0, 9.5, 0.5, 15.5 ] },
										"up": { "texture": "#moose-antlers", "uv": [ 6.5, 2.0, 11.5, 2.5 ], "rotation": 180 },
										"down": { "texture": "#moose-antlers", "uv": [ 6.5, 13.0, 11.5, 13.5 ] }
									},
									"children": [
										{
											"name": "LTine04",
											"from": [ -3.0, 5.4, 0.1 ],
											"to": [ 0.0, 6.0, 0.7 ],
											"rotationOrigin": [ 0.0, 5.4, 0.7 ],
											"rotationY": -20.0,
											"rotationZ": -10.0,
											"faces": {
												"north": { "texture": "#moose-antlers", "uv": [ 11.5, 12.5, 14.5, 13.0 ] },
												"east": { "texture": "#moose-antlers", "uv": [ 2.5, 3.0, 3.0, 3.5 ] },
												"south": { "texture": "#moose-antlers", "uv": [ 11.5, 9.5, 14.5, 10.0 ] },
												"west": { "texture": "#moose-antlers", "uv": [ 6.0, 5.0, 6.5, 5.5 ] },
												"up": { "texture": "#moose-antlers", "uv": [ 5.5, 9.5, 8.5, 10.0 ] },
												"down": { "texture": "#moose-antlers", "uv": [ 7.5, 13.0, 10.5, 13.5 ] }
											},
											"children": [
												{
													"name": "LTine04B",
													"from": [ -3.0, 0.1, 0.1 ],
													"to": [ 0.0, 0.5, 0.5 ],
													"rotationOrigin": [ 0.0, 0.1, 0.5 ],
													"rotationY": -20.0,
													"faces": {
														"north": { "texture": "#moose-antlers", "uv": [ 3.5, 7.0, 6.5, 7.5 ] },
														"east": { "texture": "#moose-antlers", "uv": [ 2.0, 12.5, 2.5, 13.0 ] },
														"south": { "texture": "#moose-antlers", "uv": [ 11.0, 9.5, 14.0, 10.0 ] },
														"west": { "texture": "#moose-antlers", "uv": [ 0.5, 2.0, 1.0, 2.5 ] },
														"up": { "texture": "#moose-antlers", "uv": [ 2.0, 5.5, 5.0, 6.0 ] },
														"down": { "texture": "#moose-antlers", "uv": [ 3.0, 11.5, 6.0, 12.0 ] }
													}
												}
											]
										},
										{
											"name": "LAntlerThumb",
											"from": [ -2.5, 0.0, 0.0 ],
											"to": [ 0.5, 1.5, 0.7 ],
											"rotationOrigin": [ 0.5, 0.5, 0.8 ],
											"rotationX": 20.0,
											"rotationY": -30.0,
											"rotationZ": 30.0,
											"faces": {
												"north": { "texture": "#moose-antlers", "uv": [ 4.5, 3.5, 7.5, 5.0 ] },
												"south": { "texture": "#moose-antlers", "uv": [ 3.5, 11.0, 6.5, 12.5 ] },
												"west": { "texture": "#moose-antlers", "uv": [ 11.5, 10.0, 12.0, 11.5 ] },
												"up": { "texture": "#moose-antlers", "uv": [ 5.5, 9.5, 8.5, 10.0 ] },
												"down": { "texture": "#moose-antlers", "uv": [ 1.0, 11.0, 4.0, 11.5 ] }
											},
											"children": [
												{
													"name": "LTine01",
													"from": [ -1.0, 0.0, 0.05 ],
													"to": [ 0.0, 0.6, 0.65 ],
													"rotationOrigin": [ 0.0, 0.6, 0.05 ],
													"rotationZ": 20.0,
													"faces": {
														"north": { "texture": "#moose-antlers", "uv": [ 3.5, 6.0, 4.5, 6.5 ] },
														"east": { "texture": "#moose-antlers", "uv": [ 9.5, 1.0, 10.0, 1.5 ] },
														"south": { "texture": "#moose-antlers", "uv": [ 4.5, 13.0, 5.5, 13.5 ] },
														"west": { "texture": "#moose-antlers", "uv": [ 6.5, 2.0, 7.0, 2.5 ] },
														"up": { "texture": "#moose-antlers", "uv": [ 1.0, 6.5, 2.0, 7.0 ] },
														"down": { "texture": "#moose-antlers", "uv": [ 13.5, 11.5, 14.5, 12.0 ] }
													},
													"children": [
														{
															"name": "LTine01B",
															"from": [ -1.5, 0.05, 0.05 ],
															"to": [ 0.0, 0.55, 0.55 ],
															"rotationOrigin": [ 0.0, 0.05, 0.55 ],
															"rotationY": -15.0,
															"faces": {
																"north": { "texture": "#moose-antlers", "uv": [ 11.0, 14.0, 12.5, 14.5 ] },
																"east": { "texture": "#moose-antlers", "uv": [ 9.0, 4.5, 9.5, 5.0 ] },
																"south": { "texture": "#moose-antlers", "uv": [ 3.5, 0.0, 5.0, 0.5 ] },
																"west": { "texture": "#moose-antlers", "uv": [ 15.0, 7.0, 15.5, 7.5 ] },
																"up": { "texture": "#moose-antlers", "uv": [ 11.5, 9.0, 13.0, 9.5 ] },
																"down": { "texture": "#moose-antlers", "uv": [ 2.5, 12.0, 4.0, 12.5 ] }
															}
														}
													]
												},
												{
													"name": "LTine02",
													"from": [ -1.0, 0.9, 0.05 ],
													"to": [ 0.0, 1.5, 0.65 ],
													"rotationOrigin": [ 0.0, 0.9, 0.05 ],
													"rotationZ": -20.0,
													"faces": {
														"north": { "texture": "#moose-antlers", "uv": [ 7.5, 11.0, 8.5, 11.5 ] },
														"east": { "texture": "#moose-antlers", "uv": [ 4.5, 1.0, 5.0, 1.5 ] },
														"south": { "texture": "#moose-antlers", "uv": [ 4.0, 1.0, 5.0, 1.5 ] },
														"west": { "texture": "#moose-antlers", "uv": [ 5.0, 3.5, 5.5, 4.0 ] },
														"up": { "texture": "#moose-antlers", "uv": [ 12.5, 1.5, 13.5, 2.0 ] },
														"down": { "texture": "#moose-antlers", "uv": [ 14.5, 7.5, 15.5, 8.0 ] }
													},
													"children": [
														{
															"name": "LTine02B",
															"from": [ -1.5, 0.05, 0.05 ],
															"to": [ 0.0, 0.55, 0.55 ],
															"rotationOrigin": [ 0.0, 0.05, 0.55 ],
															"rotationY": -15.0,
															"faces": {
																"north": { "texture": "#moose-antlers", "uv": [ 3.0, 10.0, 4.5, 10.5 ] },
																"east": { "texture": "#moose-antlers", "uv": [ 13.5, 12.0, 14.0, 12.5 ] },
																"south": { "texture": "#moose-antlers", "uv": [ 7.5, 15.0, 9.0, 15.5 ] },
																"west": { "texture": "#moose-antlers", "uv": [ 5.5, 0.5, 6.0, 1.0 ] },
																"up": { "texture": "#moose-antlers", "uv": [ 3.0, 3.0, 4.5, 3.5 ] },
																"down": { "texture": "#moose-antlers", "uv": [ 10.0, 11.5, 11.5, 12.0 ] }
															}
														}
													]
												}
											]
										},
										{
											"name": "LAntler HAND2",
											"from": [ 0.0, 6.0, 0.0 ],
											"to": [ 5.0, 11.0, 0.8 ],
											"rotationOrigin": [ 0.0, 6.0, 0.8 ],
											"rotationX": -15.0,
											"rotationZ": -10.0,
											"faces": {
												"north": { "texture": "#moose-antlers", "uv": [ 9.0, 8.5, 14.0, 13.5 ] },
												"east": { "texture": "#moose-antlers", "uv": [ 10.0, 2.5, 10.5, 7.5 ] },
												"south": { "texture": "#moose-antlers", "uv": [ 3.0, 10.0, 8.0, 15.0 ] },
												"west": { "texture": "#moose-antlers", "uv": [ 7.0, 3.0, 7.5, 8.0 ] },
												"up": { "texture": "#moose-antlers", "uv": [ 3.5, 9.5, 8.5, 10.0 ] },
												"down": { "texture": "#moose-antlers", "uv": [ 2.5, 10.5, 7.5, 11.0 ] }
											},
											"children": [
												{
													"name": "LAntler HAND3",
													"from": [ 0.0, 5.0, 0.0 ],
													"to": [ 5.0, 10.0, 0.8 ],
													"rotationOrigin": [ 0.0, 5.0, 0.8 ],
													"rotationX": -15.0,
													"rotationZ": -10.0,
													"faces": {
														"north": { "texture": "#moose-antlers", "uv": [ 5.5, 2.5, 10.5, 7.5 ] },
														"east": { "texture": "#moose-antlers", "uv": [ 8.5, 1.0, 9.0, 6.0 ] },
														"south": { "texture": "#moose-antlers", "uv": [ 0.0, 2.5, 5.0, 7.5 ] },
														"west": { "texture": "#moose-antlers", "uv": [ 1.5, 2.0, 2.0, 7.0 ] },
														"up": { "texture": "#moose-antlers", "uv": [ 4.5, 0.5, 9.5, 1.0 ] },
														"down": { "texture": "#moose-antlers", "uv": [ 0.5, 6.5, 5.5, 7.0 ] }
													},
													"children": [
														{
															"name": "LTine08",
															"from": [ -0.1, 5.0, 0.1 ],
															"to": [ 0.3, 6.0, 0.5 ],
															"rotationOrigin": [ 0.5, 5.0, 0.7 ],
															"rotationX": -15.0,
															"rotationZ": 25.0,
															"faces": {
																"north": { "texture": "#moose-antlers", "uv": [ 13.0, 12.0, 13.5, 13.0 ] },
																"east": { "texture": "#moose-antlers", "uv": [ 6.0, 9.0, 6.5, 10.0 ] },
																"south": { "texture": "#moose-antlers", "uv": [ 6.0, 14.0, 6.5, 15.0 ] },
																"west": { "texture": "#moose-antlers", "uv": [ 6.5, 7.5, 7.0, 8.5 ] },
																"up": { "texture": "#moose-antlers", "uv": [ 3.0, 4.5, 3.5, 5.0 ] },
																"down": { "texture": "#moose-antlers", "uv": [ 14.5, 11.0, 15.0, 11.5 ] }
															}
														},
														{
															"name": "LTine10",
															"from": [ 4.6, 5.0, 0.1 ],
															"to": [ 5.0, 6.0, 0.5 ],
															"rotationOrigin": [ 4.6, 5.0, 0.7 ],
															"rotationX": -15.0,
															"rotationZ": -20.0,
															"faces": {
																"north": { "texture": "#moose-antlers", "uv": [ 12.5, 14.5, 13.0, 15.5 ] },
																"east": { "texture": "#moose-antlers", "uv": [ 1.5, 13.0, 2.0, 14.0 ] },
																"south": { "texture": "#moose-antlers", "uv": [ 15.0, 4.0, 15.5, 5.0 ] },
																"west": { "texture": "#moose-antlers", "uv": [ 3.5, 2.0, 4.0, 3.0 ] },
																"up": { "texture": "#moose-antlers", "uv": [ 2.0, 7.0, 2.5, 7.5 ] },
																"down": { "texture": "#moose-antlers", "uv": [ 14.5, 13.5, 15.0, 14.0 ] }
															}
														},
														{
															"name": "LTine09",
															"from": [ 2.2, 5.0, 0.1 ],
															"to": [ 2.6, 6.0, 0.5 ],
															"rotationOrigin": [ 2.2, 5.0, 0.7 ],
															"rotationX": -15.0,
															"faces": {
																"north": { "texture": "#moose-antlers", "uv": [ 11.5, 12.5, 12.0, 13.5 ] },
																"east": { "texture": "#moose-antlers", "uv": [ 12.5, 0.5, 13.0, 1.5 ] },
																"south": { "texture": "#moose-antlers", "uv": [ 15.0, 2.5, 15.5, 3.5 ] },
																"west": { "texture": "#moose-antlers", "uv": [ 8.5, 9.0, 9.0, 10.0 ] },
																"up": { "texture": "#moose-antlers", "uv": [ 0.5, 12.5, 1.0, 13.0 ] },
																"down": { "texture": "#moose-antlers", "uv": [ 6.5, 5.5, 7.0, 6.0 ] }
															}
														},
														{
															"name": "LTine07",
															"from": [ -1.0, 2.0, 0.1 ],
															"to": [ 0.0, 2.5, 0.6 ],
															"rotationOrigin": [ 0.0, 2.0, 0.6 ],
															"rotationY": -10.0,
															"rotationZ": -25.0,
															"faces": {
																"north": { "texture": "#moose-antlers", "uv": [ 1.5, 10.0, 2.5, 10.5 ] },
																"east": { "texture": "#moose-antlers", "uv": [ 13.5, 6.5, 14.0, 7.0 ] },
																"south": { "texture": "#moose-antlers", "uv": [ 7.5, 0.0, 8.5, 0.5 ] },
																"west": { "texture": "#moose-antlers", "uv": [ 3.0, 15.0, 3.5, 15.5 ] },
																"up": { "texture": "#moose-antlers", "uv": [ 6.5, 8.5, 7.5, 9.0 ] },
																"down": { "texture": "#moose-antlers", "uv": [ 9.5, 8.0, 10.5, 8.5 ] }
															}
														}
													]
												},
												{
													"name": "LTine05",
													"from": [ -1.5, 2.0, 0.1 ],
													"to": [ 0.0, 2.6, 0.7 ],
													"rotationOrigin": [ 0.0, 2.0, 0.7 ],
													"rotationY": -15.0,
													"rotationZ": -15.0,
													"faces": {
														"north": { "texture": "#moose-antlers", "uv": [ 6.5, 7.0, 8.0, 7.5 ] },
														"east": { "texture": "#moose-antlers", "uv": [ 13.5, 3.5, 14.0, 4.0 ] },
														"south": { "texture": "#moose-antlers", "uv": [ 10.0, 4.5, 11.5, 5.0 ] },
														"west": { "texture": "#moose-antlers", "uv": [ 2.5, 2.5, 3.0, 3.0 ] },
														"up": { "texture": "#moose-antlers", "uv": [ 6.0, 0.5, 7.5, 1.0 ] },
														"down": { "texture": "#moose-antlers", "uv": [ 13.5, 14.5, 15.0, 15.0 ] }
													},
													"children": [
														{
															"name": "LTine05B",
															"from": [ -2.0, 0.1, 0.1 ],
															"to": [ 0.0, 0.5, 0.5 ],
															"rotationOrigin": [ 0.0, 0.1, 0.5 ],
															"rotationY": -15.0,
															"faces": {
																"north": { "texture": "#moose-antlers", "uv": [ 10.5, 1.0, 12.5, 1.5 ] },
																"east": { "texture": "#moose-antlers", "uv": [ 6.0, 13.5, 6.5, 14.0 ] },
																"south": { "texture": "#moose-antlers", "uv": [ 2.5, 1.5, 4.5, 2.0 ] },
																"west": { "texture": "#moose-antlers", "uv": [ 14.0, 6.0, 14.5, 6.5 ] },
																"up": { "texture": "#moose-antlers", "uv": [ 5.5, 11.0, 7.5, 11.5 ] },
																"down": { "texture": "#moose-antlers", "uv": [ 1.5, 4.5, 3.5, 5.0 ] }
															}
														}
													]
												},
												{
													"name": "LTine06",
													"from": [ -1.0, 4.5, 0.1 ],
													"to": [ 0.0, 5.1, 0.7 ],
													"rotationOrigin": [ 0.0, 4.5, 0.7 ],
													"rotationY": -20.0,
													"rotationZ": -20.0,
													"faces": {
														"north": { "texture": "#moose-antlers", "uv": [ 6.5, 15.0, 7.5, 15.5 ] },
														"east": { "texture": "#moose-antlers", "uv": [ 11.5, 15.0, 12.0, 15.5 ] },
														"south": { "texture": "#moose-antlers", "uv": [ 4.0, 6.0, 5.0, 6.5 ] },
														"west": { "texture": "#moose-antlers", "uv": [ 7.5, 7.0, 8.0, 7.5 ] },
														"up": { "texture": "#moose-antlers", "uv": [ 14.0, 2.5, 15.0, 3.0 ] },
														"down": { "texture": "#moose-antlers", "uv": [ 14.0, 8.0, 15.0, 8.5 ] }
													},
													"children": [
														{
															"name": "LTine06B",
															"from": [ -1.5, 0.1, 0.1 ],
															"to": [ 0.0, 0.5, 0.5 ],
															"rotationOrigin": [ 0.0, 0.1, 0.5 ],
															"rotationY": -10.0,
															"faces": {
																"north": { "texture": "#moose-antlers", "uv": [ 5.0, 14.0, 6.5, 14.5 ] },
																"east": { "texture": "#moose-antlers", "uv": [ 10.5, 5.5, 11.0, 6.0 ] },
																"south": { "texture": "#moose-antlers", "uv": [ 10.0, 11.0, 11.5, 11.5 ] },
																"west": { "texture": "#moose-antlers", "uv": [ 15.0, 9.0, 15.5, 9.5 ] },
																"up": { "texture": "#moose-antlers", "uv": [ 9.0, 9.0, 10.5, 9.5 ] },
																"down": { "texture": "#moose-antlers", "uv": [ 8.5, 8.5, 10.0, 9.0 ] }
															}
														}
													]
												}
											]
										},
										{
											"name": "LTine03",
											"from": [ -3.0, 3.0, 0.1 ],
											"to": [ 0.0, 3.6, 0.7 ],
											"rotationOrigin": [ 0.0, 3.0, 0.7 ],
											"rotationY": -20.0,
											"faces": {
												"north": { "texture": "#moose-antlers", "uv": [ 8.5, 10.0, 11.5, 10.5 ] },
												"east": { "texture": "#moose-antlers", "uv": [ 4.5, 9.0, 5.0, 9.5 ] },
												"south": { "texture": "#moose-antlers", "uv": [ 5.5, 1.0, 8.5, 1.5 ] },
												"west": { "texture": "#moose-antlers", "uv": [ 14.5, 7.0, 15.0, 7.5 ] },
												"up": { "texture": "#moose-antlers", "uv": [ 11.5, 3.5, 14.5, 4.0 ] },
												"down": { "texture": "#moose-antlers", "uv": [ 3.0, 0.5, 6.0, 1.0 ] }
											},
											"children": [
												{
													"name": "LTine03B",
													"from": [ -3.0, 0.1, 0.1 ],
													"to": [ 0.0, 0.5, 0.5 ],
													"rotationOrigin": [ 0.0, 0.1, 0.5 ],
													"rotationY": -20.0,
													"faces": {
														"north": { "texture": "#moose-antlers", "uv": [ 6.5, 13.0, 9.5, 13.5 ] },
														"east": { "texture": "#moose-antlers", "uv": [ 14.0, 13.0, 14.5, 13.5 ] },
														"south": { "texture": "#moose-antlers", "uv": [ 10.0, 13.0, 13.0, 13.5 ] },
														"west": { "texture": "#moose-antlers", "uv": [ 12.0, 10.5, 12.5, 11.0 ] },
														"up": { "texture": "#moose-antlers", "uv": [ 2.0, 7.5, 5.0, 8.0 ] },
														"down": { "texture": "#moose-antlers", "uv": [ 12.0, 4.0, 15.0, 4.5 ] }
													}
												}
											]
										}
									]
								}
							]
						}
					]
				},
				{
					"name": "Leather",
					"from": [ 0.0, -0.7, -3.0 ],
					"to": [ 2.0, 1.3, 3.0 ],
					"rotationOrigin": [ 0.0, -0.7, -3.0 ],
					"faces": {
						"north": { "texture": "#leather", "uv": [ 0.0, 0.0, 2.0, 2.0 ] },
						"east": { "texture": "#leather", "uv": [ 0.0, 0.0, 6.0, 2.0 ] },
						"south": { "texture": "#leather", "uv": [ 0.0, 0.0, 2.0, 2.0 ] },
						"west": { "texture": "#leather", "uv": [ 0.0, 0.0, 6.0, 2.0 ] },
						"up": { "texture": "#leather", "uv": [ 0.0, 0.0, 2.0, 6.0 ] },
						"down": { "texture": "#leather", "uv": [ 0.0, 0.0, 2.0, 6.0 ] }
					}
				}
			]
		}
	],
	"animations": [
		{
			"name": "Walk",
			"code": "walk",
			"quantityframes": 30,
			"onActivityStopped": "Rewind",
			"onAnimationEnd": "Repeat",
			"keyframes": [

			]
		}
	]
}