{
	"code": "pantherinae-panthera",
	"class": "EntityAgent",
	"fallDamageMultiplierByType": {"*-atrox-*" :2.5,"*-leo-*" :2,"*-onca-*" :1,"*-pardus-*" :0.6,"*-spelaea-*" :2,"*-tigris-*" :1.5,"*-uncia-*" :0.5},
	"canClimb": true,
	"variantgroups": [
    {"code": "age","states": [ "adult"]},
    {"code": "gender","states": [ "male"]},
		{"code": "species","states": [ "atrox", "leo", "onca", "pardus", "spelaea", "tigris", "uncia" ]},
		{"code": "pigment","states": [ "normal", "albino", "melanistic" ]}
	],
	"allowedVariants": [
		"*-atrox-normal",
		"*-leo-normal",
		"*-onca-melanistic",
		"*-onca-normal",
		"*-pardus-melanistic",
		"*-pardus-normal",
		"*-spelaea-normal",
		"*-tigris-normal",
		"*-uncia-normal"
	],
	"collisionBoxSizeByType": {
		"*-atrox-*": {	"x": 2,"y": 1.2},
		"*-leo-*": {	"x": 1.8,"y": 1.1},
		"*-onca-*": {	"x": 1.3,"y": 0.9},
		"*-pardus-*": {	"x": 1.2,"y": 0.85},
		"*-spelaea-*": {	"x": 1.9,"y": 1.1},
		"*-tigris-*": {	"x": 2,"y": 1.3},
		"*-uncia-*": {	"x": 1.0,"y": 0.75},
		"*": {	"x": 1.2,"y": 0.85}
	},
	"deadCollisionBoxSizeByType": {
		"*-atrox-*": {	"x": 1.3,"y": 0.6},
		"*-leo-*": {	"x": 1.3,"y": 0.55},
		"*-onca-*": {"x": 1.2,"y": 0.45},
		"*-pardus-*": {"x": 1.2,"y": 0.45},
		"*-spelaea-*": {	"x": 1.3,"y": 0.55},
		"*-tigris-*": {	"x": 1.3,"y": 0.55},
		"*-uncia-*": {	"x": 1.3,"y": 0.4},
		"*": {"x": 1.2,"y": 0.45}
	},
	"selectionBoxSizeByType": {
		"*-atrox-*": {	"x": 2,"y": 2},
		"*-leo-*": {	"x": 2,"y": 2},
		"*-onca-*": {"x": 1.5,"y": 1.8},
		"*-pardus-*": {"x": 1.5,"y": 1.8},
		"*-spelaea-*": {	"x": 2,"y": 2},
		"*-tigris-*": {	"x": 2,"y": 2},
		"*-uncia-*": {	"x": 1.25,"y": 0.75},
		"*": {"x": 1.5,"y": 1.8}
	},
	"deadSelectionBoxSizeByType": {
		"*-atrox-*": {	"x": 2,"y": 1},
		"*-leo-*": {	"x": 2,"y": 1},
		"*-onca-*": {"x": 1.2,"y": 1.0},
		"*-pardus-*": {"x": 1.2,"y": 1.0},
		"*-spelaea-*": {	"x": 2,"y": 1},
		"*-tigris-*": {	"x": 2,"y": 1},
		"*-uncia-*": {	"x": 1.25,"y": 0.75},
		"*": {"x": 1.2,"y": 1.0}
	},
	"knockbackResistanceByType": {
		"*-atrox-*": 0.75,
		"*-leo-*": 0.7,
		"*-onca-*": 0.5,
		"*-pardus-*": 0.4,
		"*-spelaea-*": 0.7,
		"*-tigris-*": 0.75,
		"*-uncia-*": 0.3,
		"*": 0.5
	},	
	"eyeHeight": 0.6,
	"weightByType": {
		"*-atrox-*": 256,
		"*-leo-*": 186,
		"*-onca-*": 95,
		"*-pardus-*": 50,
		"*-spelaea-*": 208,
		"*-tigris-*": 174,
		"*-uncia-*": 37
	},	
	"drops": [],
	"attributes": {
		"creatureDiet": {"foodTags": ["egg","fish","meat"]},
		"killedByInfoText": "deadcreature-eaten-large",
		"handbook": {
			"groupcode": "creaturegroup-panthera"
		}
	},
	"client": {
		"renderer": "Shape",
		"shapeByType": {
			"*-atrox-*": { "base": "entity/land/atrox" },
			"*-leo-*": { "base": "entity/land/leo" },
			"*-onca-*": { "base": "entity/land/onca" },
			"*-pardus-*": { "base": "entity/land/pardus" },
			"*-spelaea-*": { "base": "entity/land/spelaea" },
			"*-tigris-*": { "base": "entity/land/tigris" },
			"*-uncia-*": { "base": "entity/land/uncia" },
			"*": { "base": "entity/land/onca" }
		},
		"texturesByType": {
			"*-leo-normal": {"skin": {"base": "entity/pantherinae/panthera-leo"}, "mane": {"base": "entity/pantherinae/panthera-leo-mane"}}
		},
		"textureByType": {
			"*-atrox-normal": { "base": "entity/pantherinae/panthera-atrox" },
			"*-onca-normal": { "base": "entity/pantherinae/panthera-onca" },
			"*-onca-melanistic": { "base": "entity/pantherinae/panthera-onca-melanistic" },
			"*-pardus-normal": { "base": "entity/pantherinae/panthera-pardus" },
			"*-pardus-melanistic": { "base": "entity/pantherinae/panthera-pardus-melanistic" },
			"*-spelaea-normal": { "base": "entity/pantherinae/panthera-spelaea" },
			"*-tigris-normal": { "base": "entity/pantherinae/panthera-tigris"},
			"*-uncia-normal": { "base": "entity/pantherinae/panthera-uncia" }
		},
		"sizeByType": {
			"*-atrox-*": 1.0,
			"*-leo-*": 0.95,
			"*-onca-*": 0.66,
			"*-pardus-*": 0.58,
			"*-spelaea-*": 0.95,
			"*-tigris-*": 0.975,
			"*-uncia-*": 0.55,
			"*": 0.5
		},
		"behaviors": [
			{ "code": "repulseagents" },
			{
				"code": "controlledphysics",
				"stepHeight": 3.1251
			},
			{ "code": "interpolateposition" },
			{
				"code": "floatupwhenstuck",
				"onlyWhenDead": true
			},
			{ "code": "harvestable","quantitySlots": 8 },
			{
				"code": "despawn",
				"minPlayerDistance": 8,
				"belowLightLevel": 8,
				"minSeconds": 300
			}

		],
		"animations": [
			{
				"code": "hurt",
				"animation": "hurt",
				"animationSpeed": 2.2,
				"weight": 10,
				"blendMode": "AddAverage"
			},
			{
				"code": "die",
				"animation": "death",
				"animationSpeed": 2.25,
				"weight": 10,
				"blendMode": "Average",
				"triggeredBy": { "onControls": [ "dead" ] }
			},
			{
				"code": "idle",
				"animation": "idle",
				"blendMode": "AddAverage",
				"easeOutSpeed": 4,
				"triggeredBy": { "defaultAnim": true }
			},
			{
				"code": "sleep",
				"animation": "sleep",
				"easeInSpeed": 2,
				"easeOutSpeed": 4,
				"blendMode": "Average"
			},
			{
				"code": "sit",
				"animation": "sit",
				"easeInSpeed": 2,
				"easeOutSpeed": 2,
				"blendMode": "Average"
			},
			{
				"code": "lie",
				"animation": "lie",
				"blendMode": "Average"
			},
			{
				"code": "lick",
				"animation": "lick",
				"blendMode": "Average"
			},
			{
				"code": "swim",
				"animation": "swim",
				"blendMode": "Average"
			},
			{
				"code": "walk",
				"animation": "walk",
				"supressDefaultAnimation": true,
				"blendMode": "AddAverage"
			}
		]
	},
	"server": {
		"attributes": {
			"pathfinder": {
				"minTurnAnglePerSec": 350,
				"maxTurnAnglePerSec": 650
			}
		},
		"behaviors": [
			{ "code": "repulseagents" },
			{
				"code": "controlledphysics",
				"stepHeight": 3.1251
			},
			{
				"code": "despawn",
				"minPlayerDistance": 8,
				"belowLightLevel": 8,
				"minSeconds": 300
			},
			{
				"code": "health",
				"maxhealthByType": {
					"*-atrox-*": 51,
					"*-leo-*": 38,
					"*-onca-*": 20,
					"*-pardus-*": 12,
					"*-spelaea-*": 42,
					"*-tigris-*": 35,
					"*-uncia-*": 10,
					"*": 12
				}
			},
			{
				"code": "deaddecay",
				"hoursToDecay": 96,
				"decayedBlock": "carcass-medium"
			},
			{
				"code": "floatupwhenstuck",
				"onlyWhenDead": true
			},
			{
				"code": "harvestable","quantitySlots": 8,
				"drops": [
					{
						"type": "item",
						"code": "game:bushmeat-raw",
						"quantityByType": {
							"*-atrox-*": {"avg": 24,"var": 3},
							"*-leo-*": {"avg": 21,"var": 2},
							"*-onca-*": {"avg": 7,"var": 2},
							"*-pardus-*": {"avg": 4,"var": 2},
							"*-spelaea-*": {"avg": 22,"var": 2},
							"*-tigris-*": {"avg": 20,"var": 2},
							"*-uncia-*": {"avg": 4,"var": 2}
						}
					},
					{
						"type": "item",
						"code": "game:fat",
						"quantityByType": {
							"*-onca-*": {"avg": 1,"var": 0.3},
							"*-pardus-*": {"avg": 1,"var": 0.3},
							"*-uncia-*": {"avg": 1,"var": 0.3},
							"*": {"avg": 2,"var": 0.3}
						}
					},
					{
						"type": "item",
						"code": "pantherinae:pelt-panthera-male-{species}-{pigment}",
						"quantityByType": {
							"*": {"avg": 1.0,"var": 0.0}
						}
					}
				]
			},
			{ "code": "breathe" },
			{
				"code": "emotionstates",
				"states": [
					{
						"code": "fleeondamage",
						"duration": 60,
						"chanceByType": {
							"*-onca-*": 0.55,
							"*-pardus-*": 0.65,
							"*-uncia-*": 0.95,
							"*": 0.45
						},
						"slot": 2,
						"priority": 5,
						"accumType": "max",
						"whenHealthRelBelow": 0.6
					},
					{
						"code": "aggressiveondamage",
						"duration": 30,
						"chance": 1,
						"slot": 2,
						"priority": 2,
						"accumType": "noaccum"
					},
					{
						"code": "alarmherdondamage",
						"chance": 1,
						"slot": 1,
						"priority": 1,
						"accumType": "max"
					},
					{
						"code": "saturated",
						"duration": 5760,
						"chance": 1,
						"slot": 0,
						"priority": 1,
						"accumType": "sum",
						"belowTempDuration": 2880,
						"belowTempThreshold": 0
					},
					{ "code": "aggressivearoundentities", "duration": 60, "chanceByType": {"*": 1.0}, "slot": 2, "priority": 4, "entityCodes": ["pantherinae:pantherinae-panthera-baby-female-{species}-{pigment}","pantherinae:pantherinae-panthera-baby-male-{species}-{pigment}"], "maxGeneration": 2 }
				
				
				]
			},
			{
				"code": "taskai",
				"aitasks": [
					{
						"code": "meleeattack",
						"entityCodesByType": {
							"@.*-(atrox|leo||spelaea|tigris)-.*": [ "player", "bear-*","chicken-*", "deer-*","drifter-*", "fox-*", "gazelle-*", "goat-*","hare-*","hyena-*", "moose-*", "pig-*", "raccoon-*",  "sheep-*","tameddeer-*", "wolf-*","anatidae-*", "antilopinae-*","apterygidae-*","aptornithidae-*", "caninae-*", "caprinae-*","casuariidae-*","cervidae-*","dinornithidae-*","emeidae-*","hyaenidae-*","megalapterygidae-*","pantherinae-neofelis-*","procyonidae-*","rallidae-*","rhinocerotidae-*","spheniscidae-*","strigopidae-*", "suidae-*", "ursidae-*" ],
							"@.*-(onca|pardus)-.*": [ "player","chicken-*","drifter-*","fox-*","gazelle-*","goat-*", "hare-*","hyena-*","pig-*",  "raccoon-*", "salmon-*", "sheep-*","tameddeer-*",  "wolf-*","acanthisittidae-*","anatidae-*","aegothelidae-*","apterygidae-*","aptornithidae-*","caninae-*","casuariidae-*","cervidae-*","dinornithidae-*","emeidae-*","manidae-*","megalapterygidae-*","pantherinae-neofelis-*","rallidae-*","rhinocerotidae-baby-*","spheniscidae-*","strigopidae-*"  ],
							"*-uncia-*": [ "player", "chicken-*",  "fox-*", "gazelle-*","hare-*","pig-*","raccoon-*", "pig-*", "sheep-*","acanthisittidae-*","anatidae-*","aegothelidae-*","apterygidae-*","aptornithidae-*", "caninae-*","casuariidae-*","cervidae-*","dinornithidae-*","emeidae-*","manidae-*","megalapterygidae-*","rallidae-*","rhinocerotidae-baby-*","spheniscidae-*","strigopidae-*" ]
						},
						"priority": 1.7,
						"damageByType": {
							"*-atrox-*": 11,
							"*-leo-*": 9,
							"*-onca-*": 7,
							"*-pardus-*": 5,
							"*-spelaea-*": 10,
							"*-tigris-*": 9,
							"*-uncia-*": 5,
							"*": 4
						},
						"damageType": "SlashingAttack",
						"damageTierByType": {
							"*-pardus-*": 1,
							"*-uncia-*": 1,
							"*": 2
						},
						"slot": 1,
						"mincooldown": 1500,
						"maxcooldown": 1500,
						"minDist": 2,
						"minVerDist": 1.5,
						"attackDurationMs": 800,
						"damagePlayerAtMs": 500,
						"animation": "Attack",
						"whenNotInEmotionState": "aggressiveondamage|aggressivearoundentities",
						"animationSpeed": 1,
						"soundByType": {
							"*-atrox-*": "pantherinae:creature/pantherinae/atroxattack",
							"*-leo-*": "pantherinae:creature/pantherinae/leoattack",
							"*-onca-*": "pantherinae:creature/pantherinae/oncaattack",
							"*-pardus-*": "pantherinae:creature/pantherinae/pardusattack",
							"*-spelaea-*": "pantherinae:creature/pantherinae/spelaeaattack",
							"*-tigris-*": "pantherinae:creature/pantherinae/tigrisattack",
							"*": ""
						}
					},
					{
						"code": "meleeattack",
						"entityCodes": [ "player", "bear-*","chicken-*", "deer-*","drifter-*", "fox-*", "gazelle-*", "goat-*","hare-*","hyena-*", "moose-*", "pig-*", "raccoon-*",  "sheep-*","tameddeer-*", "wolf-*", "antilopinae-*", "caninae-*", "caprinae-*","casuariidae-*","cervidae-*","dinornithidae-*","emeidae-*","hyaenidae-*","machairodontinae-*","megalapterygidae-*","rhinocerotidae-*","spheniscidae-*", "suidae-*", "ursidae-*" ],
						"priority": 2,
						"damageByType": {
							"*-atrox-*": 11,
							"*-leo-*": 9,
							"*-onca-*": 7,
							"*-pardus-*": 5,
							"*-spelaea-*": 10,
							"*-tigris-*": 9,
							"*-uncia-*": 5,
							"*": 4
						},
						"damageType": "SlashingAttack",
						"damageTierByType": {
							"*-pardus-*": 1,
							"*-uncia-*": 1,
							"*": 2
						},
						"slot": 1,
						"mincooldown": 1500,
						"maxcooldown": 1500,
						"minDist": 2,
						"minVerDist": 1.5,
						"attackDurationMs": 800,
						"damagePlayerAtMs": 500,
						"animation": "Attack",
						"animationSpeed": 1,
						"soundByType": {
							"*-atrox-*": "pantherinae:creature/pantherinae/atroxattack",
							"*-leo-*": "pantherinae:creature/pantherinae/leoattack",
							"*-onca-*": "pantherinae:creature/pantherinae/oncaattack",
							"*-pardus-*": "pantherinae:creature/pantherinae/pardusattack",
							"*-spelaea-*": "pantherinae:creature/pantherinae/spelaeaattack",
							"*-tigris-*": "pantherinae:creature/pantherinae/tigrisattack",
							"*": ""
						},
						"whenInEmotionState": "aggressiveondamage|aggressivearoundentities"
					},
					{
						"code": "fleeentity",
						"entityCodesByType": {
							"*": [ "player", "bear-*","deer-*","drifter-*", "fox-*", "goat-*","hyena-*", "moose-*", "pig-*", "sheep-*","tameddeer-*", "wolf-*", "antilopinae-*", "caninae-*", "caprinae-*","casuariidae-*","cervidae-*","hyaenidae-*","machairodontinae-*","pantherinae-neofelis-*","rhinocerotidae-*", "suidae-*", "ursidae-*" ]
						},
						"priority": 1.53,
						"movespeedByType": {
							"*-atrox-*": 0.09,
							"*-leo-*": 0.075,
							"*-onca-*": 0.065,
							"*-pardus-*": 0.05,
							"*-spelaea-*": 0.081,
							"*-tigris-*": 0.095,
							"*-uncia-*": 0.04,
							"*": 0.05
						},
						"seekingRange": 20,
						"animation": "Run",
						"whenInEmotionState": "fleeondamage",
						"animationSpeed": 2.0

					},
					{
						"code": "fleeentity",
						"entityCodesByType": {
							"@.*-(atrox|leo|spelaea)-.*": [ "bear-male-brown", "bear-female-brown", "bear-male-polar", "bear-female-polar","rhinocerotidae-adult-*", "ursidae-adult-*"],
							"*-onca-*": [  "bear-male-brown", "bear-female-brown", "bear-male-polar", "bear-female-polar", "moose-adult-*","wolf-female", "wolf-male", "caninae-canina-adult-*","cervidae-alceini-adult-*","machairodontinae-adult-*", "pantherinae-panthera-adult-female-atrox-*","pantherinae-panthera-adult-male-atrox-*","pantherinae-panthera-adult-female-leo-*","pantherinae-panthera-adult-male-leo-*","pantherinae-panthera-adult-female-spelaea-*","pantherinae-panthera-adult-male-spelaea-*","pantherinae-panthera-adult-female-tigris-*","pantherinae-panthera-adult-male-tigris-*","rhinocerotidae-adult-*", "ursidae-adult-*"  ],
							"*-pardus-*": [  "bear-male-brown", "bear-female-brown", "bear-male-polar", "bear-female-polar","hyena-female", "hyena-male", "moose-adult-*","wolf-female", "wolf-male", "caninae-canina-adult-*","cervidae-alceini-adult-*", "hyaenidae-adult-*","machairodontinae-adult-*", "pantherinae-panthera-adult-female-atrox-*","pantherinae-panthera-adult-male-atrox-*","pantherinae-panthera-adult-female-leo-*","pantherinae-panthera-adult-male-leo-*","pantherinae-panthera-adult-female-spelaea-*","pantherinae-panthera-adult-male-spelaea-*","pantherinae-panthera-adult-female-tigris-*","pantherinae-panthera-adult-male-tigris-*","rhinocerotidae-adult-*", "ursidae-adult-*"  ],
							"*-tigris-*": [ "bear-male-polar", "bear-female-polar", "wolf-female","wolf-male", "caninae-canina-adult-*", "ursidae-adult-*" ],
							"*-uncia-*": [ "player", "bear-male-brown", "bear-female-brown", "bear-male-polar", "bear-female-polar","hyena-female", "hyena-male", "moose-adult-*","wolf-female", "wolf-male", "caninae-canina-adult-*","cervidae-alceini-adult-*", "hyaenidae-adult-*","machairodontinae-adult-*", "pantherinae-panthera-adult-female-atrox-*","pantherinae-panthera-adult-male-atrox-*","pantherinae-panthera-adult-female-leo-*","pantherinae-panthera-adult-male-leo-*","pantherinae-panthera-adult-female-spelaea-*","pantherinae-panthera-adult-male-spelaea-*","pantherinae-panthera-adult-female-tigris-*","pantherinae-panthera-adult-male-tigris-*","rhinocerotidae-adult-*", "ursidae-adult-*" ]
						},
						"priority": 1.52,
						"movespeedByType": {
							"*-atrox-*": 0.09,
							"*-leo-*": 0.075,
							"*-onca-*": 0.065,
							"*-pardus-*": 0.05,
							"*-spelaea-*": 0.081,
							"*-tigris-*": 0.095,
							"*-uncia-*": 0.04,
							"*": 0.05
						},
						"seekingRange": 20,
						"animation": "Run",
						"animationSpeed": 2.2
					},
					{
						"code": "fleeentity",
						"entityCodesByType": {
							"@.*-(atrox|leo|spelaea)-.*": [ "bear-male-brown", "bear-female-brown", "bear-male-polar", "bear-female-polar","rhinocerotidae-adult-*", "ursidae-adult-*"],
							"*-onca-*": [  "bear-male-brown", "bear-female-brown", "bear-male-polar", "bear-female-polar", "moose-adult-*","wolf-female", "wolf-male", "caninae-canina-adult-*","cervidae-alceini-adult-*","machairodontinae-adult-*", "pantherinae-panthera-adult-female-atrox-*","pantherinae-panthera-adult-male-atrox-*","pantherinae-panthera-adult-female-leo-*","pantherinae-panthera-adult-male-leo-*","pantherinae-panthera-adult-female-spelaea-*","pantherinae-panthera-adult-male-spelaea-*","pantherinae-panthera-adult-female-tigris-*","pantherinae-panthera-adult-male-tigris-*","rhinocerotidae-adult-*", "ursidae-adult-*"  ],
							"*-pardus-*": [  "bear-male-brown", "bear-female-brown", "bear-male-polar", "bear-female-polar","hyena-female", "hyena-male", "moose-adult-*","wolf-female", "wolf-male", "caninae-canina-adult-*","cervidae-alceini-adult-*", "hyaenidae-adult-*","machairodontinae-adult-*", "pantherinae-panthera-adult-female-atrox-*","pantherinae-panthera-adult-male-atrox-*","pantherinae-panthera-adult-female-leo-*","pantherinae-panthera-adult-male-leo-*","pantherinae-panthera-adult-female-spelaea-*","pantherinae-panthera-adult-male-spelaea-*","pantherinae-panthera-adult-female-tigris-*","pantherinae-panthera-adult-male-tigris-*","rhinocerotidae-adult-*", "ursidae-adult-*"  ],
							"*-tigris-*": [ "bear-male-polar", "bear-female-polar", "wolf-female","wolf-male", "caninae-canina-adult-*","rhinocerotidae-adult-*", "ursidae-adult-*" ],
							"*-uncia-*": [ "player", "bear-male-brown", "bear-female-brown", "bear-male-polar", "bear-female-polar","hyena-female", "hyena-male", "moose-adult-*","wolf-female", "wolf-male", "caninae-canina-adult-*","cervidae-alceini-adult-*", "hyaenidae-adult-*","machairodontinae-adult-*", "pantherinae-panthera-adult-female-atrox-*","pantherinae-panthera-adult-male-atrox-*","pantherinae-panthera-adult-female-leo-*","pantherinae-panthera-adult-male-leo-*","pantherinae-panthera-adult-female-spelaea-*","pantherinae-panthera-adult-male-spelaea-*","pantherinae-panthera-adult-female-tigris-*","pantherinae-panthera-adult-male-tigris-*","rhinocerotidae-adult-*", "ursidae-adult-*" ]
						},
						"priority": 1.51,
						"movespeedByType": {
							"*-atrox-*": 0.0083,
							"*-leo-*": 0.0069,
							"*-onca-*": 0.006,
							"*-pardus-*": 0.0046,
							"*-spelaea-*": 0.0075,
							"*-tigris-*": 0.0088,
							"*-uncia-*": 0.0037,
							"*": 0.005
						},
						"seekingRange": 30,
						"animation": "Walk",
						"animationSpeed": 0.95
					},
					{
						"code": "seekentity",
						"entityCodesByType": {
							"@.*-(atrox|leo|spelaea|tigris)-.*": [ "player", "deer-*","fox-*","gazelle-*","goat-*","moose-*", "pig-*","raccoon-*","sheep-*","tameddeer-*", "acanthisittidae-*","anatidae-*","antilopinae-*","aegothelidae-*","apterygidae-*","aptornithidae-*","caninae-canina-baby-*","caninae-cerdocyonina-*","caninae-urocyonini-*","caninae-vulpini-*","caprinae-*","casuariidae-*","cervidae-*","dinornithidae-*","emeidae-*","megalapterygidae-*","procyonidae-*","rhinocerotidae-baby-*","rallidae-*","spheniscidae-*","strigopidae-*", "suidae-*" ],
							"@.*-(onca|pardus)-.*": [ "player", "chicken-*", "deer-*","fox-*","gazelle-*","goat-*","hare-*","pig-*","raccoon-*","sheep-*","tameddeer-*", "acanthisittidae-*","anatidae-*","antilopinae-*","aegothelidae-*","apterygidae-*","aptornithidae-*","caninae-canina-baby-*","caninae-cerdocyonina-*","caninae-urocyonini-*","caninae-vulpini-*","caprinae-*","casuariidae-*","cervidae-alceini-baby-*","cervidae-capreolini-*","cervidae-odocoileini-*","dinornithidae-*","emeidae-*","megalapterygidae-*","procyonidae-*","rallidae-*","rhinocerotidae-baby-*","spheniscidae-*","strigopidae-*", "suidae-*" ],
							"*-uncia-*": [ "chicken-*", "deer-*","fox-*","gazelle-*","goat-*","hare-*","pig-*","raccoon-*","sheep-*", "acanthisittidae-*","anatidae-*","antilopinae-*","aegothelidae-*","apterygidae-*","aptornithidae-*","caninae-canina-baby-*","caninae-cerdocyonina-*","caninae-urocyonini-*","caninae-vulpini-*","caprinae-*","casuariidae-*","cervidae-alceini-baby-*","cervidae-capreolini-*","cervidae-odocoileini-*","dinornithidae-*","emeidae-*","megalapterygidae-*","procyonidae-*","rallidae-*","rhinocerotidae-baby-*","spheniscidae-*","strigopidae-*", "suidae-*"],
						},
						"priority": 1.5,
						"extraTargetDistance": 0.5,
						"seekingRange": 6,
						"belowTempSeekingRange": 40,
						"belowTempThreshold": -10,
						"animation": "Run",
						"leapAtTarget": true,
						"leapAnimation": null,
						"leapChance": 0.1,
						"soundByType": {
							"*": "pantherinae:creature/pantherinae/pantheracharge"
						},
						"whenNotInEmotionState": "fleeondamage|saturated",
						"animationSpeed": 2.0,
						"movespeedByType": {
							"*-atrox-*": 0.09,
							"*-leo-*": 0.075,
							"*-onca-*": 0.065,
							"*-pardus-*": 0.05,
							"*-spelaea-*": 0.081,
							"*-tigris-*": 0.095,
							"*-uncia-*": 0.04,
							"*": 0.05
						}
					},
					{
						"code": "seekentity",
						"entityCodesByType": {
							"@.*-(atrox|leo|spelaea|tigris)-.*": [ "player", "deer-*","fox-*","gazelle-*","goat-*","moose-*", "pig-*","raccoon-*","sheep-*","tameddeer-*", "acanthisittidae-*","anatidae-*","antilopinae-*","aegothelidae-*","apterygidae-*","aptornithidae-*","caninae-canina-baby-*","caninae-cerdocyonina-*","caninae-urocyonini-*","caninae-vulpini-*","caprinae-*","casuariidae-*","cervidae-*","dinornithidae-*","emeidae-*","megalapterygidae-*","procyonidae-*","rallidae-*","rhinocerotidae-baby-*","spheniscidae-*","strigopidae-*", "suidae-*" ],
							"@.*-(onca|pardus)-.*": [ "player","chicken-*", "deer-*","fox-*","gazelle-*","goat-*","hare-*","pig-*","raccoon-*","sheep-*","tameddeer-*", "acanthisittidae-*","anatidae-*","antilopinae-*","aegothelidae-*","apterygidae-*","aptornithidae-*","caninae-canina-baby-*","caninae-cerdocyonina-*","caninae-urocyonini-*","caninae-vulpini-*","caprinae-*","casuariidae-*","cervidae-alceini-baby-*","cervidae-capreolini-*","cervidae-odocoileini-*","dinornithidae-*","emeidae-*","manidae-*","megalapterygidae-*","procyonidae-*","rallidae-*","rhinocerotidae-baby-*","spheniscidae-*","strigopidae-*", "suidae-*" ],
							"*-uncia-*": [ "chicken-*", "deer-*","fox-*","gazelle-*","goat-*","hare-*","pig-*","raccoon-*","sheep-*", "acanthisittidae-*","anatidae-*","antilopinae-*","aegothelidae-*","apterygidae-*","aptornithidae-*","caninae-canina-baby-*","caninae-cerdocyonina-*","caninae-urocyonini-*","caninae-vulpini-*","caprinae-*","casuariidae-*","cervidae-alceini-baby-*","cervidae-capreolini-*","cervidae-odocoileini-*","dinornithidae-*","emeidae-*","manidae-*","megalapterygidae-*","procyonidae-*","rallidae-*","rhinocerotidae-baby-*","spheniscidae-*","strigopidae-*", "suidae-*"],
						},
						"priority": 1.49,
						"extraTargetDistance": 0.5,
						"seekingRange": 20,
						"belowTempSeekingRange": 40,
						"belowTempThreshold": -25,
						"animation": "Stalk",
						"soundByType": {
							"*": ""
						},
						"whenNotInEmotionState": "fleeondamage|saturated",
						"animationSpeed": 0.75,
						"movespeedByType": {
							"*-atrox-*": 0.00625,
							"*-leo-*": 0.0052,
							"*-onca-*": 0.0045,
							"*-pardus-*": 0.0035,
							"*-spelaea-*": 0.005625,
							"*-tigris-*": 0.006625,
							"*-uncia-*": 0.0028,
							"*": 0.005
						}
					},
					{
						"code": "getoutofwater",
						"priority": 1.4,
						"movespeedByType": {
							"*-onca-*": 0.051,
							"*": 0.04
						},
						"animation": "Swim",
						"animationSpeed": 1
					},
					{
						"code": "seekentity",
						"entityCodes": [ "player" ],
						"priority": 1.51,
						"seekingRange": 30,
						"animation": "Run",
						"leapAtTarget": true,
						"leapAnimation": null,
						"leapChance": 0.1,
						"soundByType": {
							"*": "pantherinae:creature/pantherinae/pantheracharge"
						},
						"whenInEmotionState": "aggressiveondamage|aggressivearoundentities",
						"animationSpeed": 2.2,
						"movespeedByType": {
							"*-atrox-*": 0.09,
							"*-leo-*": 0.075,
							"*-onca-*": 0.065,
							"*-pardus-*": 0.05,
							"*-spelaea-*": 0.081,
							"*-tigris-*": 0.095,
							"*-uncia-*": 0.04,
							"*": 0.05
						}
					},
					{
						"code": "idle",
						"priority": 1.3,
						"priorityForCancel": 1.35,
						"minduration": 200000,
						"maxduration": 800000,
						"mincooldown": 10000,
						"maxcooldown": 30000,
						"animation": "Sleep",
						"animationSpeed": 0.3,
						"whenNotInEmotionState": "aggressiveondamage|aggressivearoundentities|fleeondamage",
						"duringDayTimeFramesByType": {
							"*-atrox-*": [{"fromHour": 8,"toHour": 18},{"fromHour": 0,"toHour": 5}],
							"*-leo-*": [{"fromHour": 9,"toHour": 17},{"fromHour": 0,"toHour": 4}],
							"*-onca-*": [{"fromHour": 10,"toHour": 16},{"fromHour": 2,"toHour": 4}],
							"*-pardus-*": [{"fromHour": 10,"toHour": 16},{"fromHour": 0,"toHour": 4}],
							"*-spelaea-*": [{"fromHour": 8,"toHour": 17},{"fromHour": 0,"toHour": 5}],
							"*-tigris-*": [{"fromHour": 20,"toHour": 24},{"fromHour": 0,"toHour": 4}],
							"*-uncia-*": [{"fromHour": 9,"toHour": 16},{"fromHour": 20,"toHour": 24},{"fromHour": 0,"toHour": 3}],
							"*": [{"fromHour": 10,"toHour": 16},{"fromHour": 0,"toHour": 4}]
						},
						"stopOnNearbyEntityCodes": [ "player", "wolf-*", "hyena-*", "bear-*" ],
						"stopRange": 10,
						"stopOnHurt": true
					},
					{
						"code": "idle",
						"priority": 1.0,
						"priorityForCancel": 1.35,
						"minduration": 4667,
						"maxduration": 4667,
						"chance": 0.25,
						"mincooldown": 8000,
						"maxcooldown": 50000,
						"animation": "Roar",
						"whenNotInEmotionState": "aggressiveondamage|aggressivearoundentities|fleeondamage",
						"animationSpeed": 0.75,
						"soundByType": {
							"*-atrox-*": "pantherinae:creature/pantherinae/atroxroar",
							"*-leo-*": "pantherinae:creature/pantherinae/leoroar",
							"*-onca-*": "pantherinae:creature/pantherinae/oncaroar",
							"*-pardus-*": "pantherinae:creature/pantherinae/pardusroar",
							"*-spelaea-*": "pantherinae:creature/pantherinae/spelaearoar",
							"*-tigris-*": "pantherinae:creature/pantherinae/tigrisroar",
							"*-uncia-*": "pantherinae:creature/pantherinae/unciaroar",
							"*": ""
						},
						"soundRangeByType": {
							"*": 120
						}
					},
					{
						"code": "wander",
						"priority": 0.95,
						"priorityForCancel": 1.35,
						"movespeedByType": {
							"*-atrox-*": 0.0083,
							"*-leo-*": 0.0069,
							"*-onca-*": 0.006,
							"*-pardus-*": 0.0046,
							"*-spelaea-*": 0.0075,
							"*-tigris-*": 0.0088,
							"*-uncia-*": 0.0037,
							"*": 0.005
						},
						"animationSpeed": 0.95,
						"animation": "Walk",
						"whenNotInEmotionState": "aggressiveondamage|aggressivearoundentities|fleeondamage|saturated",
						"preferredLightLevel": 10
					},
					{
						"code": "idle",
						"priority": 1,
						"minduration": 6000,
						"maxduration": 45000,
						"mincooldown": 6000,
						"maxcooldown": 120000,
						"priorityForCancel": 1.28,
						"stopOnNearbyEntityCodes": [ "player", "wolf-male", "wolf-female", "bear-*", "hyena-*" ],
						"stopRange": 15,
						"stopOnHurt": true,
						"whenNotInEmotionState": "aggressiveondamage|aggressivearoundentities|fleeondamage",
						"animation": "Sit"
					},
					{
						"code": "idle",
						"priority": 1,
						"minduration": 6000,
						"maxduration": 45000,
						"chance": 0.25,
						"mincooldown": 6000,
						"maxcooldown": 120000,
						"priorityForCancel": 1.28,
						"stopOnNearbyEntityCodes": [ "player", "wolf-male", "wolf-female", "bear-*", "hyena-*" ],
						"stopRange": 15,
						"stopOnHurt": true,
						"whenNotInEmotionState": "aggressiveondamage|aggressivearoundentities|fleeondamage",
						"animation": "Lick"
					},
					{
						"code": "idle",
						"priority": 1,
						"minduration": 6000,
						"maxduration": 45000,
						"mincooldown": 6000,
						"maxcooldown": 120000,
						"priorityForCancel": 1.28,
						"stopOnNearbyEntityCodes": [ "player", "wolf-male", "wolf-female", "bear-*", "hyena-*" ],
						"stopRange": 15,
						"stopOnHurt": true,
						"whenNotInEmotionState": "aggressiveondamage|aggressivearoundentities|fleeondamage",
						"animation": "Lie"
					},
					{
						"code": "idle",
						"priority": 0.9,
						"minduration": 6000,
						"maxduration": 45000,
						"chance": 0.1,
						"mincooldown": 6000,
						"maxcooldown": 120000,
						"priorityForCancel": 1.28,
						"stopOnNearbyEntityCodes": [ "player", "wolf-male", "wolf-female", "bear-*", "hyena-*" ],
						"stopRange": 15,
						"stopOnHurt": true,
						"whenNotInEmotionState": "aggressiveondamage|aggressivearoundentities|fleeondamage",
						"animation": "Loaf"
					},
					{
						"code": "seekfoodandeat",
						"movespeedByType": {
							"*-atrox-*": 0.0083,
							"*-leo-*": 0.0069,
							"*-onca-*": 0.006,
							"*-pardus-*": 0.0046,
							"*-spelaea-*": 0.0075,
							"*-tigris-*": 0.0088,
							"*-uncia-*": 0.0037,
							"*": 0.005
						},
						"priority": 1.34,
						"animationSpeed": 0.95,
						"eatTime": 2,
						"eatLooseItems": true,
						"animation": "Walk",
						"eatAnimation": "Eat",
						"eatAnimationLooseItems": "Eat",
						"whenNotInEmotionState": "aggressiveondamage|aggressivearoundentities|fleeondamage"
					},
					{
						"code": "lookaround",
						"priority": 0.5,
						"whenNotInEmotionState": "aggressiveondamage|aggressivearoundentities|fleeondamage"
					}
				]
			}
		],
		"spawnconditions": {
			"runtime": {
				"group": "hostile",
				"tryOnlySurface": true,
				"maxQuantity": 1,
				"maxQuantityByGroup": {
					"code": "pantherinae-panthera-*",
					"maxQuantity": 1
				},
				"mindistancetoplayer": 100,
				"maxLightLevel": 7,
				"lightLevelType": "onlyBlockLight",	
				"spawnCapPlayerScaling": 0.0,	
				"chanceByType": {
					"*-atrox-normal": 0.00001,
					"*-leo-normal": 0.00001,
					"*-onca-normal": 0.00001,"*-onca-melanistic": 0.000001,
					"*-pardus-normal": 0.00001,"*-pardus-melanistic": 0.000001,
					"*-spelaea-normal": 0.00001,
					"*-tigris-normal": 0.00001,
					"*-uncia-normal": 0.00001
				},
				"groupSizeByType": {
					"*-atrox-*": { "dist": "invexp", "avg": 10, "var": 6 },
					"*-leo-*": { "dist": "invexp", "avg": 10, "var": 6 },
					"*": { "dist": "uniform", "avg": 1.0, "var": 0.0 }
				},
				"insideBlockCodes": [ "game:soil-*", "game:tallgrass-*", "game:snowlayer-*", "game:gravel-*", "game:sand-*" ],
				"minYByType": {
					"*-onca-*": 1,
					"*-pardus-*": 1,
					"*-uncia-*": 1.4,
					"*": 0.9
				},
				"maxYByType": {
					"*-atrox-*": 1.5,
					"*-leo-*": 1.5,
					"*-onca-*": 1.6,
					"*-pardus-*": 1.6,
					"*-spelaea-*": 1.8,
					"*-tigris-*": 1.8,
					"*": 2
				},
				"minTempByType": {
					"*-atrox-*": 8,
					"*-leo-*": 18,
					"*-onca-*": 18,
					"*-pardus-*": 8,
					"*-spelaea-*": -12,
					"*-tigris-*": -2,
					"*-uncia-*": -40,
					"*": 0.0
				},
				"maxTempByType": {
					"*-atrox-*": 28,
					"*-leo-*": 60,
					"*-onca-*": 60,
					"*-pardus-*": 60,
					"*-spelaea-*": 8,
					"*-tigris-*": 60,
					"*-uncia-*": 8,
					"*": 30
				},
				"minForestByType": {
					"*-onca-*": 0.1,
					"*-pardus-*": 0.1,
					"*-spelaea-*": 0.25,
					"*-tigris-*": 0.4,
					"*": 0.0
				},
				"maxForestByType": {
					"*-atrox-*": 0.65,
					"*-leo-*": 1.0,
					"*": 1.0
				},
				"minPrecipitationByType": {
					"*-atrox-*": 0.1,
					"*-leo-*": 0.1,
					"*-onca-*": 0.0,
					"*-pardus-*": 0.1,
					"*-spelaea-*": 0.1,
					"*-tigris-*": 0.25,
					"*-uncia-*": 0.0,
					"*": 0.0
				},
				"maxPrecipitationByType": {
					"*-atrox-*": 0.75,
					"*-leo-*": 0.75,
					"*-onca-*": 1.0,
					"*-pardus-*": 1.0,
					"*-spelaea-*": 0.75,
					"*-tigris-*": 1.0,
					"*-uncia-*": 1.0,
					"*": 1.0
				},
				"companions": [ "pantherinae:pantherinae-panthera-adult-female-{species}-{pigment}", "pantherinae:pantherinae-panthera-baby-male-{species}-{pigment}", "pantherinae:pantherinae-panthera-baby-female-{species}-{pigment}" ]
			}
		}
	},
	"sounds": {
		"hurt": "pantherinae:creature/pantherinae/pantherahurt",
		"death": "pantherinae:creature/pantherinae/pantheradeath",
		"idle": "pantherinae:creature/pantherinae/pantherinaeidle"
	},
	"idleSoundChance": 0.01
}