{
	"code": "sirenia",
	"class": "EntityFish",
	"variantgroups": [
		{ "code": "age", "states": ["adult", "baby"] },
		{ "code": "gender", "states": ["male", "female"] },
		{ "code": "species", "states": ["dugon", "gigas", "inunguis","manatus","senegalensis" ] }
	],
	"hitBoxSizeByType": {
		"*-adult-female-dugon": { "x": 1.5,"y": 0.8},
		"*-adult-male-dugon": { "x": 1.3,"y": 0.7},
		"*-adult-female-gigas": { "x": 4.0,"y": 1.7},
		"*-adult-male-gigas": { "x": 3.5,"y": 1.6},
		"*-adult-female-inunguis": { "x": 1.0,"y": 0.5},
		"*-adult-male-inunguis": { "x": 0.9,"y": 0.4},
		"*-adult-female-manatus": { "x": 1.5,"y": 0.8},
		"*-adult-male-manatus": { "x": 1.4,"y": 0.7},
		"*-adult-female-senegalensis": { "x": 1.5,"y": 0.6},
		"*-adult-male-senegalensis": { "x": 1.3,"y": 0.5},
		"*-baby-*-dugon": { "x": 0.7,"y": 0.4},
		"*-baby-*-gigas": { "x": 1.3,"y": 0.8},
		"*-baby-*-inunguis": { "x": 0.6,"y": 0.3},
		"*-baby-*-manatus": { "x": 0.8,"y": 0.5},
		"*-baby-*-senegalensis": { "x": 0.7,"y": 0.3}
	},
	"deadhitBoxSizeByType": {
		"*-adult-female-dugon": { "x": 1.5,"y": 0.8},
		"*-adult-male-dugon": { "x": 1.3,"y": 0.7},
		"*-adult-female-gigas": { "x": 4.0,"y": 1.7},
		"*-adult-male-gigas": { "x": 3.5,"y": 1.6},
		"*-adult-female-inunguis": { "x": 1.0,"y": 0.5},
		"*-adult-male-inunguis": { "x": 0.9,"y": 0.4},
		"*-adult-female-manatus": { "x": 1.5,"y": 0.8},
		"*-adult-male-manatus": { "x": 1.4,"y": 0.7},
		"*-adult-female-senegalensis": { "x": 1.5,"y": 0.6},
		"*-adult-male-senegalensis": { "x": 1.3,"y": 0.5},
		"*-baby-*-dugon": { "x": 0.7,"y": 0.4},
		"*-baby-*-gigas": { "x": 1.3,"y": 0.8},
		"*-baby-*-inunguis": { "x": 0.6,"y": 0.3},
		"*-baby-*-manatus": { "x": 0.8,"y": 0.5},
		"*-baby-*-senegalensis": { "x": 0.7,"y": 0.3}
	},
	"eyeHeightByType": {
		"*-adult-*-dugon": 0.5,
		"*-adult-*-gigas": 1.5,
		"*-adult-*-inunguis": 0.5,
		"*-adult-*-manatus": 0.7,
		"*-adult-*-senegalensis": 0.6,
		"*-baby-*-dugon": 0.3,
		"*-baby-*-gigas": 0.5,
		"*-baby-*-inunguis": 0.3,
		"*-baby-*-manatus": 0.3,
		"*-baby-*-senegalensis": 0.3,
		"*": 0.6
	},
	"weightByType": {
		"*-adult-female-dugon": 275,
		"*-adult-male-dugon": 225,
		"*-adult-female-gigas": 10000,
		"*-adult-male-gigas": 8000,
		"*-adult-female-inunguis": 240,
		"*-adult-male-inunguis": 180,
		"*-adult-female-manatus": 600,
		"*-adult-male-manatus": 500,
		"*-adult-female-senegalensis": 360,
		"*-adult-male-senegalensis": 320,
		"*-baby-*-dugon": 50,
		"*-baby-*-gigas": 500,
		"*-baby-*-inunguis": 25,
		"*-baby-*-manatus": 50,
		"*-baby-*-senegalensis": 50
	},	
	"knockbackResistanceByType": {
		"*-adult-female-dugon": 0.9,
		"*-adult-male-dugon": 0.8,
		"*-adult-female-gigas": 20,
		"*-adult-male-gigas": 16,
		"*-adult-female-inunguis": 0.8,
		"*-adult-male-inunguis": 0.7,
		"*-adult-female-manatus": 1.2,
		"*-adult-male-manatus": 1.0,
		"*-adult-female-senegalensis": 0.9,
		"*-adult-male-senegalensis": 0.8,
		"*-baby-*-dugon": 0.5,
		"*-baby-*-gigas": 1,
		"*-baby-*-inunguis": 0.5,
		"*-baby-*-manatus": 0.5,
		"*-baby-*-senegalensis": 0.5
	},	
	"drops": [],
	"habitatByType": {"*-gigas":"Sea","*": "Underwater"},
	"attributes": {
		"killedByInfoText": "deadcreature-killed",
		"creatureDiet": {
			"foodCategories": ["Vegetable"],
			"foodTags": ["grass","nibbleCrop"]
		},
		"handbook": {
			"groupcode": "creaturegroup-sirenia"
		}
	},
	"client": {
		"renderer": "Shape",
		"shapeByType": {
			"*-adult-*-dugon": { "base": "entity/water/sirenia/dugon-adult" },
			"*-baby-*-dugon": { "base": "entity/water/sirenia/dugon-baby" },
			"*-adult-*-gigas": { "base": "entity/water/sirenia/gigas-adult" },
			"*-baby-*-gigas": { "base": "entity/water/sirenia/gigas-baby" },
			"*-adult-*-inunguis": { "base": "entity/water/sirenia/inunguis-adult" },
			"*-baby-*-inunguis": { "base": "entity/water/sirenia/senegalensis-baby" },
			"*-adult-*-manatus": { "base": "entity/water/sirenia/manatus-adult" },
			"*-baby-*-manatus": { "base": "entity/water/sirenia/senegalensis-baby" },
			"*-adult-*-senegalensis": { "base": "entity/water/sirenia/senegalensis-adult" },
			"*-baby-*-senegalensis": { "base": "entity/water/sirenia/senegalensis-baby" }
		},
		"textureByType": { 
			"*": { "base": "entity/sirenia/{species}-{age}" }   
		},
		"sizeByType": {
			"*-adult-female-dugon": 1.0,
			"*-adult-male-dugon": 0.95,
			"*-baby-*-dugon": 0.9,
			"*-adult-female-gigas": 1.3,
			"*-adult-male-gigas": 1.2,
			"*-baby-*-gigas": 1.2,
			"*-adult-female-inunguis": 0.8,
			"*-adult-male-inunguis": 0.7,
			"*-baby-*-inunguis": 0.75,
			"*-adult-female-manatus": 1.2,
			"*-adult-male-manatus": 1.1,
			"*-baby-*-manatus": 1.25,
			"*-adult-female-senegalensis": 1.1,
			"*-adult-male-senegalensis": 1.0,
			"*-baby-*-senegalensis": 1.0
		},
		"behaviors": [
			{ "code": "repulseagents" },
			{ "code": "controlledphysics","stepHeightByType": {"*": 0.1251}},
			{ "code": "interpolateposition" },
			{ "code": "floatupwhenstuck", "onlyWhenDead": true },
			{ "code": "harvestable","quantitySlots": 8 },
			{ "code": "multiply", "enabledByType": { "*-adult-female-*": true, "*": false } },
			{ "code": "despawn", "minPlayerDistance": 16, "belowLightLevel": 1, "minSeconds": 300 }
		],
		"animations": [
			{
				"code": "flop",
				"animation": "Flopping",
				"animationSpeed": 1.0
			},
			{
				"code": "hurt",
				"animation": "Hurt",
				"animationSpeed": 2.2,
				"weight": 10,
				"blendMode": "AddAverage"
			},
			{
				"code": "die",
				"animation": "Dead",
				"weight": 10,
				"blendMode": "Average",
				"triggeredBy": { "onControls": [ "dead" ] }
			},
			{
				"code": "idle",
				"animation": "Idle",
				"blendMode": "AddAverage",
				"easeOutSpeed": 4,
				"triggeredBy": { "defaultAnim": true }
			},
			{
				"code": "sleep",
				"animation": "Idle",
				"easeInSpeed": 4,
				"easeOutSpeed": 4,
				"animationSpeed": 0.1,
				"blendMode": "Average"
			},
			{
				"code": "eat",
				"animation": "Eat",
				"easeInSpeed": 4,
				"easeOutSpeed": 4,
				"blendMode": "AddAverage"
			},
			{
				"code": "swim",
				"animation": "Swim",
				"supressDefaultAnimation": true,
				"animationSpeed": 0.5,
				"blendMode": "Average"
			},
			{
				"code": "swimfast",
				"animation": "Swimfast",
				"supressDefaultAnimation": true,
				"animationSpeed": 1.0,
				"blendMode": "AddAverage"
			}
		]
	},
	"server": {
		"attributes": {
			"pathfinder": {
				"minTurnAnglePerSec": 15,
				"maxTurnAnglePerSec": 45
			}
		},
		"behaviors": [
			{ "code": "repulseagents" },
      { "code": "controlledphysics","stepHeightByType": {"*": 0.1251 }},
			{"code": "despawn","minPlayerDistance": 8,"belowLightLevel": 1,"minSeconds": 300},
			{"code": "health",
				"currenthealthByType": {
				"sirenia-adult-female-dugon": 22,
				"sirenia-adult-male-dugon": 20,
				"sirenia-adult-female-gigas": 230,
				"sirenia-adult-male-gigas": 190,
				"sirenia-adult-female-inunguis": 21,
				"sirenia-adult-male-inunguis": 18,
				"sirenia-adult-female-manatus": 34,
				"sirenia-adult-male-manatus": 30,
				"sirenia-adult-female-senegalensis": 26,
				"sirenia-adult-male-senegalensis": 24,
				"sirenia-baby-*-gigas": 30,
				"sirenia-baby-*-inunguis": 8,
					"*-baby-*": 12
				},
				"maxhealthByType": {
				"sirenia-adult-female-dugon": 22,
				"sirenia-adult-male-dugon": 20,
				"sirenia-adult-female-gigas": 230,
				"sirenia-adult-male-gigas": 190,
				"sirenia-adult-female-inunguis": 21,
				"sirenia-adult-male-inunguis": 18,
				"sirenia-adult-female-manatus": 34,
				"sirenia-adult-male-manatus": 30,
				"sirenia-adult-female-senegalensis": 26,
				"sirenia-adult-male-senegalensis": 24,
				"sirenia-baby-*-gigas": 30,
				"sirenia-baby-*-inunguis": 8,
					"*-baby-*": 12
				}
			},
			{
				"code": "deaddecay",
				"hoursToDecay": 96,
				"decayedBlockByType": {
					"sirenia-adult-*-dugon": "carcass-medium",
					"sirenia-adult-*-gigas": "carcass-large",
					"sirenia-baby-*-gigas": "carcass-medium",
					"sirenia-adult-*-inunguis": "carcass-medium",
					"*-baby-*": "carcass-small",
					"*": "carcass-large"
				}
			},
			{
				"code": "floatupwhenstuck",
				"onlyWhenDead": true
			},
			{
				"code": "harvestable","quantitySlots": 8,
				"drops": [
					{
						"type": "item",
						"code": "game:redmeat-raw",
						"quantityByType": {
							"sirenia-adult-female-dugon": {"avg": 26,"var": 3},
							"sirenia-adult-male-dugon": {"avg": 22,"var": 2},
							"sirenia-baby-*-dugon": {"avg": 6,"var": 1},
							"sirenia-adult-female-gigas": {"avg": 675,"var": 75},
							"sirenia-adult-male-gigas": {"avg": 550,"var": 50},
							"sirenia-baby-*-gigas": {"avg": 33,"var": 4},
							"sirenia-adult-female-inunguis": {"avg": 25,"var": 2},
							"sirenia-adult-male-inunguis": {"avg": 20,"var": 2},
							"sirenia-baby-*-inunguis": {"avg": 3,"var": 1},
							"sirenia-adult-female-manatus": {"avg": 40,"var": 5},
							"sirenia-adult-male-manatus": {"avg": 33,"var": 4},
							"sirenia-baby-*-manatus": {"avg": 6,"var": 1},
							"sirenia-adult-female-senegalensis": {"avg": 30,"var": 3},
							"sirenia-adult-male-senegalensis": {"avg": 28,"var": 3},
							"sirenia-baby-*-senegalensis": {"avg": 6,"var": 1}
						}
					},
					{
						"type": "item",
						"code": "sirenia:pelt-baby-{species}",
						"quantityByType": {
							"*-baby-*": {"avg": 1.0,"var": 0.0},
							"*": {"avg": 0.0,"var": 0.0}
						}
					},
					{
						"type": "item",
						"code": "sirenia:pelt-{gender}-{species}",
						"quantityByType": {
							"*-adult-*": {"avg": 1.0,"var": 0.0},
							"*": {"avg": 0.0,"var": 0.0}
						}
					},
					{
						"type": "item",
						"code": "game:fat",
						"quantityByType": {
							"sirenia-adult-female-dugon": {"avg": 13,"var": 1},
							"sirenia-adult-male-dugon": {"avg": 11,"var": 1},
							"sirenia-baby-*-dugon": {"avg": 3,"var": 1},
							"sirenia-adult-female-gigas": {"avg": 337,"var": 37},
							"sirenia-adult-male-gigas": {"avg": 225,"var": 25},
							"sirenia-baby-*-gigas": {"avg": 16,"var": 2},
							"sirenia-adult-female-inunguis": {"avg": 12,"var": 1},
							"sirenia-adult-male-inunguis": {"avg": 10,"var": 1},
							"sirenia-baby-*-inunguis": {"avg": 1,"var": 1},
							"sirenia-adult-female-manatus": {"avg": 20,"var": 2},
							"sirenia-adult-male-manatus": {"avg": 16,"var": 2},
							"sirenia-baby-*-manatus": {"avg": 3,"var": 1},
							"sirenia-adult-female-senegalensis": {"avg": 15,"var": 1},
							"sirenia-adult-male-senegalensis": {"avg": 14,"var": 1},
							"sirenia-baby-*-senegalensis": {"avg": 3,"var": 1}
						}
					}
				]
			},
			{
				"code": "multiply",
				"enabledByType": {
					"*-adult-female-*": true,
					"*": false
				},
				"spawnEntityCodesByType": {
				"*-adult-female-*": [ { "code":"sirenia:sirenia-baby-male-{species}"}, {"code": "sirenia:sirenia-baby-female-{species}"} ]
				},
				"requiresNearbyEntityCodeByType": {"*-adult-female-*": "sirenia:sirenia-adult-male-{species}"},
				"requiresNearbyEntityRange": 10,
				"spawnQuantityMin": 1,
				"spawnQuantityMax": 1,
				"eatAnyway": true,
				"pregnancyDaysByType": {"*-dugon":85,"*-gigas": 85, "*-inunguis": 73, "*-manatus": 73, "*-senegalensis": 73},
				"multiplyCooldownDaysMin": 73,
				"multiplyCooldownDaysMax": 146,
				"portionsEatenForMultiplyByType": {"*-dugon":19,"*-gigas": 125, "*-inunguis": 17, "*-manatus": 31, "*-senegalensis": 23}
			}, 
			{ 
				"code": "grow", 
				"enabledByType": {
					"*-baby-*": true,
					"*-adult-*": false
				},
				"hoursToGrowByType": {"*-dugon":1400,"*-gigas": 2200, "*-inunguis": 1752, "*-manatus": 876, "*-senegalensis": 876},
				"adultEntityCodesByType": {"*-baby-male-*": ["sirenia:sirenia-adult-male-{species}"],"*-baby-female-*": ["sirenia:sirenia-adult-female-{species}"]
				}
			},
			{
				"code": "emotionstates",
				"states": [
					{"code": "fleeondamage","whenHealthRelBelow": 0.5,"duration": 60,"chanceByType": {"*": 1.0},"slot": 0,"priority": 5,"accumType": "max"},
					{"code": "fleeondamage","duration": 40,"chanceByType": {"*-adult-*": 0.75,"*": 1.0},"slot": 0,"priority": 1,"accumType": "max"},
					{"code": "alarmherdondamage","chance": 1,"slot": 1,"priority": 1,"accumType": "max"},
					{"code": "aggressiveondamage","whenHealthRelBelow": 0.75,"duration": 30,"chanceByType": {"*-baby-*": 0.0,"*-gigas": 0.5,"*-adult-*": 0.25},"slot": 0,"priority": 2,"accumType": "noaccum"},
					{"code": "saturated","duration": 1200,"chance": 1,"slot": 0,"priority": 1,"accumType": "sum"}]
			},
			{
				"code": "taskai",
				"aitasks": [
					{
						"code": "fishoutofwater", 
						"priority": 3.5, 
						"priorityForCancel": 3.6,
						"movespeed": 0.005,
						"animation": "flop",
						"animationSpeed": 1
					},
					{
						"code": "meleeattack",
						"animation": "swimfast",
						"enabledByType": {
							"*-baby-*": false,
							"*": true
						},
						"entityCodes": [ "player"],
						"priority": 3,
						"damageByType": {
							"sirenia-adult-female-dugon": 6,
							"sirenia-adult-male-dugon": 5,
							"sirenia-adult-female-gigas": 26,
							"sirenia-adult-male-gigas": 22,
							"sirenia-adult-female-inunguis": 5,
							"sirenia-adult-male-inunguis": 4,
							"sirenia-adult-female-manatus": 8,
							"sirenia-adult-male-manatus": 7,
							"sirenia-adult-female-senegalensis": 6,
							"sirenia-adult-male-senegalensis": 6,
							"*-baby-*": 1
						},
						"damageTier": 2,
						"damageType": "SlashingAttack",
						"slot": 1,
						"minDistByType": {
							"sirenia-adult-female-gigas": 2.5,
							"sirenia-adult-male-gigas": 2.2,
							"*-adult-*": 1.5,
							"*-baby-*": 1
						},
						"minVerDistByType": {
							"sirenia-adult-female-gigas": 2.5,
							"sirenia-adult-male-gigas": 2.2,
							"*-adult-*": 1.5,
							"*-baby-*": 1
						},
						"mincooldown": 1500,
						"maxcooldown": 2500,
						"attackDurationMs": 1250,
						"damagePlayerAtMs": 500,
						"animationSpeed": 1.5,
						"soundByType": {
							"*-inunguis": "creature/sirenia/squeak*",
							"*-manatus": "creature/sirenia/cry*"
						},
						"whenInEmotionState": "aggressiveondamage"
					},
					{
						"code": "fleeentity",
						"animation": "Swimfast",
						"entityCodesByType": {
							"*-gigas": [  "bear-*", "machairodontinae-adult*", "pantherinae-panthera-adult*","rhinocerotidae-adult-*", "ursidae-adult-*"],
							"*": [ "bear-*", "hyena-male", "hyena-female", "wolf-male", "wolf-female", "caninae-canina-adult-*","hyaenidae-adult-*","machairodontinae-adult*", "pantherinae-panthera-adult*","rhinocerotidae-adult-*", "ursidae-adult-*"]},
						"priority": 1.51,
						"movespeedByType": {
							"sirenia-adult-*-dugon": 0.04,
							"sirenia-baby-*-dugon": 0.04,
							"sirenia-adult-*-gigas": 0.05,
							"sirenia-baby-*-gigas": 0.05,
							"sirenia-adult-*-inunguis": 0.05,
							"sirenia-baby-*-inunguis": 0.05,
							"sirenia-adult-*-manatus": 0.05,
							"sirenia-baby-*-manatus": 0.05
						},
						"seekingRange": 14,
						"animationSpeedByType": {
							"sirenia-adult-*-dugon": 1.0,
							"sirenia-adult-*-gigas": 0.5,
							"sirenia-adult-*-inunguis": 1.0,
							"sirenia-adult-*-manatus": 1.0,
							"sirenia-adult-*-senegalensis": 1.0,
							"*-baby-*": 1.5
						},
						"soundByType": {
							"*-inunguis": "creature/sirenia/squeak*",
							"*-manatus": "creature/sirenia/cry*"
						}
					},
					{
						"code": "seekentity",
						"animation": "Swimfast",
						"enabledByType": {
							"*-baby-*": false,
							"*": true
						},
						"entityCodes": [ "player", "hyena-male", "hyena-female", "wolf-male", "wolf-female", "caninae-*","hyaenidae-*","machairodontinae-*", "pantherinae-*", "ursidae-*"  ],
						"priority": 1.6,
						"mincooldown": 600,
						"maxcooldown": 650,
						"movespeedByType": {
							"sirenia-adult-*-dugon": 0.04,
							"sirenia-baby-*-dugon": 0.04,
							"sirenia-adult-*-gigas": 0.05,
							"sirenia-baby-*-gigas": 0.05,
							"sirenia-adult-*-inunguis": 0.05,
							"sirenia-baby-*-inunguis": 0.05,
							"sirenia-adult-*-manatus": 0.05,
							"sirenia-baby-*-manatus": 0.05
						},
						"animationSpeedByType": {
							"sirenia-adult-*-dugon": 1.0,
							"sirenia-adult-*-gigas": 0.5,
							"sirenia-adult-*-inunguis": 1.0,
							"sirenia-adult-*-manatus": 1.0,
							"sirenia-adult-*-senegalensis": 1.0,
							"*-baby-*": 1.5
						},
						"seekingRange": 20,
						"soundByType": {
							"*-inunguis": "creature/sirenia/squeak*",
							"*-manatus": "creature/sirenia/cry*"
						},
						"whenInEmotionState": "aggressiveondamage|aggressivearoundentities"
					},
					{
						"code": "stayclosetoentity",
						"animationByType": {
							"*-adult-*": "Swim",
							"*": "Swimfast"
						},
						"enabledByType": {
							"*": true
						},
						"priority": 1.4,
						"entityCodeByType": {
							"*-adult-female-*": "sirenia-adult-male-{species}",
							"*-baby-*": "sirenia-adult-female-{species}"
						},
						"movespeedByType": {
							"*-dugon": 0.01,
							"*-gigas": 0.015,
							"*-inunguis": 0.0075,
							"*-manatus": 0.01,
							"*-senegalensis": 0.008,
							"*": 0.006
						},
						"animationSpeedByType": {
							"sirenia-adult-*-dugon": 0.5,
							"sirenia-adult-*-gigas": 0.25,
							"sirenia-adult-*-inunguis": 0.5,
							"sirenia-adult-*-manatus": 0.5,
							"sirenia-adult-*-senegalensis": 0.5,
							"*-baby-*": 0.75
						},
						"maxDistance": 5,
						"searchRange": 25
					},
					{
						"code": "idle",
						"animation": "Idle",
						"priority": 0.9,
						"minduration": 1600,
						"maxduration": 4500,
						"mincooldown": 6000,
						"maxcooldown": 120000,
						"priorityForCancel": 1.28,
						"stopOnNearbyEntityCodes": [ "player", "bear-*", "hyena-male", "hyena-female", "wolf-male", "wolf-female", "caninae-*","hyaenidae-*","machairodontinae-*", "pantherinae-*", "ursidae-*" ],
						"stopRange": 10,
						"stopOnHurt": true,
						"animationSpeed": 0.5,
						"soundByType": {
							"*-inunguis": "creature/sirenia/squeak*",
							"*-manatus": "creature/sirenia/cry*"
						}
					},
					{
						"code": "idle",
						"animation": "Sleep",
						"priority": 1.38,
						"minduration": 200000,
						"maxduration": 800000,
						"mincooldown": 10000,
						"maxcooldown": 30000,
						"priorityForCancel": 1.38,
						"whenNotInEmotionState": "aggressiveondamage",
						"duringDayTimeFramesByType": {
							"*-inunguis": [{"fromHour": 10,"toHour":14 },{"fromHour": 0,"toHour": 4}],
							"*-senegalensis": [{"fromHour": 9,"toHour": 16}],
							"*": [{"fromHour": 0,"toHour": 4},{"fromHour": 20,"toHour": 24}]
						},
						"stopOnNearbyEntityCodes": [ "player", "bear-*", "hyena-male", "hyena-female", "wolf-male", "wolf-female", "caninae-*","hyaenidae-*","machairodontinae-*", "pantherinae-*", "ursidae-*"  ],
						"stopRange": 8,
						"stopOnHurt": true,
						"animationSpeed": 0.1
					},
					{
						"code": "idle",
						"animation": "Eat",
						"priority": 1.2,
						"priorityForCancel": 1.35,
						"stopOnNearbyEntityCodes": [  "player", "bear-*", "hyena-male", "hyena-female", "wolf-male", "wolf-female", "caninae-*","hyaenidae-*","machairodontinae-*", "pantherinae-*", "ursidae-*" ],
						"minduration": 2667,
						"maxduration": 2667,
						"mincooldown": 6000,
						"maxcooldown": 20000,
						"chance": 0.1,
						"animationSpeed": 0.4
					},
					{
						"code": "wander",
						"animation": "Swim",
						"priority": 1.0,
						"priorityForCancel": 1.35,
						"stopOnNearbyEntityCodes": [ "player", "bear-*", "hyena-male", "hyena-female", "wolf-male", "wolf-female", "caninae-*","hyaenidae-*","machairodontinae-*", "pantherinae-*", "ursidae-*"  ],
						"chance": 0.5,
						"movespeedByType": {
							"*-dugon": 0.01,
							"*-gigas": 0.015,
							"*-inunguis": 0.0075,
							"*-manatus": 0.01,
							"*-senegalensis": 0.008,
							"*": 0.006
						},
						"animationSpeedByType": {
							"sirenia-adult-*-dugon": 0.5,
							"sirenia-adult-*-gigas": 0.25,
							"sirenia-adult-*-inunguis": 0.5,
							"sirenia-adult-*-manatus": 0.5,
							"sirenia-adult-*-senegalensis": 0.5,
							"*-baby-*": 0.75
						},
						"preferredLightLevel": 12
					},
					{
						"code": "seekfoodandeat",
						"movespeedByType": {
							"*-dugon": 0.01,
							"*-gigas": 0.015,
							"*-inunguis": 0.0075,
							"*-manatus": 0.01,
							"*-senegalensis": 0.008,
							"*": 0.006
						},
						"animationSpeedByType": {
							"sirenia-adult-*-dugon": 0.5,
							"sirenia-adult-*-gigas": 0.25,
							"sirenia-adult-*-inunguis": 0.5,
							"sirenia-adult-*-manatus": 0.5,
							"sirenia-adult-*-senegalensis": 0.5,
							"*-baby-*": 0.75
						},
						"priority": 1.25,
						"eatSoundByType": {
							"*": "game:creature/animal-eat-small"
						},
						"eatTime": 1.5,
						"eatLooseItems": true,
						"animation": "Swim",
						"eatAnimation": "Eat",
						"mincooldownHours": 1,
						"maxcooldownHours": 4
					},
					{
						"code": "lookaround",
						"priority": 0.5
					}
				]
			},
			{
				"code": "pettable",
				"minGeneration": 1
			}
		],
		"spawnconditions": {
			"runtime": {
				"group": "neutral",
				"maxQuantity": 2,
				"tryOnlySurface": true,
				"chanceByType": {
					"sirenia-adult-female-dugon": 0.00001, "sirenia-adult-male-dugon": 0.00001,
					"sirenia-adult-female-gigas": 0.00001, "sirenia-adult-male-gigas": 0.00001,
					"sirenia-adult-female-inunguis": 0.00001,"sirenia-adult-male-inunguis": 0.00001,
					"sirenia-adult-female-manatus": 0.00001, "sirenia-adult-male-manatus": 0.00001,
					"sirenia-adult-female-senegalensis": 0.00001, "sirenia-adult-male-senegalensis": 0.00001,
					"*": 0.0
				},
				"mindistancetoplayer": 50,
				"maxLightLevel": 7,
				"lightLevelType": "onlyBlockLight",	
				"spawnCapPlayerScaling": 0.0,	
				"groupSizeByType": {
					"*-adult-male-dugon": { "dist": "invexp", "avg": 1.5, "var": 0.5 },
					"*-adult-female-dugon": { "dist": "invexp", "avg": 4.5, "var": 3.5 },
					"*-adult-male-gigas": { "dist": "invexp", "avg": 1.0, "var": 0.0 },
					"*-adult-female-gigas": { "dist": "invexp", "avg": 4.5, "var": 3.5 },
					"*-adult-male-inunguis": { "dist": "invexp", "avg": 1.0, "var": 0.0 },
					"*-adult-female-inunguis": { "dist": "invexp", "avg": 4.5, "var": 3.5 },
					"*-adult-male-manatus": { "dist": "invexp", "avg": 1.0, "var": 0.0 },
					"*-adult-female-manatus": { "dist": "invexp", "avg": 6.5, "var": 5.5 },
					"*-adult-*-senegalensis": { "dist": "invexp", "avg": 3.5, "var": 2.5 }
				},
				"insideBlockCodesByType": {
					"*-adult-*-dugon": [ "game:saltwater-*"],
					"*-adult-*-gigas": [ "game:saltwater-*"],
					"*-adult-*-inunguis": [ "game:water-*"],
					"*-adult-*-manatus": [ "game:water-*","game:saltwater-*"],
					"*-adult-*-senegalensis": [ "game:water-*","game:saltwater-*"]
				},
				"companionsByType": {
				"sirenia-adult-female-*":["sirenia:sirenia-adult-female-{species}","sirenia:sirenia-adult-male-{species}","sirenia:sirenia-baby-female-{species}","sirenia:sirenia-baby-male-{species}"],
				"sirenia-adult-male-*":["sirenia:sirenia-adult-female-{species}"],
				"*":["sirenia:sirenia-adult-female-{species}","sirenia:sirenia-adult-male-{species}"]}
			}
		},
		"spawnconditionsByType": {
			"sirenia-adult-*-dugon": {
				"climate": {
					"minTemp": 18,
					"maxTemp": 40,
					"minRain": 0.1,
					"maxRain": 1.0,
					"minY": 0.1,
					"maxY": 0.98					
				},
				"runtime": {
					"maxQuantityByGroup": { "code": "sirenia-*", "maxQuantity": 1 }
				}
			},
			"sirenia-adult-*-gigas": {
				"climate": {
					"minTemp": -15,
					"maxTemp": 0,
					"minRain": 0.25,
					"maxRain": 0.6,
					"minY": 0.1,
					"maxY": 0.98					
				},
				"runtime": {
					"maxQuantityByGroup": { "code": "sirenia-*", "maxQuantity": 1 }
				}
			},
			"sirenia-adult-*-inunguis": {
				"climate": {
					"minTemp": 28,
					"maxTemp": 40,
					"minRain": 0.6,
					"maxRain": 1.0,
					"minForestOrShrubs": 0.6,
					"maxForest": 1.0,
					"maxShrubs": 1.0,
					"minY": 0.7,
					"maxY": 0.98				
				},
				"runtime": {
					"maxQuantityByGroup": { "code": "sirenia-*", "maxQuantity": 2 }
				}
			},
			"sirenia-adult-*-manatus": {
				"climate": {
					"minTemp": 15,
					"maxTemp": 40,
					"minRain": 0.6,
					"maxRain": 1.0,
					"minY": 0.1,
					"maxY": 0.98				
				},
				"runtime": {
					"maxQuantityByGroup": { "code": "sirenia-*", "maxQuantity": 1 }
				}
			},
			"sirenia-adult-*-senegalensis": {
				"climate": {
					"minTemp": 28,
					"maxTemp": 40,
					"minRain": 0.55,
					"maxRain": 1.0,
					"minY": 0.0,
					"maxY": 0.98					
				},
				"runtime": {
					"maxQuantityByGroup": { "code": "sirenia-*", "maxQuantity": 1 }
				}
			}
		}
	},
	"soundsByType": {
		"sirenia-adult-*-inunguis":{
			"hurt": "creature/sirenia/cry*",
			"death": "creature/sirenia/cry*",
			"idle": "creature/sirenia/squeak*"
		},
		"sirenia-adult-*-manatus":{
			"hurt": "creature/sirenia/cry*",
			"death": "creature/sirenia/cry*",
			"idle": "creature/sirenia/squeak*"
		},
		"*-baby-*":{
			"hurt": "creature/sirenia/squeak*",
			"death": "creature/sirenia/squeak*",
			"idle": "creature/sirenia/squeak*"
		}
	},
	"idleSoundRangeByType": {
		"sirenia-adult-*-inunguis":12,
		"sirenia-adult-*-manatus":15,
		"*-baby-*":10
	},
	"idleSoundChanceByType": {
		"*-dugon": 0.0,
		"*-gigas":0.0,
		"*-inunguis":0.1,
		"*-manatus":0.05,
		"*-senegalensis":0.0
	}
}