[
  {
    "side": "Server",
    "dependsOn": [{ "modid": "combatoverhaul" }],
    "file": "machairodontinae:entities/land/machairodontinae-male",
    "op": "add",
    "path": "/client/behaviors/-",
    "value": {
      "code": "CombatOverhaul:EntityColliders",
      "elements": {
        "Torso": ["Neck", "Body", "Abdomen", "Hip", "Right Shoulder", "Left Shoulder"],
        "Head": ["Head", "Nose bridge", "Right jaw", "Left jaw", "Chin"],
        "Arm": ["Left Upper Arm", "Left Lower Arm", "Left Hand", "Right Upper Arm", "Right Lower Arm", "Right Hand"],
        "Leg": ["Left Upper Leg", "Left Lower Leg", "Left Foot", "Right Upper Leg", "Right Lower Leg", "Right Foot"],
        "Critical": ["Neck Upper"],
        "Resistant": []
      }
    }
  },
  {
    "side": "Server",
    "dependsOn": [{ "modid": "combatoverhaul" }],
    "file": "machairodontinae:entities/land/machairodontinae-male",
    "op": "add",
    "path": "/server/behaviors/-",
    "value": {
      "code": "CombatOverhaul:EntityColliders",
      "elements": {
        "Torso": ["Neck", "Body", "Abdomen", "Hip", "Right Shoulder", "Left Shoulder"],
        "Head": ["Head", "Nose bridge", "Right jaw", "Left jaw", "Chin"],
        "Arm": ["Left Upper Arm", "Left Lower Arm", "Left Hand", "Right Upper Arm", "Right Lower Arm", "Right Hand"],
        "Leg": ["Left Upper Leg", "Left Lower Leg", "Left Foot", "Right Upper Leg", "Right Lower Leg", "Right Foot"],
        "Critical": ["Neck Upper"],
        "Resistant": []
      }
    }
  },
  {
    "side": "Server",
    "dependsOn": [{ "modid": "combatoverhaul" }],
    "file": "machairodontinae:entities/land/machairodontinae-male",
    "op": "add",
    "path": "/server/behaviors/-",
    "value": {
      "code": "CombatOverhaul:EntityDamageModel",
      "damageModel": {
        "TorsoDamageMultiplier": 1,
        "LimbsDamageMultiplier": 0.75,
        "HeadDamageMultiplier": 1.5,
        "CriticalDamageMultiplier": 2,
        "DefaultResists": {"BluntAttack": 9, "SlashingAttack": 7, "PiercingAttack": 5}
      }
    }
  },
  {
    "side": "Server",
    "dependsOn": [{ "modid": "combatoverhaul" }],
    "file": "machairodontinae:entities/land/machairodontinae-male",
    "op": "add",
    "path": "/client/behaviors/-",
    "value": {
      "code": "CombatOverhaul:EntityDamageModel",
      "damageModel": {
        "TorsoDamageMultiplier": 1,
        "LimbsDamageMultiplier": 0.75,
        "HeadDamageMultiplier": 1.5,
        "CriticalDamageMultiplier": 2,
        "DefaultResists": {"BluntAttack": 9, "SlashingAttack": 7, "PiercingAttack": 5}
      }
    }
  },
  {"side": "Server", "dependsOn": [{ "modid": "combatoverhaul" }], "file": "machairodontinae:entities/land/machairodontinae-male", "op": "replace", "path": "/server/behaviors/9/aitasks/0/damageType", "value": "SlashingAttack"},
  {"side": "Server", "dependsOn": [{ "modid": "combatoverhaul" }], "file": "machairodontinae:entities/land/machairodontinae-male", "op": "replace", "path": "/server/behaviors/9/aitasks/0/damageTierByType", "value": {"*":2}},
  {"side": "Server", "dependsOn": [{ "modid": "combatoverhaul" }], "file": "machairodontinae:entities/land/machairodontinae-male", "op": "replace", "path": "/server/behaviors/9/aitasks/1/damageType", "value": "SlashingAttack"},
  {"side": "Server", "dependsOn": [{ "modid": "combatoverhaul" }], "file": "machairodontinae:entities/land/machairodontinae-male", "op": "replace", "path": "/server/behaviors/9/aitasks/1/damageTierByType", "value": {"*":2}}
]