{
	"editor": {
		"allAngles": false,
		"entityTextureMode": false
	},
	"textureWidth": 16,
	"textureHeight": 16,
	"textureSizes": {
	},
	"textures": {
		"metal": "block/metal/ingot/copper",
		"string": "item/tool/material/string"
	},
	"elements": [
		{
			"name": "origin",
			"from": [ 9.0, 0.5, 7.5 ],
			"to": [ 9.0, 0.5, 7.5 ],
			"rotationOrigin": [ 7.5, 0.0, 8.0 ],
			"faces": {
				"north": { "texture": "#string", "uv": [ 0.0, 0.0, 0.5, 0.5 ] },
				"east": { "texture": "#string", "uv": [ 0.0, 0.0, 0.5, 0.5 ] },
				"south": { "texture": "#string", "uv": [ 0.0, 0.0, 0.5, 0.5 ] },
				"west": { "texture": "#string", "uv": [ 0.0, 0.0, 0.5, 0.5 ] },
				"up": { "texture": "#string", "uv": [ 0.0, 0.0, 0.5, 0.5 ] },
				"down": { "texture": "#string", "uv": [ 0.0, 0.0, 0.5, 0.5 ] }
			},
			"children": [
				{
					"name": "handle 2",
					"from": [ -6.0, -0.5, -0.1 ],
					"to": [ 2.0, 0.7, 1.1 ],
					"rotationOrigin": [ -2.0, 0.0, 0.5 ],
					"faces": {
						"north": { "texture": "#metal", "uv": [ 0.0, 5.5, 8.0, 6.5 ] },
						"east": { "texture": "#metal", "uv": [ 0.5, 0.5, 1.5, 1.5 ] },
						"south": { "texture": "#metal", "uv": [ 0.0, 10.5, 8.0, 11.5 ] },
						"west": { "texture": "#metal", "uv": [ 14.0, 10.0, 15.0, 11.0 ] },
						"up": { "texture": "#metal", "uv": [ 0.0, 2.5, 8.0, 3.5 ] },
						"down": { "texture": "#metal", "uv": [ 0.0, 5.0, 8.0, 6.0 ] }
					},
					"children": [
						{
							"name": "blade",
							"from": [ 8.0, 0.4, -0.6 ],
							"to": [ 10.0, 0.8, 1.8 ],
							"rotationOrigin": [ 8.0, 0.4, -0.6 ],
							"rotationY": -2.0,
							"faces": {
								"north": { "texture": "#metal", "uv": [ 12.0, 1.0, 14.0, 1.5 ] },
								"east": { "texture": "#metal", "uv": [ 11.0, 12.0, 13.0, 12.5 ] },
								"south": { "texture": "#metal", "uv": [ 8.0, 12.0, 10.0, 12.5 ] },
								"west": { "texture": "#metal", "uv": [ 10.0, 11.0, 12.0, 11.5 ] },
								"up": { "texture": "#metal", "uv": [ 7.0, 11.0, 9.0, 13.0 ] },
								"down": { "texture": "#metal", "uv": [ 4.0, 5.0, 6.0, 7.0 ] }
							}
						},
						{
							"name": "RampU",
							"from": [ 8.0, 0.8, 0.0 ],
							"to": [ 10.0, 1.2, 1.2 ],
							"rotationOrigin": [ 8.0, 1.2, 0.0 ],
							"rotationY": -2.0,
							"rotationZ": -11.5,
							"faces": {
								"north": { "texture": "#metal", "uv": [ 12.0, 1.0, 14.0, 1.5 ] },
								"east": { "texture": "#metal", "uv": [ 11.0, 12.0, 12.0, 12.5 ] },
								"south": { "texture": "#metal", "uv": [ 8.0, 12.0, 10.0, 12.5 ] },
								"west": { "texture": "#metal", "uv": [ 10.0, 11.0, 11.0, 11.5 ] },
								"up": { "texture": "#metal", "uv": [ 6.0, 14.0, 8.0, 15.0 ] },
								"down": { "texture": "#metal", "uv": [ 4.0, 5.0, 6.0, 6.0 ] }
							}
						},
						{
							"name": "RampD",
							"from": [ 8.0, 0.0, 0.0 ],
							"to": [ 10.0, 0.4, 1.2 ],
							"rotationOrigin": [ 8.0, 0.0, 0.0 ],
							"rotationY": -2.0,
							"rotationZ": 11.5,
							"faces": {
								"north": { "texture": "#metal", "uv": [ 12.0, 1.0, 14.0, 1.5 ] },
								"east": { "texture": "#metal", "uv": [ 11.0, 12.0, 12.0, 12.5 ] },
								"south": { "texture": "#metal", "uv": [ 8.0, 12.0, 10.0, 12.5 ] },
								"west": { "texture": "#metal", "uv": [ 10.0, 11.0, 11.0, 11.5 ] },
								"up": { "texture": "#metal", "uv": [ 6.0, 14.0, 8.0, 15.0 ] },
								"down": { "texture": "#metal", "uv": [ 4.0, 5.0, 6.0, 6.0 ] }
							}
						}
					]
				}
			]
		}
	]}