{
	"editor": {
		"allAngles": false,
		"singleTexture": false
	},
	"textureWidth": 16,
	"textureHeight": 16,
	"textures": {
		"cube": "block/stone/rock/andesite1",
		"ore1": "item/resource/nugget/galena"
	},
	"elements": [
		{
			"name": "Cube",
			"from": [ 0.0, 0.0, 0.0 ], 
			"to": [ 16.0, 16.0, 16.0 ], 
			"faces": {
				"north": { "texture": "#cube", "uv": [ 0.0, 0.0, 16.0, 16.0 ] },
				"east": { "texture": "#cube", "uv": [ 0.0, 0.0, 16.0, 16.0 ] },
				"south": { "texture": "#cube", "uv": [ 0.0, 0.0, 16.0, 16.0 ] },
				"west": { "texture": "#cube", "uv": [ 0.0, 0.0, 16.0, 16.0 ] },
				"up": { "texture": "#cube", "uv": [ 0.0, 0.0, 16.0, 16.0 ] },
				"down": { "texture": "#cube", "uv": [ 0.0, 0.0, 16.0, 16.0 ] }
			}
		},
		{
			"name": "extras-west",
			"from": [ 0.6, 0.0, 0.0 ], 
			"to": [ 1.6, 1.0, 1.0 ], 
			"rotationOrigin": [ 8.6, 0.0, 8.0 ],
			"faces": {
				"north": { "texture": "#ore1", "uv": [ 0.0, 0.0, 1.0, 1.0 ], "enabled": false },
				"east": { "texture": "#ore1", "uv": [ 0.0, 0.0, 1.0, 1.0 ], "enabled": false },
				"south": { "texture": "#ore1", "uv": [ 0.0, 0.0, 1.0, 1.0 ], "enabled": false },
				"west": { "texture": "#ore1", "uv": [ 0.0, 0.0, 1.0, 1.0 ], "enabled": false },
				"up": { "texture": "#ore1", "uv": [ 0.0, 0.0, 1.0, 1.0 ], "enabled": false },
				"down": { "texture": "#ore1", "uv": [ 0.0, 0.0, 1.0, 1.0 ], "enabled": false }
			},
			"children": [
				{
					"name": "Cube1",
					"from": [ -1.7, 6.0, 0.0 ], 
					"to": [ 0.3, 9.0, 3.0 ], 
					"rotationOrigin": [ -0.7, 9.0, 6.0 ],
					"rotationX": -45.0,
					"faces": {
						"north": { "texture": "#ore1", "uv": [ 0.0, 0.0, 2.0, 3.0 ] },
						"east": { "texture": "#ore1", "uv": [ 0.0, 0.0, 3.0, 3.0 ], "enabled": false },
						"south": { "texture": "#ore1", "uv": [ 0.0, 0.0, 2.0, 3.0 ] },
						"west": { "texture": "#ore1", "uv": [ 0.0, 0.0, 3.0, 3.0 ] },
						"up": { "texture": "#ore1", "uv": [ 0.0, 0.0, 2.0, 3.0 ] },
						"down": { "texture": "#ore1", "uv": [ 0.0, 0.0, 2.0, 3.0 ] }
					}
				},
				{
					"name": "Cube4",
					"from": [ -1.7, 10.0, 2.0 ], 
					"to": [ -0.7, 12.5, 3.6 ], 
					"rotationOrigin": [ -0.7, 13.0, 5.0 ],
					"rotationX": -22.5,
					"faces": {
						"north": { "texture": "#ore1", "uv": [ 0.0, 0.0, 1.0, 2.5 ] },
						"east": { "texture": "#ore1", "uv": [ 0.0, 0.0, 1.5, 2.5 ], "enabled": false },
						"south": { "texture": "#ore1", "uv": [ 0.0, 0.0, 1.0, 2.5 ] },
						"west": { "texture": "#ore1", "uv": [ 0.0, 0.0, 1.5, 2.5 ] },
						"up": { "texture": "#ore1", "uv": [ 0.0, 0.0, 1.0, 1.5 ] },
						"down": { "texture": "#ore1", "uv": [ 0.0, 0.0, 1.0, 1.5 ] }
					}
				},
				{
					"name": "Cube5",
					"from": [ -1.7, 10.0, 12.0 ], 
					"to": [ -0.7, 13.0, 14.0 ], 
					"rotationOrigin": [ -0.7, 13.0, 11.0 ],
					"rotationX": 22.5,
					"faces": {
						"north": { "texture": "#ore1", "uv": [ 0.0, 0.0, 1.0, 3.0 ] },
						"east": { "texture": "#ore1", "uv": [ 0.0, 0.0, 2.0, 3.0 ], "enabled": false },
						"south": { "texture": "#ore1", "uv": [ 0.0, 0.0, 1.0, 3.0 ] },
						"west": { "texture": "#ore1", "uv": [ 0.0, 0.0, 2.0, 3.0 ] },
						"up": { "texture": "#ore1", "uv": [ 0.0, 0.0, 1.0, 2.0 ] },
						"down": { "texture": "#ore1", "uv": [ 0.0, 0.0, 1.0, 2.0 ] }
					}
				}
			]
		},
		{
			"name": "extras-east",
			"from": [ -0.8, 0.0, 0.0 ], 
			"to": [ 0.2, 1.0, 1.0 ], 
			"rotationOrigin": [ 7.2, 0.0, 8.0 ],
			"rotationY": 180.0,
			"faces": {
				"north": { "texture": "#ore1", "uv": [ 0.0, 0.0, 1.0, 1.0 ], "enabled": false },
				"east": { "texture": "#ore1", "uv": [ 0.0, 0.0, 1.0, 1.0 ], "enabled": false },
				"south": { "texture": "#ore1", "uv": [ 0.0, 0.0, 1.0, 1.0 ], "enabled": false },
				"west": { "texture": "#ore1", "uv": [ 0.0, 0.0, 1.0, 1.0 ], "enabled": false },
				"up": { "texture": "#ore1", "uv": [ 0.0, 0.0, 1.0, 1.0 ], "enabled": false },
				"down": { "texture": "#ore1", "uv": [ 0.0, 0.0, 1.0, 1.0 ], "enabled": false }
			},
			"children": [
				{
					"name": "Cube7",
					"from": [ -1.7, 6.0, 0.0 ], 
					"to": [ 0.3, 9.0, 3.0 ], 
					"rotationOrigin": [ -0.7, 9.0, 6.0 ],
					"rotationX": -45.0,
					"faces": {
						"north": { "texture": "#ore1", "uv": [ 0.0, 0.0, 2.0, 3.0 ] },
						"east": { "texture": "#ore1", "uv": [ 0.0, 0.0, 3.0, 3.0 ], "enabled": false },
						"south": { "texture": "#ore1", "uv": [ 0.0, 0.0, 2.0, 3.0 ] },
						"west": { "texture": "#ore1", "uv": [ 0.0, 0.0, 3.0, 3.0 ] },
						"up": { "texture": "#ore1", "uv": [ 0.0, 0.0, 2.0, 3.0 ] },
						"down": { "texture": "#ore1", "uv": [ 0.0, 0.0, 2.0, 3.0 ] }
					}
				},
				{
					"name": "Cube8",
					"from": [ -1.7, 10.0, 2.0 ], 
					"to": [ -0.7, 12.5, 3.6 ], 
					"rotationOrigin": [ -0.7, 13.0, 5.0 ],
					"rotationX": -22.5,
					"faces": {
						"north": { "texture": "#ore1", "uv": [ 0.0, 0.0, 1.0, 2.5 ] },
						"east": { "texture": "#ore1", "uv": [ 0.0, 0.0, 1.5, 2.5 ], "enabled": false },
						"south": { "texture": "#ore1", "uv": [ 0.0, 0.0, 1.0, 2.5 ] },
						"west": { "texture": "#ore1", "uv": [ 0.0, 0.0, 1.5, 2.5 ] },
						"up": { "texture": "#ore1", "uv": [ 0.0, 0.0, 1.0, 1.5 ] },
						"down": { "texture": "#ore1", "uv": [ 0.0, 0.0, 1.0, 1.5 ] }
					}
				},
				{
					"name": "Cube9",
					"from": [ -1.7, 10.0, 12.0 ], 
					"to": [ -0.7, 13.0, 14.0 ], 
					"rotationOrigin": [ -0.7, 13.0, 11.0 ],
					"rotationX": 22.5,
					"faces": {
						"north": { "texture": "#ore1", "uv": [ 0.0, 0.0, 1.0, 3.0 ] },
						"east": { "texture": "#ore1", "uv": [ 0.0, 0.0, 2.0, 3.0 ], "enabled": false },
						"south": { "texture": "#ore1", "uv": [ 0.0, 0.0, 1.0, 3.0 ] },
						"west": { "texture": "#ore1", "uv": [ 0.0, 0.0, 2.0, 3.0 ] },
						"up": { "texture": "#ore1", "uv": [ 0.0, 0.0, 1.0, 2.0 ] },
						"down": { "texture": "#ore1", "uv": [ 0.0, 0.0, 1.0, 2.0 ] }
					}
				}
			]
		},
		{
			"name": "extras-north",
			"from": [ 0.0, 0.0, 0.7 ], 
			"to": [ 1.0, 1.0, 1.7 ], 
			"rotationOrigin": [ 8.0, 0.0, 8.7 ],
			"rotationY": -90.0,
			"faces": {
				"north": { "texture": "#ore1", "uv": [ 0.0, 0.0, 1.0, 1.0 ], "enabled": false },
				"east": { "texture": "#ore1", "uv": [ 0.0, 0.0, 1.0, 1.0 ], "enabled": false },
				"south": { "texture": "#ore1", "uv": [ 0.0, 0.0, 1.0, 1.0 ], "enabled": false },
				"west": { "texture": "#ore1", "uv": [ 0.0, 0.0, 1.0, 1.0 ], "enabled": false },
				"up": { "texture": "#ore1", "uv": [ 0.0, 0.0, 1.0, 1.0 ], "enabled": false },
				"down": { "texture": "#ore1", "uv": [ 0.0, 0.0, 1.0, 1.0 ], "enabled": false }
			},
			"children": [
				{
					"name": "Cube11",
					"from": [ -1.7, 6.0, 0.0 ], 
					"to": [ 0.3, 9.0, 3.0 ], 
					"rotationOrigin": [ -0.7, 9.0, 6.0 ],
					"rotationX": -45.0,
					"faces": {
						"north": { "texture": "#ore1", "uv": [ 0.0, 0.0, 2.0, 3.0 ] },
						"east": { "texture": "#ore1", "uv": [ 0.0, 0.0, 3.0, 3.0 ], "enabled": false },
						"south": { "texture": "#ore1", "uv": [ 0.0, 0.0, 2.0, 3.0 ] },
						"west": { "texture": "#ore1", "uv": [ 0.0, 0.0, 3.0, 3.0 ] },
						"up": { "texture": "#ore1", "uv": [ 0.0, 0.0, 2.0, 3.0 ] },
						"down": { "texture": "#ore1", "uv": [ 0.0, 0.0, 2.0, 3.0 ] }
					}
				},
				{
					"name": "Cube12",
					"from": [ -1.7, 10.0, 2.0 ], 
					"to": [ -0.7, 12.5, 3.6 ], 
					"rotationOrigin": [ -0.7, 13.0, 5.0 ],
					"rotationX": -22.5,
					"faces": {
						"north": { "texture": "#ore1", "uv": [ 0.0, 0.0, 1.0, 2.5 ] },
						"east": { "texture": "#ore1", "uv": [ 0.0, 0.0, 1.5, 2.5 ], "enabled": false },
						"south": { "texture": "#ore1", "uv": [ 0.0, 0.0, 1.0, 2.5 ] },
						"west": { "texture": "#ore1", "uv": [ 0.0, 0.0, 1.5, 2.5 ] },
						"up": { "texture": "#ore1", "uv": [ 0.0, 0.0, 1.0, 1.5 ] },
						"down": { "texture": "#ore1", "uv": [ 0.0, 0.0, 1.0, 1.5 ] }
					}
				},
				{
					"name": "Cube13",
					"from": [ -1.7, 10.0, 12.0 ], 
					"to": [ -0.7, 13.0, 14.0 ], 
					"rotationOrigin": [ -0.7, 13.0, 11.0 ],
					"rotationX": 22.5,
					"faces": {
						"north": { "texture": "#ore1", "uv": [ 0.0, 0.0, 1.0, 3.0 ] },
						"east": { "texture": "#ore1", "uv": [ 0.0, 0.0, 2.0, 3.0 ], "enabled": false },
						"south": { "texture": "#ore1", "uv": [ 0.0, 0.0, 1.0, 3.0 ] },
						"west": { "texture": "#ore1", "uv": [ 0.0, 0.0, 2.0, 3.0 ] },
						"up": { "texture": "#ore1", "uv": [ 0.0, 0.0, 1.0, 2.0 ] },
						"down": { "texture": "#ore1", "uv": [ 0.0, 0.0, 1.0, 2.0 ] }
					}
				}
			]
		},
		{
			"name": "extras-south",
			"from": [ 0.0, 0.0, -0.8 ], 
			"to": [ 1.0, 1.0, 0.2 ], 
			"rotationOrigin": [ 8.0, 0.0, 7.2 ],
			"rotationY": 90.0,
			"faces": {
				"north": { "texture": "#ore1", "uv": [ 0.0, 0.0, 1.0, 1.0 ], "enabled": false },
				"east": { "texture": "#ore1", "uv": [ 0.0, 0.0, 1.0, 1.0 ], "enabled": false },
				"south": { "texture": "#ore1", "uv": [ 0.0, 0.0, 1.0, 1.0 ], "enabled": false },
				"west": { "texture": "#ore1", "uv": [ 0.0, 0.0, 1.0, 1.0 ], "enabled": false },
				"up": { "texture": "#ore1", "uv": [ 0.0, 0.0, 1.0, 1.0 ], "enabled": false },
				"down": { "texture": "#ore1", "uv": [ 0.0, 0.0, 1.0, 1.0 ], "enabled": false }
			},
			"children": [
				{
					"name": "Cube15",
					"from": [ -1.7, 6.0, 0.0 ], 
					"to": [ 0.3, 9.0, 3.0 ], 
					"rotationOrigin": [ -0.7, 9.0, 6.0 ],
					"rotationX": -45.0,
					"faces": {
						"north": { "texture": "#ore1", "uv": [ 0.0, 0.0, 2.0, 3.0 ] },
						"east": { "texture": "#ore1", "uv": [ 0.0, 0.0, 3.0, 3.0 ], "enabled": false },
						"south": { "texture": "#ore1", "uv": [ 0.0, 0.0, 2.0, 3.0 ] },
						"west": { "texture": "#ore1", "uv": [ 0.0, 0.0, 3.0, 3.0 ] },
						"up": { "texture": "#ore1", "uv": [ 0.0, 0.0, 2.0, 3.0 ] },
						"down": { "texture": "#ore1", "uv": [ 0.0, 0.0, 2.0, 3.0 ] }
					}
				},
				{
					"name": "Cube16",
					"from": [ -1.7, 10.0, 2.0 ], 
					"to": [ -0.7, 12.5, 3.6 ], 
					"rotationOrigin": [ -0.7, 13.0, 5.0 ],
					"rotationX": -22.5,
					"faces": {
						"north": { "texture": "#ore1", "uv": [ 0.0, 0.0, 1.0, 2.5 ] },
						"east": { "texture": "#ore1", "uv": [ 0.0, 0.0, 1.5, 2.5 ], "enabled": false },
						"south": { "texture": "#ore1", "uv": [ 0.0, 0.0, 1.0, 2.5 ] },
						"west": { "texture": "#ore1", "uv": [ 0.0, 0.0, 1.5, 2.5 ] },
						"up": { "texture": "#ore1", "uv": [ 0.0, 0.0, 1.0, 1.5 ] },
						"down": { "texture": "#ore1", "uv": [ 0.0, 0.0, 1.0, 1.5 ] }
					}
				},
				{
					"name": "Cube17",
					"from": [ -1.7, 10.0, 12.0 ], 
					"to": [ -0.7, 13.0, 14.0 ], 
					"rotationOrigin": [ -0.7, 13.0, 11.0 ],
					"rotationX": 22.5,
					"faces": {
						"north": { "texture": "#ore1", "uv": [ 0.0, 0.0, 1.0, 3.0 ] },
						"east": { "texture": "#ore1", "uv": [ 0.0, 0.0, 2.0, 3.0 ], "enabled": false },
						"south": { "texture": "#ore1", "uv": [ 0.0, 0.0, 1.0, 3.0 ] },
						"west": { "texture": "#ore1", "uv": [ 0.0, 0.0, 2.0, 3.0 ] },
						"up": { "texture": "#ore1", "uv": [ 0.0, 0.0, 1.0, 2.0 ] },
						"down": { "texture": "#ore1", "uv": [ 0.0, 0.0, 1.0, 2.0 ] }
					}
				}
			]
		},
		{
			"name": "extras-UP",
			"from": [ 22.2, 10.6, 1.0 ], 
			"to": [ 23.2, 11.6, 2.0 ], 
			"rotationOrigin": [ 15.4, 10.6, 9.0 ],
			"rotationZ": 90.0,
			"faces": {
				"north": { "texture": "#ore1", "uv": [ 0.0, 0.0, 1.0, 1.0 ], "enabled": false },
				"east": { "texture": "#ore1", "uv": [ 0.0, 0.0, 1.0, 1.0 ], "enabled": false },
				"south": { "texture": "#ore1", "uv": [ 0.0, 0.0, 1.0, 1.0 ], "enabled": false },
				"west": { "texture": "#ore1", "uv": [ 0.0, 0.0, 1.0, 1.0 ], "enabled": false },
				"up": { "texture": "#ore1", "uv": [ 0.0, 0.0, 1.0, 1.0 ], "enabled": false },
				"down": { "texture": "#ore1", "uv": [ 0.0, 0.0, 1.0, 1.0 ], "enabled": false }
			},
			"children": [
				{
					"name": "Cube19",
					"from": [ -1.7, 6.0, 0.0 ], 
					"to": [ 0.3, 9.0, 3.0 ], 
					"rotationOrigin": [ -0.7, 9.0, 6.0 ],
					"rotationX": -45.0,
					"faces": {
						"north": { "texture": "#ore1", "uv": [ 0.0, 0.0, 2.0, 3.0 ] },
						"east": { "texture": "#ore1", "uv": [ 0.0, 0.0, 3.0, 3.0 ] },
						"south": { "texture": "#ore1", "uv": [ 0.0, 0.0, 2.0, 3.0 ] },
						"west": { "texture": "#ore1", "uv": [ 0.0, 0.0, 3.0, 3.0 ], "enabled": false },
						"up": { "texture": "#ore1", "uv": [ 0.0, 0.0, 2.0, 3.0 ] },
						"down": { "texture": "#ore1", "uv": [ 0.0, 0.0, 2.0, 3.0 ] }
					}
				},
				{
					"name": "Cube20",
					"from": [ -1.7, 10.0, 2.0 ], 
					"to": [ -0.7, 12.5, 3.6 ], 
					"rotationOrigin": [ -0.7, 13.0, 5.0 ],
					"rotationX": -22.5,
					"faces": {
						"north": { "texture": "#ore1", "uv": [ 0.0, 0.0, 1.0, 2.5 ] },
						"east": { "texture": "#ore1", "uv": [ 0.0, 0.0, 1.5, 2.5 ] },
						"south": { "texture": "#ore1", "uv": [ 0.0, 0.0, 1.0, 2.5 ] },
						"west": { "texture": "#ore1", "uv": [ 0.0, 0.0, 1.5, 2.5 ], "enabled": false },
						"up": { "texture": "#ore1", "uv": [ 0.0, 0.0, 1.0, 1.5 ] },
						"down": { "texture": "#ore1", "uv": [ 0.0, 0.0, 1.0, 1.5 ] }
					}
				},
				{
					"name": "Cube21",
					"from": [ -1.7, 10.0, 12.0 ], 
					"to": [ -0.7, 13.0, 14.0 ], 
					"rotationOrigin": [ -0.7, 13.0, 11.0 ],
					"rotationX": 22.5,
					"faces": {
						"north": { "texture": "#ore1", "uv": [ 0.0, 0.0, 1.0, 3.0 ] },
						"east": { "texture": "#ore1", "uv": [ 0.0, 0.0, 2.0, 3.0 ] },
						"south": { "texture": "#ore1", "uv": [ 0.0, 0.0, 1.0, 3.0 ] },
						"west": { "texture": "#ore1", "uv": [ 0.0, 0.0, 2.0, 3.0 ], "enabled": false },
						"up": { "texture": "#ore1", "uv": [ 0.0, 0.0, 1.0, 2.0 ] },
						"down": { "texture": "#ore1", "uv": [ 0.0, 0.0, 1.0, 2.0 ] }
					}
				}
			]
		},
		{
			"name": "extras-down",
			"from": [ 7.2, 5.8, 1.0 ], 
			"to": [ 8.2, 6.8, 2.0 ], 
			"rotationOrigin": [ 0.4, 5.8, 9.0 ],
			"rotationZ": -90.0,
			"faces": {
				"north": { "texture": "#ore1", "uv": [ 0.0, 0.0, 1.0, 1.0 ], "enabled": false },
				"east": { "texture": "#ore1", "uv": [ 0.0, 0.0, 1.0, 1.0 ], "enabled": false },
				"south": { "texture": "#ore1", "uv": [ 0.0, 0.0, 1.0, 1.0 ], "enabled": false },
				"west": { "texture": "#ore1", "uv": [ 0.0, 0.0, 1.0, 1.0 ], "enabled": false },
				"up": { "texture": "#ore1", "uv": [ 0.0, 0.0, 1.0, 1.0 ], "enabled": false },
				"down": { "texture": "#ore1", "uv": [ 0.0, 0.0, 1.0, 1.0 ], "enabled": false }
			},
			"children": [
				{
					"name": "Cube23",
					"from": [ -1.7, 6.0, 0.0 ], 
					"to": [ 0.3, 9.0, 3.0 ], 
					"rotationOrigin": [ -0.7, 9.0, 6.0 ],
					"rotationX": -45.0,
					"faces": {
						"north": { "texture": "#ore1", "uv": [ 0.0, 0.0, 2.0, 3.0 ] },
						"east": { "texture": "#ore1", "uv": [ 0.0, 0.0, 3.0, 3.0 ] },
						"south": { "texture": "#ore1", "uv": [ 0.0, 0.0, 2.0, 3.0 ] },
						"west": { "texture": "#ore1", "uv": [ 0.0, 0.0, 3.0, 3.0 ], "enabled": false },
						"up": { "texture": "#ore1", "uv": [ 0.0, 0.0, 2.0, 3.0 ] },
						"down": { "texture": "#ore1", "uv": [ 0.0, 0.0, 2.0, 3.0 ] }
					}
				},
				{
					"name": "Cube24",
					"from": [ -1.7, 10.0, 2.0 ], 
					"to": [ -0.7, 12.5, 3.6 ], 
					"rotationOrigin": [ -0.7, 13.0, 5.0 ],
					"rotationX": -22.5,
					"faces": {
						"north": { "texture": "#ore1", "uv": [ 0.0, 0.0, 1.0, 2.5 ] },
						"east": { "texture": "#ore1", "uv": [ 0.0, 0.0, 1.5, 2.5 ] },
						"south": { "texture": "#ore1", "uv": [ 0.0, 0.0, 1.0, 2.5 ] },
						"west": { "texture": "#ore1", "uv": [ 0.0, 0.0, 1.5, 2.5 ], "enabled": false },
						"up": { "texture": "#ore1", "uv": [ 0.0, 0.0, 1.0, 1.5 ] },
						"down": { "texture": "#ore1", "uv": [ 0.0, 0.0, 1.0, 1.5 ] }
					}
				},
				{
					"name": "Cube25",
					"from": [ -1.7, 10.0, 12.0 ], 
					"to": [ -0.7, 13.0, 14.0 ], 
					"rotationOrigin": [ -0.7, 13.0, 11.0 ],
					"rotationX": 22.5,
					"faces": {
						"north": { "texture": "#ore1", "uv": [ 0.0, 0.0, 1.0, 3.0 ] },
						"east": { "texture": "#ore1", "uv": [ 0.0, 0.0, 2.0, 3.0 ] },
						"south": { "texture": "#ore1", "uv": [ 0.0, 0.0, 1.0, 3.0 ] },
						"west": { "texture": "#ore1", "uv": [ 0.0, 0.0, 2.0, 3.0 ], "enabled": false },
						"up": { "texture": "#ore1", "uv": [ 0.0, 0.0, 1.0, 2.0 ] },
						"down": { "texture": "#ore1", "uv": [ 0.0, 0.0, 1.0, 2.0 ] }
					}
				}
			]
		}
	]}