[
  {
    "op": "add",
    "path": "/client/behaviors/-",
    "value": {
	"code": "shearable",
	"enabledByType": {
		"rhinocerotidae-adult-*-coelodontaantiquitatis": true,
		"*": false
	},
	"hoursPerUnitByType" : {
		"*": 42
	},
	"hoursPerUnitGenerationalReduction" : 0.5,
	"hoursPerUnitMaxReduction" : 8.0,
	"maxGenBonusByType" : {
		"*": 4
	},
	"generationalMaxGrowthBonus" : 2,
	"generationalScratchChanceReduction" : 0.05,
	"minQuantityByType": {
		"*": 8
	},
	"maxQuantityByType": {
		"*": 16
	},
	"minGen": 2,
	"shearsBonusByType": {
		"*": 2
	},
	"scratchChance": 0.45,
	"dropByType": {
		"*": "wool:fleece-generic-brown"
	},
    "dropSecondByType": {
        "rhinocerotidae-adult-*-coelodontaantiquitatis": "wool:fleece-generic-black",
        "*": null
    },
	"shearSound": "game:sounds/player/scrape.ogg"
    },
    "file": "entities/land/rhinocerotidae.json",
    "side": "Server"
  },

  {
    "op": "add",
    "path": "/server/behaviors/-",
    "value": {
	"code": "shearable",
	"enabledByType": {
		"rhinocerotidae-adult-*-coelodontaantiquitatis": true,
		"*": false
	},
	"hoursPerUnitByType" : {
		"*": 42
	},
	"hoursPerUnitGenerationalReduction" : 0.5,
	"hoursPerUnitMaxReduction" : 8.0,
	"maxGenBonusByType" : {
		"*": 4
	},
	"generationalMaxGrowthBonus" : 2,
	"generationalScratchChanceReduction" : 0.05,
	"minQuantityByType": {
		"*": 8
	},
	"maxQuantityByType": {
		"*": 16
	},
	"minGen": 2,
	"shearsBonusByType": {
		"*": 2
	},
	"scratchChance": 0.45,
	"dropByType": {
		"*": "wool:fleece-generic-brown"
	},
    "dropSecondByType": {
        "rhinocerotidae-adult-*-coelodontaantiquitatis": "wool:fleece-generic-black",
        "*": null
    },
	"shearSound": "game:sounds/player/scrape.ogg"
    },
    "file": "entities/land/rhinocerotidae.json",
    "side": "Server"
  }
]

