[
{"name": "American Scimitar Cat Taxidermy (Cub)", "ingredientPattern": "_BC,DEF,GHI","ingredients": {"B": { "type": "item", "code": "game:hammer-*", "isTool": true },"C": { "type": "item", "code": "game:knife-*", "isTool": true },"D": { "type": "item", "code": "machairodontinae:pelt-baby-homotherium-serum" },"E": { "type": "item", "code": "game:metalnailsandstrips-*", "quantity": 1 },"F": { "type": "item", "code": "game:clay-*", "quantity": 4 },"G": { "type": "block", "code": "game:debarkedlog-*", "quantity": 1 },"H": { "type": "block", "code": "game:glass-*" },"I": { "type": "item", "code": "game:powder-borax", "quantity": 1 }},"width": 3,"height": 3,"output": { "type": "item", "code": "machairodontinae:taxidermy-baby-homotherium-serum", "quantity": 1  }},
{"name": "American Scimitar Cat Taxidermy (Female)", "ingredientPattern": "_BC,DEF,GHI","ingredients": {"B": { "type": "item", "code": "game:hammer-*", "isTool": true },"C": { "type": "item", "code": "game:knife-*", "isTool": true },"D": { "type": "item", "code": "machairodontinae:pelt-female-homotherium-serum" },"E": { "type": "item", "code": "game:metalnailsandstrips-*", "quantity": 1 },"F": { "type": "item", "code": "game:clay-*", "quantity": 4 },"G": { "type": "block", "code": "game:debarkedlog-*", "quantity": 2 },"H": { "type": "block", "code": "game:glass-*" },"I": { "type": "item", "code": "game:powder-borax", "quantity": 1 }},"width": 3,"height": 3,"output": { "type": "item", "code": "machairodontinae:taxidermy-female-homotherium-serum", "quantity": 1  }},
{"name": "American Scimitar Cat Taxidermy (Male)", "ingredientPattern": "_BC,DEF,GHI","ingredients": {"B": { "type": "item", "code": "game:hammer-*", "isTool": true },"C": { "type": "item", "code": "game:knife-*", "isTool": true },"D": { "type": "item", "code": "machairodontinae:pelt-male-homotherium-serum" },"E": { "type": "item", "code": "game:metalnailsandstrips-*", "quantity": 1 },"F": { "type": "item", "code": "game:clay-*", "quantity": 4 },"G": { "type": "block", "code": "game:debarkedlog-*", "quantity": 2 },"H": { "type": "block", "code": "game:glass-*" },"I": { "type": "item", "code": "game:powder-borax", "quantity": 1 }},"width": 3,"height": 3,"output": { "type": "item", "code": "machairodontinae:taxidermy-male-homotherium-serum", "quantity": 1  }},

{"name": "Northern Saber Cat Taxidermy (Cub)", "ingredientPattern": "_BC,DEF,GHI","ingredients": {"B": { "type": "item", "code": "game:hammer-*", "isTool": true },"C": { "type": "item", "code": "game:knife-*", "isTool": true },"D": { "type": "item", "code": "machairodontinae:pelt-baby-smilodon-fatalis" },"E": { "type": "item", "code": "game:metalnailsandstrips-*", "quantity": 1 },"F": { "type": "item", "code": "game:clay-*", "quantity": 4 },"G": { "type": "block", "code": "game:debarkedlog-*", "quantity": 1 },"H": { "type": "block", "code": "game:glass-*" },"I": { "type": "item", "code": "game:powder-borax", "quantity": 1 }},"width": 3,"height": 3,"output": { "type": "item", "code": "machairodontinae:taxidermy-baby-smilodon-fatalis", "quantity": 1  }},
{"name": "Northern Saber Cat Taxidermy (Female)", "ingredientPattern": "_BC,DEF,GHI","ingredients": {"B": { "type": "item", "code": "game:hammer-*", "isTool": true },"C": { "type": "item", "code": "game:knife-*", "isTool": true },"D": { "type": "item", "code": "machairodontinae:pelt-female-smilodon-fatalis" },"E": { "type": "item", "code": "game:metalnailsandstrips-*", "quantity": 1 },"F": { "type": "item", "code": "game:clay-*", "quantity": 4 },"G": { "type": "block", "code": "game:debarkedlog-*", "quantity": 2 },"H": { "type": "block", "code": "game:glass-*" },"I": { "type": "item", "code": "game:powder-borax", "quantity": 1 }},"width": 3,"height": 3,"output": { "type": "item", "code": "machairodontinae:taxidermy-female-smilodon-fatalis", "quantity": 1  }},
{"name": "Northern Saber Cat Taxidermy (Male)", "ingredientPattern": "_BC,DEF,GHI","ingredients": {"B": { "type": "item", "code": "game:hammer-*", "isTool": true },"C": { "type": "item", "code": "game:knife-*", "isTool": true },"D": { "type": "item", "code": "machairodontinae:pelt-male-smilodon-fatalis" },"E": { "type": "item", "code": "game:metalnailsandstrips-*", "quantity": 1 },"F": { "type": "item", "code": "game:clay-*", "quantity": 4 },"G": { "type": "block", "code": "game:debarkedlog-*", "quantity": 2 },"H": { "type": "block", "code": "game:glass-*" },"I": { "type": "item", "code": "game:powder-borax", "quantity": 1 }},"width": 3,"height": 3,"output": { "type": "item", "code": "machairodontinae:taxidermy-male-smilodon-fatalis", "quantity": 1  }},

{"name": "Southern Saber Cat Taxidermy (Cub)", "ingredientPattern": "_BC,DEF,GHI","ingredients": {"B": { "type": "item", "code": "game:hammer-*", "isTool": true },"C": { "type": "item", "code": "game:knife-*", "isTool": true },"D": { "type": "item", "code": "machairodontinae:pelt-baby-smilodon-populator" },"E": { "type": "item", "code": "game:metalnailsandstrips-*", "quantity": 1 },"F": { "type": "item", "code": "game:clay-*", "quantity": 4 },"G": { "type": "block", "code": "game:debarkedlog-*", "quantity": 1 },"H": { "type": "block", "code": "game:glass-*" },"I": { "type": "item", "code": "game:powder-borax", "quantity": 1 }},"width": 3,"height": 3,"output": { "type": "item", "code": "machairodontinae:taxidermy-baby-smilodon-populator", "quantity": 1  }},
{"name": "Southern Saber Cat Taxidermy (Female)", "ingredientPattern": "_BC,DEF,GHI","ingredients": {"B": { "type": "item", "code": "game:hammer-*", "isTool": true },"C": { "type": "item", "code": "game:knife-*", "isTool": true },"D": { "type": "item", "code": "machairodontinae:pelt-female-smilodon-populator" },"E": { "type": "item", "code": "game:metalnailsandstrips-*", "quantity": 1 },"F": { "type": "item", "code": "game:clay-*", "quantity": 4 },"G": { "type": "block", "code": "game:debarkedlog-*", "quantity": 2 },"H": { "type": "block", "code": "game:glass-*" },"I": { "type": "item", "code": "game:powder-borax", "quantity": 1 }},"width": 3,"height": 3,"output": { "type": "item", "code": "machairodontinae:taxidermy-female-smilodon-populator", "quantity": 1  }},
{"name": "Southern Saber Cat Taxidermy (Male)", "ingredientPattern": "_BC,DEF,GHI","ingredients": {"B": { "type": "item", "code": "game:hammer-*", "isTool": true },"C": { "type": "item", "code": "game:knife-*", "isTool": true },"D": { "type": "item", "code": "machairodontinae:pelt-male-smilodon-populator" },"E": { "type": "item", "code": "game:metalnailsandstrips-*", "quantity": 1 },"F": { "type": "item", "code": "game:clay-*", "quantity": 4 },"G": { "type": "block", "code": "game:debarkedlog-*", "quantity": 2 },"H": { "type": "block", "code": "game:glass-*" },"I": { "type": "item", "code": "game:powder-borax", "quantity": 1 }},"width": 3,"height": 3,"output": { "type": "item", "code": "machairodontinae:taxidermy-male-smilodon-populator", "quantity": 1  }},
]