{
	"editor": {
		"allAngles": true,
		"entityTextureMode": true
	},
	"textureWidth": 32,
	"textureHeight": 32,
	"textureSizes": {
		"skin": [32,32]
	},
	"textures": {
	},
	"elements": [
		{
			"name": "neck",
			"from": [ 15.4, 10.04, 7.14 ], 
			"to": [ 17.6138, 13.6013, 8.8725 ], 
			"unwrapMode": 3,
			"unwrapRotation": 1,
			"uv": [ 10.5, 26.5 ],
			"rotationOrigin": [ 17.8016, 10.0387, 8.0113 ],
			"rotationZ": 45.0,
			"faces": {
						"north": { "texture": "#skin", "uv": [ 16.0, 28.0, 20.0, 30.5 ], "rotation": 270, "windMode": [-1,-1,-1,-1], "windData": [0,0,1,0] },
						"east": { "texture": "#skin", "uv": [ 12.0, 26.5, 16.0, 28.0 ], "rotation": 90, "windMode": [-1,-1,-1,-1], "windData": [1,0,0,1] },
						"south": { "texture": "#skin", "uv": [ 12.0, 28.0, 16.0, 30.5 ], "rotation": 90 },
						"west": { "texture": "#skin", "uv": [ 12.0, 30.5, 16.0, 32.0 ], "rotation": 90 },
						"up": { "texture": "#skin", "uv": [ 10.5, 28.0, 12.0, 30.5 ], "rotation": 90 },
						"down": { "texture": "#skin", "uv": [ 16.0, 28.0, 17.5, 30.5 ], "rotation": 270, "enabled": false, "windMode": [-1,-1,-1,-1], "windData": [0,1,1,0] }
			},
			"children": [
				{
					"name": "neck2",
					"from": [ 0.2888, 2.1175, 0.0963 ], 
					"to": [ 2.1175, 5.39, 1.6363 ], 
					"unwrapMode": 3,
					"uv": [ 25.0, 0.0 ],
					"rotationOrigin": [ 2.1175, 3.1763, 0.9625 ],
					"rotationZ": -25.0,
					"faces": {
						"north": { "texture": "#skin", "uv": [ 30.0, 1.5, 32.0, 5.0 ], "windMode": [-1,-1,-1,-1], "windData": [1,1,1,1] },
						"east": { "texture": "#skin", "uv": [ 28.5, 1.5, 30.0, 5.0 ], "windMode": [-1,-1,-1,-1], "windData": [1,1,1,1] },
						"south": { "texture": "#skin", "uv": [ 26.5, 1.5, 28.5, 5.0 ], "windMode": [-1,-1,-1,-1], "windData": [1,1,1,1] },
						"west": { "texture": "#skin", "uv": [ 25.0, 1.5, 26.5, 5.0 ], "windMode": [-1,-1,-1,-1], "windData": [1,1,1,1] },
						"up": { "texture": "#skin", "uv": [ 26.5, 0.0, 28.5, 1.5 ], "windMode": [-1,-1,-1,-1], "windData": [1,1,1,1] },
						"down": { "texture": "#skin", "uv": [ 26.5, 5.0, 28.5, 6.5 ], "rotation": 180, "enabled": false, "windMode": [-1,-1,-1,-1], "windData": [1,1,1,1] }
					},
					"children": [
						{
							"name": "head",
							"from": [ 0.4813, 1.0587, -0.0962 ], 
							"to": [ 1.925, 3.2725, 1.6363 ], 
							"unwrapMode": 4,
							"uv": [ 9.0, 9.0 ],
							"rotationOrigin": [ 1.925, 3.2725, 0.77 ],
							"rotationZ": -60.0,
							"faces": {
								"north": { "texture": "#skin", "uv": [ 9.0, 10.5, 10.5, 13.0 ] },
								"east": { "texture": "#skin", "uv": [ 13.5, 10.5, 15.0, 13.0 ] },
								"south": { "texture": "#skin", "uv": [ 12.0, 10.5, 13.5, 13.0 ] },
								"west": { "texture": "#skin", "uv": [ 10.5, 10.5, 12.0, 13.0 ] },
								"up": { "texture": "#skin", "uv": [ 10.5, 9.0, 12.0, 10.5 ], "rotation": 90 },
								"down": { "texture": "#skin", "uv": [ 10.5, 13.0, 12.0, 14.5 ], "rotation": 90 }
							},
							"children": [
								{
									"name": "mouth up",
									"from": [ -1.7325, 0.0963, 0.385 ], 
									"to": [ 0.5775, 0.4813, 1.3475 ], 
									"unwrapMode": 5,
									"unwrapRotation": 1,
									"uv": [ 0.0, 0.0 ],
									"rotationOrigin": [ 0.4813, 0.4813, 0.8663 ],
									"rotationZ": 55.0,
									"faces": {
										"north": { "texture": "#skin", "uv": [ 0.0, 0.0, 0.5, 2.5 ], "rotation": 270 },
										"east": { "texture": "#skin", "uv": [ 0.5, 0.0, 1.5, 0.5 ], "rotation": 180, "enabled": false },
										"south": { "texture": "#skin", "uv": [ 1.5, 0.0, 2.0, 2.5 ], "rotation": 90 },
										"west": { "texture": "#skin", "uv": [ 0.5, 2.5, 1.5, 3.0 ] },
										"up": { "texture": "#skin", "uv": [ 0.5, 0.0, 1.5, 2.5 ], "rotation": 90 },
										"down": { "texture": "#skin", "uv": [ 2.0, 0.0, 3.0, 2.5 ], "rotation": 270 }
									},
									"children": [
										{
											"name": "nose",
											"from": [ -0.1925, 0.0963, -0.0044 ], 
											"to": [ 0.4813, 0.6738, 0.9669 ], 
											"unwrapMode": 4,
											"uv": [ 9.0, 14.0 ],
											"rotationOrigin": [ -0.1925, 0.6738, 0.2888 ],
											"rotationZ": 14.0,
											"faces": {
												"north": { "texture": "#skin", "uv": [ 9.0, 14.5, 9.5, 15.0 ], "windMode": [-1,-1,-1,-1], "windData": [1,1,1,1] },
												"east": { "texture": "#skin", "uv": [ 11.0, 14.5, 12.0, 15.0 ], "windMode": [-1,-1,-1,-1], "windData": [1,1,1,1] },
												"south": { "texture": "#skin", "uv": [ 10.5, 14.5, 11.0, 15.0 ], "windMode": [-1,-1,-1,-1], "windData": [1,1,1,1] },
												"west": { "texture": "#skin", "uv": [ 9.5, 14.5, 10.5, 15.0 ], "windMode": [-1,-1,-1,-1], "windData": [1,1,1,1] },
												"up": { "texture": "#skin", "uv": [ 9.5, 14.0, 10.5, 14.5 ], "rotation": 90, "windMode": [-1,-1,-1,-1], "windData": [1,1,1,1] },
												"down": { "texture": "#skin", "uv": [ 9.5, 15.0, 10.5, 15.5 ], "rotation": 90, "windMode": [-1,-1,-1,-1], "windData": [1,1,1,1] }
											}
										},
										{
											"name": "nose bridge",
											"from": [ 0.6738, 0.0, 0.0481 ], 
											"to": [ 3.5613, 0.8663, 0.9144 ], 
											"unwrapMode": 5,
											"unwrapRotation": 1,
											"uv": [ 1.5, 11.0 ],
											"rotationOrigin": [ 0.6738, 0.0, 0.2888 ],
											"rotationZ": 22.0,
											"faces": {
												"north": { "texture": "#skin", "uv": [ 1.5, 11.5, 2.0, 14.5 ], "rotation": 270 },
												"east": { "texture": "#skin", "uv": [ 2.0, 11.0, 2.5, 11.5 ], "rotation": 180, "windMode": [-1,-1,-1,-1], "windData": [0,0,0,0] },
												"south": { "texture": "#skin", "uv": [ 2.5, 11.5, 3.0, 14.5 ], "rotation": 90 },
												"west": { "texture": "#skin", "uv": [ 2.0, 14.5, 2.5, 15.0 ], "windMode": [-1,-1,-1,-1], "windData": [0,0,0,0] },
												"up": { "texture": "#skin", "uv": [ 2.0, 11.5, 2.5, 14.5 ], "rotation": 90 },
												"down": { "texture": "#skin", "uv": [ 3.0, 11.5, 3.5, 14.5 ], "rotation": 270, "enabled": false }
											}
										}
									]
								},
								{
									"name": "R ear",
									"from": [ 0.4813, 1.155, -1.3475 ], 
									"to": [ 0.6738, 2.1175, 0.1925 ], 
									"unwrapMode": 4,
									"uv": [ 12.0, 13.0 ],
									"rotationOrigin": [ 0.6738, 1.925, 0.0963 ],
									"rotationX": 55.0,
									"rotationZ": 22.0,
									"faces": {
										"north": { "texture": "#skin", "uv": [ 12.0, 13.5, 12.5, 14.5 ] },
										"east": { "texture": "#skin", "uv": [ 14.5, 13.5, 16.0, 14.5 ] },
										"south": { "texture": "#skin", "uv": [ 14.0, 13.5, 14.5, 14.5 ], "windMode": [-1,-1,-1,-1], "windData": [0,0,0,0] },
										"west": { "texture": "#skin", "uv": [ 12.5, 13.5, 14.0, 14.5 ] },
										"up": { "texture": "#skin", "uv": [ 12.5, 13.0, 14.0, 13.5 ], "rotation": 90 },
										"down": { "texture": "#skin", "uv": [ 12.5, 14.5, 14.0, 15.0 ], "rotation": 90 }
									}
								},
								{
									"name": "L ear",
									"from": [ 0.4813, 1.155, 1.6363 ], 
									"to": [ 0.6738, 2.1175, 3.1762 ], 
									"unwrapMode": 4,
									"uv": [ 11.5, 0.0 ],
									"rotationOrigin": [ 0.6738, 1.925, 1.6363 ],
									"rotationX": -55.0,
									"rotationZ": 22.0,
									"faces": {
										"north": { "texture": "#skin", "uv": [ 11.5, 0.5, 12.0, 1.5 ], "windMode": [-1,-1,-1,-1] },
										"east": { "texture": "#skin", "uv": [ 14.0, 0.5, 15.5, 1.5 ] },
										"south": { "texture": "#skin", "uv": [ 13.5, 0.5, 14.0, 1.5 ], "windMode": [-1,-1,-1,-1] },
										"west": { "texture": "#skin", "uv": [ 12.0, 0.5, 13.5, 1.5 ] },
										"up": { "texture": "#skin", "uv": [ 12.0, 0.0, 13.5, 0.5 ], "rotation": 90 },
										"down": { "texture": "#skin", "uv": [ 12.0, 1.5, 13.5, 2.0 ], "rotation": 90 }
									}
								},
								{
									"name": "jaw",
									"from": [ -1.155, 0.0, 0.4813 ], 
									"to": [ 1.2513, 0.3369, 1.2513 ], 
									"unwrapMode": 5,
									"unwrapRotation": 1,
									"uv": [ 0.0, 9.0 ],
									"rotationOrigin": [ 0.9625, 0.2888, 0.9625 ],
									"rotationZ": 48.0,
									"faces": {
										"north": { "texture": "#skin", "uv": [ 0.0, 9.0, 0.5, 11.5 ], "rotation": 270 },
										"east": { "texture": "#skin", "uv": [ 0.5, 9.0, 1.0, 9.5 ], "rotation": 180, "enabled": false },
										"south": { "texture": "#skin", "uv": [ 1.0, 9.0, 1.5, 11.5 ], "rotation": 90 },
										"west": { "texture": "#skin", "uv": [ 0.5, 11.5, 1.0, 12.0 ] },
										"up": { "texture": "#skin", "uv": [ 0.5, 9.0, 1.0, 11.5 ], "rotation": 90 },
										"down": { "texture": "#skin", "uv": [ 1.5, 9.0, 2.0, 11.5 ], "rotation": 270 }
									}
								},
								{
									"name": "Horn attachment",
									"from": [ 0.0, 2.0213, 0.8663 ], 
									"to": [ 0.6738, 2.695, 1.54 ], 
									"uv": [ 0.0, 0.0 ],
									"rotationOrigin": [ 0.0, 2.0213, 0.8663 ],
									"faces": {
										"north": { "texture": "#skin", "uv": [ 0.0, 1.0, 0.792, 1.792 ], "enabled": false },
										"east": { "texture": "#skin", "uv": [ 1.0, 1.0, 1.792, 1.792 ], "enabled": false, "windMode": [-1,-1,-1,-1], "windData": [1,1,1,1] },
										"south": { "texture": "#skin", "uv": [ 1.0, 1.0, 1.792, 1.792 ], "enabled": false, "windMode": [-1,-1,-1,-1], "windData": [1,1,1,1] },
										"west": { "texture": "#skin", "uv": [ 1.0, 1.0, 1.792, 1.792 ], "enabled": false, "windMode": [-1,-1,-1,-1], "windData": [1,1,1,1] },
										"up": { "texture": "#skin", "uv": [ 0.0, 0.0, 0.792, 0.792 ], "enabled": false, "windMode": [-1,-1,-1,-1], "windData": [1,1,1,1] },
										"down": { "texture": "#skin", "uv": [ 1.0, 0.0, 1.792, 0.792 ], "enabled": false, "windMode": [-1,-1,-1,-1], "windData": [1,1,1,1] }
									},
									"children": [
										{
											"name": "R antler base",
											"from": [ -0.2887, -0.5775, -0.5775 ], 
											"to": [ 0.0963, 0.1925, -0.1925 ], 
											"unwrapMode": 4,
											"uv": [ 0.0, 30.5 ],
											"rotationOrigin": [ -0.2887, -0.5775, -0.1925 ],
											"rotationX": -20.0,
											"rotationY": -25.0,
											"faces": {
												"north": { "texture": "#skin", "uv": [ 0.0, 31.0, 0.5, 31.5 ] },
												"east": { "texture": "#skin", "uv": [ 1.5, 31.0, 2.0, 31.5 ] },
												"south": { "texture": "#skin", "uv": [ 1.0, 31.0, 1.5, 31.5 ] },
												"west": { "texture": "#skin", "uv": [ 0.5, 31.0, 1.0, 31.5 ] },
												"up": { "texture": "#skin", "uv": [ 0.5, 30.5, 1.0, 31.0 ], "rotation": 90 },
												"down": { "texture": "#skin", "uv": [ 0.5, 31.5, 1.0, 32.0 ], "rotation": 90 }
											},
											"children": [
												{
													"name": "R antler",
													"from": [ 0.0481, 0.77, 0.0481 ], 
													"to": [ 0.3369, 1.7325, 0.3369 ], 
													"unwrapMode": 4,
													"uv": [ 0.0, 28.5 ],
													"rotationOrigin": [ 0.0, 0.77, 0.385 ],
													"faces": {
														"north": { "texture": "#skin", "uv": [ 0.0, 29.0, 0.5, 30.0 ] },
														"east": { "texture": "#skin", "uv": [ 1.5, 29.0, 2.0, 30.0 ] },
														"south": { "texture": "#skin", "uv": [ 1.0, 29.0, 1.5, 30.0 ] },
														"west": { "texture": "#skin", "uv": [ 0.5, 29.0, 1.0, 30.0 ] },
														"up": { "texture": "#skin", "uv": [ 0.5, 28.5, 1.0, 29.0 ], "rotation": 90 },
														"down": { "texture": "#skin", "uv": [ 0.5, 30.0, 1.0, 30.5 ], "rotation": 90 }
													}
												}
											]
										},
										{
											"name": "L antler base",
											"from": [ -0.2887, -0.5775, 0.1925 ], 
											"to": [ 0.0963, 0.1925, 0.5775 ], 
											"unwrapMode": 4,
											"uv": [ 2.0, 30.5 ],
											"rotationOrigin": [ -0.2887, -0.5775, 0.1925 ],
											"rotationX": 20.0,
											"rotationY": 25.0,
											"faces": {
												"north": { "texture": "#skin", "uv": [ 2.0, 31.0, 2.5, 31.5 ] },
												"east": { "texture": "#skin", "uv": [ 3.5, 31.0, 4.0, 31.5 ] },
												"south": { "texture": "#skin", "uv": [ 3.0, 31.0, 3.5, 31.5 ] },
												"west": { "texture": "#skin", "uv": [ 2.5, 31.0, 3.0, 31.5 ] },
												"up": { "texture": "#skin", "uv": [ 2.5, 30.5, 3.0, 31.0 ], "rotation": 90, "windMode": [-1,-1,-1,-1], "windData": [1,1,1,1] },
												"down": { "texture": "#skin", "uv": [ 2.5, 31.5, 3.0, 32.0 ], "rotation": 90, "windMode": [-1,-1,-1,-1], "windData": [1,1,1,1] }
											},
											"children": [
												{
													"name": "L antler",
													"from": [ 0.0481, 0.77, 0.0481 ], 
													"to": [ 0.3369, 1.7325, 0.3369 ], 
													"unwrapMode": 4,
													"uv": [ 2.0, 28.5 ],
													"rotationOrigin": [ 0.0, 0.77, 0.0 ],
													"faces": {
														"north": { "texture": "#skin", "uv": [ 2.0, 29.0, 2.5, 30.0 ] },
														"east": { "texture": "#skin", "uv": [ 3.5, 29.0, 4.0, 30.0 ] },
														"south": { "texture": "#skin", "uv": [ 3.0, 29.0, 3.5, 30.0 ] },
														"west": { "texture": "#skin", "uv": [ 2.5, 29.0, 3.0, 30.0 ] },
														"up": { "texture": "#skin", "uv": [ 2.5, 28.5, 3.0, 29.0 ], "rotation": 90 },
														"down": { "texture": "#skin", "uv": [ 2.5, 30.0, 3.0, 30.5 ], "rotation": 90 }
													}
												}
											]
										}
									]
								}
							]
						}
					]
				}
			]
		}
	]}