{
	"editor": {
		"allAngles": true,
		"entityTextureMode": true
	},
	"textureWidth": 32,
	"textureHeight": 32,
	"textureSizes": {
		"skin": [32,32]
	},
	"textures": {
	},
	"elements": [
		{
			"name": "neck",
			"from": [ 15.09, 10.08, 7.24 ], 
			"to": [ 17.589, 12.29, 8.77 ], 
			"unwrapMode": 4,
			"unwrapRotation": 1,
			"uv": [ 12.0, 0.0 ],
			"rotationOrigin": [ 17.13, 10.0758, 8.0 ],
			"rotationZ": 63.0,
			"faces": {
						"north": { "texture": "#skin", "uv": [ 14.5, 4.0, 17.0, 6.5 ], "rotation": 90, "windMode": [-1,-1,-1,-1], "windData": [0,0,1,0] },
						"east": { "texture": "#skin", "uv": [ 17.0, 2.5, 19.5, 4.0 ], "rotation": 270, "windMode": [-1,-1,-1,-1], "windData": [1,0,0,1] },
						"south": { "texture": "#skin", "uv": [ 14.5, 0.0, 17.0, 2.5 ], "rotation": 90 },
						"west": { "texture": "#skin", "uv": [ 14.5, 2.5, 17.0, 4.0 ], "rotation": 90 },
						"up": { "texture": "#skin", "uv": [ 12.0, 2.5, 14.5, 4.0 ], "rotation": 180 },
						"down": { "texture": "#skin", "uv": [ 17.0, 2.5, 19.5, 4.0 ], "rotation": 180, "enabled": false, "windMode": [-1,-1,-1,-1] }
			},
			"children": [
				{
					"name": "neck2",
					"from": [ 0.459, 0.476, 0.051 ], 
					"to": [ 2.159, 3.451, 1.479 ], 
					"unwrapMode": 4,
					"uv": [ 10.0, 14.5 ],
					"rotationOrigin": [ 2.295, 1.751, 0.765 ],
					"rotationZ": -45.0,
					"faces": {
						"north": { "texture": "#skin", "uv": [ 10.0, 16.5, 12.0, 20.0 ] },
						"east": { "texture": "#skin", "uv": [ 15.5, 16.5, 17.0, 20.0 ] },
						"south": { "texture": "#skin", "uv": [ 13.5, 16.5, 15.5, 20.0 ] },
						"west": { "texture": "#skin", "uv": [ 12.0, 16.5, 13.5, 20.0 ] },
						"up": { "texture": "#skin", "uv": [ 12.0, 14.5, 13.5, 16.5 ], "rotation": 90 },
						"down": { "texture": "#skin", "uv": [ 12.0, 20.0, 13.5, 22.0 ], "rotation": 90, "enabled": false, "windMode": [-1,-1,-1,-1] }
					},
					"children": [
						{
							"name": "head",
							"from": [ -0.017, 1.5045, -0.1785 ], 
							"to": [ 1.768, 3.4425, 1.6065 ], 
							"unwrapMode": 4,
							"uv": [ 6.0, 7.5 ],
							"rotationOrigin": [ 1.615, 2.8832, 0.765 ],
							"rotationZ": -35.0,
							"faces": {
								"north": { "texture": "#skin", "uv": [ 6.0, 9.5, 8.0, 11.5 ] },
								"east": { "texture": "#skin", "uv": [ 12.0, 9.5, 14.0, 11.5 ] },
								"south": { "texture": "#skin", "uv": [ 10.0, 9.5, 12.0, 11.5 ] },
								"west": { "texture": "#skin", "uv": [ 8.0, 9.5, 10.0, 11.5 ] },
								"up": { "texture": "#skin", "uv": [ 8.0, 7.5, 10.0, 9.5 ], "rotation": 90 },
								"down": { "texture": "#skin", "uv": [ 8.0, 11.5, 10.0, 13.5 ], "rotation": 90 }
							},
							"children": [
								{
									"name": "mouth up",
									"from": [ -1.377, 0.306, 0.408 ], 
									"to": [ 0.153, 0.969, 1.428 ], 
									"unwrapMode": 5,
									"unwrapRotation": 1,
									"uv": [ 0.0, 0.0 ],
									"rotationOrigin": [ 0.153, 0.918, 0.918 ],
									"rotationZ": 45.0,
									"faces": {
										"north": { "texture": "#skin", "uv": [ 0.0, 0.0, 0.5, 1.5 ], "rotation": 270 },
										"east": { "texture": "#skin", "uv": [ 0.5, 0.0, 1.5, 0.5 ], "rotation": 180, "enabled": false },
										"south": { "texture": "#skin", "uv": [ 1.5, 0.0, 2.0, 1.5 ], "rotation": 90 },
										"west": { "texture": "#skin", "uv": [ 0.5, 1.5, 1.5, 2.0 ] },
										"up": { "texture": "#skin", "uv": [ 0.5, 0.0, 1.5, 1.5 ], "rotation": 90 },
										"down": { "texture": "#skin", "uv": [ 2.0, 0.0, 3.0, 1.5 ], "rotation": 270 }
									},
									"children": [
										{
											"name": "nose",
											"from": [ -0.051, 0.2805, 0.204 ], 
											"to": [ 0.459, 0.7395, 0.816 ], 
											"unwrapMode": 4,
											"uv": [ 1.0, 1.5 ],
											"rotationOrigin": [ -0.051, 0.765, 0.51 ],
											"faces": {
												"north": { "texture": "#skin", "uv": [ 1.0, 2.0, 1.5, 2.5 ], "windMode": [-1,-1,-1,-1], "windData": [1,1,1,1] },
												"east": { "texture": "#skin", "uv": [ 2.5, 2.0, 3.0, 2.5 ], "windMode": [-1,-1,-1,-1], "windData": [1,1,1,1] },
												"south": { "texture": "#skin", "uv": [ 2.0, 2.0, 2.5, 2.5 ], "windMode": [-1,-1,-1,-1], "windData": [1,1,1,1] },
												"west": { "texture": "#skin", "uv": [ 1.5, 2.0, 2.0, 2.5 ], "windMode": [-1,-1,-1,-1], "windData": [1,1,1,1] },
												"up": { "texture": "#skin", "uv": [ 1.5, 1.5, 2.0, 2.0 ], "rotation": 90, "windMode": [-1,-1,-1,-1], "windData": [1,1,1,1] },
												"down": { "texture": "#skin", "uv": [ 1.5, 2.5, 2.0, 3.0 ], "rotation": 90, "windMode": [-1,-1,-1,-1], "windData": [1,1,1,1] }
											}
										},
										{
											"name": "nose bridge",
											"from": [ 0.255, 0.255, 0.102 ], 
											"to": [ 2.04, 0.663, 0.918 ], 
											"unwrapMode": 5,
											"unwrapRotation": 1,
											"uv": [ 6.0, 7.5 ],
											"rotationOrigin": [ 0.255, 0.255, 0.357 ],
											"rotationZ": 16.0,
											"faces": {
												"north": { "texture": "#skin", "uv": [ 6.0, 7.5, 6.5, 9.5 ], "rotation": 270 },
												"east": { "texture": "#skin", "uv": [ 6.5, 7.5, 7.0, 8.0 ], "rotation": 180, "enabled": false, "windMode": [-1,-1,-1,-1], "windData": [1,1,1,1] },
												"south": { "texture": "#skin", "uv": [ 7.0, 7.5, 7.5, 9.5 ], "rotation": 90 },
												"west": { "texture": "#skin", "uv": [ 6.5, 9.5, 7.0, 10.0 ], "enabled": false },
												"up": { "texture": "#skin", "uv": [ 6.5, 7.5, 7.0, 9.5 ], "rotation": 90 },
												"down": { "texture": "#skin", "uv": [ 7.5, 7.5, 8.0, 9.5 ], "rotation": 270, "enabled": false }
											}
										}
									]
								},
								{
									"name": "R ear",
									"from": [ 1.241, 1.275, -1.445 ], 
									"to": [ 1.496, 2.21, 0.255 ], 
									"unwrapMode": 4,
									"uv": [ 5.5, 19.0 ],
									"rotationOrigin": [ 1.343, 1.632, 0.255 ],
									"rotationX": 65.0,
									"rotationZ": 22.0,
									"faces": {
										"north": { "texture": "#skin", "uv": [ 5.5, 19.5, 6.0, 20.5 ], "windMode": [-1,-1,-1,-1] },
										"east": { "texture": "#skin", "uv": [ 8.0, 19.5, 10.0, 20.5 ], "windMode": [-1,-1,-1,-1] },
										"south": { "texture": "#skin", "uv": [ 8.0, 19.5, 8.5, 20.5 ], "enabled": false, "windMode": [-1,-1,-1,-1], "windData": [0,0,0,0] },
										"west": { "texture": "#skin", "uv": [ 6.0, 19.5, 8.0, 20.5 ], "windMode": [-1,-1,-1,-1] },
										"up": { "texture": "#skin", "uv": [ 6.0, 19.0, 8.0, 19.5 ], "rotation": 90, "windMode": [-1,-1,-1,-1] },
										"down": { "texture": "#skin", "uv": [ 6.0, 20.5, 8.0, 21.0 ], "rotation": 90, "windMode": [-1,-1,-1,-1] }
									}
								},
								{
									"name": "L ear",
									"from": [ 1.241, 1.275, 1.547 ], 
									"to": [ 1.496, 2.21, 3.247 ], 
									"unwrapMode": 4,
									"uv": [ 0.0, 19.0 ],
									"rotationOrigin": [ 1.343, 1.632, 1.547 ],
									"rotationX": -65.0,
									"rotationZ": 22.0,
									"faces": {
										"north": { "texture": "#skin", "uv": [ 0.0, 19.5, 0.5, 20.5 ], "enabled": false, "windMode": [-1,-1,-1,-1] },
										"east": { "texture": "#skin", "uv": [ 2.5, 19.5, 4.5, 20.5 ], "windMode": [-1,-1,-1,-1] },
										"south": { "texture": "#skin", "uv": [ 2.0, 19.5, 2.5, 20.5 ], "windMode": [-1,-1,-1,-1] },
										"west": { "texture": "#skin", "uv": [ 0.0, 19.5, 2.0, 20.5 ], "windMode": [-1,-1,-1,-1] },
										"up": { "texture": "#skin", "uv": [ 0.0, 19.0, 2.0, 19.5 ], "rotation": 90, "windMode": [-1,-1,-1,-1] },
										"down": { "texture": "#skin", "uv": [ 0.0, 20.5, 2.0, 21.0 ], "rotation": 90, "windMode": [-1,-1,-1,-1] }
									}
								},
								{
									"name": "jaw",
									"from": [ -0.7752, -0.1071, 0.51 ], 
									"to": [ 0.7548, 0.4029, 1.326 ], 
									"unwrapMode": 5,
									"unwrapRotation": 1,
									"uv": [ 6.0, 11.5 ],
									"rotationOrigin": [ 0.6519, 0.4033, 0.918 ],
									"rotationZ": 30.0,
									"faces": {
										"north": { "texture": "#skin", "uv": [ 6.0, 11.5, 6.5, 13.0 ], "rotation": 270 },
										"east": { "texture": "#skin", "uv": [ 6.5, 11.5, 7.0, 12.0 ], "rotation": 180, "enabled": false },
										"south": { "texture": "#skin", "uv": [ 7.0, 11.5, 7.5, 13.0 ], "rotation": 90 },
										"west": { "texture": "#skin", "uv": [ 6.5, 13.0, 7.0, 13.5 ] },
										"up": { "texture": "#skin", "uv": [ 6.5, 11.5, 7.0, 13.0 ], "rotation": 90 },
										"down": { "texture": "#skin", "uv": [ 7.5, 11.5, 8.0, 13.0 ], "rotation": 270 }
									}
								}
							]
						}
					]
				}
			]
		}
	]}