{
	"editor": {
		"allAngles": true,
		"entityTextureMode": true
	},
	"textureWidth": 64,
	"textureHeight": 32,
	"textureSizes": {
		"skin": [64,32]
	},
	"textures": {
	},
	"elements": [
		{
			"name": "neck",
			"from": [ 15.31, 5.46, 6.73 ], 
			"to": [ 19.1875, 10.575, 9.205 ], 
			"unwrapMode": 3,
			"unwrapRotation": 1,
			"uv": [ 23.0, 0.0 ],
			"rotationOrigin": [ 18.9426, 5.4631, 7.97 ],
			"rotationZ": 38.0,
			"faces": {
				"north": { "texture": "#skin", "uv": [ 30.0, 2.0, 35.0, 5.5 ], "rotation": 270, "windMode": [-1,-1,-1,-1], "windData": [0,0,1,0] },
				"east": { "texture": "#skin", "uv": [ 25.0, 0.0, 30.0, 2.0 ], "rotation": 90, "windMode": [-1,-1,-1,-1], "windData": [1,0,0,1] },
				"south": { "texture": "#skin", "uv": [ 25.0, 2.0, 30.0, 5.5 ], "rotation": 90 },
				"west": { "texture": "#skin", "uv": [ 25.0, 5.5, 30.0, 7.5 ], "rotation": 90 },
				"up": { "texture": "#skin", "uv": [ 23.0, 2.0, 25.0, 5.5 ], "rotation": 90 },
				"down": { "texture": "#skin", "uv": [ 30.0, 2.0, 32.0, 5.5 ], "rotation": 270, "enabled": false, "windMode": [-1,-1,-1,-1], "windData": [0,1,1,0] }
			},
			"children": [
				{
					"name": "neck2",
					"from": [ 0.33, 2.8875, 0.0825 ], 
					"to": [ 3.795, 7.8375, 2.3925 ], 
					"unwrapMode": 3,
					"uv": [ 35.0, 0.0 ],
					"rotationOrigin": [ 3.63, 4.5375, 1.2375 ],
					"rotationZ": -14.0,
					"faces": {
						"north": { "texture": "#skin", "uv": [ 42.0, 2.0, 45.0, 6.5 ], "windMode": [-1,-1,-1,-1], "windData": [1,1,1,1] },
						"east": { "texture": "#skin", "uv": [ 40.0, 2.0, 42.0, 6.5 ], "windMode": [-1,-1,-1,-1], "windData": [1,1,1,1] },
						"south": { "texture": "#skin", "uv": [ 37.0, 2.0, 40.0, 6.5 ], "windMode": [-1,-1,-1,-1], "windData": [1,1,1,1] },
						"west": { "texture": "#skin", "uv": [ 35.0, 2.0, 37.0, 6.5 ], "windMode": [-1,-1,-1,-1], "windData": [1,1,1,1] },
						"up": { "texture": "#skin", "uv": [ 37.0, 0.0, 40.0, 2.0 ], "windMode": [-1,-1,-1,-1], "windData": [1,1,1,1] },
						"down": { "texture": "#skin", "uv": [ 37.0, 6.5, 40.0, 8.5 ], "rotation": 180, "enabled": false, "windMode": [-1,-1,-1,-1], "windData": [1,1,1,1] }
					},
					"children": [
						{
							"name": "head",
							"from": [ 1.65, 1.32, -0.33 ], 
							"to": [ 3.465, 5.0325, 2.64 ], 
							"unwrapMode": 4,
							"uv": [ 52.5, 19.0 ],
							"rotationOrigin": [ 3.465, 4.95, 1.2375 ],
							"rotationZ": -59.0,
							"faces": {
								"north": { "texture": "#skin", "uv": [ 52.5, 20.5, 54.0, 24.0 ] },
								"east": { "texture": "#skin", "uv": [ 58.0, 20.5, 60.5, 24.0 ] },
								"south": { "texture": "#skin", "uv": [ 56.5, 20.5, 58.0, 24.0 ] },
								"west": { "texture": "#skin", "uv": [ 54.0, 20.5, 56.5, 24.0 ] },
								"up": { "texture": "#skin", "uv": [ 54.0, 19.0, 56.5, 20.5 ], "rotation": 90 },
								"down": { "texture": "#skin", "uv": [ 54.0, 24.0, 56.5, 25.5 ], "rotation": 90 }
							},
							"children": [
								{
									"name": "mouth up",
									"from": [ -1.98, 0.495, 0.66 ], 
									"to": [ 0.495, 1.0725, 2.31 ], 
									"unwrapMode": 5,
									"unwrapRotation": 1,
									"uv": [ 0.0, 0.0 ],
									"rotationOrigin": [ 0.4125, 1.0725, 1.485 ],
									"rotationZ": 55.0,
									"faces": {
										"north": { "texture": "#skin", "uv": [ 0.0, 0.0, 0.5, 2.0 ], "rotation": 270 },
										"east": { "texture": "#skin", "uv": [ 0.5, 0.0, 2.0, 0.5 ], "rotation": 180, "enabled": false },
										"south": { "texture": "#skin", "uv": [ 2.0, 0.0, 2.5, 2.0 ], "rotation": 90 },
										"west": { "texture": "#skin", "uv": [ 0.5, 2.0, 2.0, 2.5 ] },
										"up": { "texture": "#skin", "uv": [ 0.5, 0.0, 2.0, 2.0 ], "rotation": 90 },
										"down": { "texture": "#skin", "uv": [ 2.5, 0.0, 4.0, 2.0 ], "rotation": 270 }
									},
									"children": [
										{
											"name": "nose",
											"from": [ -0.33, 0.165, 0.21 ], 
											"to": [ 0.77, 0.99, 1.435 ], 
											"unwrapMode": 4,
											"uv": [ 0.0, 2.5 ],
											"rotationOrigin": [ -0.33, 0.99, 0.93 ],
											"rotationZ": 16.0,
											"faces": {
												"north": { "texture": "#skin", "uv": [ 0.0, 3.5, 1.0, 4.0 ], "windMode": [-1,-1,-1,-1], "windData": [1,1,1,1] },
												"east": { "texture": "#skin", "uv": [ 3.0, 3.5, 4.0, 4.0 ], "windMode": [-1,-1,-1,-1], "windData": [1,1,1,1] },
												"south": { "texture": "#skin", "uv": [ 2.0, 3.5, 3.0, 4.0 ], "windMode": [-1,-1,-1,-1], "windData": [1,1,1,1] },
												"west": { "texture": "#skin", "uv": [ 1.0, 3.5, 2.0, 4.0 ], "windMode": [-1,-1,-1,-1], "windData": [1,1,1,1] },
												"up": { "texture": "#skin", "uv": [ 1.0, 2.5, 2.0, 3.5 ], "rotation": 90, "windMode": [-1,-1,-1,-1], "windData": [1,1,1,1] },
												"down": { "texture": "#skin", "uv": [ 1.0, 4.0, 2.0, 5.0 ], "rotation": 90, "windMode": [-1,-1,-1,-1], "windData": [1,1,1,1] }
											}
										},
										{
											"name": "nose bridge",
											"from": [ 0.495, 0.0, 0.27 ], 
											"to": [ 4.5375, 1.2375, 1.39 ], 
											"unwrapMode": 5,
											"unwrapRotation": 1,
											"uv": [ 1.5, 14.5 ],
											"rotationOrigin": [ 0.495, 0.0, 0.76 ],
											"rotationZ": 16.0,
											"faces": {
												"north": { "texture": "#skin", "uv": [ 1.5, 14.5, 2.5, 18.5 ], "rotation": 270 },
												"east": { "texture": "#skin", "uv": [ 2.5, 14.5, 3.5, 15.5 ], "rotation": 180, "enabled": false, "windMode": [-1,-1,-1,-1], "windData": [1,1,1,1] },
												"south": { "texture": "#skin", "uv": [ 3.5, 14.5, 4.5, 18.5 ], "rotation": 90 },
												"west": { "texture": "#skin", "uv": [ 2.5, 18.5, 3.5, 19.5 ], "windMode": [-1,-1,-1,-1], "windData": [1,1,1,1] },
												"up": { "texture": "#skin", "uv": [ 2.5, 14.5, 3.5, 18.5 ], "rotation": 90 },
												"down": { "texture": "#skin", "uv": [ 4.5, 14.5, 5.5, 18.5 ], "rotation": 270, "enabled": false }
											}
										}
									]
								},
								{
									"name": "R ear",
									"from": [ 0.99, 2.5575, -2.475 ], 
									"to": [ 1.32, 4.0425, 0.495 ], 
									"unwrapMode": 4,
									"uv": [ 36.0, 21.0 ],
									"rotationOrigin": [ 1.2375, 3.135, 0.495 ],
									"rotationX": 45.0,
									"rotationZ": 22.0,
									"faces": {
										"north": { "texture": "#skin", "uv": [ 36.0, 21.5, 36.5, 22.5 ] },
										"east": { "texture": "#skin", "uv": [ 39.0, 21.5, 41.5, 22.5 ] },
										"south": { "texture": "#skin", "uv": [ 39.0, 21.5, 39.5, 22.5 ], "enabled": false, "windMode": [-1,-1,-1,-1], "windData": [1,1,1,1] },
										"west": { "texture": "#skin", "uv": [ 36.5, 21.5, 39.0, 22.5 ] },
										"up": { "texture": "#skin", "uv": [ 36.5, 21.0, 39.0, 21.5 ], "rotation": 90 },
										"down": { "texture": "#skin", "uv": [ 36.5, 22.5, 39.0, 23.0 ], "rotation": 90 }
									}
								},
								{
									"name": "L ear",
									"from": [ 0.99, 2.5575, 2.475 ], 
									"to": [ 1.32, 4.0425, 5.445 ], 
									"unwrapMode": 4,
									"uv": [ 36.5, 18.5 ],
									"rotationOrigin": [ 1.2375, 3.135, 2.475 ],
									"rotationX": -45.0,
									"rotationZ": 22.0,
									"faces": {
										"north": { "texture": "#skin", "uv": [ 36.5, 19.0, 37.0, 20.0 ], "enabled": false },
										"east": { "texture": "#skin", "uv": [ 39.5, 19.0, 42.0, 20.0 ] },
										"south": { "texture": "#skin", "uv": [ 39.0, 19.0, 39.5, 20.0 ] },
										"west": { "texture": "#skin", "uv": [ 36.5, 19.0, 39.0, 20.0 ] },
										"up": { "texture": "#skin", "uv": [ 36.5, 18.5, 39.0, 19.0 ], "rotation": 90 },
										"down": { "texture": "#skin", "uv": [ 36.5, 20.0, 39.0, 20.5 ], "rotation": 90 }
									}
								},
								{
									"name": "jaw",
									"from": [ -1.2375, 0.0, 0.7425 ], 
									"to": [ 1.2375, 0.495, 2.2275 ], 
									"unwrapMode": 5,
									"unwrapRotation": 1,
									"uv": [ 0.0, 12.5 ],
									"rotationOrigin": [ 0.9075, 0.495, 1.485 ],
									"rotationZ": 42.0,
									"faces": {
										"north": { "texture": "#skin", "uv": [ 0.0, 12.5, 0.5, 14.5 ], "rotation": 270 },
										"east": { "texture": "#skin", "uv": [ 0.5, 12.5, 1.5, 13.0 ], "rotation": 180, "enabled": false },
										"south": { "texture": "#skin", "uv": [ 1.5, 12.5, 2.0, 14.5 ], "rotation": 90 },
										"west": { "texture": "#skin", "uv": [ 0.5, 14.5, 1.5, 15.0 ] },
										"up": { "texture": "#skin", "uv": [ 0.5, 12.5, 1.5, 14.5 ], "rotation": 90 },
										"down": { "texture": "#skin", "uv": [ 2.0, 12.5, 3.0, 14.5 ], "rotation": 270 }
									}
								},
								{
									"name": "Horn attachment",
									"from": [ 0.0, 2.97, 1.485 ], 
									"to": [ 0.99, 3.96, 2.475 ], 
									"uv": [ 0.0, 0.0 ],
									"rotationOrigin": [ 0.0, 2.97, 1.485 ],
									"faces": {
										"north": { "texture": "#skin", "uv": [ 0.0, 1.0, 0.99, 1.99 ], "enabled": false },
										"east": { "texture": "#skin", "uv": [ 1.0, 1.0, 1.99, 1.99 ], "enabled": false, "windMode": [-1,-1,-1,-1], "windData": [1,1,1,1] },
										"south": { "texture": "#skin", "uv": [ 1.0, 1.0, 1.99, 1.99 ], "enabled": false, "windMode": [-1,-1,-1,-1], "windData": [1,1,1,1] },
										"west": { "texture": "#skin", "uv": [ 1.0, 1.0, 1.99, 1.99 ], "enabled": false, "windMode": [-1,-1,-1,-1], "windData": [1,1,1,1] },
										"up": { "texture": "#skin", "uv": [ 0.0, 0.0, 0.99, 0.99 ], "enabled": false, "windMode": [-1,-1,-1,-1], "windData": [1,1,1,1] },
										"down": { "texture": "#skin", "uv": [ 1.0, 0.0, 1.99, 0.99 ], "enabled": false, "windMode": [-1,-1,-1,-1], "windData": [1,1,1,1] }
									},
									"children": [
										{
											"name": "R antler base",
											"from": [ 0.0825, -0.0825, -1.0725 ], 
											"to": [ 0.7425, 1.4025, -0.4125 ], 
											"unwrapMode": 4,
											"uv": [ 0.0, 30.0 ],
											"rotationOrigin": [ 0.0825, 0.7425, -0.4125 ],
											"rotationY": -25.0,
											"rotationZ": 25.0,
											"faces": {
												"north": { "texture": "#skin", "uv": [ 0.0, 30.5, 0.5, 31.5 ] },
												"east": { "texture": "#skin", "uv": [ 1.5, 30.5, 2.0, 31.5 ] },
												"south": { "texture": "#skin", "uv": [ 1.0, 30.5, 1.5, 31.5 ] },
												"west": { "texture": "#skin", "uv": [ 0.5, 30.5, 1.0, 31.5 ] },
												"up": { "texture": "#skin", "uv": [ 0.5, 30.0, 1.0, 30.5 ], "rotation": 90 },
												"down": { "texture": "#skin", "uv": [ 0.5, 31.5, 1.0, 32.0 ], "rotation": 90 }
											},
											"children": [
												{
													"name": "R antler branch 1",
													"from": [ 0.0825, 1.485, 0.0413 ], 
													"to": [ 0.66, 3.135, 0.6188 ], 
													"unwrapMode": 4,
													"uv": [ 0.0, 25.0 ],
													"rotationOrigin": [ 0.0825, 1.485, 0.66 ],
													"rotationZ": -15.0,
													"faces": {
														"north": { "texture": "#skin", "uv": [ 0.0, 25.5, 0.5, 27.0 ] },
														"east": { "texture": "#skin", "uv": [ 1.5, 25.5, 2.0, 27.0 ] },
														"south": { "texture": "#skin", "uv": [ 1.0, 25.5, 1.5, 27.0 ] },
														"west": { "texture": "#skin", "uv": [ 0.5, 25.5, 1.0, 27.0 ] },
														"up": { "texture": "#skin", "uv": [ 0.5, 25.0, 1.0, 25.5 ], "rotation": 90 },
														"down": { "texture": "#skin", "uv": [ 0.5, 27.0, 1.0, 27.5 ], "rotation": 90 }
													},
													"children": [
														{
															"name": "R antler point 1",
															"from": [ 0.0825, 1.5675, 0.0825 ], 
															"to": [ 0.495, 4.0425, 0.495 ], 
															"unwrapMode": 4,
															"uv": [ 0.0, 22.0 ],
															"rotationOrigin": [ 0.0825, 1.5675, 0.495 ],
															"rotationX": 5.0,
															"rotationY": -2.0,
															"rotationZ": 5.0,
															"faces": {
																"north": { "texture": "#skin", "uv": [ 0.0, 22.5, 0.5, 24.5 ] },
																"east": { "texture": "#skin", "uv": [ 1.5, 22.5, 2.0, 24.5 ] },
																"south": { "texture": "#skin", "uv": [ 1.0, 22.5, 1.5, 24.5 ] },
																"west": { "texture": "#skin", "uv": [ 0.5, 22.5, 1.0, 24.5 ] },
																"up": { "texture": "#skin", "uv": [ 0.5, 22.0, 1.0, 22.5 ], "rotation": 90 },
																"down": { "texture": "#skin", "uv": [ 0.5, 24.5, 1.0, 25.0 ], "rotation": 90 }
															}
														}
													]
												},
												{
													"name": "R antler branch 2",
													"from": [ 0.0, 1.0725, 0.0413 ], 
													"to": [ 0.5775, 2.7225, 0.6188 ], 
													"unwrapMode": 4,
													"uv": [ 0.0, 27.5 ],
													"rotationOrigin": [ 0.0, 1.0502, 0.04 ],
													"rotationZ": 45.0,
													"faces": {
														"north": { "texture": "#skin", "uv": [ 0.0, 28.0, 0.5, 29.5 ] },
														"east": { "texture": "#skin", "uv": [ 1.5, 28.0, 2.0, 29.5 ] },
														"south": { "texture": "#skin", "uv": [ 1.0, 28.0, 1.5, 29.5 ] },
														"west": { "texture": "#skin", "uv": [ 0.5, 28.0, 1.0, 29.5 ] },
														"up": { "texture": "#skin", "uv": [ 0.5, 27.5, 1.0, 28.0 ], "rotation": 90 },
														"down": { "texture": "#skin", "uv": [ 0.5, 29.5, 1.0, 30.0 ], "rotation": 90 }
													},
													"children": [
														{
															"name": "R antler point 2",
															"from": [ 0.0825, 1.65, 0.0825 ], 
															"to": [ 0.495, 3.27, 0.495 ], 
															"unwrapMode": 4,
															"uv": [ 0.0, 19.5 ],
															"rotationOrigin": [ 0.0825, 1.6277, 0.0813 ],
															"rotationX": 2.0,
															"rotationZ": -25.0,
															"faces": {
																"north": { "texture": "#skin", "uv": [ 0.0, 20.0, 0.5, 21.5 ] },
																"east": { "texture": "#skin", "uv": [ 1.5, 20.0, 2.0, 21.5 ] },
																"south": { "texture": "#skin", "uv": [ 1.0, 20.0, 1.5, 21.5 ] },
																"west": { "texture": "#skin", "uv": [ 0.5, 20.0, 1.0, 21.5 ] },
																"up": { "texture": "#skin", "uv": [ 0.5, 19.5, 1.0, 20.0 ], "rotation": 90 },
																"down": { "texture": "#skin", "uv": [ 0.5, 21.5, 1.0, 22.0 ], "rotation": 90 }
															}
														}
													]
												}
											]
										},
										{
											"name": "L antler base",
											"from": [ 0.0825, -0.0825, 0.4125 ], 
											"to": [ 0.7425, 1.4025, 1.0725 ], 
											"unwrapMode": 4,
											"uv": [ 2.0, 30.0 ],
											"rotationOrigin": [ 0.0825, 0.7425, 0.4125 ],
											"rotationY": 25.0,
											"rotationZ": 25.0,
											"faces": {
												"north": { "texture": "#skin", "uv": [ 2.0, 30.5, 2.5, 31.5 ] },
												"east": { "texture": "#skin", "uv": [ 3.5, 30.5, 4.0, 31.5 ] },
												"south": { "texture": "#skin", "uv": [ 3.0, 30.5, 3.5, 31.5 ] },
												"west": { "texture": "#skin", "uv": [ 2.5, 30.5, 3.0, 31.5 ] },
												"up": { "texture": "#skin", "uv": [ 2.5, 30.0, 3.0, 30.5 ], "rotation": 90, "windMode": [-1,-1,-1,-1], "windData": [1,1,1,1] },
												"down": { "texture": "#skin", "uv": [ 2.5, 31.5, 3.0, 32.0 ], "rotation": 90, "windMode": [-1,-1,-1,-1], "windData": [1,1,1,1] }
											},
											"children": [
												{
													"name": "L antler branch 1",
													"from": [ 0.0825, 1.485, 0.0413 ], 
													"to": [ 0.66, 3.135, 0.6188 ], 
													"unwrapMode": 4,
													"uv": [ 2.0, 25.0 ],
													"rotationOrigin": [ 0.0825, 1.485, 0.0825 ],
													"rotationZ": -15.0,
													"faces": {
														"north": { "texture": "#skin", "uv": [ 2.0, 25.5, 2.5, 27.0 ] },
														"east": { "texture": "#skin", "uv": [ 3.5, 25.5, 4.0, 27.0 ] },
														"south": { "texture": "#skin", "uv": [ 3.0, 25.5, 3.5, 27.0 ] },
														"west": { "texture": "#skin", "uv": [ 2.5, 25.5, 3.0, 27.0 ] },
														"up": { "texture": "#skin", "uv": [ 2.5, 25.0, 3.0, 25.5 ], "rotation": 90 },
														"down": { "texture": "#skin", "uv": [ 2.5, 27.0, 3.0, 27.5 ], "rotation": 90 }
													},
													"children": [
														{
															"name": "L antler point 1",
															"from": [ 0.0825, 1.5675, 0.0825 ], 
															"to": [ 0.495, 4.0425, 0.495 ], 
															"unwrapMode": 4,
															"uv": [ 2.0, 22.0 ],
															"rotationOrigin": [ 0.0825, 1.5675, 0.1238 ],
															"rotationX": -4.0,
															"rotationY": 1.0,
															"rotationZ": 9.0,
															"faces": {
																"north": { "texture": "#skin", "uv": [ 2.0, 22.5, 2.5, 24.5 ] },
																"east": { "texture": "#skin", "uv": [ 3.5, 22.5, 4.0, 24.5 ] },
																"south": { "texture": "#skin", "uv": [ 3.0, 22.5, 3.5, 24.5 ] },
																"west": { "texture": "#skin", "uv": [ 2.5, 22.5, 3.0, 24.5 ] },
																"up": { "texture": "#skin", "uv": [ 2.5, 22.0, 3.0, 22.5 ], "rotation": 90 },
																"down": { "texture": "#skin", "uv": [ 2.5, 24.5, 3.0, 25.0 ], "rotation": 90 }
															}
														}
													]
												},
												{
													"name": "L antlerbranch 2",
													"from": [ 0.0, 1.0725, 0.0413 ], 
													"to": [ 0.5775, 2.7225, 0.6188 ], 
													"unwrapMode": 4,
													"uv": [ 2.0, 27.5 ],
													"rotationOrigin": [ 0.0, 1.1041, 0.825 ],
													"rotationZ": 45.0,
													"faces": {
														"north": { "texture": "#skin", "uv": [ 2.0, 28.0, 2.5, 29.5 ] },
														"east": { "texture": "#skin", "uv": [ 3.5, 28.0, 4.0, 29.5 ] },
														"south": { "texture": "#skin", "uv": [ 3.0, 28.0, 3.5, 29.5 ] },
														"west": { "texture": "#skin", "uv": [ 2.5, 28.0, 3.0, 29.5 ] },
														"up": { "texture": "#skin", "uv": [ 2.5, 27.5, 3.0, 28.0 ], "rotation": 90 },
														"down": { "texture": "#skin", "uv": [ 2.5, 29.5, 3.0, 30.0 ], "rotation": 90 }
													},
													"children": [
														{
															"name": "L antler point 2",
															"from": [ 0.0825, 1.65, 0.0825 ], 
															"to": [ 0.495, 3.27, 0.495 ], 
															"unwrapMode": 4,
															"uv": [ 2.0, 19.5 ],
															"rotationOrigin": [ 0.0825, 1.6817, 0.495 ],
															"rotationY": 4.0,
															"rotationZ": -25.0,
															"faces": {
																"north": { "texture": "#skin", "uv": [ 2.0, 20.0, 2.5, 21.5 ] },
																"east": { "texture": "#skin", "uv": [ 3.5, 20.0, 4.0, 21.5 ] },
																"south": { "texture": "#skin", "uv": [ 3.0, 20.0, 3.5, 21.5 ] },
																"west": { "texture": "#skin", "uv": [ 2.5, 20.0, 3.0, 21.5 ] },
																"up": { "texture": "#skin", "uv": [ 2.5, 19.5, 3.0, 20.0 ], "rotation": 90 },
																"down": { "texture": "#skin", "uv": [ 2.5, 21.5, 3.0, 22.0 ], "rotation": 90 }
															}
														}
													]
												}
											]
										}
									]
								}
							]
						}
					]
				}
			]
		}
	]}