{
	"editor": {
		"allAngles": true,
		"entityTextureMode": true
	},
	"textureWidth": 32,
	"textureHeight": 32,
	"textureSizes": {
		"skin": [32,32]
	},
	"textures": {
	},
	"elements": [
		{
			"name": "neck",
			"from": [ 15.57, 10.01, 7.37 ], 
			"to": [ 17.1513, 12.5538, 8.6075 ], 
			"unwrapMode": 3,
			"unwrapRotation": 1,
			"uv": [ 10.5, 26.5 ],
			"rotationOrigin": [ 17.2869, 10.0134, 7.9938 ],
			"rotationZ": 45.0,
			"faces": {
						"north": { "texture": "#skin", "uv": [ 16.0, 28.0, 20.0, 30.5 ], "rotation": 270, "windMode": [-1,-1,-1,-1], "windData": [0,0,1,0] },
						"east": { "texture": "#skin", "uv": [ 12.0, 26.5, 16.0, 28.0 ], "rotation": 90, "windMode": [-1,-1,-1,-1], "windData": [1,0,0,1] },
						"south": { "texture": "#skin", "uv": [ 12.0, 28.0, 16.0, 30.5 ], "rotation": 90 },
						"west": { "texture": "#skin", "uv": [ 12.0, 30.5, 16.0, 32.0 ], "rotation": 90 },
						"up": { "texture": "#skin", "uv": [ 10.5, 28.0, 12.0, 30.5 ], "rotation": 90 },
						"down": { "texture": "#skin", "uv": [ 16.0, 28.0, 17.5, 30.5 ], "rotation": 270, "enabled": false, "windMode": [-1,-1,-1,-1], "windData": [0,1,1,0] }
			},
			"children": [
				{
					"name": "neck2",
					"from": [ 0.2063, 1.5125, 0.0688 ], 
					"to": [ 1.5125, 3.85, 1.1688 ], 
					"unwrapMode": 3,
					"uv": [ 25.0, 0.0 ],
					"rotationOrigin": [ 1.5125, 2.2688, 0.6875 ],
					"rotationZ": -25.0,
					"faces": {
						"north": { "texture": "#skin", "uv": [ 30.0, 1.5, 32.0, 5.0 ], "windMode": [-1,-1,-1,-1], "windData": [1,1,1,1] },
						"east": { "texture": "#skin", "uv": [ 28.5, 1.5, 30.0, 5.0 ], "windMode": [-1,-1,-1,-1], "windData": [1,1,1,1] },
						"south": { "texture": "#skin", "uv": [ 26.5, 1.5, 28.5, 5.0 ], "windMode": [-1,-1,-1,-1], "windData": [1,1,1,1] },
						"west": { "texture": "#skin", "uv": [ 25.0, 1.5, 26.5, 5.0 ], "windMode": [-1,-1,-1,-1], "windData": [1,1,1,1] },
						"up": { "texture": "#skin", "uv": [ 26.5, 0.0, 28.5, 1.5 ], "windMode": [-1,-1,-1,-1], "windData": [1,1,1,1] },
						"down": { "texture": "#skin", "uv": [ 26.5, 5.0, 28.5, 6.5 ], "rotation": 180, "enabled": false, "windMode": [-1,-1,-1,-1], "windData": [1,1,1,1] }
					},
					"children": [
						{
							"name": "head",
							"from": [ 0.3438, 0.7563, -0.0687 ], 
							"to": [ 1.375, 2.3375, 1.1688 ], 
							"unwrapMode": 4,
							"uv": [ 9.0, 9.0 ],
							"rotationOrigin": [ 1.375, 2.3375, 0.55 ],
							"rotationZ": -60.0,
							"faces": {
								"north": { "texture": "#skin", "uv": [ 9.0, 10.5, 10.5, 13.0 ] },
								"east": { "texture": "#skin", "uv": [ 13.5, 10.5, 15.0, 13.0 ] },
								"south": { "texture": "#skin", "uv": [ 12.0, 10.5, 13.5, 13.0 ] },
								"west": { "texture": "#skin", "uv": [ 10.5, 10.5, 12.0, 13.0 ] },
								"up": { "texture": "#skin", "uv": [ 10.5, 9.0, 12.0, 10.5 ], "rotation": 90 },
								"down": { "texture": "#skin", "uv": [ 10.5, 13.0, 12.0, 14.5 ], "rotation": 90 }
							},
							"children": [
								{
									"name": "mouth up",
									"from": [ -1.2375, 0.0688, 0.275 ], 
									"to": [ 0.4125, 0.3438, 0.9625 ], 
									"unwrapMode": 5,
									"unwrapRotation": 1,
									"uv": [ 0.0, 0.0 ],
									"rotationOrigin": [ 0.3438, 0.3438, 0.6188 ],
									"rotationZ": 55.0,
									"faces": {
										"north": { "texture": "#skin", "uv": [ 0.0, 0.0, 0.5, 2.5 ], "rotation": 270 },
										"east": { "texture": "#skin", "uv": [ 0.5, 0.0, 1.5, 0.5 ], "rotation": 180, "enabled": false },
										"south": { "texture": "#skin", "uv": [ 1.5, 0.0, 2.0, 2.5 ], "rotation": 90 },
										"west": { "texture": "#skin", "uv": [ 0.5, 2.5, 1.5, 3.0 ] },
										"up": { "texture": "#skin", "uv": [ 0.5, 0.0, 1.5, 2.5 ], "rotation": 90 },
										"down": { "texture": "#skin", "uv": [ 2.0, 0.0, 3.0, 2.5 ], "rotation": 270 }
									},
									"children": [
										{
											"name": "nose",
											"from": [ -0.1375, 0.0688, -0.0031 ], 
											"to": [ 0.3438, 0.4813, 0.6906 ], 
											"unwrapMode": 4,
											"uv": [ 9.0, 14.0 ],
											"rotationOrigin": [ -0.1375, 0.4813, 0.2063 ],
											"rotationZ": 14.0,
											"faces": {
												"north": { "texture": "#skin", "uv": [ 9.0, 14.5, 9.5, 15.0 ], "windMode": [-1,-1,-1,-1], "windData": [1,1,1,1] },
												"east": { "texture": "#skin", "uv": [ 11.0, 14.5, 12.0, 15.0 ], "windMode": [-1,-1,-1,-1], "windData": [1,1,1,1] },
												"south": { "texture": "#skin", "uv": [ 10.5, 14.5, 11.0, 15.0 ], "windMode": [-1,-1,-1,-1], "windData": [1,1,1,1] },
												"west": { "texture": "#skin", "uv": [ 9.5, 14.5, 10.5, 15.0 ], "windMode": [-1,-1,-1,-1], "windData": [1,1,1,1] },
												"up": { "texture": "#skin", "uv": [ 9.5, 14.0, 10.5, 14.5 ], "rotation": 90, "windMode": [-1,-1,-1,-1], "windData": [1,1,1,1] },
												"down": { "texture": "#skin", "uv": [ 9.5, 15.0, 10.5, 15.5 ], "rotation": 90, "windMode": [-1,-1,-1,-1], "windData": [1,1,1,1] }
											}
										},
										{
											"name": "nose bridge",
											"from": [ 0.4813, 0.0, 0.0344 ], 
											"to": [ 2.5438, 0.6188, 0.6531 ], 
											"unwrapMode": 5,
											"unwrapRotation": 1,
											"uv": [ 1.5, 11.0 ],
											"rotationOrigin": [ 0.4813, 0.0, 0.2063 ],
											"rotationZ": 22.0,
											"faces": {
												"north": { "texture": "#skin", "uv": [ 1.5, 11.5, 2.0, 14.5 ], "rotation": 270 },
												"east": { "texture": "#skin", "uv": [ 2.0, 11.0, 2.5, 11.5 ], "rotation": 180, "windMode": [-1,-1,-1,-1], "windData": [0,0,0,0] },
												"south": { "texture": "#skin", "uv": [ 2.5, 11.5, 3.0, 14.5 ], "rotation": 90 },
												"west": { "texture": "#skin", "uv": [ 2.0, 14.5, 2.5, 15.0 ], "windMode": [-1,-1,-1,-1], "windData": [0,0,0,0] },
												"up": { "texture": "#skin", "uv": [ 2.0, 11.5, 2.5, 14.5 ], "rotation": 90 },
												"down": { "texture": "#skin", "uv": [ 3.0, 11.5, 3.5, 14.5 ], "rotation": 270, "enabled": false }
											}
										}
									]
								},
								{
									"name": "R ear",
									"from": [ 0.3438, 0.825, -0.9625 ], 
									"to": [ 0.4813, 1.5125, 0.1375 ], 
									"unwrapMode": 4,
									"uv": [ 12.0, 13.0 ],
									"rotationOrigin": [ 0.4813, 1.375, 0.0688 ],
									"rotationX": 55.0,
									"rotationZ": 22.0,
									"faces": {
										"north": { "texture": "#skin", "uv": [ 12.0, 13.5, 12.5, 14.5 ] },
										"east": { "texture": "#skin", "uv": [ 14.5, 13.5, 16.0, 14.5 ] },
										"south": { "texture": "#skin", "uv": [ 14.0, 13.5, 14.5, 14.5 ], "windMode": [-1,-1,-1,-1], "windData": [0,0,0,0] },
										"west": { "texture": "#skin", "uv": [ 12.5, 13.5, 14.0, 14.5 ] },
										"up": { "texture": "#skin", "uv": [ 12.5, 13.0, 14.0, 13.5 ], "rotation": 90 },
										"down": { "texture": "#skin", "uv": [ 12.5, 14.5, 14.0, 15.0 ], "rotation": 90 }
									}
								},
								{
									"name": "L ear",
									"from": [ 0.3438, 0.825, 1.1688 ], 
									"to": [ 0.4813, 1.5125, 2.2688 ], 
									"unwrapMode": 4,
									"uv": [ 11.5, 0.0 ],
									"rotationOrigin": [ 0.4813, 1.375, 1.1688 ],
									"rotationX": -55.0,
									"rotationZ": 22.0,
									"faces": {
										"north": { "texture": "#skin", "uv": [ 11.5, 0.5, 12.0, 1.5 ], "windMode": [-1,-1,-1,-1] },
										"east": { "texture": "#skin", "uv": [ 14.0, 0.5, 15.5, 1.5 ] },
										"south": { "texture": "#skin", "uv": [ 13.5, 0.5, 14.0, 1.5 ], "windMode": [-1,-1,-1,-1] },
										"west": { "texture": "#skin", "uv": [ 12.0, 0.5, 13.5, 1.5 ] },
										"up": { "texture": "#skin", "uv": [ 12.0, 0.0, 13.5, 0.5 ], "rotation": 90 },
										"down": { "texture": "#skin", "uv": [ 12.0, 1.5, 13.5, 2.0 ], "rotation": 90 }
									}
								},
								{
									"name": "jaw",
									"from": [ -0.825, 0.0, 0.3438 ], 
									"to": [ 0.8938, 0.2406, 0.8938 ], 
									"unwrapMode": 5,
									"unwrapRotation": 1,
									"uv": [ 0.0, 9.0 ],
									"rotationOrigin": [ 0.6875, 0.2063, 0.6875 ],
									"rotationZ": 48.0,
									"faces": {
										"north": { "texture": "#skin", "uv": [ 0.0, 9.0, 0.5, 11.5 ], "rotation": 270 },
										"east": { "texture": "#skin", "uv": [ 0.5, 9.0, 1.0, 9.5 ], "rotation": 180, "enabled": false },
										"south": { "texture": "#skin", "uv": [ 1.0, 9.0, 1.5, 11.5 ], "rotation": 90 },
										"west": { "texture": "#skin", "uv": [ 0.5, 11.5, 1.0, 12.0 ] },
										"up": { "texture": "#skin", "uv": [ 0.5, 9.0, 1.0, 11.5 ], "rotation": 90 },
										"down": { "texture": "#skin", "uv": [ 1.5, 9.0, 2.0, 11.5 ], "rotation": 270 }
									}
								},
								{
									"name": "Horn attachment",
									"from": [ 0.0, 1.4438, 0.6188 ], 
									"to": [ 0.4813, 1.925, 1.1 ], 
									"uv": [ 0.0, 0.0 ],
									"rotationOrigin": [ 0.0, 1.4438, 0.6188 ],
									"faces": {
										"north": { "texture": "#skin", "uv": [ 0.0, 1.0, 0.792, 1.792 ], "enabled": false },
										"east": { "texture": "#skin", "uv": [ 1.0, 1.0, 1.792, 1.792 ], "enabled": false, "windMode": [-1,-1,-1,-1], "windData": [1,1,1,1] },
										"south": { "texture": "#skin", "uv": [ 1.0, 1.0, 1.792, 1.792 ], "enabled": false, "windMode": [-1,-1,-1,-1], "windData": [1,1,1,1] },
										"west": { "texture": "#skin", "uv": [ 1.0, 1.0, 1.792, 1.792 ], "enabled": false, "windMode": [-1,-1,-1,-1], "windData": [1,1,1,1] },
										"up": { "texture": "#skin", "uv": [ 0.0, 0.0, 0.792, 0.792 ], "enabled": false, "windMode": [-1,-1,-1,-1], "windData": [1,1,1,1] },
										"down": { "texture": "#skin", "uv": [ 1.0, 0.0, 1.792, 0.792 ], "enabled": false, "windMode": [-1,-1,-1,-1], "windData": [1,1,1,1] }
									},
									"children": [
										{
											"name": "R antler base",
											"from": [ -0.2062, -0.4125, -0.4125 ], 
											"to": [ 0.0688, 0.1375, -0.1375 ], 
											"unwrapMode": 4,
											"uv": [ 0.0, 30.5 ],
											"rotationOrigin": [ -0.2062, -0.4125, -0.1375 ],
											"rotationX": -20.0,
											"rotationY": -25.0,
											"faces": {
												"north": { "texture": "#skin", "uv": [ 0.0, 31.0, 0.5, 31.5 ] },
												"east": { "texture": "#skin", "uv": [ 1.5, 31.0, 2.0, 31.5 ] },
												"south": { "texture": "#skin", "uv": [ 1.0, 31.0, 1.5, 31.5 ] },
												"west": { "texture": "#skin", "uv": [ 0.5, 31.0, 1.0, 31.5 ] },
												"up": { "texture": "#skin", "uv": [ 0.5, 30.5, 1.0, 31.0 ], "rotation": 90 },
												"down": { "texture": "#skin", "uv": [ 0.5, 31.5, 1.0, 32.0 ], "rotation": 90 }
											},
											"children": [
												{
													"name": "R antler",
													"from": [ 0.0344, 0.55, 0.0344 ], 
													"to": [ 0.2406, 1.2375, 0.2406 ], 
													"unwrapMode": 4,
													"uv": [ 0.0, 28.5 ],
													"rotationOrigin": [ 0.0, 0.55, 0.275 ],
													"faces": {
														"north": { "texture": "#skin", "uv": [ 0.0, 29.0, 0.5, 30.0 ] },
														"east": { "texture": "#skin", "uv": [ 1.5, 29.0, 2.0, 30.0 ] },
														"south": { "texture": "#skin", "uv": [ 1.0, 29.0, 1.5, 30.0 ] },
														"west": { "texture": "#skin", "uv": [ 0.5, 29.0, 1.0, 30.0 ] },
														"up": { "texture": "#skin", "uv": [ 0.5, 28.5, 1.0, 29.0 ], "rotation": 90 },
														"down": { "texture": "#skin", "uv": [ 0.5, 30.0, 1.0, 30.5 ], "rotation": 90 }
													}
												}
											]
										},
										{
											"name": "L antler base",
											"from": [ -0.2062, -0.4125, 0.1375 ], 
											"to": [ 0.0688, 0.1375, 0.4125 ], 
											"unwrapMode": 4,
											"uv": [ 2.0, 30.5 ],
											"rotationOrigin": [ -0.2062, -0.4125, 0.1375 ],
											"rotationX": 20.0,
											"rotationY": 25.0,
											"faces": {
												"north": { "texture": "#skin", "uv": [ 2.0, 31.0, 2.5, 31.5 ] },
												"east": { "texture": "#skin", "uv": [ 3.5, 31.0, 4.0, 31.5 ] },
												"south": { "texture": "#skin", "uv": [ 3.0, 31.0, 3.5, 31.5 ] },
												"west": { "texture": "#skin", "uv": [ 2.5, 31.0, 3.0, 31.5 ] },
												"up": { "texture": "#skin", "uv": [ 2.5, 30.5, 3.0, 31.0 ], "rotation": 90, "windMode": [-1,-1,-1,-1], "windData": [1,1,1,1] },
												"down": { "texture": "#skin", "uv": [ 2.5, 31.5, 3.0, 32.0 ], "rotation": 90, "windMode": [-1,-1,-1,-1], "windData": [1,1,1,1] }
											},
											"children": [
												{
													"name": "L antler",
													"from": [ 0.0344, 0.55, 0.0344 ], 
													"to": [ 0.2406, 1.2375, 0.2406 ], 
													"unwrapMode": 4,
													"uv": [ 2.0, 28.5 ],
													"rotationOrigin": [ 0.0, 0.55, 0.0 ],
													"faces": {
														"north": { "texture": "#skin", "uv": [ 2.0, 29.0, 2.5, 30.0 ] },
														"east": { "texture": "#skin", "uv": [ 3.5, 29.0, 4.0, 30.0 ] },
														"south": { "texture": "#skin", "uv": [ 3.0, 29.0, 3.5, 30.0 ] },
														"west": { "texture": "#skin", "uv": [ 2.5, 29.0, 3.0, 30.0 ] },
														"up": { "texture": "#skin", "uv": [ 2.5, 28.5, 3.0, 29.0 ], "rotation": 90 },
														"down": { "texture": "#skin", "uv": [ 2.5, 30.0, 3.0, 30.5 ], "rotation": 90 }
													}
												}
											]
										}
									]
								}
							]
						}
					]
				}
			]
		}
	]}