{
	"editor": {
		"allAngles": true,
		"entityTextureMode": true
	},
	"textureWidth": 32,
	"textureHeight": 32,
	"textureSizes": {
		"skin": [32,32]
	},
	"textures": {
	},
	"elements": [
		{
			"name": "neck",
			"from": [ 15.84, 5.71, 7.16 ], 
			"to": [ 18.66, 9.43, 8.96 ], 
			"unwrapMode": 3,
			"unwrapRotation": 1,
			"uv": [ 17.0, 0.0 ],
			"rotationOrigin": [ 18.4829, 5.7104, 8.06 ],
			"rotationZ": 54.0,
			"faces": {
				"north": { "texture": "#skin", "uv": [ 22.0, 1.5, 25.5, 4.0 ], "rotation": 270, "windMode": [-1,-1,-1,-1], "windData": [0,0,1,0] },
				"east": { "texture": "#skin", "uv": [ 18.5, 0.0, 22.0, 1.5 ], "rotation": 90, "windMode": [-1,-1,-1,-1], "windData": [1,0,0,1] },
				"south": { "texture": "#skin", "uv": [ 18.5, 1.5, 22.0, 4.0 ], "rotation": 90 },
				"west": { "texture": "#skin", "uv": [ 18.5, 4.0, 22.0, 5.5 ], "rotation": 90 },
				"up": { "texture": "#skin", "uv": [ 17.0, 1.5, 18.5, 4.0 ], "rotation": 90 },
				"down": { "texture": "#skin", "uv": [ 22.0, 1.5, 23.5, 4.0 ], "rotation": 270, "enabled": false, "windMode": [-1,-1,-1,-1], "windData": [0,1,1,0] }
			},
			"children": [
				{
					"name": "neck2",
					"from": [ 0.36, 1.98, 0.06 ], 
					"to": [ 2.64, 5.58, 1.74 ], 
					"unwrapMode": 3,
					"uv": [ 15.5, 7.0 ],
					"rotationOrigin": [ 2.52, 3.18, 0.9 ],
					"rotationZ": -35.0,
					"faces": {
						"north": { "texture": "#skin", "uv": [ 20.5, 8.5, 22.5, 12.0 ], "windMode": [-1,-1,-1,-1], "windData": [1,1,1,1] },
						"east": { "texture": "#skin", "uv": [ 19.0, 8.5, 20.5, 12.0 ], "windMode": [-1,-1,-1,-1], "windData": [1,1,1,1] },
						"south": { "texture": "#skin", "uv": [ 17.0, 8.5, 19.0, 12.0 ], "windMode": [-1,-1,-1,-1], "windData": [1,1,1,1] },
						"west": { "texture": "#skin", "uv": [ 15.5, 8.5, 17.0, 12.0 ], "windMode": [-1,-1,-1,-1], "windData": [1,1,1,1] },
						"up": { "texture": "#skin", "uv": [ 17.0, 7.0, 19.0, 8.5 ], "windMode": [-1,-1,-1,-1], "windData": [1,1,1,1] },
						"down": { "texture": "#skin", "uv": [ 17.0, 12.0, 19.0, 13.5 ], "rotation": 180, "enabled": false, "windMode": [-1,-1,-1,-1], "windData": [1,1,1,1] }
					},
					"children": [
						{
							"name": "head",
							"from": [ 0.36, 0.96, -0.24 ], 
							"to": [ 2.28, 3.66, 1.92 ], 
							"unwrapMode": 4,
							"uv": [ 8.5, 8.0 ],
							"rotationOrigin": [ 2.28, 3.6, 0.9 ],
							"rotationZ": -45.0,
							"faces": {
								"north": { "texture": "#skin", "uv": [ 8.5, 9.5, 10.0, 12.0 ] },
								"east": { "texture": "#skin", "uv": [ 13.5, 9.5, 15.5, 12.0 ] },
								"south": { "texture": "#skin", "uv": [ 12.0, 9.5, 13.5, 12.0 ] },
								"west": { "texture": "#skin", "uv": [ 10.0, 9.5, 12.0, 12.0 ] },
								"up": { "texture": "#skin", "uv": [ 10.0, 8.0, 12.0, 9.5 ], "rotation": 90 },
								"down": { "texture": "#skin", "uv": [ 10.0, 12.0, 12.0, 13.5 ], "rotation": 90 }
							},
							"children": [
								{
									"name": "mouth up",
									"from": [ -1.4, 0.3, 0.48 ], 
									"to": [ 0.36, 0.72, 1.68 ], 
									"unwrapMode": 5,
									"unwrapRotation": 1,
									"uv": [ 0.0, 8.0 ],
									"rotationOrigin": [ 0.3, 0.72, 1.08 ],
									"rotationZ": 45.0,
									"faces": {
										"north": { "texture": "#skin", "uv": [ 0.0, 8.0, 0.5, 9.5 ], "rotation": 270 },
										"east": { "texture": "#skin", "uv": [ 0.5, 8.0, 1.5, 8.5 ], "rotation": 180, "enabled": false },
										"south": { "texture": "#skin", "uv": [ 1.5, 8.0, 2.0, 9.5 ], "rotation": 90 },
										"west": { "texture": "#skin", "uv": [ 0.5, 9.5, 1.5, 10.0 ] },
										"up": { "texture": "#skin", "uv": [ 0.5, 8.0, 1.5, 9.5 ], "rotation": 90 },
										"down": { "texture": "#skin", "uv": [ 2.0, 8.0, 3.0, 9.5 ], "rotation": 270 }
									},
									"children": [
										{
											"name": "nose",
											"from": [ -0.24, 0.18, 0.18 ], 
											"to": [ 0.48, 0.78, 1.02 ], 
											"unwrapMode": 4,
											"uv": [ 11.0, 20.5 ],
											"rotationOrigin": [ -0.24, 0.78, 0.6 ],
											"rotationZ": 16.0,
											"faces": {
												"north": { "texture": "#skin", "uv": [ 11.0, 21.0, 11.5, 21.5 ], "windMode": [-1,-1,-1,-1], "windData": [1,1,1,1] },
												"east": { "texture": "#skin", "uv": [ 12.5, 21.0, 13.0, 21.5 ], "windMode": [-1,-1,-1,-1], "windData": [1,1,1,1] },
												"south": { "texture": "#skin", "uv": [ 12.0, 21.0, 12.5, 21.5 ], "windMode": [-1,-1,-1,-1], "windData": [1,1,1,1] },
												"west": { "texture": "#skin", "uv": [ 11.5, 21.0, 12.0, 21.5 ], "windMode": [-1,-1,-1,-1], "windData": [1,1,1,1] },
												"up": { "texture": "#skin", "uv": [ 11.5, 20.5, 12.0, 21.0 ], "rotation": 90, "windMode": [-1,-1,-1,-1], "windData": [1,1,1,1] },
												"down": { "texture": "#skin", "uv": [ 11.5, 21.5, 12.0, 22.0 ], "rotation": 90, "windMode": [-1,-1,-1,-1], "windData": [1,1,1,1] }
											}
										},
										{
											"name": "nose bridge",
											"from": [ 0.36, 0.0, 0.12 ], 
											"to": [ 3.3, 0.9, 1.08 ], 
											"unwrapMode": 5,
											"unwrapRotation": 1,
											"uv": [ 9.0, 20.5 ],
											"rotationOrigin": [ 0.36, 0.0, 0.48 ],
											"rotationZ": 20.0,
											"faces": {
												"north": { "texture": "#skin", "uv": [ 9.0, 20.5, 9.5, 23.0 ], "rotation": 270 },
												"east": { "texture": "#skin", "uv": [ 9.5, 20.5, 10.0, 21.0 ], "rotation": 180, "enabled": false, "windMode": [-1,-1,-1,-1], "windData": [1,1,1,1] },
												"south": { "texture": "#skin", "uv": [ 10.0, 20.5, 10.5, 23.0 ], "rotation": 90 },
												"west": { "texture": "#skin", "uv": [ 9.5, 23.0, 10.0, 23.5 ], "windMode": [-1,-1,-1,-1], "windData": [1,1,1,1] },
												"up": { "texture": "#skin", "uv": [ 9.5, 20.5, 10.0, 23.0 ], "rotation": 90 },
												"down": { "texture": "#skin", "uv": [ 10.5, 20.5, 11.0, 23.0 ], "rotation": 270, "enabled": false }
											}
										}
									]
								},
								{
									"name": "R ear",
									"from": [ 1.32, 1.62, -1.8 ], 
									"to": [ 1.68, 2.94, 0.36 ], 
									"unwrapMode": 4,
									"uv": [ 0.0, 26.0 ],
									"rotationOrigin": [ 1.5, 2.28, 0.36 ],
									"rotationX": 45.0,
									"rotationZ": 22.0,
									"faces": {
										"north": { "texture": "#skin", "uv": [ 0.0, 26.5, 0.5, 27.5 ] },
										"east": { "texture": "#skin", "uv": [ 2.5, 26.5, 4.5, 27.5 ] },
										"south": { "texture": "#skin", "uv": [ 2.5, 26.5, 3.0, 27.5 ], "enabled": false, "windMode": [-1,-1,-1,-1], "windData": [1,1,1,1] },
										"west": { "texture": "#skin", "uv": [ 0.5, 26.5, 2.5, 27.5 ] },
										"up": { "texture": "#skin", "uv": [ 0.5, 26.0, 2.5, 26.5 ], "rotation": 90 },
										"down": { "texture": "#skin", "uv": [ 0.5, 27.5, 2.5, 28.0 ], "rotation": 90 }
									}
								},
								{
									"name": "L ear",
									"from": [ 1.32, 1.62, 1.8 ], 
									"to": [ 1.68, 2.94, 3.96 ], 
									"unwrapMode": 4,
									"uv": [ 0.5, 23.5 ],
									"rotationOrigin": [ 1.5, 2.28, 1.8 ],
									"rotationX": -45.0,
									"rotationZ": 22.0,
									"faces": {
										"north": { "texture": "#skin", "uv": [ 0.5, 24.0, 1.0, 25.0 ], "enabled": false },
										"east": { "texture": "#skin", "uv": [ 3.0, 24.0, 5.0, 25.0 ] },
										"south": { "texture": "#skin", "uv": [ 2.5, 24.0, 3.0, 25.0 ] },
										"west": { "texture": "#skin", "uv": [ 0.5, 24.0, 2.5, 25.0 ] },
										"up": { "texture": "#skin", "uv": [ 0.5, 23.5, 2.5, 24.0 ], "rotation": 90 },
										"down": { "texture": "#skin", "uv": [ 0.5, 25.0, 2.5, 25.5 ], "rotation": 90 }
									}
								},
								{
									"name": "jaw",
									"from": [ -0.92, 0.0, 0.54 ], 
									"to": [ 0.84, 0.36, 1.62 ], 
									"unwrapMode": 5,
									"unwrapRotation": 1,
									"uv": [ 0.0, 10.0 ],
									"rotationOrigin": [ 0.66, 0.36, 1.08 ],
									"rotationZ": 35.0,
									"faces": {
										"north": { "texture": "#skin", "uv": [ 0.0, 10.0, 0.5, 11.5 ], "rotation": 270 },
										"east": { "texture": "#skin", "uv": [ 0.5, 10.0, 1.5, 10.5 ], "rotation": 180, "enabled": false },
										"south": { "texture": "#skin", "uv": [ 1.5, 10.0, 2.0, 11.5 ], "rotation": 90 },
										"west": { "texture": "#skin", "uv": [ 0.5, 11.5, 1.5, 12.0 ] },
										"up": { "texture": "#skin", "uv": [ 0.5, 10.0, 1.5, 11.5 ], "rotation": 90 },
										"down": { "texture": "#skin", "uv": [ 2.0, 10.0, 3.0, 11.5 ], "rotation": 270 }
									}
								}
							]
						}
					]
				}
			]
		}
	]}