{
	"editor": {
		"allAngles": true,
		"entityTextureMode": true
	},
	"textureWidth": 32,
	"textureHeight": 32,
	"textureSizes": {
		"skin": [32,32]
	},
	"textures": {
	},
	"elements": [
		{
			"name": "neck",
			"from": [ 14.84, 9.53, 7.38 ], 
			"to": [ 17.0992, 12.1348, 8.6472 ], 
			"unwrapMode": 3,
			"unwrapRotation": 1,
			"uv": [ 11.5, 25.5 ],
			"rotationOrigin": [ 16.5965, 10.1669, 8.0088 ],
			"rotationZ": 55.0,
			"faces": {
						"north": { "texture": "#skin", "uv": [ 17.0, 27.0, 21.0, 30.5 ], "rotation": 270, "windMode": [-1,-1,-1,-1], "windData": [0,0,1,0] },
						"east": { "texture": "#skin", "uv": [ 13.0, 25.5, 17.0, 27.0 ], "rotation": 90, "windMode": [-1,-1,-1,-1], "windData": [1,0,0,1] },
						"south": { "texture": "#skin", "uv": [ 13.0, 27.0, 17.0, 30.5 ], "rotation": 90 },
						"west": { "texture": "#skin", "uv": [ 13.0, 30.5, 17.0, 32.0 ], "rotation": 90 },
						"up": { "texture": "#skin", "uv": [ 11.5, 27.0, 13.0, 30.5 ], "rotation": 90 },
						"down": { "texture": "#skin", "uv": [ 17.0, 27.0, 18.5, 30.5 ], "rotation": 270, "enabled": false, "windMode": [-1,-1,-1,-1], "windData": [0,1,1,0] }
			},
			"children": [
				{
					"name": "neck2",
					"from": [ 0.4672, 1.4848, 0.0704 ], 
					"to": [ 2.1248, 3.8784, 1.1968 ], 
					"unwrapMode": 3,
					"uv": [ 24.0, 27.0 ],
					"rotationOrigin": [ 2.1888, 2.2592, 0.704 ],
					"rotationZ": -35.0,
					"faces": {
						"north": { "texture": "#skin", "uv": [ 29.5, 28.5, 32.0, 32.0 ], "windMode": [-1,-1,-1,-1], "windData": [1,1,1,1] },
						"east": { "texture": "#skin", "uv": [ 28.0, 28.5, 29.5, 32.0 ], "windMode": [-1,-1,-1,-1], "windData": [1,1,1,1] },
						"south": { "texture": "#skin", "uv": [ 25.5, 28.5, 28.0, 32.0 ], "windMode": [-1,-1,-1,-1], "windData": [1,1,1,1] },
						"west": { "texture": "#skin", "uv": [ 24.0, 28.5, 25.5, 32.0 ], "windMode": [-1,-1,-1,-1], "windData": [1,1,1,1] },
						"up": { "texture": "#skin", "uv": [ 25.5, 27.0, 28.0, 28.5 ], "windMode": [-1,-1,-1,-1], "windData": [1,1,1,1] },
						"down": { "texture": "#skin", "uv": [ 25.5, 32.0, 28.0, 33.5 ], "rotation": 180, "enabled": false, "windMode": [-1,-1,-1,-1], "windData": [1,1,1,1] }
					},
					"children": [
						{
							"name": "head",
							"from": [ 0.48, 0.7744, -0.0704 ], 
							"to": [ 1.664, 2.3936, 1.1968 ], 
							"unwrapMode": 4,
							"uv": [ 9.0, 9.0 ],
							"rotationOrigin": [ 1.664, 2.3936, 0.5632 ],
							"rotationZ": -45.0,
							"faces": {
								"north": { "texture": "#skin", "uv": [ 9.0, 10.5, 10.5, 13.0 ] },
								"east": { "texture": "#skin", "uv": [ 13.5, 10.5, 15.0, 13.0 ] },
								"south": { "texture": "#skin", "uv": [ 12.0, 10.5, 13.5, 13.0 ] },
								"west": { "texture": "#skin", "uv": [ 10.5, 10.5, 12.0, 13.0 ] },
								"up": { "texture": "#skin", "uv": [ 10.5, 9.0, 12.0, 10.5 ], "rotation": 90 },
								"down": { "texture": "#skin", "uv": [ 10.5, 13.0, 12.0, 14.5 ], "rotation": 90 }
							},
							"children": [
								{
									"name": "mouth up",
									"from": [ -1.0112, 0.0704, 0.2816 ], 
									"to": [ 0.4224, 0.5504, 0.9856 ], 
									"unwrapMode": 5,
									"unwrapRotation": 1,
									"uv": [ 0.0, 0.0 ],
									"rotationOrigin": [ 0.352, 0.352, 0.6336 ],
									"rotationZ": 35.0,
									"faces": {
										"north": { "texture": "#skin", "uv": [ 0.0, 0.0, 0.5, 2.0 ], "rotation": 270 },
										"east": { "texture": "#skin", "uv": [ 0.5, 0.0, 1.5, 0.5 ], "rotation": 180, "enabled": false },
										"south": { "texture": "#skin", "uv": [ 1.5, 0.0, 2.0, 2.0 ], "rotation": 90 },
										"west": { "texture": "#skin", "uv": [ 0.5, 2.0, 1.5, 2.5 ] },
										"up": { "texture": "#skin", "uv": [ 0.5, 0.0, 1.5, 2.0 ], "rotation": 90 },
										"down": { "texture": "#skin", "uv": [ 2.0, 0.0, 3.0, 2.0 ], "rotation": 270 }
									},
									"children": [
										{
											"name": "nose",
											"from": [ -0.2048, 0.032, 0.064 ], 
											"to": [ 0.288, 0.4544, 0.6464 ], 
											"unwrapMode": 4,
											"uv": [ 9.0, 14.0 ],
											"rotationOrigin": [ -0.2048, 0.4288, 0.3392 ],
											"rotationZ": 31.0,
											"faces": {
												"north": { "texture": "#skin", "uv": [ 9.0, 14.5, 9.5, 15.0 ], "windMode": [-1,-1,-1,-1], "windData": [1,1,1,1] },
												"east": { "texture": "#skin", "uv": [ 10.5, 14.5, 11.0, 15.0 ], "windMode": [-1,-1,-1,-1], "windData": [1,1,1,1] },
												"south": { "texture": "#skin", "uv": [ 10.0, 14.5, 10.5, 15.0 ], "windMode": [-1,-1,-1,-1], "windData": [1,1,1,1] },
												"west": { "texture": "#skin", "uv": [ 9.5, 14.5, 10.0, 15.0 ], "windMode": [-1,-1,-1,-1], "windData": [1,1,1,1] },
												"up": { "texture": "#skin", "uv": [ 9.5, 14.0, 10.0, 14.5 ], "rotation": 90, "windMode": [-1,-1,-1,-1], "windData": [1,1,1,1] },
												"down": { "texture": "#skin", "uv": [ 9.5, 15.0, 10.0, 15.5 ], "rotation": 90, "windMode": [-1,-1,-1,-1], "windData": [1,1,1,1] }
											}
										},
										{
											"name": "nose bridge",
											"from": [ 0.3008, 0.0, 0.0352 ], 
											"to": [ 2.3488, 0.6336, 0.6688 ], 
											"unwrapMode": 5,
											"unwrapRotation": 1,
											"uv": [ 1.5, 11.0 ],
											"rotationOrigin": [ 0.3008, 0.0, 0.2112 ],
											"rotationZ": 32.0,
											"faces": {
												"north": { "texture": "#skin", "uv": [ 1.5, 11.5, 2.0, 14.5 ], "rotation": 270 },
												"east": { "texture": "#skin", "uv": [ 2.0, 11.0, 2.5, 11.5 ], "rotation": 180, "windMode": [-1,-1,-1,-1], "windData": [0,0,0,0] },
												"south": { "texture": "#skin", "uv": [ 2.5, 11.5, 3.0, 14.5 ], "rotation": 90 },
												"west": { "texture": "#skin", "uv": [ 2.0, 14.5, 2.5, 15.0 ], "windMode": [-1,-1,-1,-1], "windData": [0,0,0,0] },
												"up": { "texture": "#skin", "uv": [ 2.0, 11.5, 2.5, 14.5 ], "rotation": 90 },
												"down": { "texture": "#skin", "uv": [ 3.0, 11.5, 3.5, 14.5 ], "rotation": 270, "enabled": false }
											}
										}
									]
								},
								{
									"name": "R ear",
									"from": [ 0.608, 0.8448, -0.8576 ], 
									"to": [ 0.7488, 1.5488, 0.0768 ], 
									"unwrapMode": 4,
									"uv": [ 12.0, 13.0 ],
									"rotationOrigin": [ 0.7488, 1.408, 0.0704 ],
									"rotationX": 55.0,
									"rotationZ": 22.0,
									"faces": {
										"north": { "texture": "#skin", "uv": [ 12.0, 13.5, 12.5, 14.5 ] },
										"east": { "texture": "#skin", "uv": [ 14.0, 13.5, 15.0, 14.5 ] },
										"south": { "texture": "#skin", "uv": [ 13.5, 13.5, 14.0, 14.5 ], "windMode": [-1,-1,-1,-1], "windData": [0,0,0,0] },
										"west": { "texture": "#skin", "uv": [ 12.5, 13.5, 13.5, 14.5 ] },
										"up": { "texture": "#skin", "uv": [ 12.5, 13.0, 13.5, 13.5 ], "rotation": 90 },
										"down": { "texture": "#skin", "uv": [ 12.5, 14.5, 13.5, 15.0 ], "rotation": 90 }
									}
								},
								{
									"name": "L ear",
									"from": [ 0.608, 0.8448, 1.1968 ], 
									"to": [ 0.7488, 1.5488, 2.1312 ], 
									"unwrapMode": 4,
									"uv": [ 13.5, 0.0 ],
									"rotationOrigin": [ 0.7488, 1.408, 1.1968 ],
									"rotationX": -55.0,
									"rotationZ": 22.0,
									"faces": {
										"north": { "texture": "#skin", "uv": [ 13.5, 0.5, 14.0, 1.5 ], "windMode": [-1,-1,-1,-1] },
										"east": { "texture": "#skin", "uv": [ 15.5, 0.5, 16.5, 1.5 ] },
										"south": { "texture": "#skin", "uv": [ 15.0, 0.5, 15.5, 1.5 ], "windMode": [-1,-1,-1,-1] },
										"west": { "texture": "#skin", "uv": [ 14.0, 0.5, 15.0, 1.5 ] },
										"up": { "texture": "#skin", "uv": [ 14.0, 0.0, 15.0, 0.5 ], "rotation": 90 },
										"down": { "texture": "#skin", "uv": [ 14.0, 1.5, 15.0, 2.0 ], "rotation": 90 }
									}
								},
								{
									"name": "jaw",
									"from": [ -0.8448, 0.0, 0.352 ], 
									"to": [ 0.9152, 0.2464, 0.9152 ], 
									"unwrapMode": 5,
									"unwrapRotation": 1,
									"uv": [ 0.0, 9.0 ],
									"rotationOrigin": [ 0.704, 0.2112, 0.704 ],
									"rotationZ": 31.0,
									"faces": {
										"north": { "texture": "#skin", "uv": [ 0.0, 9.0, 0.5, 11.5 ], "rotation": 270 },
										"east": { "texture": "#skin", "uv": [ 0.5, 9.0, 1.0, 9.5 ], "rotation": 180, "enabled": false },
										"south": { "texture": "#skin", "uv": [ 1.0, 9.0, 1.5, 11.5 ], "rotation": 90 },
										"west": { "texture": "#skin", "uv": [ 0.5, 11.5, 1.0, 12.0 ] },
										"up": { "texture": "#skin", "uv": [ 0.5, 9.0, 1.0, 11.5 ], "rotation": 90 },
										"down": { "texture": "#skin", "uv": [ 1.5, 9.0, 2.0, 11.5 ], "rotation": 270 }
									}
								}
							]
						}
					]
				}
			]
		}
	]}