{
	"editor": {
		"allAngles": true,
		"entityTextureMode": true
	},
	"textureWidth": 32,
	"textureHeight": 32,
	"textureSizes": {
		"skin": [32,32]
	},
	"textures": {
	},
	"elements": [
		{
			"name": "neck",
			"from": [ 15.12, 9.56, 7.53 ], 
			"to": [ 16.9838, 11.709, 8.5754 ], 
			"unwrapMode": 3,
			"unwrapRotation": 1,
			"uv": [ 11.5, 25.5 ],
			"rotationOrigin": [ 16.5671, 10.0876, 8.0498 ],
			"rotationZ": 55.0,
			"faces": {
						"north": { "texture": "#skin", "uv": [ 17.0, 27.0, 21.0, 30.5 ], "rotation": 270, "windMode": [-1,-1,-1,-1], "windData": [0,0,1,0] },
						"east": { "texture": "#skin", "uv": [ 13.0, 25.5, 17.0, 27.0 ], "rotation": 90, "windMode": [-1,-1,-1,-1], "windData": [1,0,0,1] },
						"south": { "texture": "#skin", "uv": [ 13.0, 27.0, 17.0, 30.5 ], "rotation": 90 },
						"west": { "texture": "#skin", "uv": [ 13.0, 30.5, 17.0, 32.0 ], "rotation": 90 },
						"up": { "texture": "#skin", "uv": [ 11.5, 27.0, 13.0, 30.5 ], "rotation": 90 },
						"down": { "texture": "#skin", "uv": [ 17.0, 27.0, 18.5, 30.5 ], "rotation": 270, "enabled": false, "windMode": [-1,-1,-1,-1], "windData": [0,1,1,0] }
			},
			"children": [
				{
					"name": "neck2",
					"from": [ 0.3854, 1.225, 0.0581 ], 
					"to": [ 1.753, 3.1997, 0.9874 ], 
					"unwrapMode": 3,
					"uv": [ 24.0, 27.0 ],
					"rotationOrigin": [ 1.8058, 1.8638, 0.5808 ],
					"rotationZ": -35.0,
					"faces": {
						"north": { "texture": "#skin", "uv": [ 29.5, 28.5, 32.0, 32.0 ], "windMode": [-1,-1,-1,-1], "windData": [1,1,1,1] },
						"east": { "texture": "#skin", "uv": [ 28.0, 28.5, 29.5, 32.0 ], "windMode": [-1,-1,-1,-1], "windData": [1,1,1,1] },
						"south": { "texture": "#skin", "uv": [ 25.5, 28.5, 28.0, 32.0 ], "windMode": [-1,-1,-1,-1], "windData": [1,1,1,1] },
						"west": { "texture": "#skin", "uv": [ 24.0, 28.5, 25.5, 32.0 ], "windMode": [-1,-1,-1,-1], "windData": [1,1,1,1] },
						"up": { "texture": "#skin", "uv": [ 25.5, 27.0, 28.0, 28.5 ], "windMode": [-1,-1,-1,-1], "windData": [1,1,1,1] },
						"down": { "texture": "#skin", "uv": [ 25.5, 32.0, 28.0, 33.5 ], "rotation": 180, "enabled": false, "windMode": [-1,-1,-1,-1], "windData": [1,1,1,1] }
					},
					"children": [
						{
							"name": "head",
							"from": [ 0.396, 0.6389, -0.0581 ], 
							"to": [ 1.3728, 1.9747, 0.9874 ], 
							"unwrapMode": 4,
							"uv": [ 9.0, 9.0 ],
							"rotationOrigin": [ 1.3728, 1.9747, 0.4646 ],
							"rotationZ": -45.0,
							"faces": {
								"north": { "texture": "#skin", "uv": [ 9.0, 10.5, 10.5, 13.0 ] },
								"east": { "texture": "#skin", "uv": [ 13.5, 10.5, 15.0, 13.0 ] },
								"south": { "texture": "#skin", "uv": [ 12.0, 10.5, 13.5, 13.0 ] },
								"west": { "texture": "#skin", "uv": [ 10.5, 10.5, 12.0, 13.0 ] },
								"up": { "texture": "#skin", "uv": [ 10.5, 9.0, 12.0, 10.5 ], "rotation": 90 },
								"down": { "texture": "#skin", "uv": [ 10.5, 13.0, 12.0, 14.5 ], "rotation": 90 }
							},
							"children": [
								{
									"name": "mouth up",
									"from": [ -0.8342, 0.0581, 0.2323 ], 
									"to": [ 0.3485, 0.4541, 0.8131 ], 
									"unwrapMode": 5,
									"unwrapRotation": 1,
									"uv": [ 0.0, 0.0 ],
									"rotationOrigin": [ 0.2904, 0.2904, 0.5227 ],
									"rotationZ": 35.0,
									"faces": {
										"north": { "texture": "#skin", "uv": [ 0.0, 0.0, 0.5, 2.0 ], "rotation": 270 },
										"east": { "texture": "#skin", "uv": [ 0.5, 0.0, 1.5, 0.5 ], "rotation": 180, "enabled": false },
										"south": { "texture": "#skin", "uv": [ 1.5, 0.0, 2.0, 2.0 ], "rotation": 90 },
										"west": { "texture": "#skin", "uv": [ 0.5, 2.0, 1.5, 2.5 ] },
										"up": { "texture": "#skin", "uv": [ 0.5, 0.0, 1.5, 2.0 ], "rotation": 90 },
										"down": { "texture": "#skin", "uv": [ 2.0, 0.0, 3.0, 2.0 ], "rotation": 270 }
									},
									"children": [
										{
											"name": "nose",
											"from": [ -0.169, 0.0264, 0.0528 ], 
											"to": [ 0.2376, 0.3749, 0.5333 ], 
											"unwrapMode": 4,
											"uv": [ 9.0, 14.0 ],
											"rotationOrigin": [ -0.169, 0.3538, 0.2798 ],
											"rotationZ": 31.0,
											"faces": {
												"north": { "texture": "#skin", "uv": [ 9.0, 14.5, 9.5, 15.0 ], "windMode": [-1,-1,-1,-1], "windData": [1,1,1,1] },
												"east": { "texture": "#skin", "uv": [ 10.5, 14.5, 11.0, 15.0 ], "windMode": [-1,-1,-1,-1], "windData": [1,1,1,1] },
												"south": { "texture": "#skin", "uv": [ 10.0, 14.5, 10.5, 15.0 ], "windMode": [-1,-1,-1,-1], "windData": [1,1,1,1] },
												"west": { "texture": "#skin", "uv": [ 9.5, 14.5, 10.0, 15.0 ], "windMode": [-1,-1,-1,-1], "windData": [1,1,1,1] },
												"up": { "texture": "#skin", "uv": [ 9.5, 14.0, 10.0, 14.5 ], "rotation": 90, "windMode": [-1,-1,-1,-1], "windData": [1,1,1,1] },
												"down": { "texture": "#skin", "uv": [ 9.5, 15.0, 10.0, 15.5 ], "rotation": 90, "windMode": [-1,-1,-1,-1], "windData": [1,1,1,1] }
											}
										},
										{
											"name": "nose bridge",
											"from": [ 0.2482, 0.0, 0.029 ], 
											"to": [ 1.9378, 0.5227, 0.5518 ], 
											"unwrapMode": 5,
											"unwrapRotation": 1,
											"uv": [ 1.5, 11.0 ],
											"rotationOrigin": [ 0.2482, 0.0, 0.1742 ],
											"rotationZ": 32.0,
											"faces": {
												"north": { "texture": "#skin", "uv": [ 1.5, 11.5, 2.0, 14.5 ], "rotation": 270 },
												"east": { "texture": "#skin", "uv": [ 2.0, 11.0, 2.5, 11.5 ], "rotation": 180, "windMode": [-1,-1,-1,-1], "windData": [0,0,0,0] },
												"south": { "texture": "#skin", "uv": [ 2.5, 11.5, 3.0, 14.5 ], "rotation": 90 },
												"west": { "texture": "#skin", "uv": [ 2.0, 14.5, 2.5, 15.0 ], "windMode": [-1,-1,-1,-1], "windData": [0,0,0,0] },
												"up": { "texture": "#skin", "uv": [ 2.0, 11.5, 2.5, 14.5 ], "rotation": 90 },
												"down": { "texture": "#skin", "uv": [ 3.0, 11.5, 3.5, 14.5 ], "rotation": 270, "enabled": false }
											}
										}
									]
								},
								{
									"name": "R ear",
									"from": [ 0.5016, 0.697, -0.7075 ], 
									"to": [ 0.6178, 1.2778, 0.0634 ], 
									"unwrapMode": 4,
									"uv": [ 12.0, 13.0 ],
									"rotationOrigin": [ 0.6178, 1.1616, 0.0581 ],
									"rotationX": 55.0,
									"rotationZ": 22.0,
									"faces": {
										"north": { "texture": "#skin", "uv": [ 12.0, 13.5, 12.5, 14.5 ] },
										"east": { "texture": "#skin", "uv": [ 14.0, 13.5, 15.0, 14.5 ] },
										"south": { "texture": "#skin", "uv": [ 13.5, 13.5, 14.0, 14.5 ], "windMode": [-1,-1,-1,-1], "windData": [0,0,0,0] },
										"west": { "texture": "#skin", "uv": [ 12.5, 13.5, 13.5, 14.5 ] },
										"up": { "texture": "#skin", "uv": [ 12.5, 13.0, 13.5, 13.5 ], "rotation": 90 },
										"down": { "texture": "#skin", "uv": [ 12.5, 14.5, 13.5, 15.0 ], "rotation": 90 }
									}
								},
								{
									"name": "L ear",
									"from": [ 0.5016, 0.697, 0.9874 ], 
									"to": [ 0.6178, 1.2778, 1.7582 ], 
									"unwrapMode": 4,
									"uv": [ 13.5, 0.0 ],
									"rotationOrigin": [ 0.6178, 1.1616, 0.9874 ],
									"rotationX": -55.0,
									"rotationZ": 22.0,
									"faces": {
										"north": { "texture": "#skin", "uv": [ 13.5, 0.5, 14.0, 1.5 ], "windMode": [-1,-1,-1,-1] },
										"east": { "texture": "#skin", "uv": [ 15.5, 0.5, 16.5, 1.5 ] },
										"south": { "texture": "#skin", "uv": [ 15.0, 0.5, 15.5, 1.5 ], "windMode": [-1,-1,-1,-1] },
										"west": { "texture": "#skin", "uv": [ 14.0, 0.5, 15.0, 1.5 ] },
										"up": { "texture": "#skin", "uv": [ 14.0, 0.0, 15.0, 0.5 ], "rotation": 90 },
										"down": { "texture": "#skin", "uv": [ 14.0, 1.5, 15.0, 2.0 ], "rotation": 90 }
									}
								},
								{
									"name": "jaw",
									"from": [ -0.697, 0.0, 0.2904 ], 
									"to": [ 0.755, 0.2033, 0.755 ], 
									"unwrapMode": 5,
									"unwrapRotation": 1,
									"uv": [ 0.0, 9.0 ],
									"rotationOrigin": [ 0.5808, 0.1742, 0.5808 ],
									"rotationZ": 31.0,
									"faces": {
										"north": { "texture": "#skin", "uv": [ 0.0, 9.0, 0.5, 11.5 ], "rotation": 270 },
										"east": { "texture": "#skin", "uv": [ 0.5, 9.0, 1.0, 9.5 ], "rotation": 180, "enabled": false },
										"south": { "texture": "#skin", "uv": [ 1.0, 9.0, 1.5, 11.5 ], "rotation": 90 },
										"west": { "texture": "#skin", "uv": [ 0.5, 11.5, 1.0, 12.0 ] },
										"up": { "texture": "#skin", "uv": [ 0.5, 9.0, 1.0, 11.5 ], "rotation": 90 },
										"down": { "texture": "#skin", "uv": [ 1.5, 9.0, 2.0, 11.5 ], "rotation": 270 }
									}
								}
							]
						}
					]
				}
			]
		}
	]}