{
	"editor": {
		"allAngles": true,
		"entityTextureMode": true
	},
	"textureWidth": 32,
	"textureHeight": 32,
	"textureSizes": {
		"skin": [32,32]
	},
	"textures": {
	},
	"elements": [
		{
			"name": "Body",
			"from": [ 4.37, 6.6413, 6.27 ], 
			"to": [ 9.8563, 11.4538, 9.1575 ], 
			"unwrapMode": 3,
			"unwrapRotation": 1,
			"uv": [ 0.0, 0.0 ],
			"rotationOrigin": [ 9.855, 9.1437, 8.0 ],
			"rotationZ": 8.0,
			"faces": {
				"north": { "texture": "#skin", "uv": [ 11.5, 3.0, 17.0, 9.0 ], "rotation": 270 },
				"east": { "texture": "#skin", "uv": [ 3.0, 0.0, 8.5, 3.0 ], "rotation": 90 },
				"south": { "texture": "#skin", "uv": [ 3.0, 3.0, 8.5, 9.0 ], "rotation": 90 },
				"west": { "texture": "#skin", "uv": [ 3.0, 9.0, 8.5, 12.0 ], "rotation": 90 },
				"up": { "texture": "#skin", "uv": [ 0.0, 3.0, 3.0, 9.0 ], "rotation": 90 },
				"down": { "texture": "#skin", "uv": [ 8.5, 3.0, 11.5, 9.0 ], "rotation": 270 }
			},
			"children": [
				{
					"name": "neck",
					"from": [ -1.3562, 4.8825, 0.5775 ], 
					"to": [ 0.8575, 8.4438, 2.31 ], 
					"unwrapMode": 3,
					"unwrapRotation": 1,
					"uv": [ 10.5, 26.5 ],
					"rotationOrigin": [ 1.05, 4.8825, 1.4437 ],
					"rotationY": -11.0,
					"rotationZ": 90.0,
					"faces": {
						"north": { "texture": "#skin", "uv": [ 16.0, 28.0, 20.0, 30.5 ], "rotation": 270, "windMode": [-1,-1,-1,-1], "windData": [0,0,1,0] },
						"east": { "texture": "#skin", "uv": [ 12.0, 26.5, 16.0, 28.0 ], "rotation": 90, "windMode": [-1,-1,-1,-1], "windData": [1,0,0,1] },
						"south": { "texture": "#skin", "uv": [ 12.0, 28.0, 16.0, 30.5 ], "rotation": 90 },
						"west": { "texture": "#skin", "uv": [ 12.0, 30.5, 16.0, 32.0 ], "rotation": 90 },
						"up": { "texture": "#skin", "uv": [ 10.5, 28.0, 12.0, 30.5 ], "rotation": 90 },
						"down": { "texture": "#skin", "uv": [ 16.0, 28.0, 17.5, 30.5 ], "rotation": 270, "enabled": false, "windMode": [-1,-1,-1,-1], "windData": [0,1,1,0] }
					},
					"children": [
						{
							"name": "neck2",
							"from": [ 0.2888, 2.1175, 0.0963 ], 
							"to": [ 2.1175, 5.39, 1.6363 ], 
							"unwrapMode": 3,
							"uv": [ 25.0, 0.0 ],
							"rotationOrigin": [ 2.1175, 3.1763, 0.9625 ],
							"rotationZ": -11.0,
							"faces": {
								"north": { "texture": "#skin", "uv": [ 30.0, 1.5, 32.0, 5.0 ], "windMode": [-1,-1,-1,-1], "windData": [1,1,1,1] },
								"east": { "texture": "#skin", "uv": [ 28.5, 1.5, 30.0, 5.0 ], "windMode": [-1,-1,-1,-1], "windData": [1,1,1,1] },
								"south": { "texture": "#skin", "uv": [ 26.5, 1.5, 28.5, 5.0 ], "windMode": [-1,-1,-1,-1], "windData": [1,1,1,1] },
								"west": { "texture": "#skin", "uv": [ 25.0, 1.5, 26.5, 5.0 ], "windMode": [-1,-1,-1,-1], "windData": [1,1,1,1] },
								"up": { "texture": "#skin", "uv": [ 26.5, 0.0, 28.5, 1.5 ], "windMode": [-1,-1,-1,-1], "windData": [1,1,1,1] },
								"down": { "texture": "#skin", "uv": [ 26.5, 5.0, 28.5, 6.5 ], "rotation": 180, "enabled": false, "windMode": [-1,-1,-1,-1], "windData": [1,1,1,1] }
							},
							"children": [
								{
									"name": "head",
									"from": [ 0.4813, 0.6213, -0.0962 ], 
									"to": [ 1.925, 2.835, 1.6363 ], 
									"unwrapMode": 4,
									"uv": [ 9.0, 9.0 ],
									"rotationOrigin": [ 1.925, 2.835, 0.77 ],
									"rotationZ": -102.0,
									"faces": {
										"north": { "texture": "#skin", "uv": [ 9.0, 10.5, 10.5, 13.0 ] },
										"east": { "texture": "#skin", "uv": [ 13.5, 10.5, 15.0, 13.0 ] },
										"south": { "texture": "#skin", "uv": [ 12.0, 10.5, 13.5, 13.0 ] },
										"west": { "texture": "#skin", "uv": [ 10.5, 10.5, 12.0, 13.0 ] },
										"up": { "texture": "#skin", "uv": [ 10.5, 9.0, 12.0, 10.5 ], "rotation": 90 },
										"down": { "texture": "#skin", "uv": [ 10.5, 13.0, 12.0, 14.5 ], "rotation": 90 }
									},
									"children": [
										{
											"name": "mouth up",
											"from": [ -1.7325, 0.0963, 0.385 ], 
											"to": [ 0.5775, 0.4813, 1.3475 ], 
											"unwrapMode": 5,
											"unwrapRotation": 1,
											"uv": [ 0.0, 0.0 ],
											"rotationOrigin": [ 0.4813, 0.4813, 0.8663 ],
											"rotationZ": 55.0,
											"faces": {
												"north": { "texture": "#skin", "uv": [ 0.0, 0.0, 0.5, 2.5 ], "rotation": 270 },
												"east": { "texture": "#skin", "uv": [ 0.5, 0.0, 1.5, 0.5 ], "rotation": 180, "enabled": false },
												"south": { "texture": "#skin", "uv": [ 1.5, 0.0, 2.0, 2.5 ], "rotation": 90 },
												"west": { "texture": "#skin", "uv": [ 0.5, 2.5, 1.5, 3.0 ] },
												"up": { "texture": "#skin", "uv": [ 0.5, 0.0, 1.5, 2.5 ], "rotation": 90 },
												"down": { "texture": "#skin", "uv": [ 2.0, 0.0, 3.0, 2.5 ], "rotation": 270 }
											},
											"children": [
												{
													"name": "nose",
													"from": [ -0.1925, 0.0963, -0.0044 ], 
													"to": [ 0.4813, 0.6738, 0.9669 ], 
													"unwrapMode": 4,
													"uv": [ 9.0, 14.0 ],
													"rotationOrigin": [ -0.1925, 0.6738, 0.2888 ],
													"rotationZ": 14.0,
													"faces": {
														"north": { "texture": "#skin", "uv": [ 9.0, 14.5, 9.5, 15.0 ], "windMode": [-1,-1,-1,-1], "windData": [1,1,1,1] },
														"east": { "texture": "#skin", "uv": [ 11.0, 14.5, 12.0, 15.0 ], "windMode": [-1,-1,-1,-1], "windData": [1,1,1,1] },
														"south": { "texture": "#skin", "uv": [ 10.5, 14.5, 11.0, 15.0 ], "windMode": [-1,-1,-1,-1], "windData": [1,1,1,1] },
														"west": { "texture": "#skin", "uv": [ 9.5, 14.5, 10.5, 15.0 ], "windMode": [-1,-1,-1,-1], "windData": [1,1,1,1] },
														"up": { "texture": "#skin", "uv": [ 9.5, 14.0, 10.5, 14.5 ], "rotation": 90, "windMode": [-1,-1,-1,-1], "windData": [1,1,1,1] },
														"down": { "texture": "#skin", "uv": [ 9.5, 15.0, 10.5, 15.5 ], "rotation": 90, "windMode": [-1,-1,-1,-1], "windData": [1,1,1,1] }
													}
												},
												{
													"name": "nose bridge",
													"from": [ 0.6738, 0.0, 0.0481 ], 
													"to": [ 3.5613, 0.8663, 0.9144 ], 
													"unwrapMode": 5,
													"unwrapRotation": 1,
													"uv": [ 1.5, 11.0 ],
													"rotationOrigin": [ 0.6738, 0.0, 0.2888 ],
													"rotationZ": 22.0,
													"faces": {
														"north": { "texture": "#skin", "uv": [ 1.5, 11.5, 2.0, 14.5 ], "rotation": 270 },
														"east": { "texture": "#skin", "uv": [ 2.0, 11.0, 2.5, 11.5 ], "rotation": 180, "windMode": [-1,-1,-1,-1], "windData": [0,0,0,0] },
														"south": { "texture": "#skin", "uv": [ 2.5, 11.5, 3.0, 14.5 ], "rotation": 90 },
														"west": { "texture": "#skin", "uv": [ 2.0, 14.5, 2.5, 15.0 ], "windMode": [-1,-1,-1,-1], "windData": [0,0,0,0] },
														"up": { "texture": "#skin", "uv": [ 2.0, 11.5, 2.5, 14.5 ], "rotation": 90 },
														"down": { "texture": "#skin", "uv": [ 3.0, 11.5, 3.5, 14.5 ], "rotation": 270, "enabled": false }
													}
												}
											]
										},
										{
											"name": "R ear",
											"from": [ 0.4813, 1.155, -1.3475 ], 
											"to": [ 0.6738, 2.1175, 0.1925 ], 
											"unwrapMode": 4,
											"uv": [ 12.0, 13.0 ],
											"rotationOrigin": [ 0.6738, 1.925, 0.0963 ],
											"rotationX": 55.0,
											"rotationZ": 22.0,
											"faces": {
												"north": { "texture": "#skin", "uv": [ 12.0, 13.5, 12.5, 14.5 ] },
												"east": { "texture": "#skin", "uv": [ 14.5, 13.5, 16.0, 14.5 ] },
												"south": { "texture": "#skin", "uv": [ 14.0, 13.5, 14.5, 14.5 ], "windMode": [-1,-1,-1,-1], "windData": [0,0,0,0] },
												"west": { "texture": "#skin", "uv": [ 12.5, 13.5, 14.0, 14.5 ] },
												"up": { "texture": "#skin", "uv": [ 12.5, 13.0, 14.0, 13.5 ], "rotation": 90 },
												"down": { "texture": "#skin", "uv": [ 12.5, 14.5, 14.0, 15.0 ], "rotation": 90 }
											}
										},
										{
											"name": "L ear",
											"from": [ 0.4813, 1.155, 1.6363 ], 
											"to": [ 0.6738, 2.1175, 3.1762 ], 
											"unwrapMode": 4,
											"uv": [ 11.5, 0.0 ],
											"rotationOrigin": [ 0.6738, 1.925, 1.6363 ],
											"rotationX": -55.0,
											"rotationZ": 22.0,
											"faces": {
												"north": { "texture": "#skin", "uv": [ 11.5, 0.5, 12.0, 1.5 ], "windMode": [-1,-1,-1,-1] },
												"east": { "texture": "#skin", "uv": [ 14.0, 0.5, 15.5, 1.5 ] },
												"south": { "texture": "#skin", "uv": [ 13.5, 0.5, 14.0, 1.5 ], "windMode": [-1,-1,-1,-1] },
												"west": { "texture": "#skin", "uv": [ 12.0, 0.5, 13.5, 1.5 ] },
												"up": { "texture": "#skin", "uv": [ 12.0, 0.0, 13.5, 0.5 ], "rotation": 90 },
												"down": { "texture": "#skin", "uv": [ 12.0, 1.5, 13.5, 2.0 ], "rotation": 90 }
											}
										},
										{
											"name": "jaw",
											"from": [ -1.155, 0.0, 0.4813 ], 
											"to": [ 1.2513, 0.3369, 1.2513 ], 
											"unwrapMode": 5,
											"unwrapRotation": 1,
											"uv": [ 0.0, 9.0 ],
											"rotationOrigin": [ 0.9625, 0.2888, 0.9625 ],
											"rotationZ": 48.0,
											"faces": {
												"north": { "texture": "#skin", "uv": [ 0.0, 9.0, 0.5, 11.5 ], "rotation": 270 },
												"east": { "texture": "#skin", "uv": [ 0.5, 9.0, 1.0, 9.5 ], "rotation": 180, "enabled": false },
												"south": { "texture": "#skin", "uv": [ 1.0, 9.0, 1.5, 11.5 ], "rotation": 90 },
												"west": { "texture": "#skin", "uv": [ 0.5, 11.5, 1.0, 12.0 ] },
												"up": { "texture": "#skin", "uv": [ 0.5, 9.0, 1.0, 11.5 ], "rotation": 90 },
												"down": { "texture": "#skin", "uv": [ 1.5, 9.0, 2.0, 11.5 ], "rotation": 270 }
											}
										},
										{
											"name": "Horn attachment",
											"from": [ 0.0, 2.0213, 0.8663 ], 
											"to": [ 0.6738, 2.695, 1.54 ], 
											"uv": [ 0.0, 0.0 ],
											"rotationOrigin": [ 0.0, 2.0213, 0.8663 ],
											"faces": {
												"north": { "texture": "#skin", "uv": [ 0.0, 1.0, 0.792, 1.792 ], "enabled": false },
												"east": { "texture": "#skin", "uv": [ 1.0, 1.0, 1.792, 1.792 ], "enabled": false, "windMode": [-1,-1,-1,-1], "windData": [1,1,1,1] },
												"south": { "texture": "#skin", "uv": [ 1.0, 1.0, 1.792, 1.792 ], "enabled": false, "windMode": [-1,-1,-1,-1], "windData": [1,1,1,1] },
												"west": { "texture": "#skin", "uv": [ 1.0, 1.0, 1.792, 1.792 ], "enabled": false, "windMode": [-1,-1,-1,-1], "windData": [1,1,1,1] },
												"up": { "texture": "#skin", "uv": [ 0.0, 0.0, 0.792, 0.792 ], "enabled": false, "windMode": [-1,-1,-1,-1], "windData": [1,1,1,1] },
												"down": { "texture": "#skin", "uv": [ 1.0, 0.0, 1.792, 0.792 ], "enabled": false, "windMode": [-1,-1,-1,-1], "windData": [1,1,1,1] }
											},
											"children": [
												{
													"name": "R antler base",
													"from": [ -0.2887, -0.5775, -0.5775 ], 
													"to": [ 0.0963, 0.1925, -0.1925 ], 
													"unwrapMode": 4,
													"uv": [ 0.0, 30.5 ],
													"rotationOrigin": [ -0.2887, -0.5775, -0.1925 ],
													"rotationX": -20.0,
													"rotationY": -25.0,
													"faces": {
														"north": { "texture": "#skin", "uv": [ 0.0, 31.0, 0.5, 31.5 ] },
														"east": { "texture": "#skin", "uv": [ 1.5, 31.0, 2.0, 31.5 ] },
														"south": { "texture": "#skin", "uv": [ 1.0, 31.0, 1.5, 31.5 ] },
														"west": { "texture": "#skin", "uv": [ 0.5, 31.0, 1.0, 31.5 ] },
														"up": { "texture": "#skin", "uv": [ 0.5, 30.5, 1.0, 31.0 ], "rotation": 90 },
														"down": { "texture": "#skin", "uv": [ 0.5, 31.5, 1.0, 32.0 ], "rotation": 90 }
													},
													"children": [
														{
															"name": "R antler",
															"from": [ 0.0481, 0.77, 0.0481 ], 
															"to": [ 0.3369, 1.7325, 0.3369 ], 
															"unwrapMode": 4,
															"uv": [ 0.0, 28.5 ],
															"rotationOrigin": [ 0.0, 0.77, 0.385 ],
															"faces": {
																"north": { "texture": "#skin", "uv": [ 0.0, 29.0, 0.5, 30.0 ] },
																"east": { "texture": "#skin", "uv": [ 1.5, 29.0, 2.0, 30.0 ] },
																"south": { "texture": "#skin", "uv": [ 1.0, 29.0, 1.5, 30.0 ] },
																"west": { "texture": "#skin", "uv": [ 0.5, 29.0, 1.0, 30.0 ] },
																"up": { "texture": "#skin", "uv": [ 0.5, 28.5, 1.0, 29.0 ], "rotation": 90 },
																"down": { "texture": "#skin", "uv": [ 0.5, 30.0, 1.0, 30.5 ], "rotation": 90 }
															}
														}
													]
												},
												{
													"name": "L antler base",
													"from": [ -0.2887, -0.5775, 0.1925 ], 
													"to": [ 0.0963, 0.1925, 0.5775 ], 
													"unwrapMode": 4,
													"uv": [ 2.0, 30.5 ],
													"rotationOrigin": [ -0.2887, -0.5775, 0.1925 ],
													"rotationX": 20.0,
													"rotationY": 25.0,
													"faces": {
														"north": { "texture": "#skin", "uv": [ 2.0, 31.0, 2.5, 31.5 ] },
														"east": { "texture": "#skin", "uv": [ 3.5, 31.0, 4.0, 31.5 ] },
														"south": { "texture": "#skin", "uv": [ 3.0, 31.0, 3.5, 31.5 ] },
														"west": { "texture": "#skin", "uv": [ 2.5, 31.0, 3.0, 31.5 ] },
														"up": { "texture": "#skin", "uv": [ 2.5, 30.5, 3.0, 31.0 ], "rotation": 90, "windMode": [-1,-1,-1,-1], "windData": [1,1,1,1] },
														"down": { "texture": "#skin", "uv": [ 2.5, 31.5, 3.0, 32.0 ], "rotation": 90, "windMode": [-1,-1,-1,-1], "windData": [1,1,1,1] }
													},
													"children": [
														{
															"name": "L antler",
															"from": [ 0.0481, 0.77, 0.0481 ], 
															"to": [ 0.3369, 1.7325, 0.3369 ], 
															"unwrapMode": 4,
															"uv": [ 2.0, 28.5 ],
															"rotationOrigin": [ 0.0, 0.77, 0.0 ],
															"faces": {
																"north": { "texture": "#skin", "uv": [ 2.0, 29.0, 2.5, 30.0 ] },
																"east": { "texture": "#skin", "uv": [ 3.5, 29.0, 4.0, 30.0 ] },
																"south": { "texture": "#skin", "uv": [ 3.0, 29.0, 3.5, 30.0 ] },
																"west": { "texture": "#skin", "uv": [ 2.5, 29.0, 3.0, 30.0 ] },
																"up": { "texture": "#skin", "uv": [ 2.5, 28.5, 3.0, 29.0 ], "rotation": 90 },
																"down": { "texture": "#skin", "uv": [ 2.5, 30.0, 3.0, 30.5 ], "rotation": 90 }
															}
														}
													]
												}
											]
										}
									]
								}
							]
						}
					]
				},
				{
					"name": "abdomen",
					"from": [ 5.005, 0.0, -0.0962 ], 
					"to": [ 9.625, 4.8125, 2.9838 ], 
					"unwrapMode": 3,
					"unwrapRotation": 1,
					"uv": [ 0.0, 12.0 ],
					"rotationOrigin": [ 5.005, 2.4063, 1.6363 ],
					"rotationY": 8.0,
					"rotationZ": -2.0,
					"faces": {
						"north": { "texture": "#skin", "uv": [ 12.5, 15.5, 18.0, 20.5 ], "rotation": 270 },
						"east": { "texture": "#skin", "uv": [ 3.5, 12.0, 9.0, 15.5 ], "rotation": 90 },
						"south": { "texture": "#skin", "uv": [ 3.5, 15.5, 9.0, 20.5 ], "rotation": 90 },
						"west": { "texture": "#skin", "uv": [ 3.5, 20.5, 9.0, 24.0 ], "rotation": 90 },
						"up": { "texture": "#skin", "uv": [ 0.0, 15.5, 3.5, 20.5 ], "rotation": 90 },
						"down": { "texture": "#skin", "uv": [ 9.0, 15.5, 12.5, 20.5 ], "rotation": 270 }
					},
					"children": [
						{
							"name": "L back Thigh",
							"from": [ 2.0213, -0.1925, 2.2137 ], 
							"to": [ 5.4863, 3.9463, 3.5613 ], 
							"unwrapMode": 3,
							"uv": [ 20.5, 13.5 ],
							"rotationOrigin": [ 3.3688, 2.7912, 2.8875 ],
							"rotationX": 3.0,
							"rotationZ": -23.0,
							"faces": {
								"north": { "texture": "#skin", "uv": [ 27.0, 15.0, 30.5, 19.5 ] },
								"east": { "texture": "#skin", "uv": [ 25.5, 15.0, 27.0, 19.5 ] },
								"south": { "texture": "#skin", "uv": [ 22.0, 15.0, 25.5, 19.5 ] },
								"west": { "texture": "#skin", "uv": [ 20.5, 15.0, 22.0, 19.5 ] },
								"up": { "texture": "#skin", "uv": [ 22.0, 13.5, 25.5, 15.0 ], "windMode": [-1,-1,-1,-1], "windData": [0,0,1,1] },
								"down": { "texture": "#skin", "uv": [ 22.0, 19.5, 25.5, 21.0 ], "rotation": 180 }
							},
							"children": [
								{
									"name": "L back Upper Arm",
									"from": [ 0.1925, -3.465, 0.1925 ], 
									"to": [ 1.54, 0.385, 1.2512 ], 
									"unwrapMode": 3,
									"uv": [ 27.0, 5.0 ],
									"rotationOrigin": [ 0.8663, 0.385, 0.77 ],
									"rotationX": 1.0,
									"rotationZ": 81.0,
									"faces": {
										"north": { "texture": "#skin", "uv": [ 30.5, 6.0, 32.0, 10.0 ] },
										"east": { "texture": "#skin", "uv": [ 29.5, 6.0, 30.5, 10.0 ] },
										"south": { "texture": "#skin", "uv": [ 28.0, 6.0, 29.5, 10.0 ] },
										"west": { "texture": "#skin", "uv": [ 27.0, 6.0, 28.0, 10.0 ] },
										"up": { "texture": "#skin", "uv": [ 28.0, 5.0, 29.5, 6.0 ] },
										"down": { "texture": "#skin", "uv": [ 28.0, 10.0, 29.5, 11.0 ], "rotation": 180 }
									},
									"children": [
										{
											"name": "L back lower arm",
											"from": [ 0.1925, -4.305, 0.1925 ], 
											"to": [ 0.9625, 0.315, 0.8663 ], 
											"unwrapMode": 3,
											"uv": [ 19.5, 20.0 ],
											"rotationOrigin": [ 0.6738, 0.315, 0.5775 ],
											"rotationX": -4.0,
											"rotationZ": -65.0,
											"faces": {
												"north": { "texture": "#skin", "uv": [ 21.0, 20.5, 21.5, 25.5 ] },
												"east": { "texture": "#skin", "uv": [ 20.5, 20.5, 21.0, 25.5 ] },
												"south": { "texture": "#skin", "uv": [ 20.0, 20.5, 20.5, 25.5 ] },
												"west": { "texture": "#skin", "uv": [ 19.5, 20.5, 20.0, 25.5 ] },
												"up": { "texture": "#skin", "uv": [ 20.0, 20.0, 20.5, 20.5 ] },
												"down": { "texture": "#skin", "uv": [ 20.0, 25.5, 20.5, 26.0 ], "rotation": 180 }
											},
											"children": [
												{
													"name": "L back pastern",
													"from": [ 0.0481, -1.12, 0.0 ], 
													"to": [ 0.7219, 0.6125, 0.6738 ], 
													"unwrapMode": 3,
													"uv": [ 1.5, 22.0 ],
													"rotationOrigin": [ 0.4813, 0.5162, 0.2888 ],
													"rotationZ": -10.0,
													"faces": {
														"north": { "texture": "#skin", "uv": [ 3.0, 22.5, 3.5, 24.0 ] },
														"east": { "texture": "#skin", "uv": [ 2.5, 22.5, 3.0, 24.0 ] },
														"south": { "texture": "#skin", "uv": [ 2.0, 22.5, 2.5, 24.0 ] },
														"west": { "texture": "#skin", "uv": [ 1.5, 22.5, 2.0, 24.0 ] },
														"up": { "texture": "#skin", "uv": [ 2.0, 22.0, 2.5, 22.5 ] },
														"down": { "texture": "#skin", "uv": [ 2.0, 24.0, 2.5, 24.5 ], "rotation": 180 }
													},
													"children": [
														{
															"name": "L origin hind hoof",
															"from": [ 0.385, 0.4813, 0.3369 ], 
															"to": [ 0.385, 0.4813, 0.3369 ], 
															"uv": [ 0.0, 0.0 ],
															"rotationOrigin": [ 0.385, 0.4813, 0.385 ],
															"rotationZ": -14.0,
															"faces": {
																"north": { "texture": "#skin", "uv": [ 0.0, 0.5, 0.396, 0.896 ], "enabled": false },
																"east": { "texture": "#skin", "uv": [ 0.5, 0.5, 0.896, 0.896 ], "enabled": false },
																"south": { "texture": "#skin", "uv": [ 1.0, 0.5, 1.396, 0.896 ], "enabled": false },
																"west": { "texture": "#skin", "uv": [ 1.5, 0.5, 1.896, 0.896 ], "enabled": false },
																"up": { "texture": "#skin", "uv": [ 0.0, 0.0, 0.396, 0.396 ], "enabled": false },
																"down": { "texture": "#skin", "uv": [ 0.5, 0.0, 0.896, 0.396 ], "enabled": false }
															},
															"children": [
																{
																	"name": "L hind hoof 1",
																	"from": [ -1.0587, -0.1925, -0.2887 ], 
																	"to": [ -0.2887, 0.0963, 0.2888 ], 
																	"unwrapMode": 4,
																	"uv": [ 6.0, 30.5 ],
																	"rotationOrigin": [ -0.0962, 0.0, 0.1925 ],
																	"rotationZ": 55.0,
																	"faces": {
																		"north": { "texture": "#skin", "uv": [ 6.0, 31.0, 6.5, 31.5 ] },
																		"east": { "texture": "#skin", "uv": [ 7.5, 31.0, 8.0, 31.5 ] },
																		"south": { "texture": "#skin", "uv": [ 7.0, 31.0, 7.5, 31.5 ] },
																		"west": { "texture": "#skin", "uv": [ 6.5, 31.0, 7.0, 31.5 ] },
																		"up": { "texture": "#skin", "uv": [ 6.5, 30.5, 7.0, 31.0 ], "rotation": 90 },
																		"down": { "texture": "#skin", "uv": [ 6.5, 31.5, 7.0, 32.0 ], "rotation": 90 }
																	}
																},
																{
																	"name": "L hind hoof 2",
																	"from": [ -0.77, -0.5775, -0.2887 ], 
																	"to": [ 0.1925, -0.2887, 0.2888 ], 
																	"unwrapMode": 4,
																	"uv": [ 9.0, 29.5 ],
																	"rotationOrigin": [ 0.0963, -0.1925, 0.0963 ],
																	"rotationZ": 27.0,
																	"faces": {
																		"north": { "texture": "#skin", "uv": [ 9.0, 30.5, 10.0, 31.0 ] },
																		"east": { "texture": "#skin", "uv": [ 11.5, 30.5, 12.0, 31.0 ] },
																		"south": { "texture": "#skin", "uv": [ 10.5, 30.5, 11.5, 31.0 ] },
																		"west": { "texture": "#skin", "uv": [ 10.0, 30.5, 10.5, 31.0 ] },
																		"up": { "texture": "#skin", "uv": [ 10.0, 29.5, 10.5, 30.5 ], "rotation": 90 },
																		"down": { "texture": "#skin", "uv": [ 10.0, 31.0, 10.5, 32.0 ], "rotation": 90 }
																	}
																}
															]
														}
													]
												}
											]
										}
									]
								}
							]
						},
						{
							"name": "tail",
							"from": [ 4.1388, 3.29, 1.1069 ], 
							"to": [ 4.62, 4.2525, 1.9731 ], 
							"unwrapMode": 3,
							"unwrapRotation": 1,
							"uv": [ 8.5, 0.0 ],
							"rotationOrigin": [ 4.1388, 4.2525, 1.54 ],
							"rotationZ": 100.0,
							"faces": {
								"north": { "texture": "#skin", "uv": [ 10.5, 0.5, 11.5, 1.0 ], "rotation": 270, "windMode": [-1,-1,-1,-1], "windData": [0,1,1,0] },
								"east": { "texture": "#skin", "uv": [ 9.0, 0.0, 10.0, 0.5 ], "rotation": 90, "windMode": [-1,-1,-1,-1], "windData": [0,1,1,0] },
								"south": { "texture": "#skin", "uv": [ 9.0, 0.5, 10.0, 1.0 ], "rotation": 90 },
								"west": { "texture": "#skin", "uv": [ 9.0, 1.0, 10.0, 1.5 ], "rotation": 90, "windMode": [-1,-1,-1,-1], "windData": [0,0,1,1] },
								"up": { "texture": "#skin", "uv": [ 8.5, 0.5, 9.0, 1.0 ], "rotation": 90, "windMode": [-1,-1,-1,-1], "windData": [1,1,1,1] },
								"down": { "texture": "#skin", "uv": [ 10.0, 0.5, 10.5, 1.0 ], "rotation": 270, "windMode": [-1,-1,-1,-1] }
							},
							"children": [
								{
									"name": "tail-end",
									"from": [ -0.0088, -2.0825, 0.0481 ], 
									"to": [ 0.5688, -0.0612, 0.8181 ], 
									"unwrapMode": 3,
									"unwrapRotation": 1,
									"uv": [ 9.5, 1.5 ],
									"rotationOrigin": [ -0.0087, -0.1575, 0.385 ],
									"rotationZ": 17.0,
									"faces": {
										"north": { "texture": "#skin", "uv": [ 12.5, 2.0, 14.5, 2.5 ], "rotation": 270 },
										"east": { "texture": "#skin", "uv": [ 10.0, 1.5, 12.0, 2.0 ], "rotation": 90 },
										"south": { "texture": "#skin", "uv": [ 10.0, 2.0, 12.0, 2.5 ], "rotation": 90 },
										"west": { "texture": "#skin", "uv": [ 10.0, 2.5, 12.0, 3.0 ], "rotation": 90 },
										"up": { "texture": "#skin", "uv": [ 9.5, 2.0, 10.0, 2.5 ], "rotation": 90, "windMode": [-1,-1,-1,-1], "windData": [1,1,1,1] },
										"down": { "texture": "#skin", "uv": [ 12.0, 2.0, 12.5, 2.5 ], "rotation": 270 }
									}
								}
							]
						},
						{
							"name": "R back Thigh",
							"from": [ 2.0213, -0.1925, -0.4813 ], 
							"to": [ 5.4863, 3.9463, 0.8663 ], 
							"unwrapMode": 1,
							"uv": [ 17.0, 6.0 ],
							"rotationOrigin": [ 3.3688, 2.7912, 0.0963 ],
							"rotationX": -3.0,
							"rotationZ": -23.0,
							"faces": {
								"north": { "texture": "#skin", "uv": [ 18.5, 7.5, 22.0, 12.0 ] },
								"east": { "texture": "#skin", "uv": [ 17.0, 7.5, 18.5, 12.0 ] },
								"south": { "texture": "#skin", "uv": [ 23.5, 7.5, 27.0, 12.0 ] },
								"west": { "texture": "#skin", "uv": [ 22.0, 7.5, 23.5, 12.0 ] },
								"up": { "texture": "#skin", "uv": [ 18.5, 6.0, 22.0, 7.5 ], "rotation": 180 },
								"down": { "texture": "#skin", "uv": [ 18.5, 12.0, 22.0, 13.5 ] }
							},
							"children": [
								{
									"name": "R back Upper Arm",
									"from": [ 0.1925, -3.465, 0.0963 ], 
									"to": [ 1.54, 0.385, 1.155 ], 
									"unwrapMode": 1,
									"uv": [ 17.0, 0.0 ],
									"rotationOrigin": [ 0.8663, 0.385, 0.6738 ],
									"rotationX": -1.0,
									"rotationZ": 53.0,
									"faces": {
										"north": { "texture": "#skin", "uv": [ 18.0, 1.0, 19.5, 5.0 ] },
										"east": { "texture": "#skin", "uv": [ 17.0, 1.0, 18.0, 5.0 ] },
										"south": { "texture": "#skin", "uv": [ 20.5, 1.0, 22.0, 5.0 ] },
										"west": { "texture": "#skin", "uv": [ 19.5, 1.0, 20.5, 5.0 ] },
										"up": { "texture": "#skin", "uv": [ 18.0, 0.0, 19.5, 1.0 ], "rotation": 180 },
										"down": { "texture": "#skin", "uv": [ 18.0, 5.0, 19.5, 6.0 ] }
									},
									"children": [
										{
											"name": "R back lower arm",
											"from": [ 0.1925, -3.9462, 0.1925 ], 
											"to": [ 0.9625, 0.6737, 0.8663 ], 
											"unwrapMode": 1,
											"uv": [ 17.5, 20.0 ],
											"rotationOrigin": [ 0.6738, 0.6738, 0.5775 ],
											"rotationX": 4.0,
											"rotationZ": -69.0,
											"faces": {
												"north": { "texture": "#skin", "uv": [ 18.0, 20.5, 18.5, 25.5 ] },
												"east": { "texture": "#skin", "uv": [ 17.5, 20.5, 18.0, 25.5 ] },
												"south": { "texture": "#skin", "uv": [ 19.0, 20.5, 19.5, 25.5 ] },
												"west": { "texture": "#skin", "uv": [ 18.5, 20.5, 19.0, 25.5 ] },
												"up": { "texture": "#skin", "uv": [ 18.0, 20.0, 18.5, 20.5 ], "rotation": 180 },
												"down": { "texture": "#skin", "uv": [ 18.0, 25.5, 18.5, 26.0 ] }
											},
											"children": [
												{
													"name": "R back pastern",
													"from": [ 0.0481, -0.77, 0.0 ], 
													"to": [ 0.7219, 0.9625, 0.6738 ], 
													"unwrapMode": 1,
													"uv": [ 0.0, 20.33 ],
													"rotationOrigin": [ 0.4813, 0.8663, 0.2888 ],
													"rotationZ": 8.0,
													"faces": {
														"north": { "texture": "#skin", "uv": [ 0.5, 21.0, 1.0, 22.5 ] },
														"east": { "texture": "#skin", "uv": [ 0.0, 21.0, 0.5, 22.5 ] },
														"south": { "texture": "#skin", "uv": [ 1.5, 21.0, 2.0, 22.5 ] },
														"west": { "texture": "#skin", "uv": [ 1.0, 21.0, 1.5, 22.5 ] },
														"up": { "texture": "#skin", "uv": [ 0.5, 20.5, 1.0, 21.0 ], "rotation": 180 },
														"down": { "texture": "#skin", "uv": [ 0.5, 22.5, 1.0, 23.0 ] }
													},
													"children": [
														{
															"name": "R origin hind hoof",
															"from": [ 0.385, 0.4813, 0.3369 ], 
															"to": [ 0.385, 0.4813, 0.3369 ], 
															"uv": [ 0.0, 0.0 ],
															"rotationOrigin": [ 0.385, 0.4813, 0.385 ],
															"faces": {
																"north": { "texture": "#skin", "uv": [ 0.0, 0.5, 0.396, 0.896 ], "enabled": false },
																"east": { "texture": "#skin", "uv": [ 0.5, 0.5, 0.896, 0.896 ], "enabled": false },
																"south": { "texture": "#skin", "uv": [ 1.0, 0.5, 1.396, 0.896 ], "enabled": false },
																"west": { "texture": "#skin", "uv": [ 1.5, 0.5, 1.896, 0.896 ], "enabled": false },
																"up": { "texture": "#skin", "uv": [ 0.0, 0.0, 0.396, 0.396 ], "enabled": false },
																"down": { "texture": "#skin", "uv": [ 0.5, 0.0, 0.896, 0.396 ], "enabled": false }
															},
															"children": [
																{
																	"name": "R hind hoof 1",
																	"from": [ -1.0587, -0.1925, -0.2887 ], 
																	"to": [ -0.2887, 0.0963, 0.2888 ], 
																	"unwrapMode": 4,
																	"uv": [ 3.5, 28.0 ],
																	"rotationOrigin": [ -0.0962, 0.0, 0.1925 ],
																	"rotationZ": 55.0,
																	"faces": {
																		"north": { "texture": "#skin", "uv": [ 3.5, 28.5, 4.0, 29.0 ] },
																		"east": { "texture": "#skin", "uv": [ 5.0, 28.5, 5.5, 29.0 ] },
																		"south": { "texture": "#skin", "uv": [ 4.5, 28.5, 5.0, 29.0 ] },
																		"west": { "texture": "#skin", "uv": [ 4.0, 28.5, 4.5, 29.0 ] },
																		"up": { "texture": "#skin", "uv": [ 4.0, 28.0, 4.5, 28.5 ], "rotation": 90 },
																		"down": { "texture": "#skin", "uv": [ 4.0, 29.0, 4.5, 29.5 ], "rotation": 90 }
																	}
																},
																{
																	"name": "R hind hoof 2",
																	"from": [ -0.77, -0.5775, -0.2887 ], 
																	"to": [ 0.1925, -0.2887, 0.2888 ], 
																	"unwrapMode": 4,
																	"uv": [ 4.5, 27.0 ],
																	"rotationOrigin": [ 0.0963, -0.1925, 0.0963 ],
																	"rotationZ": 27.0,
																	"faces": {
																		"north": { "texture": "#skin", "uv": [ 4.5, 28.0, 5.5, 28.5 ] },
																		"east": { "texture": "#skin", "uv": [ 7.0, 28.0, 7.5, 28.5 ] },
																		"south": { "texture": "#skin", "uv": [ 6.0, 28.0, 7.0, 28.5 ] },
																		"west": { "texture": "#skin", "uv": [ 5.5, 28.0, 6.0, 28.5 ] },
																		"up": { "texture": "#skin", "uv": [ 5.5, 27.0, 6.0, 28.0 ], "rotation": 90 },
																		"down": { "texture": "#skin", "uv": [ 5.5, 28.5, 6.0, 29.5 ], "rotation": 90 }
																	}
																}
															]
														}
													]
												}
											]
										}
									]
								}
							]
						}
					]
				},
				{
					"name": "L front Thigh",
					"from": [ 0.4813, 0.0, 2.2137 ], 
					"to": [ 2.4063, 3.2725, 3.2725 ], 
					"unwrapMode": 3,
					"uv": [ 24.0, 22.0 ],
					"rotationOrigin": [ 1.54, 2.0213, 2.8875 ],
					"rotationX": 3.0,
					"rotationZ": -17.0,
					"faces": {
						"north": { "texture": "#skin", "uv": [ 28.0, 23.0, 30.0, 26.5 ] },
						"east": { "texture": "#skin", "uv": [ 27.0, 23.0, 28.0, 26.5 ] },
						"south": { "texture": "#skin", "uv": [ 25.0, 23.0, 27.0, 26.5 ] },
						"west": { "texture": "#skin", "uv": [ 24.0, 23.0, 25.0, 26.5 ] },
						"up": { "texture": "#skin", "uv": [ 25.0, 22.0, 27.0, 23.0 ], "windMode": [-1,-1,-1,-1] },
						"down": { "texture": "#skin", "uv": [ 25.0, 26.5, 27.0, 27.5 ], "rotation": 180 }
					},
					"children": [
						{
							"name": "L front Upper Arm",
							"from": [ 0.2888, -2.3975, 0.1925 ], 
							"to": [ 1.155, 0.5863, 0.9625 ], 
							"unwrapMode": 3,
							"uv": [ 9.0, 20.5 ],
							"rotationOrigin": [ 0.9625, 0.2012, 0.385 ],
							"rotationX": 1.0,
							"faces": {
								"north": { "texture": "#skin", "uv": [ 10.5, 21.0, 11.0, 24.0 ] },
								"east": { "texture": "#skin", "uv": [ 10.0, 21.0, 10.5, 24.0 ] },
								"south": { "texture": "#skin", "uv": [ 9.5, 21.0, 10.0, 24.0 ] },
								"west": { "texture": "#skin", "uv": [ 9.0, 21.0, 9.5, 24.0 ] },
								"up": { "texture": "#skin", "uv": [ 9.5, 20.5, 10.0, 21.0 ] },
								"down": { "texture": "#skin", "uv": [ 9.5, 24.0, 10.0, 24.5 ], "rotation": 180 }
							},
							"children": [
								{
									"name": "L front lower arm",
									"from": [ 0.0963, -2.695, 0.0481 ], 
									"to": [ 0.77, 0.77, 0.7219 ], 
									"unwrapMode": 3,
									"uv": [ 13.0, 20.5 ],
									"rotationOrigin": [ 0.6738, 0.2888, 0.385 ],
									"rotationX": -3.0,
									"rotationZ": -4.0,
									"faces": {
										"north": { "texture": "#skin", "uv": [ 14.5, 21.0, 15.0, 24.5 ] },
										"east": { "texture": "#skin", "uv": [ 14.0, 21.0, 14.5, 24.5 ] },
										"south": { "texture": "#skin", "uv": [ 13.5, 21.0, 14.0, 24.5 ] },
										"west": { "texture": "#skin", "uv": [ 13.0, 21.0, 13.5, 24.5 ] },
										"up": { "texture": "#skin", "uv": [ 13.5, 20.5, 14.0, 21.0 ] },
										"down": { "texture": "#skin", "uv": [ 13.5, 24.5, 14.0, 25.0 ], "rotation": 180 }
									},
									"children": [
										{
											"name": "L front pastern",
											"from": [ 0.0, -1.155, 0.0 ], 
											"to": [ 0.6738, 0.5775, 0.6738 ], 
											"unwrapMode": 3,
											"uv": [ 0.0, 23.5 ],
											"rotationOrigin": [ 0.0, 0.385, 0.2888 ],
											"rotationX": -1.0,
											"rotationZ": -10.0,
											"faces": {
												"north": { "texture": "#skin", "uv": [ 1.5, 24.0, 2.0, 25.5 ] },
												"east": { "texture": "#skin", "uv": [ 1.0, 24.0, 1.5, 25.5 ] },
												"south": { "texture": "#skin", "uv": [ 0.5, 24.0, 1.0, 25.5 ] },
												"west": { "texture": "#skin", "uv": [ 0.0, 24.0, 0.5, 25.5 ] },
												"up": { "texture": "#skin", "uv": [ 0.5, 23.5, 1.0, 24.0 ] },
												"down": { "texture": "#skin", "uv": [ 0.5, 25.5, 1.0, 26.0 ], "rotation": 180 }
											},
											"children": [
												{
													"name": "L origin hoof",
													"from": [ 0.2888, 0.4813, 0.3369 ], 
													"to": [ 0.2888, 0.4813, 0.3369 ], 
													"uv": [ 0.0, 0.0 ],
													"rotationOrigin": [ 0.2888, 0.4813, 0.385 ],
													"faces": {
														"north": { "texture": "#skin", "uv": [ 0.0, 0.5, 0.396, 0.896 ], "enabled": false },
														"east": { "texture": "#skin", "uv": [ 0.5, 0.5, 0.896, 0.896 ], "enabled": false },
														"south": { "texture": "#skin", "uv": [ 1.0, 0.5, 1.396, 0.896 ], "enabled": false },
														"west": { "texture": "#skin", "uv": [ 1.5, 0.5, 1.896, 0.896 ], "enabled": false },
														"up": { "texture": "#skin", "uv": [ 0.0, 0.0, 0.396, 0.396 ], "enabled": false },
														"down": { "texture": "#skin", "uv": [ 0.5, 0.0, 0.896, 0.396 ], "enabled": false }
													},
													"children": [
														{
															"name": "L front hoof 1",
															"from": [ -1.0587, -0.1925, -0.2887 ], 
															"to": [ -0.2887, 0.0963, 0.2888 ], 
															"unwrapMode": 4,
															"uv": [ 4.0, 29.0 ],
															"rotationOrigin": [ -0.0962, 0.0, 0.1925 ],
															"rotationZ": 55.0,
															"faces": {
																"north": { "texture": "#skin", "uv": [ 4.0, 29.5, 4.5, 30.0 ] },
																"east": { "texture": "#skin", "uv": [ 5.5, 29.5, 6.0, 30.0 ] },
																"south": { "texture": "#skin", "uv": [ 5.0, 29.5, 5.5, 30.0 ] },
																"west": { "texture": "#skin", "uv": [ 4.5, 29.5, 5.0, 30.0 ] },
																"up": { "texture": "#skin", "uv": [ 4.5, 29.0, 5.0, 29.5 ], "rotation": 90 },
																"down": { "texture": "#skin", "uv": [ 4.5, 30.0, 5.0, 30.5 ], "rotation": 90 }
															}
														},
														{
															"name": "L front hoof 2",
															"from": [ -0.77, -0.5775, -0.2887 ], 
															"to": [ 0.1925, -0.2887, 0.2888 ], 
															"unwrapMode": 4,
															"uv": [ 6.5, 27.5 ],
															"rotationOrigin": [ 0.0963, -0.1925, 0.0963 ],
															"rotationZ": 27.0,
															"faces": {
																"north": { "texture": "#skin", "uv": [ 6.5, 28.5, 7.5, 29.0 ] },
																"east": { "texture": "#skin", "uv": [ 9.0, 28.5, 9.5, 29.0 ] },
																"south": { "texture": "#skin", "uv": [ 8.0, 28.5, 9.0, 29.0 ] },
																"west": { "texture": "#skin", "uv": [ 7.5, 28.5, 8.0, 29.0 ] },
																"up": { "texture": "#skin", "uv": [ 7.5, 27.5, 8.0, 28.5 ], "rotation": 90 },
																"down": { "texture": "#skin", "uv": [ 7.5, 29.0, 8.0, 30.0 ], "rotation": 90 }
															}
														}
													]
												}
											]
										}
									]
								}
							]
						}
					]
				},
				{
					"name": "R front Thigh",
					"from": [ 0.4813, 0.0963, -0.385 ], 
					"to": [ 2.4063, 3.3688, 0.6737 ], 
					"unwrapMode": 1,
					"uv": [ 26.0, 26.5 ],
					"rotationOrigin": [ 1.54, 2.1175, 0.0 ],
					"rotationX": -3.0,
					"rotationZ": 17.0,
					"faces": {
						"north": { "texture": "#skin", "uv": [ 27.0, 27.5, 29.0, 31.0 ] },
						"east": { "texture": "#skin", "uv": [ 26.0, 27.5, 27.0, 31.0 ] },
						"south": { "texture": "#skin", "uv": [ 30.0, 27.5, 32.0, 31.0 ] },
						"west": { "texture": "#skin", "uv": [ 29.0, 27.5, 30.0, 31.0 ] },
						"up": { "texture": "#skin", "uv": [ 27.0, 26.5, 29.0, 27.5 ], "rotation": 180 },
						"down": { "texture": "#skin", "uv": [ 27.0, 31.0, 29.0, 32.0 ] }
					},
					"children": [
						{
							"name": "R front Upper Arm",
							"from": [ 0.2888, -2.31, 0.0963 ], 
							"to": [ 1.155, 0.6738, 0.8663 ], 
							"unwrapMode": 1,
							"uv": [ 11.0, 20.5 ],
							"rotationOrigin": [ 0.9625, 0.2888, 0.6738 ],
							"rotationX": -1.0,
							"rotationZ": -17.0,
							"faces": {
								"north": { "texture": "#skin", "uv": [ 11.5, 21.0, 12.0, 24.0 ] },
								"east": { "texture": "#skin", "uv": [ 11.0, 21.0, 11.5, 24.0 ] },
								"south": { "texture": "#skin", "uv": [ 12.5, 21.0, 13.0, 24.0 ] },
								"west": { "texture": "#skin", "uv": [ 12.0, 21.0, 12.5, 24.0 ] },
								"up": { "texture": "#skin", "uv": [ 11.5, 20.5, 12.0, 21.0 ], "rotation": 180 },
								"down": { "texture": "#skin", "uv": [ 11.5, 24.0, 12.0, 24.5 ] }
							},
							"children": [
								{
									"name": "R front lower arm",
									"from": [ 0.0963, -2.695, 0.0481 ], 
									"to": [ 0.77, 0.77, 0.7219 ], 
									"unwrapMode": 1,
									"uv": [ 15.0, 20.5 ],
									"rotationOrigin": [ 0.6738, 0.2888, 0.5775 ],
									"rotationX": 3.0,
									"rotationZ": 11.0,
									"faces": {
										"north": { "texture": "#skin", "uv": [ 15.5, 21.0, 16.0, 24.5 ] },
										"east": { "texture": "#skin", "uv": [ 15.0, 21.0, 15.5, 24.5 ] },
										"south": { "texture": "#skin", "uv": [ 16.5, 21.0, 17.0, 24.5 ] },
										"west": { "texture": "#skin", "uv": [ 16.0, 21.0, 16.5, 24.5 ] },
										"up": { "texture": "#skin", "uv": [ 15.5, 20.5, 16.0, 21.0 ], "rotation": 180 },
										"down": { "texture": "#skin", "uv": [ 15.5, 24.5, 16.0, 25.0 ] }
									},
									"children": [
										{
											"name": "R front pastern",
											"from": [ 0.0, -1.155, 0.0 ], 
											"to": [ 0.6738, 0.5775, 0.6738 ], 
											"unwrapMode": 1,
											"uv": [ 2.0, 24.0 ],
											"rotationOrigin": [ 0.0, 0.385, 0.2888 ],
											"rotationX": -1.0,
											"rotationZ": 11.0,
											"faces": {
												"north": { "texture": "#skin", "uv": [ 2.5, 24.5, 3.0, 26.0 ] },
												"east": { "texture": "#skin", "uv": [ 2.0, 24.5, 2.5, 26.0 ] },
												"south": { "texture": "#skin", "uv": [ 3.5, 24.5, 4.0, 26.0 ] },
												"west": { "texture": "#skin", "uv": [ 3.0, 24.5, 3.5, 26.0 ] },
												"up": { "texture": "#skin", "uv": [ 2.5, 24.0, 3.0, 24.5 ], "rotation": 180 },
												"down": { "texture": "#skin", "uv": [ 2.5, 26.0, 3.0, 26.5 ] }
											},
											"children": [
												{
													"name": "R origin hoof",
													"from": [ 0.2888, 0.4813, 0.3369 ], 
													"to": [ 0.2888, 0.4813, 0.3369 ], 
													"uv": [ 0.0, 0.0 ],
													"rotationOrigin": [ 0.2888, 0.4813, 0.385 ],
													"faces": {
														"north": { "texture": "#skin", "uv": [ 0.0, 0.5, 0.396, 0.896 ], "enabled": false },
														"east": { "texture": "#skin", "uv": [ 0.5, 0.5, 0.896, 0.896 ], "enabled": false },
														"south": { "texture": "#skin", "uv": [ 1.0, 0.5, 1.396, 0.896 ], "enabled": false },
														"west": { "texture": "#skin", "uv": [ 1.5, 0.5, 1.896, 0.896 ], "enabled": false },
														"up": { "texture": "#skin", "uv": [ 0.0, 0.0, 0.396, 0.396 ], "enabled": false },
														"down": { "texture": "#skin", "uv": [ 0.5, 0.0, 0.896, 0.396 ], "enabled": false }
													},
													"children": [
														{
															"name": "R front hoof 1",
															"from": [ -1.0587, -0.1925, -0.2887 ], 
															"to": [ -0.2887, 0.0963, 0.2888 ], 
															"unwrapMode": 4,
															"uv": [ 4.5, 30.0 ],
															"rotationOrigin": [ -0.0962, 0.0, 0.1925 ],
															"rotationZ": 55.0,
															"faces": {
																"north": { "texture": "#skin", "uv": [ 4.5, 30.5, 5.0, 31.0 ] },
																"east": { "texture": "#skin", "uv": [ 6.0, 30.5, 6.5, 31.0 ] },
																"south": { "texture": "#skin", "uv": [ 5.5, 30.5, 6.0, 31.0 ] },
																"west": { "texture": "#skin", "uv": [ 5.0, 30.5, 5.5, 31.0 ] },
																"up": { "texture": "#skin", "uv": [ 5.0, 30.0, 5.5, 30.5 ], "rotation": 90 },
																"down": { "texture": "#skin", "uv": [ 5.0, 31.0, 5.5, 31.5 ], "rotation": 90 }
															}
														},
														{
															"name": "R front hoof 2",
															"from": [ -0.77, -0.5775, -0.2887 ], 
															"to": [ 0.1925, -0.2887, 0.2888 ], 
															"unwrapMode": 4,
															"uv": [ 7.0, 29.0 ],
															"rotationOrigin": [ 0.0963, -0.1925, 0.0963 ],
															"rotationZ": 27.0,
															"faces": {
																"north": { "texture": "#skin", "uv": [ 7.0, 30.0, 8.0, 30.5 ] },
																"east": { "texture": "#skin", "uv": [ 9.5, 30.0, 10.0, 30.5 ] },
																"south": { "texture": "#skin", "uv": [ 8.5, 30.0, 9.5, 30.5 ] },
																"west": { "texture": "#skin", "uv": [ 8.0, 30.0, 8.5, 30.5 ] },
																"up": { "texture": "#skin", "uv": [ 8.0, 29.0, 8.5, 30.0 ], "rotation": 90 },
																"down": { "texture": "#skin", "uv": [ 8.0, 30.5, 8.5, 31.5 ], "rotation": 90 }
															}
														}
													]
												}
											]
										}
									]
								}
							]
						}
					]
				}
			],
			"attachmentpoints": [
				{
					"code": "Center",
					"posX": "9.0","posY": "4.0","posZ": "5.0",
					"rotationX": "0.0","rotationY": "0.0","rotationZ": "0.0"
				}
			]
		}
	]}