{
	"editor": {
		"allAngles": true,
		"entityTextureMode": true
	},
	"textureWidth": 32,
	"textureHeight": 32,
	"textureSizes": {
		"skin": [32,32]
	},
	"textures": {
	},
	"elements": [
		{
			"name": "Body",
			"from": [ 3.85, 1.19, 7.02 ], 
			"to": [ 10.12, 6.69, 10.32 ], 
			"unwrapMode": 3,
			"unwrapRotation": 1,
			"uv": [ 0.0, 0.0 ],
			"rotationOrigin": [ 10.12, 4.05, 9.0 ],
			"rotationY": -8.0,
			"rotationZ": 8.0,
			"faces": {
				"north": { "texture": "#skin", "uv": [ 11.5, 3.0, 17.0, 9.0 ], "rotation": 270 },
				"east": { "texture": "#skin", "uv": [ 3.0, 0.0, 8.5, 3.0 ], "rotation": 90 },
				"south": { "texture": "#skin", "uv": [ 3.0, 3.0, 8.5, 9.0 ], "rotation": 90 },
				"west": { "texture": "#skin", "uv": [ 3.0, 9.0, 8.5, 12.0 ], "rotation": 90 },
				"up": { "texture": "#skin", "uv": [ 0.0, 3.0, 3.0, 9.0 ], "rotation": 90 },
				"down": { "texture": "#skin", "uv": [ 8.5, 3.0, 11.5, 9.0 ], "rotation": 270 }
			},
			"children": [
				{
					"name": "neck",
					"from": [ -0.55, 3.08, 0.66 ], 
					"to": [ 2.2, 7.15, 2.64 ], 
					"unwrapMode": 3,
					"unwrapRotation": 1,
					"uv": [ 10.5, 26.5 ],
					"rotationOrigin": [ 2.2, 3.08, 1.65 ],
					"rotationY": -6.0,
					"rotationZ": 37.0,
					"faces": {
						"north": { "texture": "#skin", "uv": [ 16.0, 28.0, 20.0, 30.5 ], "rotation": 270, "windMode": [-1,-1,-1,-1], "windData": [0,0,1,0] },
						"east": { "texture": "#skin", "uv": [ 12.0, 26.5, 16.0, 28.0 ], "rotation": 90, "windMode": [-1,-1,-1,-1], "windData": [1,0,0,1] },
						"south": { "texture": "#skin", "uv": [ 12.0, 28.0, 16.0, 30.5 ], "rotation": 90 },
						"west": { "texture": "#skin", "uv": [ 12.0, 30.5, 16.0, 32.0 ], "rotation": 90 },
						"up": { "texture": "#skin", "uv": [ 10.5, 28.0, 12.0, 30.5 ], "rotation": 90 },
						"down": { "texture": "#skin", "uv": [ 16.0, 28.0, 17.5, 30.5 ], "rotation": 270, "enabled": false, "windMode": [-1,-1,-1,-1], "windData": [0,1,1,0] }
					},
					"children": [
						{
							"name": "neck2",
							"from": [ 0.33, 2.42, 0.11 ], 
							"to": [ 2.52, 6.16, 1.87 ], 
							"unwrapMode": 3,
							"uv": [ 25.0, 0.0 ],
							"rotationOrigin": [ 2.42, 3.63, 1.1 ],
							"rotationZ": -25.0,
							"faces": {
								"north": { "texture": "#skin", "uv": [ 30.0, 1.5, 32.0, 5.0 ], "windMode": [-1,-1,-1,-1], "windData": [1,1,1,1] },
								"east": { "texture": "#skin", "uv": [ 28.5, 1.5, 30.0, 5.0 ], "windMode": [-1,-1,-1,-1], "windData": [1,1,1,1] },
								"south": { "texture": "#skin", "uv": [ 26.5, 1.5, 28.5, 5.0 ], "windMode": [-1,-1,-1,-1], "windData": [1,1,1,1] },
								"west": { "texture": "#skin", "uv": [ 25.0, 1.5, 26.5, 5.0 ], "windMode": [-1,-1,-1,-1], "windData": [1,1,1,1] },
								"up": { "texture": "#skin", "uv": [ 26.5, 0.0, 28.5, 1.5 ], "windMode": [-1,-1,-1,-1], "windData": [1,1,1,1] },
								"down": { "texture": "#skin", "uv": [ 26.5, 5.0, 28.5, 6.5 ], "rotation": 180, "enabled": false, "windMode": [-1,-1,-1,-1], "windData": [1,1,1,1] }
							},
							"children": [
								{
									"name": "head",
									"from": [ 0.55, 1.21, 0.09 ], 
									"to": [ 2.2, 3.74, 2.07 ], 
									"unwrapMode": 4,
									"uv": [ 9.0, 9.0 ],
									"rotationOrigin": [ 2.2, 3.74, 1.08 ],
									"rotationY": -8.0,
									"rotationZ": -60.0,
									"faces": {
										"north": { "texture": "#skin", "uv": [ 9.0, 10.5, 10.5, 13.0 ] },
										"east": { "texture": "#skin", "uv": [ 13.5, 10.5, 15.0, 13.0 ] },
										"south": { "texture": "#skin", "uv": [ 12.0, 10.5, 13.5, 13.0 ] },
										"west": { "texture": "#skin", "uv": [ 10.5, 10.5, 12.0, 13.0 ] },
										"up": { "texture": "#skin", "uv": [ 10.5, 9.0, 12.0, 10.5 ], "rotation": 90 },
										"down": { "texture": "#skin", "uv": [ 10.5, 13.0, 12.0, 14.5 ], "rotation": 90 }
									},
									"children": [
										{
											"name": "mouth up",
											"from": [ -1.98, 0.11, 0.44 ], 
											"to": [ 0.66, 0.61, 1.54 ], 
											"unwrapMode": 5,
											"unwrapRotation": 1,
											"uv": [ 0.0, 0.0 ],
											"rotationOrigin": [ 0.55, 0.55, 0.99 ],
											"rotationZ": 55.0,
											"faces": {
												"north": { "texture": "#skin", "uv": [ 0.0, 0.0, 0.5, 2.5 ], "rotation": 270 },
												"east": { "texture": "#skin", "uv": [ 0.5, 0.0, 1.5, 0.5 ], "rotation": 180, "enabled": false },
												"south": { "texture": "#skin", "uv": [ 1.5, 0.0, 2.0, 2.5 ], "rotation": 90 },
												"west": { "texture": "#skin", "uv": [ 0.5, 2.5, 1.5, 3.0 ] },
												"up": { "texture": "#skin", "uv": [ 0.5, 0.0, 1.5, 2.5 ], "rotation": 90 },
												"down": { "texture": "#skin", "uv": [ 2.0, 0.0, 3.0, 2.5 ], "rotation": 270 }
											},
											"children": [
												{
													"name": "nose",
													"from": [ -0.22, 0.11, 0.2 ], 
													"to": [ 0.55, 0.77, 0.91 ], 
													"unwrapMode": 4,
													"uv": [ 9.0, 14.0 ],
													"rotationOrigin": [ -0.22, 0.77, 0.53 ],
													"rotationZ": 14.0,
													"faces": {
														"north": { "texture": "#skin", "uv": [ 9.0, 14.5, 9.5, 15.0 ], "windMode": [-1,-1,-1,-1], "windData": [1,1,1,1] },
														"east": { "texture": "#skin", "uv": [ 10.5, 14.5, 11.0, 15.0 ], "windMode": [-1,-1,-1,-1], "windData": [1,1,1,1] },
														"south": { "texture": "#skin", "uv": [ 10.0, 14.5, 10.5, 15.0 ], "windMode": [-1,-1,-1,-1], "windData": [1,1,1,1] },
														"west": { "texture": "#skin", "uv": [ 9.5, 14.5, 10.0, 15.0 ], "windMode": [-1,-1,-1,-1], "windData": [1,1,1,1] },
														"up": { "texture": "#skin", "uv": [ 9.5, 14.0, 10.0, 14.5 ], "rotation": 90, "windMode": [-1,-1,-1,-1], "windData": [1,1,1,1] },
														"down": { "texture": "#skin", "uv": [ 9.5, 15.0, 10.0, 15.5 ], "rotation": 90, "windMode": [-1,-1,-1,-1], "windData": [1,1,1,1] }
													}
												},
												{
													"name": "nose bridge",
													"from": [ 0.77, 0.0, 0.055 ], 
													"to": [ 3.97, 1.0, 1.055 ], 
													"unwrapMode": 5,
													"unwrapRotation": 1,
													"uv": [ 18.0, 13.5 ],
													"rotationOrigin": [ 0.77, 0.0, 0.33 ],
													"rotationZ": 24.0,
													"faces": {
														"north": { "texture": "#skin", "uv": [ 18.0, 14.5, 19.0, 17.5 ], "rotation": 270 },
														"east": { "texture": "#skin", "uv": [ 19.0, 13.5, 20.0, 14.5 ], "rotation": 180, "windMode": [-1,-1,-1,-1], "windData": [0,0,0,0] },
														"south": { "texture": "#skin", "uv": [ 20.0, 14.5, 21.0, 17.5 ], "rotation": 90 },
														"west": { "texture": "#skin", "uv": [ 19.0, 17.5, 20.0, 18.5 ], "windMode": [-1,-1,-1,-1], "windData": [0,0,0,0] },
														"up": { "texture": "#skin", "uv": [ 19.0, 14.5, 20.0, 17.5 ], "rotation": 90 },
														"down": { "texture": "#skin", "uv": [ 21.0, 14.5, 22.0, 17.5 ], "rotation": 270, "enabled": false }
													}
												}
											]
										},
										{
											"name": "R ear",
											"from": [ 0.55, 1.52, -1.3 ], 
											"to": [ 0.77, 2.62, 0.7 ], 
											"unwrapMode": 4,
											"uv": [ 12.0, 13.0 ],
											"rotationOrigin": [ 0.77, 2.4, 0.51 ],
											"rotationX": 55.0,
											"rotationZ": 22.0,
											"faces": {
												"north": { "texture": "#skin", "uv": [ 12.0, 13.5, 12.5, 14.5 ] },
												"east": { "texture": "#skin", "uv": [ 15.0, 13.5, 17.0, 14.5 ] },
												"south": { "texture": "#skin", "uv": [ 14.5, 13.5, 15.0, 14.5 ], "windMode": [-1,-1,-1,-1], "windData": [0,0,0,0] },
												"west": { "texture": "#skin", "uv": [ 12.5, 13.5, 14.5, 14.5 ] },
												"up": { "texture": "#skin", "uv": [ 12.5, 13.0, 14.5, 13.5 ], "rotation": 90 },
												"down": { "texture": "#skin", "uv": [ 12.5, 14.5, 14.5, 15.0 ], "rotation": 90 }
											}
										},
										{
											"name": "L ear",
											"from": [ 0.55, 1.52, 1.37 ], 
											"to": [ 0.77, 2.62, 3.37 ], 
											"unwrapMode": 4,
											"uv": [ 11.5, 0.0 ],
											"rotationOrigin": [ 0.77, 2.4, 1.37 ],
											"rotationX": -55.0,
											"rotationZ": 22.0,
											"faces": {
												"north": { "texture": "#skin", "uv": [ 11.5, 0.5, 12.0, 1.5 ], "windMode": [-1,-1,-1,-1] },
												"east": { "texture": "#skin", "uv": [ 14.5, 0.5, 16.5, 1.5 ] },
												"south": { "texture": "#skin", "uv": [ 14.0, 0.5, 14.5, 1.5 ], "windMode": [-1,-1,-1,-1] },
												"west": { "texture": "#skin", "uv": [ 12.0, 0.5, 14.0, 1.5 ] },
												"up": { "texture": "#skin", "uv": [ 12.0, 0.0, 14.0, 0.5 ], "rotation": 90 },
												"down": { "texture": "#skin", "uv": [ 12.0, 1.5, 14.0, 2.0 ], "rotation": 90 }
											}
										},
										{
											"name": "jaw",
											"from": [ -1.52, -0.1, 0.55 ], 
											"to": [ 1.48, 0.4, 1.43 ], 
											"unwrapMode": 5,
											"unwrapRotation": 1,
											"uv": [ 0.0, 9.0 ],
											"rotationOrigin": [ 1.1, 0.33, 1.1 ],
											"rotationZ": 48.0,
											"faces": {
												"north": { "texture": "#skin", "uv": [ 0.0, 9.0, 0.5, 12.0 ], "rotation": 270 },
												"east": { "texture": "#skin", "uv": [ 0.5, 9.0, 1.0, 9.5 ], "rotation": 180, "enabled": false },
												"south": { "texture": "#skin", "uv": [ 1.0, 9.0, 1.5, 12.0 ], "rotation": 90 },
												"west": { "texture": "#skin", "uv": [ 0.5, 12.0, 1.0, 12.5 ] },
												"up": { "texture": "#skin", "uv": [ 0.5, 9.0, 1.0, 12.0 ], "rotation": 90 },
												"down": { "texture": "#skin", "uv": [ 1.5, 9.0, 2.0, 12.0 ], "rotation": 270 }
											}
										},
										{
											"name": "Horn attachment",
											"from": [ 0.0, 2.31, 0.99 ], 
											"to": [ 0.77, 3.08, 1.76 ], 
											"uv": [ 0.0, 0.0 ],
											"rotationOrigin": [ 0.0, 2.31, 0.99 ],
											"faces": {
												"north": { "texture": "#skin", "uv": [ 0.0, 1.0, 0.792, 1.792 ], "enabled": false },
												"east": { "texture": "#skin", "uv": [ 1.0, 1.0, 1.792, 1.792 ], "enabled": false, "windMode": [-1,-1,-1,-1], "windData": [1,1,1,1] },
												"south": { "texture": "#skin", "uv": [ 1.0, 1.0, 1.792, 1.792 ], "enabled": false, "windMode": [-1,-1,-1,-1], "windData": [1,1,1,1] },
												"west": { "texture": "#skin", "uv": [ 1.0, 1.0, 1.792, 1.792 ], "enabled": false, "windMode": [-1,-1,-1,-1], "windData": [1,1,1,1] },
												"up": { "texture": "#skin", "uv": [ 0.0, 0.0, 0.792, 0.792 ], "enabled": false, "windMode": [-1,-1,-1,-1], "windData": [1,1,1,1] },
												"down": { "texture": "#skin", "uv": [ 1.0, 0.0, 1.792, 0.792 ], "enabled": false, "windMode": [-1,-1,-1,-1], "windData": [1,1,1,1] }
											},
											"children": [
												{
													"name": "R antler base",
													"from": [ -0.33, -0.66, -0.66 ], 
													"to": [ 0.11, 0.22, -0.22 ], 
													"unwrapMode": 4,
													"uv": [ 0.0, 30.5 ],
													"rotationOrigin": [ -0.33, -0.66, -0.22 ],
													"rotationX": -15.0,
													"rotationY": -25.0,
													"faces": {
														"north": { "texture": "#skin", "uv": [ 0.0, 31.0, 0.5, 31.5 ] },
														"east": { "texture": "#skin", "uv": [ 1.5, 31.0, 2.0, 31.5 ] },
														"south": { "texture": "#skin", "uv": [ 1.0, 31.0, 1.5, 31.5 ] },
														"west": { "texture": "#skin", "uv": [ 0.5, 31.0, 1.0, 31.5 ] },
														"up": { "texture": "#skin", "uv": [ 0.5, 30.5, 1.0, 31.0 ], "rotation": 90 },
														"down": { "texture": "#skin", "uv": [ 0.5, 31.5, 1.0, 32.0 ], "rotation": 90 }
													},
													"children": [
														{
															"name": "R antler",
															"from": [ 0.055, 0.88, 0.055 ], 
															"to": [ 0.385, 2.38, 0.385 ], 
															"unwrapMode": 4,
															"uv": [ 0.0, 28.0 ],
															"rotationOrigin": [ 0.0, 0.88, 0.44 ],
															"faces": {
																"north": { "texture": "#skin", "uv": [ 0.0, 28.5, 0.5, 30.0 ] },
																"east": { "texture": "#skin", "uv": [ 1.5, 28.5, 2.0, 30.0 ] },
																"south": { "texture": "#skin", "uv": [ 1.0, 28.5, 1.5, 30.0 ] },
																"west": { "texture": "#skin", "uv": [ 0.5, 28.5, 1.0, 30.0 ] },
																"up": { "texture": "#skin", "uv": [ 0.5, 28.0, 1.0, 28.5 ], "rotation": 90 },
																"down": { "texture": "#skin", "uv": [ 0.5, 30.0, 1.0, 30.5 ], "rotation": 90 }
															},
															"children": [
																{
																	"name": "R antler point",
																	"from": [ 0.1, 1.3, 0.05 ], 
																	"to": [ 0.3, 2.3, 0.25 ], 
																	"unwrapMode": 4,
																	"uv": [ 0.0, 26.0 ],
																	"rotationOrigin": [ 0.045, 1.3, 0.485 ],
																	"rotationX": 14.0,
																	"faces": {
																		"north": { "texture": "#skin", "uv": [ 0.0, 26.5, 0.5, 27.5 ] },
																		"east": { "texture": "#skin", "uv": [ 1.5, 26.5, 2.0, 27.5 ] },
																		"south": { "texture": "#skin", "uv": [ 1.0, 26.5, 1.5, 27.5 ] },
																		"west": { "texture": "#skin", "uv": [ 0.5, 26.5, 1.0, 27.5 ] },
																		"up": { "texture": "#skin", "uv": [ 0.5, 26.0, 1.0, 26.5 ], "rotation": 90 },
																		"down": { "texture": "#skin", "uv": [ 0.5, 27.5, 1.0, 28.0 ], "rotation": 90 }
																	}
																}
															]
														}
													]
												},
												{
													"name": "L antler base",
													"from": [ -0.33, -0.66, 0.22 ], 
													"to": [ 0.11, 0.22, 0.66 ], 
													"unwrapMode": 4,
													"uv": [ 2.0, 30.5 ],
													"rotationOrigin": [ -0.33, -0.66, 0.22 ],
													"rotationX": 15.0,
													"rotationY": 25.0,
													"faces": {
														"north": { "texture": "#skin", "uv": [ 2.0, 31.0, 2.5, 31.5 ] },
														"east": { "texture": "#skin", "uv": [ 3.5, 31.0, 4.0, 31.5 ] },
														"south": { "texture": "#skin", "uv": [ 3.0, 31.0, 3.5, 31.5 ] },
														"west": { "texture": "#skin", "uv": [ 2.5, 31.0, 3.0, 31.5 ] },
														"up": { "texture": "#skin", "uv": [ 2.5, 30.5, 3.0, 31.0 ], "rotation": 90, "windMode": [-1,-1,-1,-1], "windData": [1,1,1,1] },
														"down": { "texture": "#skin", "uv": [ 2.5, 31.5, 3.0, 32.0 ], "rotation": 90, "windMode": [-1,-1,-1,-1], "windData": [1,1,1,1] }
													},
													"children": [
														{
															"name": "L antler",
															"from": [ 0.055, 0.88, 0.055 ], 
															"to": [ 0.385, 2.38, 0.385 ], 
															"unwrapMode": 4,
															"uv": [ 2.0, 28.0 ],
															"rotationOrigin": [ 0.0, 0.88, 0.0 ],
															"faces": {
																"north": { "texture": "#skin", "uv": [ 2.0, 28.5, 2.5, 30.0 ] },
																"east": { "texture": "#skin", "uv": [ 3.5, 28.5, 4.0, 30.0 ] },
																"south": { "texture": "#skin", "uv": [ 3.0, 28.5, 3.5, 30.0 ] },
																"west": { "texture": "#skin", "uv": [ 2.5, 28.5, 3.0, 30.0 ] },
																"up": { "texture": "#skin", "uv": [ 2.5, 28.0, 3.0, 28.5 ], "rotation": 90 },
																"down": { "texture": "#skin", "uv": [ 2.5, 30.0, 3.0, 30.5 ], "rotation": 90 }
															},
															"children": [
																{
																	"name": "L antlerpoint",
																	"from": [ 0.1, 1.3, 0.1 ], 
																	"to": [ 0.3, 2.3, 0.3 ], 
																	"unwrapMode": 4,
																	"uv": [ 2.0, 26.0 ],
																	"rotationOrigin": [ 0.045, 1.3, 0.045 ],
																	"rotationX": -14.0,
																	"faces": {
																		"north": { "texture": "#skin", "uv": [ 2.0, 26.5, 2.5, 27.5 ] },
																		"east": { "texture": "#skin", "uv": [ 3.5, 26.5, 4.0, 27.5 ] },
																		"south": { "texture": "#skin", "uv": [ 3.0, 26.5, 3.5, 27.5 ] },
																		"west": { "texture": "#skin", "uv": [ 2.5, 26.5, 3.0, 27.5 ] },
																		"up": { "texture": "#skin", "uv": [ 2.5, 26.0, 3.0, 26.5 ], "rotation": 90 },
																		"down": { "texture": "#skin", "uv": [ 2.5, 27.5, 3.0, 28.0 ], "rotation": 90 }
																	}
																}
															]
														}
													]
												}
											]
										}
									]
								}
							]
						}
					]
				},
				{
					"name": "abdomen",
					"from": [ 5.52, 0.0, -0.11 ], 
					"to": [ 10.8, 5.5, 3.41 ], 
					"unwrapMode": 3,
					"unwrapRotation": 1,
					"uv": [ 0.0, 12.0 ],
					"rotationOrigin": [ 5.52, 2.75, 1.87 ],
					"rotationX": 8.0,
					"rotationY": 11.0,
					"rotationZ": -11.0,
					"faces": {
						"north": { "texture": "#skin", "uv": [ 12.5, 15.5, 18.0, 20.5 ], "rotation": 270 },
						"east": { "texture": "#skin", "uv": [ 3.5, 12.0, 9.0, 15.5 ], "rotation": 90 },
						"south": { "texture": "#skin", "uv": [ 3.5, 15.5, 9.0, 20.5 ], "rotation": 90 },
						"west": { "texture": "#skin", "uv": [ 3.5, 20.5, 9.0, 24.0 ], "rotation": 90 },
						"up": { "texture": "#skin", "uv": [ 0.0, 15.5, 3.5, 20.5 ], "rotation": 90 },
						"down": { "texture": "#skin", "uv": [ 9.0, 15.5, 12.5, 20.5 ], "rotation": 270 }
					},
					"children": [
						{
							"name": "L back Thigh",
							"from": [ 2.31, -0.22, 3.03 ], 
							"to": [ 6.27, 4.51, 4.57 ], 
							"unwrapMode": 3,
							"uv": [ 21.0, 13.5 ],
							"rotationOrigin": [ 3.85, 3.19, 3.8 ],
							"rotationX": 3.0,
							"rotationZ": -19.0,
							"faces": {
								"north": { "texture": "#skin", "uv": [ 27.5, 15.0, 31.0, 19.5 ] },
								"east": { "texture": "#skin", "uv": [ 26.0, 15.0, 27.5, 19.5 ] },
								"south": { "texture": "#skin", "uv": [ 22.5, 15.0, 26.0, 19.5 ] },
								"west": { "texture": "#skin", "uv": [ 21.0, 15.0, 22.5, 19.5 ] },
								"up": { "texture": "#skin", "uv": [ 22.5, 13.5, 26.0, 15.0 ], "windMode": [-1,-1,-1,-1], "windData": [0,0,1,1] },
								"down": { "texture": "#skin", "uv": [ 22.5, 19.5, 26.0, 21.0 ], "rotation": 180 }
							},
							"children": [
								{
									"name": "L back Upper Arm",
									"from": [ 0.22, -3.96, 0.22 ], 
									"to": [ 1.76, 0.44, 1.43 ], 
									"unwrapMode": 3,
									"uv": [ 27.0, 5.0 ],
									"rotationOrigin": [ 0.99, 0.44, 0.88 ],
									"rotationX": 1.0,
									"rotationZ": 91.0,
									"faces": {
										"north": { "texture": "#skin", "uv": [ 30.5, 6.0, 32.0, 10.0 ] },
										"east": { "texture": "#skin", "uv": [ 29.5, 6.0, 30.5, 10.0 ] },
										"south": { "texture": "#skin", "uv": [ 28.0, 6.0, 29.5, 10.0 ] },
										"west": { "texture": "#skin", "uv": [ 27.0, 6.0, 28.0, 10.0 ] },
										"up": { "texture": "#skin", "uv": [ 28.0, 5.0, 29.5, 6.0 ] },
										"down": { "texture": "#skin", "uv": [ 28.0, 10.0, 29.5, 11.0 ], "rotation": 180 }
									},
									"children": [
										{
											"name": "L back lower arm",
											"from": [ 0.22, -4.62, 0.22 ], 
											"to": [ 1.1, 0.66, 0.99 ], 
											"unwrapMode": 3,
											"uv": [ 19.5, 20.0 ],
											"rotationOrigin": [ 0.77, 0.66, 0.66 ],
											"rotationX": -4.0,
											"rotationZ": -161.0,
											"faces": {
												"north": { "texture": "#skin", "uv": [ 21.0, 20.5, 21.5, 25.5 ] },
												"east": { "texture": "#skin", "uv": [ 20.5, 20.5, 21.0, 25.5 ] },
												"south": { "texture": "#skin", "uv": [ 20.0, 20.5, 20.5, 25.5 ] },
												"west": { "texture": "#skin", "uv": [ 19.5, 20.5, 20.0, 25.5 ] },
												"up": { "texture": "#skin", "uv": [ 20.0, 20.0, 20.5, 20.5 ] },
												"down": { "texture": "#skin", "uv": [ 20.0, 25.5, 20.5, 26.0 ], "rotation": 180 }
											},
											"children": [
												{
													"name": "L back pastern",
													"from": [ 0.055, -0.88, 0.0 ], 
													"to": [ 0.825, 1.1, 0.77 ], 
													"unwrapMode": 3,
													"uv": [ 1.5, 22.0 ],
													"rotationOrigin": [ 0.55, 0.99, 0.33 ],
													"faces": {
														"north": { "texture": "#skin", "uv": [ 3.0, 22.5, 3.5, 24.0 ] },
														"east": { "texture": "#skin", "uv": [ 2.5, 22.5, 3.0, 24.0 ] },
														"south": { "texture": "#skin", "uv": [ 2.0, 22.5, 2.5, 24.0 ] },
														"west": { "texture": "#skin", "uv": [ 1.5, 22.5, 2.0, 24.0 ] },
														"up": { "texture": "#skin", "uv": [ 2.0, 22.0, 2.5, 22.5 ] },
														"down": { "texture": "#skin", "uv": [ 2.0, 24.0, 2.5, 24.5 ], "rotation": 180 }
													},
													"children": [
														{
															"name": "L origin hind hoof",
															"from": [ 0.14, 0.45, 0.385 ], 
															"to": [ 0.14, 0.45, 0.385 ], 
															"uv": [ 0.0, 0.0 ],
															"rotationOrigin": [ 0.14, 0.45, 0.44 ],
															"rotationZ": 50.0,
															"faces": {
																"north": { "texture": "#skin", "uv": [ 0.0, 0.5, 0.396, 0.896 ], "enabled": false },
																"east": { "texture": "#skin", "uv": [ 0.5, 0.5, 0.896, 0.896 ], "enabled": false },
																"south": { "texture": "#skin", "uv": [ 1.0, 0.5, 1.396, 0.896 ], "enabled": false },
																"west": { "texture": "#skin", "uv": [ 1.5, 0.5, 1.896, 0.896 ], "enabled": false },
																"up": { "texture": "#skin", "uv": [ 0.0, 0.0, 0.396, 0.396 ], "enabled": false },
																"down": { "texture": "#skin", "uv": [ 0.5, 0.0, 0.896, 0.396 ], "enabled": false }
															},
															"children": [
																{
																	"name": "L hind hoof 1",
																	"from": [ -1.21, -0.22, -0.33 ], 
																	"to": [ -0.33, 0.11, 0.33 ], 
																	"unwrapMode": 4,
																	"uv": [ 6.0, 30.5 ],
																	"rotationOrigin": [ -0.11, 0.0, 0.22 ],
																	"rotationZ": 55.0,
																	"faces": {
																		"north": { "texture": "#skin", "uv": [ 6.0, 31.0, 6.5, 31.5 ] },
																		"east": { "texture": "#skin", "uv": [ 7.5, 31.0, 8.0, 31.5 ] },
																		"south": { "texture": "#skin", "uv": [ 7.0, 31.0, 7.5, 31.5 ] },
																		"west": { "texture": "#skin", "uv": [ 6.5, 31.0, 7.0, 31.5 ] },
																		"up": { "texture": "#skin", "uv": [ 6.5, 30.5, 7.0, 31.0 ], "rotation": 90 },
																		"down": { "texture": "#skin", "uv": [ 6.5, 31.5, 7.0, 32.0 ], "rotation": 90 }
																	}
																},
																{
																	"name": "L hind hoof 2",
																	"from": [ -0.88, -0.66, -0.33 ], 
																	"to": [ 0.22, -0.33, 0.33 ], 
																	"unwrapMode": 4,
																	"uv": [ 9.0, 29.5 ],
																	"rotationOrigin": [ 0.11, -0.22, 0.11 ],
																	"rotationZ": 27.0,
																	"faces": {
																		"north": { "texture": "#skin", "uv": [ 9.0, 30.5, 10.0, 31.0 ] },
																		"east": { "texture": "#skin", "uv": [ 11.5, 30.5, 12.0, 31.0 ] },
																		"south": { "texture": "#skin", "uv": [ 10.5, 30.5, 11.5, 31.0 ] },
																		"west": { "texture": "#skin", "uv": [ 10.0, 30.5, 10.5, 31.0 ] },
																		"up": { "texture": "#skin", "uv": [ 10.0, 29.5, 10.5, 30.5 ], "rotation": 90 },
																		"down": { "texture": "#skin", "uv": [ 10.0, 31.0, 10.5, 32.0 ], "rotation": 90 }
																	}
																}
															]
														}
													]
												}
											]
										}
									]
								}
							]
						},
						{
							"name": "tail",
							"from": [ 4.73, 3.96, 1.265 ], 
							"to": [ 5.28, 5.06, 2.255 ], 
							"unwrapMode": 3,
							"unwrapRotation": 1,
							"uv": [ 8.5, 0.0 ],
							"rotationOrigin": [ 4.73, 5.06, 1.76 ],
							"rotationZ": 48.0,
							"faces": {
								"north": { "texture": "#skin", "uv": [ 10.5, 0.5, 11.5, 1.0 ], "rotation": 270, "windMode": [-1,-1,-1,-1], "windData": [0,1,1,0] },
								"east": { "texture": "#skin", "uv": [ 9.0, 0.0, 10.0, 0.5 ], "rotation": 90, "windMode": [-1,-1,-1,-1], "windData": [0,1,1,0] },
								"south": { "texture": "#skin", "uv": [ 9.0, 0.5, 10.0, 1.0 ], "rotation": 90 },
								"west": { "texture": "#skin", "uv": [ 9.0, 1.0, 10.0, 1.5 ], "rotation": 90, "windMode": [-1,-1,-1,-1], "windData": [0,0,1,1] },
								"up": { "texture": "#skin", "uv": [ 8.5, 0.5, 9.0, 1.0 ], "rotation": 90, "windMode": [-1,-1,-1,-1], "windData": [1,1,1,1] },
								"down": { "texture": "#skin", "uv": [ 10.0, 0.5, 10.5, 1.0 ], "rotation": 270, "windMode": [-1,-1,-1,-1] }
							},
							"children": [
								{
									"name": "tail-end",
									"from": [ -0.11, -1.98, 0.055 ], 
									"to": [ 0.55, 0.33, 0.935 ], 
									"unwrapMode": 3,
									"unwrapRotation": 1,
									"uv": [ 9.5, 1.5 ],
									"rotationOrigin": [ -0.11, 0.22, 0.44 ],
									"rotationZ": -22.0,
									"faces": {
										"north": { "texture": "#skin", "uv": [ 12.5, 2.0, 14.5, 2.5 ], "rotation": 270 },
										"east": { "texture": "#skin", "uv": [ 10.0, 1.5, 12.0, 2.0 ], "rotation": 90 },
										"south": { "texture": "#skin", "uv": [ 10.0, 2.0, 12.0, 2.5 ], "rotation": 90 },
										"west": { "texture": "#skin", "uv": [ 10.0, 2.5, 12.0, 3.0 ], "rotation": 90 },
										"up": { "texture": "#skin", "uv": [ 9.5, 2.0, 10.0, 2.5 ], "rotation": 90, "windMode": [-1,-1,-1,-1], "windData": [1,1,1,1] },
										"down": { "texture": "#skin", "uv": [ 12.0, 2.0, 12.5, 2.5 ], "rotation": 270 }
									}
								}
							]
						},
						{
							"name": "R back Thigh",
							"from": [ 2.31, -0.22, -0.55 ], 
							"to": [ 6.27, 4.51, 0.99 ], 
							"unwrapMode": 1,
							"uv": [ 17.0, 6.0 ],
							"rotationOrigin": [ 3.85, 3.19, 0.11 ],
							"rotationX": 11.0,
							"rotationY": -11.0,
							"rotationZ": -23.0,
							"faces": {
								"north": { "texture": "#skin", "uv": [ 18.5, 7.5, 22.0, 12.0 ] },
								"east": { "texture": "#skin", "uv": [ 17.0, 7.5, 18.5, 12.0 ] },
								"south": { "texture": "#skin", "uv": [ 23.5, 7.5, 27.0, 12.0 ] },
								"west": { "texture": "#skin", "uv": [ 22.0, 7.5, 23.5, 12.0 ] },
								"up": { "texture": "#skin", "uv": [ 18.5, 6.0, 22.0, 7.5 ], "rotation": 180 },
								"down": { "texture": "#skin", "uv": [ 18.5, 12.0, 22.0, 13.5 ] }
							},
							"children": [
								{
									"name": "R back Upper Arm",
									"from": [ 0.22, -3.96, 0.11 ], 
									"to": [ 1.76, 0.44, 1.32 ], 
									"unwrapMode": 1,
									"uv": [ 17.0, 0.0 ],
									"rotationOrigin": [ 0.99, 0.44, 0.77 ],
									"rotationX": -1.0,
									"rotationZ": 94.0,
									"faces": {
										"north": { "texture": "#skin", "uv": [ 18.0, 1.0, 19.5, 5.0 ] },
										"east": { "texture": "#skin", "uv": [ 17.0, 1.0, 18.0, 5.0 ] },
										"south": { "texture": "#skin", "uv": [ 20.5, 1.0, 22.0, 5.0 ] },
										"west": { "texture": "#skin", "uv": [ 19.5, 1.0, 20.5, 5.0 ] },
										"up": { "texture": "#skin", "uv": [ 18.0, 0.0, 19.5, 1.0 ], "rotation": 180 },
										"down": { "texture": "#skin", "uv": [ 18.0, 5.0, 19.5, 6.0 ] }
									},
									"children": [
										{
											"name": "R back lower arm",
											"from": [ -0.38, -4.51, 0.22 ], 
											"to": [ 0.5, 0.77, 0.99 ], 
											"unwrapMode": 1,
											"uv": [ 17.5, 20.0 ],
											"rotationOrigin": [ 0.17, 0.77, 0.66 ],
											"rotationX": 4.0,
											"rotationZ": -163.0,
											"faces": {
												"north": { "texture": "#skin", "uv": [ 18.0, 20.5, 18.5, 25.5 ] },
												"east": { "texture": "#skin", "uv": [ 17.5, 20.5, 18.0, 25.5 ] },
												"south": { "texture": "#skin", "uv": [ 19.0, 20.5, 19.5, 25.5 ] },
												"west": { "texture": "#skin", "uv": [ 18.5, 20.5, 19.0, 25.5 ] },
												"up": { "texture": "#skin", "uv": [ 18.0, 20.0, 18.5, 20.5 ], "rotation": 180 },
												"down": { "texture": "#skin", "uv": [ 18.0, 25.5, 18.5, 26.0 ] }
											},
											"children": [
												{
													"name": "R back pastern",
													"from": [ 0.055, -0.88, 0.0 ], 
													"to": [ 0.825, 1.1, 0.77 ], 
													"unwrapMode": 1,
													"uv": [ 0.0, 20.33 ],
													"rotationOrigin": [ 0.55, 0.99, 0.33 ],
													"rotationZ": 14.0,
													"faces": {
														"north": { "texture": "#skin", "uv": [ 0.5, 21.0, 1.0, 22.5 ] },
														"east": { "texture": "#skin", "uv": [ 0.0, 21.0, 0.5, 22.5 ] },
														"south": { "texture": "#skin", "uv": [ 1.5, 21.0, 2.0, 22.5 ] },
														"west": { "texture": "#skin", "uv": [ 1.0, 21.0, 1.5, 22.5 ] },
														"up": { "texture": "#skin", "uv": [ 0.5, 20.5, 1.0, 21.0 ], "rotation": 180 },
														"down": { "texture": "#skin", "uv": [ 0.5, 22.5, 1.0, 23.0 ] }
													},
													"children": [
														{
															"name": "R origin hind hoof",
															"from": [ 0.14, 0.55, 0.385 ], 
															"to": [ 0.14, 0.55, 0.385 ], 
															"uv": [ 0.0, 0.0 ],
															"rotationOrigin": [ 0.14, 0.55, 0.44 ],
															"rotationZ": 58.0,
															"faces": {
																"north": { "texture": "#skin", "uv": [ 0.0, 0.5, 0.396, 0.896 ], "enabled": false },
																"east": { "texture": "#skin", "uv": [ 0.5, 0.5, 0.896, 0.896 ], "enabled": false },
																"south": { "texture": "#skin", "uv": [ 1.0, 0.5, 1.396, 0.896 ], "enabled": false },
																"west": { "texture": "#skin", "uv": [ 1.5, 0.5, 1.896, 0.896 ], "enabled": false },
																"up": { "texture": "#skin", "uv": [ 0.0, 0.0, 0.396, 0.396 ], "enabled": false },
																"down": { "texture": "#skin", "uv": [ 0.5, 0.0, 0.896, 0.396 ], "enabled": false }
															},
															"children": [
																{
																	"name": "R hind hoof 1",
																	"from": [ -1.21, -0.22, -0.33 ], 
																	"to": [ -0.33, 0.11, 0.33 ], 
																	"unwrapMode": 4,
																	"uv": [ 3.5, 27.5 ],
																	"rotationOrigin": [ -0.11, 0.0, 0.22 ],
																	"rotationZ": 55.0,
																	"faces": {
																		"north": { "texture": "#skin", "uv": [ 3.5, 28.0, 4.0, 28.5 ] },
																		"east": { "texture": "#skin", "uv": [ 5.0, 28.0, 5.5, 28.5 ] },
																		"south": { "texture": "#skin", "uv": [ 4.5, 28.0, 5.0, 28.5 ] },
																		"west": { "texture": "#skin", "uv": [ 4.0, 28.0, 4.5, 28.5 ] },
																		"up": { "texture": "#skin", "uv": [ 4.0, 27.5, 4.5, 28.0 ], "rotation": 90 },
																		"down": { "texture": "#skin", "uv": [ 4.0, 28.5, 4.5, 29.0 ], "rotation": 90 }
																	}
																},
																{
																	"name": "R hind hoof 2",
																	"from": [ -0.88, -0.66, -0.33 ], 
																	"to": [ 0.22, -0.33, 0.33 ], 
																	"unwrapMode": 4,
																	"uv": [ 4.5, 26.5 ],
																	"rotationOrigin": [ 0.11, -0.22, 0.11 ],
																	"rotationZ": 27.0,
																	"faces": {
																		"north": { "texture": "#skin", "uv": [ 4.5, 27.5, 5.5, 28.0 ] },
																		"east": { "texture": "#skin", "uv": [ 7.0, 27.5, 7.5, 28.0 ] },
																		"south": { "texture": "#skin", "uv": [ 6.0, 27.5, 7.0, 28.0 ] },
																		"west": { "texture": "#skin", "uv": [ 5.5, 27.5, 6.0, 28.0 ] },
																		"up": { "texture": "#skin", "uv": [ 5.5, 26.5, 6.0, 27.5 ], "rotation": 90 },
																		"down": { "texture": "#skin", "uv": [ 5.5, 28.0, 6.0, 29.0 ], "rotation": 90 }
																	}
																}
															]
														}
													]
												}
											]
										}
									]
								}
							]
						}
					]
				},
				{
					"name": "L front Thigh",
					"from": [ 0.55, 0.0, 2.73 ], 
					"to": [ 2.75, 3.74, 3.94 ], 
					"unwrapMode": 3,
					"uv": [ 24.0, 22.0 ],
					"rotationOrigin": [ 1.76, 2.31, 3.5 ],
					"rotationX": -11.0,
					"rotationZ": 6.0,
					"faces": {
						"north": { "texture": "#skin", "uv": [ 28.0, 23.0, 30.0, 26.5 ] },
						"east": { "texture": "#skin", "uv": [ 27.0, 23.0, 28.0, 26.5 ] },
						"south": { "texture": "#skin", "uv": [ 25.0, 23.0, 27.0, 26.5 ] },
						"west": { "texture": "#skin", "uv": [ 24.0, 23.0, 25.0, 26.5 ] },
						"up": { "texture": "#skin", "uv": [ 25.0, 22.0, 27.0, 23.0 ], "windMode": [-1,-1,-1,-1] },
						"down": { "texture": "#skin", "uv": [ 25.0, 26.5, 27.0, 27.5 ], "rotation": 180 }
					},
					"children": [
						{
							"name": "L front Upper Arm",
							"from": [ 0.33, -2.64, 0.22 ], 
							"to": [ 1.32, 0.77, 1.1 ], 
							"unwrapMode": 3,
							"uv": [ 9.0, 20.5 ],
							"rotationOrigin": [ 1.1, 0.33, 0.44 ],
							"rotationX": 1.0,
							"rotationZ": -94.0,
							"faces": {
								"north": { "texture": "#skin", "uv": [ 10.5, 21.0, 11.0, 24.0 ] },
								"east": { "texture": "#skin", "uv": [ 10.0, 21.0, 10.5, 24.0 ] },
								"south": { "texture": "#skin", "uv": [ 9.5, 21.0, 10.0, 24.0 ] },
								"west": { "texture": "#skin", "uv": [ 9.0, 21.0, 9.5, 24.0 ] },
								"up": { "texture": "#skin", "uv": [ 9.5, 20.5, 10.0, 21.0 ] },
								"down": { "texture": "#skin", "uv": [ 9.5, 24.0, 10.0, 24.5 ], "rotation": 180 }
							},
							"children": [
								{
									"name": "L front lower arm",
									"from": [ 0.11, -3.08, 0.055 ], 
									"to": [ 0.88, 0.88, 0.825 ], 
									"unwrapMode": 3,
									"uv": [ 13.0, 20.5 ],
									"rotationOrigin": [ 0.77, 0.33, 0.44 ],
									"rotationX": -3.0,
									"rotationZ": 174.0,
									"faces": {
										"north": { "texture": "#skin", "uv": [ 14.5, 21.0, 15.0, 24.5 ] },
										"east": { "texture": "#skin", "uv": [ 14.0, 21.0, 14.5, 24.5 ] },
										"south": { "texture": "#skin", "uv": [ 13.5, 21.0, 14.0, 24.5 ] },
										"west": { "texture": "#skin", "uv": [ 13.0, 21.0, 13.5, 24.5 ] },
										"up": { "texture": "#skin", "uv": [ 13.5, 20.5, 14.0, 21.0 ] },
										"down": { "texture": "#skin", "uv": [ 13.5, 24.5, 14.0, 25.0 ], "rotation": 180 }
									},
									"children": [
										{
											"name": "L front pastern",
											"from": [ 0.0, -1.32, 0.0 ], 
											"to": [ 0.77, 0.66, 0.77 ], 
											"unwrapMode": 3,
											"uv": [ 0.0, 23.5 ],
											"rotationOrigin": [ 0.0, 0.44, 0.33 ],
											"rotationX": -1.0,
											"rotationZ": 6.0,
											"faces": {
												"north": { "texture": "#skin", "uv": [ 1.5, 24.0, 2.0, 25.5 ] },
												"east": { "texture": "#skin", "uv": [ 1.0, 24.0, 1.5, 25.5 ] },
												"south": { "texture": "#skin", "uv": [ 0.5, 24.0, 1.0, 25.5 ] },
												"west": { "texture": "#skin", "uv": [ 0.0, 24.0, 0.5, 25.5 ] },
												"up": { "texture": "#skin", "uv": [ 0.5, 23.5, 1.0, 24.0 ] },
												"down": { "texture": "#skin", "uv": [ 0.5, 25.5, 1.0, 26.0 ], "rotation": 180 }
											},
											"children": [
												{
													"name": "L origin hoof",
													"from": [ 0.33, 0.55, 0.385 ], 
													"to": [ 0.33, 0.55, 0.385 ], 
													"uv": [ 0.0, 0.0 ],
													"rotationOrigin": [ 0.33, 0.55, 0.44 ],
													"rotationZ": 25.0,
													"faces": {
														"north": { "texture": "#skin", "uv": [ 0.0, 0.5, 0.396, 0.896 ], "enabled": false },
														"east": { "texture": "#skin", "uv": [ 0.5, 0.5, 0.896, 0.896 ], "enabled": false },
														"south": { "texture": "#skin", "uv": [ 1.0, 0.5, 1.396, 0.896 ], "enabled": false },
														"west": { "texture": "#skin", "uv": [ 1.5, 0.5, 1.896, 0.896 ], "enabled": false },
														"up": { "texture": "#skin", "uv": [ 0.0, 0.0, 0.396, 0.396 ], "enabled": false },
														"down": { "texture": "#skin", "uv": [ 0.5, 0.0, 0.896, 0.396 ], "enabled": false }
													},
													"children": [
														{
															"name": "L front hoof 1",
															"from": [ -1.21, -0.22, -0.33 ], 
															"to": [ -0.33, 0.11, 0.33 ], 
															"unwrapMode": 4,
															"uv": [ 4.0, 29.0 ],
															"rotationOrigin": [ -0.11, 0.0, 0.22 ],
															"rotationZ": 55.0,
															"faces": {
																"north": { "texture": "#skin", "uv": [ 4.0, 29.5, 4.5, 30.0 ] },
																"east": { "texture": "#skin", "uv": [ 5.5, 29.5, 6.0, 30.0 ] },
																"south": { "texture": "#skin", "uv": [ 5.0, 29.5, 5.5, 30.0 ] },
																"west": { "texture": "#skin", "uv": [ 4.5, 29.5, 5.0, 30.0 ] },
																"up": { "texture": "#skin", "uv": [ 4.5, 29.0, 5.0, 29.5 ], "rotation": 90 },
																"down": { "texture": "#skin", "uv": [ 4.5, 30.0, 5.0, 30.5 ], "rotation": 90 }
															}
														},
														{
															"name": "L front hoof 2",
															"from": [ -0.88, -0.66, -0.33 ], 
															"to": [ 0.22, -0.33, 0.33 ], 
															"unwrapMode": 4,
															"uv": [ 6.5, 27.5 ],
															"rotationOrigin": [ 0.11, -0.22, 0.11 ],
															"rotationZ": 27.0,
															"faces": {
																"north": { "texture": "#skin", "uv": [ 6.5, 28.5, 7.5, 29.0 ] },
																"east": { "texture": "#skin", "uv": [ 9.0, 28.5, 9.5, 29.0 ] },
																"south": { "texture": "#skin", "uv": [ 8.0, 28.5, 9.0, 29.0 ] },
																"west": { "texture": "#skin", "uv": [ 7.5, 28.5, 8.0, 29.0 ] },
																"up": { "texture": "#skin", "uv": [ 7.5, 27.5, 8.0, 28.5 ], "rotation": 90 },
																"down": { "texture": "#skin", "uv": [ 7.5, 29.0, 8.0, 30.0 ], "rotation": 90 }
															}
														}
													]
												}
											]
										}
									]
								}
							]
						}
					]
				},
				{
					"name": "R front Thigh",
					"from": [ 0.55, 0.11, -0.64 ], 
					"to": [ 2.75, 3.85, 0.57 ], 
					"unwrapMode": 1,
					"uv": [ 26.0, 26.5 ],
					"rotationOrigin": [ 1.76, 2.42, -0.2 ],
					"rotationX": 11.0,
					"rotationZ": 17.0,
					"faces": {
						"north": { "texture": "#skin", "uv": [ 27.0, 27.5, 29.0, 31.0 ] },
						"east": { "texture": "#skin", "uv": [ 26.0, 27.5, 27.0, 31.0 ] },
						"south": { "texture": "#skin", "uv": [ 30.0, 27.5, 32.0, 31.0 ] },
						"west": { "texture": "#skin", "uv": [ 29.0, 27.5, 30.0, 31.0 ] },
						"up": { "texture": "#skin", "uv": [ 27.0, 26.5, 29.0, 27.5 ], "rotation": 180 },
						"down": { "texture": "#skin", "uv": [ 27.0, 31.0, 29.0, 32.0 ] }
					},
					"children": [
						{
							"name": "R front Upper Arm",
							"from": [ 0.33, -2.64, 0.11 ], 
							"to": [ 1.32, 0.77, 0.99 ], 
							"unwrapMode": 1,
							"uv": [ 11.0, 20.5 ],
							"rotationOrigin": [ 1.1, 0.33, 0.77 ],
							"rotationX": -1.0,
							"rotationZ": -102.0,
							"faces": {
								"north": { "texture": "#skin", "uv": [ 11.5, 21.0, 12.0, 24.0 ] },
								"east": { "texture": "#skin", "uv": [ 11.0, 21.0, 11.5, 24.0 ] },
								"south": { "texture": "#skin", "uv": [ 12.5, 21.0, 13.0, 24.0 ] },
								"west": { "texture": "#skin", "uv": [ 12.0, 21.0, 12.5, 24.0 ] },
								"up": { "texture": "#skin", "uv": [ 11.5, 20.5, 12.0, 21.0 ], "rotation": 180 },
								"down": { "texture": "#skin", "uv": [ 11.5, 24.0, 12.0, 24.5 ] }
							},
							"children": [
								{
									"name": "R front lower arm",
									"from": [ 0.11, -3.08, 0.055 ], 
									"to": [ 0.88, 0.88, 0.825 ], 
									"unwrapMode": 1,
									"uv": [ 15.0, 20.5 ],
									"rotationOrigin": [ 0.77, 0.33, 0.66 ],
									"rotationX": 3.0,
									"rotationZ": 169.0,
									"faces": {
										"north": { "texture": "#skin", "uv": [ 15.5, 21.0, 16.0, 24.5 ] },
										"east": { "texture": "#skin", "uv": [ 15.0, 21.0, 15.5, 24.5 ] },
										"south": { "texture": "#skin", "uv": [ 16.5, 21.0, 17.0, 24.5 ] },
										"west": { "texture": "#skin", "uv": [ 16.0, 21.0, 16.5, 24.5 ] },
										"up": { "texture": "#skin", "uv": [ 15.5, 20.5, 16.0, 21.0 ], "rotation": 180 },
										"down": { "texture": "#skin", "uv": [ 15.5, 24.5, 16.0, 25.0 ] }
									},
									"children": [
										{
											"name": "R front pastern",
											"from": [ 0.0, -1.32, 0.0 ], 
											"to": [ 0.77, 0.66, 0.77 ], 
											"unwrapMode": 1,
											"uv": [ 2.5, 24.0 ],
											"rotationOrigin": [ 0.0, 0.44, 0.33 ],
											"rotationX": -1.0,
											"faces": {
												"north": { "texture": "#skin", "uv": [ 3.0, 24.5, 3.5, 26.0 ] },
												"east": { "texture": "#skin", "uv": [ 2.5, 24.5, 3.0, 26.0 ] },
												"south": { "texture": "#skin", "uv": [ 4.0, 24.5, 4.5, 26.0 ] },
												"west": { "texture": "#skin", "uv": [ 3.5, 24.5, 4.0, 26.0 ] },
												"up": { "texture": "#skin", "uv": [ 3.0, 24.0, 3.5, 24.5 ], "rotation": 180 },
												"down": { "texture": "#skin", "uv": [ 3.0, 26.0, 3.5, 26.5 ] }
											},
											"children": [
												{
													"name": "R origin hoof",
													"from": [ 0.33, 0.55, 0.385 ], 
													"to": [ 0.33, 0.55, 0.385 ], 
													"uv": [ 0.0, 0.0 ],
													"rotationOrigin": [ 0.33, 0.55, 0.44 ],
													"rotationZ": 25.0,
													"faces": {
														"north": { "texture": "#skin", "uv": [ 0.0, 0.5, 0.396, 0.896 ], "enabled": false },
														"east": { "texture": "#skin", "uv": [ 0.5, 0.5, 0.896, 0.896 ], "enabled": false },
														"south": { "texture": "#skin", "uv": [ 1.0, 0.5, 1.396, 0.896 ], "enabled": false },
														"west": { "texture": "#skin", "uv": [ 1.5, 0.5, 1.896, 0.896 ], "enabled": false },
														"up": { "texture": "#skin", "uv": [ 0.0, 0.0, 0.396, 0.396 ], "enabled": false },
														"down": { "texture": "#skin", "uv": [ 0.5, 0.0, 0.896, 0.396 ], "enabled": false }
													},
													"children": [
														{
															"name": "R front hoof 1",
															"from": [ -1.21, -0.22, -0.33 ], 
															"to": [ -0.33, 0.11, 0.33 ], 
															"unwrapMode": 4,
															"uv": [ 4.5, 30.0 ],
															"rotationOrigin": [ -0.11, 0.0, 0.22 ],
															"rotationZ": 55.0,
															"faces": {
																"north": { "texture": "#skin", "uv": [ 4.5, 30.5, 5.0, 31.0 ] },
																"east": { "texture": "#skin", "uv": [ 6.0, 30.5, 6.5, 31.0 ] },
																"south": { "texture": "#skin", "uv": [ 5.5, 30.5, 6.0, 31.0 ] },
																"west": { "texture": "#skin", "uv": [ 5.0, 30.5, 5.5, 31.0 ] },
																"up": { "texture": "#skin", "uv": [ 5.0, 30.0, 5.5, 30.5 ], "rotation": 90 },
																"down": { "texture": "#skin", "uv": [ 5.0, 31.0, 5.5, 31.5 ], "rotation": 90 }
															}
														},
														{
															"name": "R front hoof 2",
															"from": [ -0.88, -0.66, -0.33 ], 
															"to": [ 0.22, -0.33, 0.33 ], 
															"unwrapMode": 4,
															"uv": [ 7.0, 29.0 ],
															"rotationOrigin": [ 0.11, -0.22, 0.11 ],
															"rotationZ": 27.0,
															"faces": {
																"north": { "texture": "#skin", "uv": [ 7.0, 30.0, 8.0, 30.5 ] },
																"east": { "texture": "#skin", "uv": [ 9.5, 30.0, 10.0, 30.5 ] },
																"south": { "texture": "#skin", "uv": [ 8.5, 30.0, 9.5, 30.5 ] },
																"west": { "texture": "#skin", "uv": [ 8.0, 30.0, 8.5, 30.5 ] },
																"up": { "texture": "#skin", "uv": [ 8.0, 29.0, 8.5, 30.0 ], "rotation": 90 },
																"down": { "texture": "#skin", "uv": [ 8.0, 30.5, 8.5, 31.5 ], "rotation": 90 }
															}
														}
													]
												}
											]
										}
									]
								}
							]
						}
					]
				}
			],
			"attachmentpoints": [
				{
					"code": "Center",
					"posX": "9.0","posY": "4.0","posZ": "5.0",
					"rotationX": "0.0","rotationY": "0.0","rotationZ": "0.0"
				}
			]
		}
	]}