{
	"editor": {
		"allAngles": true,
		"entityTextureMode": true
	},
	"textureWidth": 32,
	"textureHeight": 32,
	"textureSizes": {
		"skin": [32,32]
	},
	"textures": {
	},
	"elements": [
		{
			"name": "Body",
			"from": [ 3.1185, 6.1479, 6.48 ],
			"to": [ 8.1972, 10.6029, 9.153 ],
			"unwrapMode": 3,
			"unwrapRotation": 1,
			"uv": [ 0.0, 0.0 ],
			"rotationOrigin": [ 8.1972, 8.4645, 8.08 ],
			"rotationZ": 8.0,
			"faces": {
				"north": { "texture": "#skin", "uv": [ 11.5, 3.0, 17.0, 9.0 ], "rotation": 270 },
				"east": { "texture": "#skin", "uv": [ 3.0, 0.0, 8.5, 3.0 ], "rotation": 90 },
				"south": { "texture": "#skin", "uv": [ 3.0, 3.0, 8.5, 9.0 ], "rotation": 90 },
				"west": { "texture": "#skin", "uv": [ 3.0, 9.0, 8.5, 12.0 ], "rotation": 90 },
				"up": { "texture": "#skin", "uv": [ 0.0, 3.0, 3.0, 9.0 ], "rotation": 90 },
				"down": { "texture": "#skin", "uv": [ 8.5, 3.0, 11.5, 9.0 ], "rotation": 270 }
			},
			"children": [
				{
					"name": "neck",
					"from": [ -0.4455, 2.4948, 0.5346 ],
					"to": [ 1.6038, 5.7915, 2.1384 ],
					"unwrapMode": 3,
					"unwrapRotation": 1,
					"uv": [ 10.5, 26.5 ],
					"rotationOrigin": [ 1.782, 2.4948, 1.3365 ],
					"rotationX": -3.0,
					"rotationY": -12.0,
					"rotationZ": 37.0,
					"faces": {
						"north": { "texture": "#skin", "uv": [ 16.0, 28.0, 20.0, 30.5 ], "rotation": 270, "windMode": [-1,-1,-1,-1], "windData": [0,0,1,0] },
						"east": { "texture": "#skin", "uv": [ 12.0, 26.5, 16.0, 28.0 ], "rotation": 90, "windMode": [-1,-1,-1,-1], "windData": [1,0,0,1] },
						"south": { "texture": "#skin", "uv": [ 12.0, 28.0, 16.0, 30.5 ], "rotation": 90 },
						"west": { "texture": "#skin", "uv": [ 12.0, 30.5, 16.0, 32.0 ], "rotation": 90 },
						"up": { "texture": "#skin", "uv": [ 10.5, 28.0, 12.0, 30.5 ], "rotation": 90 },
						"down": { "texture": "#skin", "uv": [ 16.0, 28.0, 17.5, 30.5 ], "rotation": 270, "enabled": false, "windMode": [-1,-1,-1,-1], "windData": [0,1,1,0] }
					},
					"children": [
						{
							"name": "neck2",
							"from": [ 0.3483, 1.9602, 0.1701 ],
							"to": [ 2.0412, 4.9896, 1.5957 ],
							"unwrapMode": 3,
							"uv": [ 25.0, 0.0 ],
							"rotationOrigin": [ 2.0412, 2.9403, 0.972 ],
							"rotationX": -9.0,
							"rotationY": -5.0,
							"rotationZ": -25.0,
							"faces": {
								"north": { "texture": "#skin", "uv": [ 30.0, 1.5, 32.0, 5.0 ], "windMode": [-1,-1,-1,-1], "windData": [1,1,1,1] },
								"east": { "texture": "#skin", "uv": [ 28.5, 1.5, 30.0, 5.0 ], "windMode": [-1,-1,-1,-1], "windData": [1,1,1,1] },
								"south": { "texture": "#skin", "uv": [ 26.5, 1.5, 28.5, 5.0 ], "windMode": [-1,-1,-1,-1], "windData": [1,1,1,1] },
								"west": { "texture": "#skin", "uv": [ 25.0, 1.5, 26.5, 5.0 ], "windMode": [-1,-1,-1,-1], "windData": [1,1,1,1] },
								"up": { "texture": "#skin", "uv": [ 26.5, 0.0, 28.5, 1.5 ], "windMode": [-1,-1,-1,-1], "windData": [1,1,1,1] },
								"down": { "texture": "#skin", "uv": [ 26.5, 5.0, 28.5, 6.5 ], "rotation": 180, "enabled": false, "windMode": [-1,-1,-1,-1], "windData": [1,1,1,1] }
							},
							"children": [
								{
									"name": "head",
									"from": [ 0.3645, 0.9801, 0.3159 ],
									"to": [ 1.701, 3.0294, 1.9197 ],
									"unwrapMode": 4,
									"uv": [ 9.0, 9.0 ],
									"rotationOrigin": [ 1.701, 3.0294, 1.1178 ],
									"rotationY": -25.0,
									"rotationZ": -75.0,
									"faces": {
										"north": { "texture": "#skin", "uv": [ 9.0, 10.5, 10.5, 13.0 ] },
										"east": { "texture": "#skin", "uv": [ 13.5, 10.5, 15.0, 13.0 ] },
										"south": { "texture": "#skin", "uv": [ 12.0, 10.5, 13.5, 13.0 ] },
										"west": { "texture": "#skin", "uv": [ 10.5, 10.5, 12.0, 13.0 ] },
										"up": { "texture": "#skin", "uv": [ 10.5, 9.0, 12.0, 10.5 ], "rotation": 90 },
										"down": { "texture": "#skin", "uv": [ 10.5, 13.0, 12.0, 14.5 ], "rotation": 90 }
									},
									"children": [
										{
											"name": "mouth up",
											"from": [ -1.6038, 0.0891, 0.3564 ],
											"to": [ 0.5346, 0.4455, 1.2474 ],
											"unwrapMode": 5,
											"unwrapRotation": 1,
											"uv": [ 0.0, 0.0 ],
											"rotationOrigin": [ 0.4455, 0.4455, 0.8019 ],
											"rotationZ": 55.0,
											"faces": {
												"north": { "texture": "#skin", "uv": [ 0.0, 0.0, 0.5, 2.5 ], "rotation": 270 },
												"east": { "texture": "#skin", "uv": [ 0.5, 0.0, 1.5, 0.5 ], "rotation": 180, "enabled": false },
												"south": { "texture": "#skin", "uv": [ 1.5, 0.0, 2.0, 2.5 ], "rotation": 90 },
												"west": { "texture": "#skin", "uv": [ 0.5, 2.5, 1.5, 3.0 ] },
												"up": { "texture": "#skin", "uv": [ 0.5, 0.0, 1.5, 2.5 ], "rotation": 90 },
												"down": { "texture": "#skin", "uv": [ 2.0, 0.0, 3.0, 2.5 ], "rotation": 270 }
											},
											"children": [
												{
													"name": "nose",
													"from": [ -0.1782, 0.0891, -0.0041 ],
													"to": [ 0.4455, 0.6237, 0.8951 ],
													"unwrapMode": 4,
													"uv": [ 9.0, 14.0 ],
													"rotationOrigin": [ -0.1782, 0.6237, 0.2673 ],
													"rotationZ": 14.0,
													"faces": {
														"north": { "texture": "#skin", "uv": [ 9.0, 14.5, 9.5, 15.0 ], "windMode": [-1,-1,-1,-1], "windData": [1,1,1,1] },
														"east": { "texture": "#skin", "uv": [ 11.0, 14.5, 12.0, 15.0 ], "windMode": [-1,-1,-1,-1], "windData": [1,1,1,1] },
														"south": { "texture": "#skin", "uv": [ 10.5, 14.5, 11.0, 15.0 ], "windMode": [-1,-1,-1,-1], "windData": [1,1,1,1] },
														"west": { "texture": "#skin", "uv": [ 9.5, 14.5, 10.5, 15.0 ], "windMode": [-1,-1,-1,-1], "windData": [1,1,1,1] },
														"up": { "texture": "#skin", "uv": [ 9.5, 14.0, 10.5, 14.5 ], "rotation": 90, "windMode": [-1,-1,-1,-1], "windData": [1,1,1,1] },
														"down": { "texture": "#skin", "uv": [ 9.5, 15.0, 10.5, 15.5 ], "rotation": 90, "windMode": [-1,-1,-1,-1], "windData": [1,1,1,1] }
													}
												},
												{
													"name": "nose bridge",
													"from": [ 0.6237, 0.0, 0.0446 ],
													"to": [ 3.2967, 0.8019, 0.8465 ],
													"unwrapMode": 5,
													"unwrapRotation": 1,
													"uv": [ 1.5, 11.0 ],
													"rotationOrigin": [ 0.6237, 0.0, 0.2673 ],
													"rotationZ": 22.0,
													"faces": {
														"north": { "texture": "#skin", "uv": [ 1.5, 11.5, 2.0, 14.5 ], "rotation": 270 },
														"east": { "texture": "#skin", "uv": [ 2.0, 11.0, 2.5, 11.5 ], "rotation": 180, "windMode": [-1,-1,-1,-1], "windData": [0,0,0,0] },
														"south": { "texture": "#skin", "uv": [ 2.5, 11.5, 3.0, 14.5 ], "rotation": 90 },
														"west": { "texture": "#skin", "uv": [ 2.0, 14.5, 2.5, 15.0 ], "windMode": [-1,-1,-1,-1], "windData": [0,0,0,0] },
														"up": { "texture": "#skin", "uv": [ 2.0, 11.5, 2.5, 14.5 ], "rotation": 90 },
														"down": { "texture": "#skin", "uv": [ 3.0, 11.5, 3.5, 14.5 ], "rotation": 270, "enabled": false }
													}
												}
											]
										},
										{
											"name": "R ear",
											"from": [ 0.4455, 1.0692, -1.2474 ],
											"to": [ 0.6237, 1.9602, 0.1782 ],
											"unwrapMode": 4,
											"uv": [ 12.0, 13.0 ],
											"rotationOrigin": [ 0.6237, 1.782, 0.0891 ],
											"rotationX": 55.0,
											"rotationZ": 22.0,
											"faces": {
												"north": { "texture": "#skin", "uv": [ 12.0, 13.5, 12.5, 14.5 ] },
												"east": { "texture": "#skin", "uv": [ 14.5, 13.5, 16.0, 14.5 ] },
												"south": { "texture": "#skin", "uv": [ 14.0, 13.5, 14.5, 14.5 ], "windMode": [-1,-1,-1,-1], "windData": [0,0,0,0] },
												"west": { "texture": "#skin", "uv": [ 12.5, 13.5, 14.0, 14.5 ] },
												"up": { "texture": "#skin", "uv": [ 12.5, 13.0, 14.0, 13.5 ], "rotation": 90 },
												"down": { "texture": "#skin", "uv": [ 12.5, 14.5, 14.0, 15.0 ], "rotation": 90 }
											}
										},
										{
											"name": "L ear",
											"from": [ 0.4455, 1.0692, 1.5147 ],
											"to": [ 0.6237, 1.9602, 2.9403 ],
											"unwrapMode": 4,
											"uv": [ 11.5, 0.0 ],
											"rotationOrigin": [ 0.6237, 1.782, 1.5147 ],
											"rotationX": -55.0,
											"rotationZ": 22.0,
											"faces": {
												"north": { "texture": "#skin", "uv": [ 11.5, 0.5, 12.0, 1.5 ], "windMode": [-1,-1,-1,-1] },
												"east": { "texture": "#skin", "uv": [ 14.0, 0.5, 15.5, 1.5 ] },
												"south": { "texture": "#skin", "uv": [ 13.5, 0.5, 14.0, 1.5 ], "windMode": [-1,-1,-1,-1] },
												"west": { "texture": "#skin", "uv": [ 12.0, 0.5, 13.5, 1.5 ] },
												"up": { "texture": "#skin", "uv": [ 12.0, 0.0, 13.5, 0.5 ], "rotation": 90 },
												"down": { "texture": "#skin", "uv": [ 12.0, 1.5, 13.5, 2.0 ], "rotation": 90 }
											}
										},
										{
											"name": "jaw",
											"from": [ -1.0692, 0.0, 0.4455 ],
											"to": [ 1.1583, 0.3119, 1.1583 ],
											"unwrapMode": 5,
											"unwrapRotation": 1,
											"uv": [ 0.0, 9.0 ],
											"rotationOrigin": [ 0.891, 0.2673, 0.891 ],
											"rotationZ": 48.0,
											"faces": {
												"north": { "texture": "#skin", "uv": [ 0.0, 9.0, 0.5, 11.5 ], "rotation": 270 },
												"east": { "texture": "#skin", "uv": [ 0.5, 9.0, 1.0, 9.5 ], "rotation": 180, "enabled": false },
												"south": { "texture": "#skin", "uv": [ 1.0, 9.0, 1.5, 11.5 ], "rotation": 90 },
												"west": { "texture": "#skin", "uv": [ 0.5, 11.5, 1.0, 12.0 ] },
												"up": { "texture": "#skin", "uv": [ 0.5, 9.0, 1.0, 11.5 ], "rotation": 90 },
												"down": { "texture": "#skin", "uv": [ 1.5, 9.0, 2.0, 11.5 ], "rotation": 270 }
											}
										},
										{
											"name": "Horn attachment",
											"from": [ 0.0, 1.8711, 0.8019 ],
											"to": [ 0.6237, 2.4948, 1.4256 ],
											"uv": [ 0.0, 0.0 ],
											"rotationOrigin": [ 0.0, 1.8711, 0.8019 ],
											"faces": {
											},
											"children": [
												{
													"name": "R antler base",
													"from": [ -0.2673, -0.5346, -0.5346 ],
													"to": [ 0.0891, 0.1782, -0.1782 ],
													"unwrapMode": 4,
													"uv": [ 0.0, 30.5 ],
													"rotationOrigin": [ -0.2673, -0.5346, -0.1782 ],
													"rotationX": -20.0,
													"rotationY": -25.0,
													"faces": {
														"north": { "texture": "#skin", "uv": [ 0.0, 31.0, 0.5, 31.5 ] },
														"east": { "texture": "#skin", "uv": [ 1.5, 31.0, 2.0, 31.5 ] },
														"south": { "texture": "#skin", "uv": [ 1.0, 31.0, 1.5, 31.5 ] },
														"west": { "texture": "#skin", "uv": [ 0.5, 31.0, 1.0, 31.5 ] },
														"up": { "texture": "#skin", "uv": [ 0.5, 30.5, 1.0, 31.0 ], "rotation": 90 },
														"down": { "texture": "#skin", "uv": [ 0.5, 31.5, 1.0, 32.0 ], "rotation": 90 }
													},
													"children": [
														{
															"name": "R antler",
															"from": [ 0.0446, 0.7128, 0.0446 ],
															"to": [ 0.3119, 1.6038, 0.3119 ],
															"unwrapMode": 4,
															"uv": [ 0.0, 28.5 ],
															"rotationOrigin": [ 0.0, 0.7128, 0.3564 ],
															"faces": {
																"north": { "texture": "#skin", "uv": [ 0.0, 29.0, 0.5, 30.0 ] },
																"east": { "texture": "#skin", "uv": [ 1.5, 29.0, 2.0, 30.0 ] },
																"south": { "texture": "#skin", "uv": [ 1.0, 29.0, 1.5, 30.0 ] },
																"west": { "texture": "#skin", "uv": [ 0.5, 29.0, 1.0, 30.0 ] },
																"up": { "texture": "#skin", "uv": [ 0.5, 28.5, 1.0, 29.0 ], "rotation": 90 },
																"down": { "texture": "#skin", "uv": [ 0.5, 30.0, 1.0, 30.5 ], "rotation": 90 }
															}
														}
													]
												},
												{
													"name": "L antler base",
													"from": [ -0.2673, -0.5346, 0.1782 ],
													"to": [ 0.0891, 0.1782, 0.5346 ],
													"unwrapMode": 4,
													"uv": [ 2.0, 30.5 ],
													"rotationOrigin": [ -0.2673, -0.5346, 0.1782 ],
													"rotationX": 20.0,
													"rotationY": 25.0,
													"faces": {
														"north": { "texture": "#skin", "uv": [ 2.0, 31.0, 2.5, 31.5 ] },
														"east": { "texture": "#skin", "uv": [ 3.5, 31.0, 4.0, 31.5 ] },
														"south": { "texture": "#skin", "uv": [ 3.0, 31.0, 3.5, 31.5 ] },
														"west": { "texture": "#skin", "uv": [ 2.5, 31.0, 3.0, 31.5 ] },
														"up": { "texture": "#skin", "uv": [ 2.5, 30.5, 3.0, 31.0 ], "rotation": 90, "windMode": [-1,-1,-1,-1], "windData": [1,1,1,1] },
														"down": { "texture": "#skin", "uv": [ 2.5, 31.5, 3.0, 32.0 ], "rotation": 90, "windMode": [-1,-1,-1,-1], "windData": [1,1,1,1] }
													},
													"children": [
														{
															"name": "L antler",
															"from": [ 0.0446, 0.7128, 0.0446 ],
															"to": [ 0.3119, 1.6038, 0.3119 ],
															"unwrapMode": 4,
															"uv": [ 2.0, 28.5 ],
															"rotationOrigin": [ 0.0, 0.7128, 0.0 ],
															"faces": {
																"north": { "texture": "#skin", "uv": [ 2.0, 29.0, 2.5, 30.0 ] },
																"east": { "texture": "#skin", "uv": [ 3.5, 29.0, 4.0, 30.0 ] },
																"south": { "texture": "#skin", "uv": [ 3.0, 29.0, 3.5, 30.0 ] },
																"west": { "texture": "#skin", "uv": [ 2.5, 29.0, 3.0, 30.0 ] },
																"up": { "texture": "#skin", "uv": [ 2.5, 28.5, 3.0, 29.0 ], "rotation": 90 },
																"down": { "texture": "#skin", "uv": [ 2.5, 30.0, 3.0, 30.5 ], "rotation": 90 }
															}
														}
													]
												}
											]
										}
									]
								}
							]
						}
					]
				},
				{
					"name": "abdomen",
					"from": [ 4.6332, 0.0, -0.0891 ],
					"to": [ 8.91, 4.455, 2.7621 ],
					"unwrapMode": 3,
					"unwrapRotation": 1,
					"uv": [ 0.0, 12.0 ],
					"rotationOrigin": [ 4.6332, 2.2275, 1.5147 ],
					"rotationZ": -2.0,
					"faces": {
						"north": { "texture": "#skin", "uv": [ 12.5, 15.5, 18.0, 20.5 ], "rotation": 270 },
						"east": { "texture": "#skin", "uv": [ 3.5, 12.0, 9.0, 15.5 ], "rotation": 90 },
						"south": { "texture": "#skin", "uv": [ 3.5, 15.5, 9.0, 20.5 ], "rotation": 90 },
						"west": { "texture": "#skin", "uv": [ 3.5, 20.5, 9.0, 24.0 ], "rotation": 90 },
						"up": { "texture": "#skin", "uv": [ 0.0, 15.5, 3.5, 20.5 ], "rotation": 90 },
						"down": { "texture": "#skin", "uv": [ 9.0, 15.5, 12.5, 20.5 ], "rotation": 270 }
					},
					"children": [
						{
							"name": "L back Thigh",
							"from": [ 1.8711, -0.9882, 2.0493 ],
							"to": [ 5.0787, 2.8431, 3.2967 ],
							"unwrapMode": 3,
							"uv": [ 20.5, 13.5 ],
							"rotationOrigin": [ 3.1185, 1.7739, 2.673 ],
							"rotationX": 3.0,
							"rotationZ": 8.0,
							"faces": {
								"north": { "texture": "#skin", "uv": [ 27.0, 15.0, 30.5, 19.5 ] },
								"east": { "texture": "#skin", "uv": [ 25.5, 15.0, 27.0, 19.5 ] },
								"south": { "texture": "#skin", "uv": [ 22.0, 15.0, 25.5, 19.5 ] },
								"west": { "texture": "#skin", "uv": [ 20.5, 15.0, 22.0, 19.5 ] },
								"up": { "texture": "#skin", "uv": [ 22.0, 13.5, 25.5, 15.0 ], "windMode": [-1,-1,-1,-1], "windData": [0,0,1,1] },
								"down": { "texture": "#skin", "uv": [ 22.0, 19.5, 25.5, 21.0 ], "rotation": 180 }
							},
							"children": [
								{
									"name": "L back Upper Arm",
									"from": [ 0.1782, -3.2076, 0.1782 ],
									"to": [ 1.4256, 0.3564, 1.1583 ],
									"unwrapMode": 3,
									"uv": [ 27.0, 5.0 ],
									"rotationOrigin": [ 0.8019, 0.3564, 0.7128 ],
									"rotationX": 1.0,
									"rotationZ": 64.0,
									"faces": {
										"north": { "texture": "#skin", "uv": [ 30.5, 6.0, 32.0, 10.0 ] },
										"east": { "texture": "#skin", "uv": [ 29.5, 6.0, 30.5, 10.0 ] },
										"south": { "texture": "#skin", "uv": [ 28.0, 6.0, 29.5, 10.0 ] },
										"west": { "texture": "#skin", "uv": [ 27.0, 6.0, 28.0, 10.0 ] },
										"up": { "texture": "#skin", "uv": [ 28.0, 5.0, 29.5, 6.0 ] },
										"down": { "texture": "#skin", "uv": [ 28.0, 10.0, 29.5, 11.0 ], "rotation": 180 }
									},
									"children": [
										{
											"name": "L back lower arm",
											"from": [ 0.1782, -3.7422, 0.1782 ],
											"to": [ 0.891, 0.5346, 0.8019 ],
											"unwrapMode": 3,
											"uv": [ 19.5, 20.0 ],
											"rotationOrigin": [ 0.6237, 0.5346, 0.5346 ],
											"rotationX": -4.0,
											"rotationZ": -60.0,
											"faces": {
												"north": { "texture": "#skin", "uv": [ 21.0, 20.5, 21.5, 25.5 ] },
												"east": { "texture": "#skin", "uv": [ 20.5, 20.5, 21.0, 25.5 ] },
												"south": { "texture": "#skin", "uv": [ 20.0, 20.5, 20.5, 25.5 ] },
												"west": { "texture": "#skin", "uv": [ 19.5, 20.5, 20.0, 25.5 ] },
												"up": { "texture": "#skin", "uv": [ 20.0, 20.0, 20.5, 20.5 ] },
												"down": { "texture": "#skin", "uv": [ 20.0, 25.5, 20.5, 26.0 ], "rotation": 180 }
											},
											"children": [
												{
													"name": "L back pastern",
													"from": [ 0.0446, -0.8748, 0.0 ],
													"to": [ 0.6683, 0.729, 0.6237 ],
													"unwrapMode": 3,
													"uv": [ 1.5, 22.0 ],
													"rotationOrigin": [ 0.4455, 0.6399, 0.2673 ],
													"rotationZ": -28.0,
													"faces": {
														"north": { "texture": "#skin", "uv": [ 3.0, 22.5, 3.5, 24.0 ] },
														"east": { "texture": "#skin", "uv": [ 2.5, 22.5, 3.0, 24.0 ] },
														"south": { "texture": "#skin", "uv": [ 2.0, 22.5, 2.5, 24.0 ] },
														"west": { "texture": "#skin", "uv": [ 1.5, 22.5, 2.0, 24.0 ] },
														"up": { "texture": "#skin", "uv": [ 2.0, 22.0, 2.5, 22.5 ] },
														"down": { "texture": "#skin", "uv": [ 2.0, 24.0, 2.5, 24.5 ], "rotation": 180 }
													},
													"children": [
														{
															"name": "L origin hind hoof",
															"from": [ 0.3564, 0.4455, 0.3119 ],
															"to": [ 0.3564, 0.4455, 0.3119 ],
															"uv": [ 0.0, 0.0 ],
															"rotationOrigin": [ 0.3564, 0.4455, 0.3564 ],
															"rotationZ": -11.0,
															"faces": {
															},
															"children": [
																{
																	"name": "L hind hoof 1",
																	"from": [ -0.9801, -0.1782, -0.2673 ],
																	"to": [ -0.2673, 0.0891, 0.2673 ],
																	"unwrapMode": 4,
																	"uv": [ 6.0, 30.5 ],
																	"rotationOrigin": [ -0.0891, 0.0, 0.1782 ],
																	"rotationZ": 55.0,
																	"faces": {
																		"north": { "texture": "#skin", "uv": [ 6.0, 31.0, 6.5, 31.5 ] },
																		"east": { "texture": "#skin", "uv": [ 7.5, 31.0, 8.0, 31.5 ] },
																		"south": { "texture": "#skin", "uv": [ 7.0, 31.0, 7.5, 31.5 ] },
																		"west": { "texture": "#skin", "uv": [ 6.5, 31.0, 7.0, 31.5 ] },
																		"up": { "texture": "#skin", "uv": [ 6.5, 30.5, 7.0, 31.0 ], "rotation": 90 },
																		"down": { "texture": "#skin", "uv": [ 6.5, 31.5, 7.0, 32.0 ], "rotation": 90 }
																	}
																},
																{
																	"name": "L hind hoof 2",
																	"from": [ -0.7128, -0.5346, -0.2673 ],
																	"to": [ 0.1782, -0.2673, 0.2673 ],
																	"unwrapMode": 4,
																	"uv": [ 9.0, 29.5 ],
																	"rotationOrigin": [ 0.0891, -0.1782, 0.0891 ],
																	"rotationZ": 27.0,
																	"faces": {
																		"north": { "texture": "#skin", "uv": [ 9.0, 30.5, 10.0, 31.0 ] },
																		"east": { "texture": "#skin", "uv": [ 11.5, 30.5, 12.0, 31.0 ] },
																		"south": { "texture": "#skin", "uv": [ 10.5, 30.5, 11.5, 31.0 ] },
																		"west": { "texture": "#skin", "uv": [ 10.0, 30.5, 10.5, 31.0 ] },
																		"up": { "texture": "#skin", "uv": [ 10.0, 29.5, 10.5, 30.5 ], "rotation": 90 },
																		"down": { "texture": "#skin", "uv": [ 10.0, 31.0, 10.5, 32.0 ], "rotation": 90 }
																	}
																}
															]
														}
													]
												}
											]
										}
									]
								}
							]
						},
						{
							"name": "tail",
							"from": [ 3.8313, 3.2076, 1.0247 ],
							"to": [ 4.2768, 4.0986, 1.8266 ],
							"unwrapMode": 3,
							"unwrapRotation": 1,
							"uv": [ 8.5, 0.0 ],
							"rotationOrigin": [ 3.8313, 4.0986, 1.4256 ],
							"rotationZ": 48.0,
							"faces": {
								"north": { "texture": "#skin", "uv": [ 10.5, 0.5, 11.5, 1.0 ], "rotation": 270, "windMode": [-1,-1,-1,-1], "windData": [0,1,1,0] },
								"east": { "texture": "#skin", "uv": [ 9.0, 0.0, 10.0, 0.5 ], "rotation": 90, "windMode": [-1,-1,-1,-1], "windData": [0,1,1,0] },
								"south": { "texture": "#skin", "uv": [ 9.0, 0.5, 10.0, 1.0 ], "rotation": 90 },
								"west": { "texture": "#skin", "uv": [ 9.0, 1.0, 10.0, 1.5 ], "rotation": 90, "windMode": [-1,-1,-1,-1], "windData": [0,0,1,1] },
								"up": { "texture": "#skin", "uv": [ 8.5, 0.5, 9.0, 1.0 ], "rotation": 90, "windMode": [-1,-1,-1,-1], "windData": [1,1,1,1] },
								"down": { "texture": "#skin", "uv": [ 10.0, 0.5, 10.5, 1.0 ], "rotation": 270, "windMode": [-1,-1,-1,-1] }
							},
							"children": [
								{
									"name": "tail-end",
									"from": [ -0.0891, -1.6038, 0.0446 ],
									"to": [ 0.4455, 0.2673, 0.7574 ],
									"unwrapMode": 3,
									"unwrapRotation": 1,
									"uv": [ 9.5, 1.5 ],
									"rotationOrigin": [ -0.0891, 0.1782, 0.3564 ],
									"rotationZ": -22.0,
									"faces": {
										"north": { "texture": "#skin", "uv": [ 12.5, 2.0, 14.5, 2.5 ], "rotation": 270 },
										"east": { "texture": "#skin", "uv": [ 10.0, 1.5, 12.0, 2.0 ], "rotation": 90 },
										"south": { "texture": "#skin", "uv": [ 10.0, 2.0, 12.0, 2.5 ], "rotation": 90 },
										"west": { "texture": "#skin", "uv": [ 10.0, 2.5, 12.0, 3.0 ], "rotation": 90 },
										"up": { "texture": "#skin", "uv": [ 9.5, 2.0, 10.0, 2.5 ], "rotation": 90, "windMode": [-1,-1,-1,-1], "windData": [1,1,1,1] },
										"down": { "texture": "#skin", "uv": [ 12.0, 2.0, 12.5, 2.5 ], "rotation": 270 }
									}
								}
							]
						},
						{
							"name": "R back Thigh",
							"from": [ 1.8711, -0.1782, -0.4455 ],
							"to": [ 5.0787, 3.6531, 0.8019 ],
							"unwrapMode": 1,
							"uv": [ 17.0, 6.0 ],
							"rotationOrigin": [ 3.1185, 2.5839, 0.0891 ],
							"rotationX": -3.0,
							"rotationZ": -42.0,
							"faces": {
								"north": { "texture": "#skin", "uv": [ 18.5, 7.5, 22.0, 12.0 ] },
								"east": { "texture": "#skin", "uv": [ 17.0, 7.5, 18.5, 12.0 ] },
								"south": { "texture": "#skin", "uv": [ 23.5, 7.5, 27.0, 12.0 ] },
								"west": { "texture": "#skin", "uv": [ 22.0, 7.5, 23.5, 12.0 ] },
								"up": { "texture": "#skin", "uv": [ 18.5, 6.0, 22.0, 7.5 ], "rotation": 180 },
								"down": { "texture": "#skin", "uv": [ 18.5, 12.0, 22.0, 13.5 ] }
							},
							"children": [
								{
									"name": "R back Upper Arm",
									"from": [ 0.1782, -3.2076, 0.0891 ],
									"to": [ 1.4256, 0.3564, 1.0692 ],
									"unwrapMode": 1,
									"uv": [ 17.0, 0.0 ],
									"rotationOrigin": [ 0.8019, 0.3564, 0.6237 ],
									"rotationX": -1.0,
									"rotationZ": 50.0,
									"faces": {
										"north": { "texture": "#skin", "uv": [ 18.0, 1.0, 19.5, 5.0 ] },
										"east": { "texture": "#skin", "uv": [ 17.0, 1.0, 18.0, 5.0 ] },
										"south": { "texture": "#skin", "uv": [ 20.5, 1.0, 22.0, 5.0 ] },
										"west": { "texture": "#skin", "uv": [ 19.5, 1.0, 20.5, 5.0 ] },
										"up": { "texture": "#skin", "uv": [ 18.0, 0.0, 19.5, 1.0 ], "rotation": 180 },
										"down": { "texture": "#skin", "uv": [ 18.0, 5.0, 19.5, 6.0 ] }
									},
									"children": [
										{
											"name": "R back lower arm",
											"from": [ 0.1782, -3.6531, 0.1782 ],
											"to": [ 0.891, 0.6237, 0.8019 ],
											"unwrapMode": 1,
											"uv": [ 17.5, 20.0 ],
											"rotationOrigin": [ 0.6237, 0.6237, 0.5346 ],
											"rotationX": 4.0,
											"rotationZ": -44.0,
											"faces": {
												"north": { "texture": "#skin", "uv": [ 18.0, 20.5, 18.5, 25.5 ] },
												"east": { "texture": "#skin", "uv": [ 17.5, 20.5, 18.0, 25.5 ] },
												"south": { "texture": "#skin", "uv": [ 19.0, 20.5, 19.5, 25.5 ] },
												"west": { "texture": "#skin", "uv": [ 18.5, 20.5, 19.0, 25.5 ] },
												"up": { "texture": "#skin", "uv": [ 18.0, 20.0, 18.5, 20.5 ], "rotation": 180 },
												"down": { "texture": "#skin", "uv": [ 18.0, 25.5, 18.5, 26.0 ] }
											},
											"children": [
												{
													"name": "R back pastern",
													"from": [ 0.0446, -0.7128, 0.0 ],
													"to": [ 0.6683, 0.891, 0.6237 ],
													"unwrapMode": 1,
													"uv": [ 0.0, 20.33 ],
													"rotationOrigin": [ 0.4455, 0.8019, 0.2673 ],
													"rotationZ": 4.0,
													"faces": {
														"north": { "texture": "#skin", "uv": [ 0.5, 21.0, 1.0, 22.5 ] },
														"east": { "texture": "#skin", "uv": [ 0.0, 21.0, 0.5, 22.5 ] },
														"south": { "texture": "#skin", "uv": [ 1.5, 21.0, 2.0, 22.5 ] },
														"west": { "texture": "#skin", "uv": [ 1.0, 21.0, 1.5, 22.5 ] },
														"up": { "texture": "#skin", "uv": [ 0.5, 20.5, 1.0, 21.0 ], "rotation": 180 },
														"down": { "texture": "#skin", "uv": [ 0.5, 22.5, 1.0, 23.0 ] }
													},
													"children": [
														{
															"name": "R origin hind hoof",
															"from": [ 0.3564, 0.4455, 0.3119 ],
															"to": [ 0.3564, 0.4455, 0.3119 ],
															"uv": [ 0.0, 0.0 ],
															"rotationOrigin": [ 0.3564, 0.4455, 0.3564 ],
															"faces": {
															},
															"children": [
																{
																	"name": "R hind hoof 1",
																	"from": [ -0.9801, -0.1782, -0.2673 ],
																	"to": [ -0.2673, 0.0891, 0.2673 ],
																	"unwrapMode": 4,
																	"uv": [ 3.5, 28.0 ],
																	"rotationOrigin": [ -0.0891, 0.0, 0.1782 ],
																	"rotationZ": 55.0,
																	"faces": {
																		"north": { "texture": "#skin", "uv": [ 3.5, 28.5, 4.0, 29.0 ] },
																		"east": { "texture": "#skin", "uv": [ 5.0, 28.5, 5.5, 29.0 ] },
																		"south": { "texture": "#skin", "uv": [ 4.5, 28.5, 5.0, 29.0 ] },
																		"west": { "texture": "#skin", "uv": [ 4.0, 28.5, 4.5, 29.0 ] },
																		"up": { "texture": "#skin", "uv": [ 4.0, 28.0, 4.5, 28.5 ], "rotation": 90 },
																		"down": { "texture": "#skin", "uv": [ 4.0, 29.0, 4.5, 29.5 ], "rotation": 90 }
																	}
																},
																{
																	"name": "R hind hoof 2",
																	"from": [ -0.7128, -0.5346, -0.2673 ],
																	"to": [ 0.1782, -0.2673, 0.2673 ],
																	"unwrapMode": 4,
																	"uv": [ 4.5, 27.0 ],
																	"rotationOrigin": [ 0.0891, -0.1782, 0.0891 ],
																	"rotationZ": 27.0,
																	"faces": {
																		"north": { "texture": "#skin", "uv": [ 4.5, 28.0, 5.5, 28.5 ] },
																		"east": { "texture": "#skin", "uv": [ 7.0, 28.0, 7.5, 28.5 ] },
																		"south": { "texture": "#skin", "uv": [ 6.0, 28.0, 7.0, 28.5 ] },
																		"west": { "texture": "#skin", "uv": [ 5.5, 28.0, 6.0, 28.5 ] },
																		"up": { "texture": "#skin", "uv": [ 5.5, 27.0, 6.0, 28.0 ], "rotation": 90 },
																		"down": { "texture": "#skin", "uv": [ 5.5, 28.5, 6.0, 29.5 ], "rotation": 90 }
																	}
																}
															]
														}
													]
												}
											]
										}
									]
								}
							]
						}
					]
				},
				{
					"name": "L front Thigh",
					"from": [ 0.4455, 0.0, 2.0493 ],
					"to": [ 2.2275, 3.0294, 3.0294 ],
					"unwrapMode": 3,
					"uv": [ 24.0, 22.0 ],
					"rotationOrigin": [ 1.4256, 1.8711, 2.673 ],
					"rotationX": 3.0,
					"rotationZ": 1.0,
					"faces": {
						"north": { "texture": "#skin", "uv": [ 28.0, 23.0, 30.0, 26.5 ] },
						"east": { "texture": "#skin", "uv": [ 27.0, 23.0, 28.0, 26.5 ] },
						"south": { "texture": "#skin", "uv": [ 25.0, 23.0, 27.0, 26.5 ] },
						"west": { "texture": "#skin", "uv": [ 24.0, 23.0, 25.0, 26.5 ] },
						"up": { "texture": "#skin", "uv": [ 25.0, 22.0, 27.0, 23.0 ], "windMode": [-1,-1,-1,-1] },
						"down": { "texture": "#skin", "uv": [ 25.0, 26.5, 27.0, 27.5 ], "rotation": 180 }
					},
					"children": [
						{
							"name": "L front Upper Arm",
							"from": [ 0.2673, -2.1384, 0.1782 ],
							"to": [ 1.0692, 0.6237, 0.891 ],
							"unwrapMode": 3,
							"uv": [ 9.0, 20.5 ],
							"rotationOrigin": [ 0.891, 0.2673, 0.3564 ],
							"rotationX": 1.0,
							"rotationZ": -8.0,
							"faces": {
								"north": { "texture": "#skin", "uv": [ 10.5, 21.0, 11.0, 24.0 ] },
								"east": { "texture": "#skin", "uv": [ 10.0, 21.0, 10.5, 24.0 ] },
								"south": { "texture": "#skin", "uv": [ 9.5, 21.0, 10.0, 24.0 ] },
								"west": { "texture": "#skin", "uv": [ 9.0, 21.0, 9.5, 24.0 ] },
								"up": { "texture": "#skin", "uv": [ 9.5, 20.5, 10.0, 21.0 ] },
								"down": { "texture": "#skin", "uv": [ 9.5, 24.0, 10.0, 24.5 ], "rotation": 180 }
							},
							"children": [
								{
									"name": "L front lower arm",
									"from": [ 0.0891, -2.4948, 0.0446 ],
									"to": [ 0.7128, 0.7128, 0.6683 ],
									"unwrapMode": 3,
									"uv": [ 13.0, 20.5 ],
									"rotationOrigin": [ 0.6237, 0.2673, 0.3564 ],
									"rotationX": -3.0,
									"rotationZ": -4.0,
									"faces": {
										"north": { "texture": "#skin", "uv": [ 14.5, 21.0, 15.0, 24.5 ] },
										"east": { "texture": "#skin", "uv": [ 14.0, 21.0, 14.5, 24.5 ] },
										"south": { "texture": "#skin", "uv": [ 13.5, 21.0, 14.0, 24.5 ] },
										"west": { "texture": "#skin", "uv": [ 13.0, 21.0, 13.5, 24.5 ] },
										"up": { "texture": "#skin", "uv": [ 13.5, 20.5, 14.0, 21.0 ] },
										"down": { "texture": "#skin", "uv": [ 13.5, 24.5, 14.0, 25.0 ], "rotation": 180 }
									},
									"children": [
										{
											"name": "L front pastern",
											"from": [ 0.0, -1.0692, 0.0 ],
											"to": [ 0.6237, 0.5346, 0.6237 ],
											"unwrapMode": 3,
											"uv": [ 0.0, 23.5 ],
											"rotationOrigin": [ 0.0, 0.3564, 0.2673 ],
											"rotationX": -1.0,
											"rotationZ": -10.0,
											"faces": {
												"north": { "texture": "#skin", "uv": [ 1.5, 24.0, 2.0, 25.5 ] },
												"east": { "texture": "#skin", "uv": [ 1.0, 24.0, 1.5, 25.5 ] },
												"south": { "texture": "#skin", "uv": [ 0.5, 24.0, 1.0, 25.5 ] },
												"west": { "texture": "#skin", "uv": [ 0.0, 24.0, 0.5, 25.5 ] },
												"up": { "texture": "#skin", "uv": [ 0.5, 23.5, 1.0, 24.0 ] },
												"down": { "texture": "#skin", "uv": [ 0.5, 25.5, 1.0, 26.0 ], "rotation": 180 }
											},
											"children": [
												{
													"name": "L origin hoof",
													"from": [ 0.2673, 0.4455, 0.3119 ],
													"to": [ 0.2673, 0.4455, 0.3119 ],
													"uv": [ 0.0, 0.0 ],
													"rotationOrigin": [ 0.2673, 0.4455, 0.3564 ],
													"rotationZ": -8.0,
													"faces": {
													},
													"children": [
														{
															"name": "L front hoof 1",
															"from": [ -0.9801, -0.1782, -0.2673 ],
															"to": [ -0.2673, 0.0891, 0.2673 ],
															"unwrapMode": 4,
															"uv": [ 4.0, 29.0 ],
															"rotationOrigin": [ -0.0891, 0.0, 0.1782 ],
															"rotationZ": 55.0,
															"faces": {
																"north": { "texture": "#skin", "uv": [ 4.0, 29.5, 4.5, 30.0 ] },
																"east": { "texture": "#skin", "uv": [ 5.5, 29.5, 6.0, 30.0 ] },
																"south": { "texture": "#skin", "uv": [ 5.0, 29.5, 5.5, 30.0 ] },
																"west": { "texture": "#skin", "uv": [ 4.5, 29.5, 5.0, 30.0 ] },
																"up": { "texture": "#skin", "uv": [ 4.5, 29.0, 5.0, 29.5 ], "rotation": 90 },
																"down": { "texture": "#skin", "uv": [ 4.5, 30.0, 5.0, 30.5 ], "rotation": 90 }
															}
														},
														{
															"name": "L front hoof 2",
															"from": [ -0.7128, -0.5346, -0.2673 ],
															"to": [ 0.1782, -0.2673, 0.2673 ],
															"unwrapMode": 4,
															"uv": [ 6.5, 27.5 ],
															"rotationOrigin": [ 0.0891, -0.1782, 0.0891 ],
															"rotationZ": 27.0,
															"faces": {
																"north": { "texture": "#skin", "uv": [ 6.5, 28.5, 7.5, 29.0 ] },
																"east": { "texture": "#skin", "uv": [ 9.0, 28.5, 9.5, 29.0 ] },
																"south": { "texture": "#skin", "uv": [ 8.0, 28.5, 9.0, 29.0 ] },
																"west": { "texture": "#skin", "uv": [ 7.5, 28.5, 8.0, 29.0 ] },
																"up": { "texture": "#skin", "uv": [ 7.5, 27.5, 8.0, 28.5 ], "rotation": 90 },
																"down": { "texture": "#skin", "uv": [ 7.5, 29.0, 8.0, 30.0 ], "rotation": 90 }
															}
														}
													]
												}
											]
										}
									]
								}
							]
						}
					]
				},
				{
					"name": "R front Thigh",
					"from": [ 0.4455, 0.3321, -0.3564 ],
					"to": [ 2.2275, 3.3615, 0.6237 ],
					"unwrapMode": 1,
					"uv": [ 26.0, 26.5 ],
					"rotationOrigin": [ 1.4256, 2.2032, 0.0 ],
					"rotationX": -3.0,
					"rotationZ": 1.0,
					"faces": {
						"north": { "texture": "#skin", "uv": [ 27.0, 27.5, 29.0, 31.0 ] },
						"east": { "texture": "#skin", "uv": [ 26.0, 27.5, 27.0, 31.0 ] },
						"south": { "texture": "#skin", "uv": [ 30.0, 27.5, 32.0, 31.0 ] },
						"west": { "texture": "#skin", "uv": [ 29.0, 27.5, 30.0, 31.0 ] },
						"up": { "texture": "#skin", "uv": [ 27.0, 26.5, 29.0, 27.5 ], "rotation": 180 },
						"down": { "texture": "#skin", "uv": [ 27.0, 31.0, 29.0, 32.0 ] }
					},
					"children": [
						{
							"name": "R front Upper Arm",
							"from": [ 0.4293, -2.1384, 0.0891 ],
							"to": [ 1.2312, 0.6237, 0.8019 ],
							"unwrapMode": 1,
							"uv": [ 11.0, 20.5 ],
							"rotationOrigin": [ 1.053, 0.2673, 0.6237 ],
							"rotationX": -1.0,
							"rotationY": -22.0,
							"rotationZ": -8.0,
							"faces": {
								"north": { "texture": "#skin", "uv": [ 11.5, 21.0, 12.0, 24.0 ] },
								"east": { "texture": "#skin", "uv": [ 11.0, 21.0, 11.5, 24.0 ] },
								"south": { "texture": "#skin", "uv": [ 12.5, 21.0, 13.0, 24.0 ] },
								"west": { "texture": "#skin", "uv": [ 12.0, 21.0, 12.5, 24.0 ] },
								"up": { "texture": "#skin", "uv": [ 11.5, 20.5, 12.0, 21.0 ], "rotation": 180 },
								"down": { "texture": "#skin", "uv": [ 11.5, 24.0, 12.0, 24.5 ] }
							},
							"children": [
								{
									"name": "R front lower arm",
									"from": [ 0.0891, -2.4948, 0.0446 ],
									"to": [ 0.7128, 0.7128, 0.6683 ],
									"unwrapMode": 1,
									"uv": [ 15.0, 20.5 ],
									"rotationOrigin": [ 0.6237, 0.2673, 0.5346 ],
									"rotationX": 3.0,
									"rotationZ": -4.0,
									"faces": {
										"north": { "texture": "#skin", "uv": [ 15.5, 21.0, 16.0, 24.5 ] },
										"east": { "texture": "#skin", "uv": [ 15.0, 21.0, 15.5, 24.5 ] },
										"south": { "texture": "#skin", "uv": [ 16.5, 21.0, 17.0, 24.5 ] },
										"west": { "texture": "#skin", "uv": [ 16.0, 21.0, 16.5, 24.5 ] },
										"up": { "texture": "#skin", "uv": [ 15.5, 20.5, 16.0, 21.0 ], "rotation": 180 },
										"down": { "texture": "#skin", "uv": [ 15.5, 24.5, 16.0, 25.0 ] }
									},
									"children": [
										{
											"name": "R front pastern",
											"from": [ 0.0, -1.2312, -0.162 ],
											"to": [ 0.6237, 0.3726, 0.4617 ],
											"unwrapMode": 1,
											"uv": [ 2.0, 24.0 ],
											"rotationOrigin": [ 0.0, 0.1944, 0.1053 ],
											"rotationX": -1.0,
											"rotationY": -30.0,
											"rotationZ": -10.0,
											"faces": {
												"north": { "texture": "#skin", "uv": [ 2.5, 24.5, 3.0, 26.0 ] },
												"east": { "texture": "#skin", "uv": [ 2.0, 24.5, 2.5, 26.0 ] },
												"south": { "texture": "#skin", "uv": [ 3.5, 24.5, 4.0, 26.0 ] },
												"west": { "texture": "#skin", "uv": [ 3.0, 24.5, 3.5, 26.0 ] },
												"up": { "texture": "#skin", "uv": [ 2.5, 24.0, 3.0, 24.5 ], "rotation": 180 },
												"down": { "texture": "#skin", "uv": [ 2.5, 26.0, 3.0, 26.5 ] }
											},
											"children": [
												{
													"name": "R origin hoof",
													"from": [ 0.2673, 0.4455, 0.3119 ],
													"to": [ 0.2673, 0.4455, 0.3119 ],
													"uv": [ 0.0, 0.0 ],
													"rotationOrigin": [ 0.2673, 0.4455, 0.3564 ],
													"rotationZ": -8.0,
													"faces": {
													},
													"children": [
														{
															"name": "R front hoof 1",
															"from": [ -0.9801, -0.1782, -0.2673 ],
															"to": [ -0.2673, 0.0891, 0.2673 ],
															"unwrapMode": 4,
															"uv": [ 4.5, 30.0 ],
															"rotationOrigin": [ -0.0891, 0.0, 0.1782 ],
															"rotationZ": 55.0,
															"faces": {
																"north": { "texture": "#skin", "uv": [ 4.5, 30.5, 5.0, 31.0 ] },
																"east": { "texture": "#skin", "uv": [ 6.0, 30.5, 6.5, 31.0 ] },
																"south": { "texture": "#skin", "uv": [ 5.5, 30.5, 6.0, 31.0 ] },
																"west": { "texture": "#skin", "uv": [ 5.0, 30.5, 5.5, 31.0 ] },
																"up": { "texture": "#skin", "uv": [ 5.0, 30.0, 5.5, 30.5 ], "rotation": 90 },
																"down": { "texture": "#skin", "uv": [ 5.0, 31.0, 5.5, 31.5 ], "rotation": 90 }
															}
														},
														{
															"name": "R front hoof 2",
															"from": [ -0.7128, -0.5346, -0.2673 ],
															"to": [ 0.1782, -0.2673, 0.2673 ],
															"unwrapMode": 4,
															"uv": [ 7.0, 29.0 ],
															"rotationOrigin": [ 0.0891, -0.1782, 0.0891 ],
															"rotationZ": 27.0,
															"faces": {
																"north": { "texture": "#skin", "uv": [ 7.0, 30.0, 8.0, 30.5 ] },
																"east": { "texture": "#skin", "uv": [ 9.5, 30.0, 10.0, 30.5 ] },
																"south": { "texture": "#skin", "uv": [ 8.5, 30.0, 9.5, 30.5 ] },
																"west": { "texture": "#skin", "uv": [ 8.0, 30.0, 8.5, 30.5 ] },
																"up": { "texture": "#skin", "uv": [ 8.0, 29.0, 8.5, 30.0 ], "rotation": 90 },
																"down": { "texture": "#skin", "uv": [ 8.0, 30.5, 8.5, 31.5 ], "rotation": 90 }
															}
														}
													]
												}
											]
										}
									]
								}
							]
						}
					]
				}
			],
			"attachmentpoints": [
				{
					"code": "Center",
					"posX": "9.0","posY": "4.0","posZ": "5.0",
					"rotationX": "0.0","rotationY": "0.0","rotationZ": "0.0"
				}
			]
		}
	]}