{
	"editor": {
		"allAngles": true,
		"entityTextureMode": true
	},
	"textureWidth": 32,
	"textureHeight": 32,
	"textureSizes": {
		"skin": [32,32]
	},
	"textures": {
	},
	"elements": [
		{
			"name": "Body",
			"from": [ 5.03, 4.0075, 6.98 ], 
			"to": [ 8.3406, 6.9115, 8.7224 ], 
			"unwrapMode": 3,
			"unwrapRotation": 1,
			"uv": [ 0.0, 0.0 ],
			"rotationOrigin": [ 8.3434, 5.5176, 8.024 ],
			"rotationZ": 8.0,
			"faces": {
				"north": { "texture": "#skin", "uv": [ 11.5, 3.0, 17.0, 9.0 ], "rotation": 270 },
				"east": { "texture": "#skin", "uv": [ 3.0, 0.0, 8.5, 3.0 ], "rotation": 90 },
				"south": { "texture": "#skin", "uv": [ 3.0, 3.0, 8.5, 9.0 ], "rotation": 90 },
				"west": { "texture": "#skin", "uv": [ 3.0, 9.0, 8.5, 12.0 ], "rotation": 90 },
				"up": { "texture": "#skin", "uv": [ 0.0, 3.0, 3.0, 9.0 ], "rotation": 90 },
				"down": { "texture": "#skin", "uv": [ 8.5, 3.0, 11.5, 9.0 ], "rotation": 270 }
			},
			"children": [
				{
					"name": "neck",
					"from": [ -0.5544, 0.887, 0.3485 ], 
					"to": [ 1.3094, 3.036, 1.3939 ], 
					"unwrapMode": 3,
					"unwrapRotation": 1,
					"uv": [ 11.5, 25.5 ],
					"rotationOrigin": [ 0.8976, 1.415, 0.8712 ],
					"rotationY": 5.0,
					"rotationZ": 47.0,
					"faces": {
						"north": { "texture": "#skin", "uv": [ 17.0, 27.0, 21.0, 30.5 ], "rotation": 270, "windMode": [-1,-1,-1,-1], "windData": [0,0,1,0] },
						"east": { "texture": "#skin", "uv": [ 13.0, 25.5, 17.0, 27.0 ], "rotation": 90, "windMode": [-1,-1,-1,-1], "windData": [1,0,0,1] },
						"south": { "texture": "#skin", "uv": [ 13.0, 27.0, 17.0, 30.5 ], "rotation": 90 },
						"west": { "texture": "#skin", "uv": [ 13.0, 30.5, 17.0, 32.0 ], "rotation": 90 },
						"up": { "texture": "#skin", "uv": [ 11.5, 27.0, 13.0, 30.5 ], "rotation": 90 },
						"down": { "texture": "#skin", "uv": [ 17.0, 27.0, 18.5, 30.5 ], "rotation": 270, "enabled": false, "windMode": [-1,-1,-1,-1], "windData": [0,1,1,0] }
					},
					"children": [
						{
							"name": "neck2",
							"from": [ 0.3854, 1.225, 0.0581 ], 
							"to": [ 1.753, 3.1997, 0.9874 ], 
							"unwrapMode": 3,
							"uv": [ 24.0, 27.0 ],
							"rotationOrigin": [ 1.8058, 1.8638, 0.5808 ],
							"rotationZ": -35.0,
							"faces": {
								"north": { "texture": "#skin", "uv": [ 29.5, 28.5, 32.0, 32.0 ], "windMode": [-1,-1,-1,-1], "windData": [1,1,1,1] },
								"east": { "texture": "#skin", "uv": [ 28.0, 28.5, 29.5, 32.0 ], "windMode": [-1,-1,-1,-1], "windData": [1,1,1,1] },
								"south": { "texture": "#skin", "uv": [ 25.5, 28.5, 28.0, 32.0 ], "windMode": [-1,-1,-1,-1], "windData": [1,1,1,1] },
								"west": { "texture": "#skin", "uv": [ 24.0, 28.5, 25.5, 32.0 ], "windMode": [-1,-1,-1,-1], "windData": [1,1,1,1] },
								"up": { "texture": "#skin", "uv": [ 25.5, 27.0, 28.0, 28.5 ], "windMode": [-1,-1,-1,-1], "windData": [1,1,1,1] },
								"down": { "texture": "#skin", "uv": [ 25.5, 32.0, 28.0, 33.5 ], "rotation": 180, "enabled": false, "windMode": [-1,-1,-1,-1], "windData": [1,1,1,1] }
							},
							"children": [
								{
									"name": "head",
									"from": [ 0.396, 0.6917, -0.1109 ], 
									"to": [ 1.3728, 2.0275, 0.9346 ], 
									"unwrapMode": 4,
									"uv": [ 9.0, 9.0 ],
									"rotationOrigin": [ 1.3728, 2.0275, 0.4118 ],
									"rotationY": 5.0,
									"rotationZ": -45.0,
									"faces": {
										"north": { "texture": "#skin", "uv": [ 9.0, 10.5, 10.5, 13.0 ] },
										"east": { "texture": "#skin", "uv": [ 13.5, 10.5, 15.0, 13.0 ] },
										"south": { "texture": "#skin", "uv": [ 12.0, 10.5, 13.5, 13.0 ] },
										"west": { "texture": "#skin", "uv": [ 10.5, 10.5, 12.0, 13.0 ] },
										"up": { "texture": "#skin", "uv": [ 10.5, 9.0, 12.0, 10.5 ], "rotation": 90 },
										"down": { "texture": "#skin", "uv": [ 10.5, 13.0, 12.0, 14.5 ], "rotation": 90 }
									},
									"children": [
										{
											"name": "mouth up",
											"from": [ -0.8342, 0.0581, 0.2323 ], 
											"to": [ 0.3485, 0.4541, 0.8131 ], 
											"unwrapMode": 5,
											"unwrapRotation": 1,
											"uv": [ 0.0, 0.0 ],
											"rotationOrigin": [ 0.2904, 0.2904, 0.5227 ],
											"rotationZ": 35.0,
											"faces": {
												"north": { "texture": "#skin", "uv": [ 0.0, 0.0, 0.5, 2.0 ], "rotation": 270 },
												"east": { "texture": "#skin", "uv": [ 0.5, 0.0, 1.5, 0.5 ], "rotation": 180, "enabled": false },
												"south": { "texture": "#skin", "uv": [ 1.5, 0.0, 2.0, 2.0 ], "rotation": 90 },
												"west": { "texture": "#skin", "uv": [ 0.5, 2.0, 1.5, 2.5 ] },
												"up": { "texture": "#skin", "uv": [ 0.5, 0.0, 1.5, 2.0 ], "rotation": 90 },
												"down": { "texture": "#skin", "uv": [ 2.0, 0.0, 3.0, 2.0 ], "rotation": 270 }
											},
											"children": [
												{
													"name": "nose",
													"from": [ -0.169, 0.0264, 0.0528 ], 
													"to": [ 0.2376, 0.3749, 0.5333 ], 
													"unwrapMode": 4,
													"uv": [ 9.0, 14.0 ],
													"rotationOrigin": [ -0.169, 0.3538, 0.2798 ],
													"rotationZ": 31.0,
													"faces": {
														"north": { "texture": "#skin", "uv": [ 9.0, 14.5, 9.5, 15.0 ], "windMode": [-1,-1,-1,-1], "windData": [1,1,1,1] },
														"east": { "texture": "#skin", "uv": [ 10.5, 14.5, 11.0, 15.0 ], "windMode": [-1,-1,-1,-1], "windData": [1,1,1,1] },
														"south": { "texture": "#skin", "uv": [ 10.0, 14.5, 10.5, 15.0 ], "windMode": [-1,-1,-1,-1], "windData": [1,1,1,1] },
														"west": { "texture": "#skin", "uv": [ 9.5, 14.5, 10.0, 15.0 ], "windMode": [-1,-1,-1,-1], "windData": [1,1,1,1] },
														"up": { "texture": "#skin", "uv": [ 9.5, 14.0, 10.0, 14.5 ], "rotation": 90, "windMode": [-1,-1,-1,-1], "windData": [1,1,1,1] },
														"down": { "texture": "#skin", "uv": [ 9.5, 15.0, 10.0, 15.5 ], "rotation": 90, "windMode": [-1,-1,-1,-1], "windData": [1,1,1,1] }
													}
												},
												{
													"name": "nose bridge",
													"from": [ 0.2482, 0.0, 0.029 ], 
													"to": [ 1.9378, 0.5227, 0.5518 ], 
													"unwrapMode": 5,
													"unwrapRotation": 1,
													"uv": [ 1.5, 11.0 ],
													"rotationOrigin": [ 0.2482, 0.0, 0.1742 ],
													"rotationZ": 32.0,
													"faces": {
														"north": { "texture": "#skin", "uv": [ 1.5, 11.5, 2.0, 14.5 ], "rotation": 270 },
														"east": { "texture": "#skin", "uv": [ 2.0, 11.0, 2.5, 11.5 ], "rotation": 180, "windMode": [-1,-1,-1,-1], "windData": [0,0,0,0] },
														"south": { "texture": "#skin", "uv": [ 2.5, 11.5, 3.0, 14.5 ], "rotation": 90 },
														"west": { "texture": "#skin", "uv": [ 2.0, 14.5, 2.5, 15.0 ], "windMode": [-1,-1,-1,-1], "windData": [0,0,0,0] },
														"up": { "texture": "#skin", "uv": [ 2.0, 11.5, 2.5, 14.5 ], "rotation": 90 },
														"down": { "texture": "#skin", "uv": [ 3.0, 11.5, 3.5, 14.5 ], "rotation": 270, "enabled": false }
													}
												}
											]
										},
										{
											"name": "R ear",
											"from": [ 0.5016, 0.697, -0.7075 ], 
											"to": [ 0.6178, 1.2778, 0.0634 ], 
											"unwrapMode": 4,
											"uv": [ 12.0, 13.0 ],
											"rotationOrigin": [ 0.6178, 1.1616, 0.0581 ],
											"rotationX": 55.0,
											"rotationZ": 22.0,
											"faces": {
												"north": { "texture": "#skin", "uv": [ 12.0, 13.5, 12.5, 14.5 ] },
												"east": { "texture": "#skin", "uv": [ 14.0, 13.5, 15.0, 14.5 ] },
												"south": { "texture": "#skin", "uv": [ 13.5, 13.5, 14.0, 14.5 ], "windMode": [-1,-1,-1,-1], "windData": [0,0,0,0] },
												"west": { "texture": "#skin", "uv": [ 12.5, 13.5, 13.5, 14.5 ] },
												"up": { "texture": "#skin", "uv": [ 12.5, 13.0, 13.5, 13.5 ], "rotation": 90 },
												"down": { "texture": "#skin", "uv": [ 12.5, 14.5, 13.5, 15.0 ], "rotation": 90 }
											}
										},
										{
											"name": "L ear",
											"from": [ 0.5016, 0.697, 0.9874 ], 
											"to": [ 0.6178, 1.2778, 1.7582 ], 
											"unwrapMode": 4,
											"uv": [ 13.5, 0.0 ],
											"rotationOrigin": [ 0.6178, 1.1616, 0.9874 ],
											"rotationX": -55.0,
											"rotationZ": 22.0,
											"faces": {
												"north": { "texture": "#skin", "uv": [ 13.5, 0.5, 14.0, 1.5 ], "windMode": [-1,-1,-1,-1] },
												"east": { "texture": "#skin", "uv": [ 15.5, 0.5, 16.5, 1.5 ] },
												"south": { "texture": "#skin", "uv": [ 15.0, 0.5, 15.5, 1.5 ], "windMode": [-1,-1,-1,-1] },
												"west": { "texture": "#skin", "uv": [ 14.0, 0.5, 15.0, 1.5 ] },
												"up": { "texture": "#skin", "uv": [ 14.0, 0.0, 15.0, 0.5 ], "rotation": 90 },
												"down": { "texture": "#skin", "uv": [ 14.0, 1.5, 15.0, 2.0 ], "rotation": 90 }
											}
										},
										{
											"name": "jaw",
											"from": [ -0.697, 0.0, 0.2904 ], 
											"to": [ 0.755, 0.2033, 0.755 ], 
											"unwrapMode": 5,
											"unwrapRotation": 1,
											"uv": [ 0.0, 9.0 ],
											"rotationOrigin": [ 0.5808, 0.1742, 0.5808 ],
											"rotationZ": 31.0,
											"faces": {
												"north": { "texture": "#skin", "uv": [ 0.0, 9.0, 0.5, 11.5 ], "rotation": 270 },
												"east": { "texture": "#skin", "uv": [ 0.5, 9.0, 1.0, 9.5 ], "rotation": 180, "enabled": false },
												"south": { "texture": "#skin", "uv": [ 1.0, 9.0, 1.5, 11.5 ], "rotation": 90 },
												"west": { "texture": "#skin", "uv": [ 0.5, 11.5, 1.0, 12.0 ] },
												"up": { "texture": "#skin", "uv": [ 0.5, 9.0, 1.0, 11.5 ], "rotation": 90 },
												"down": { "texture": "#skin", "uv": [ 1.5, 9.0, 2.0, 11.5 ], "rotation": 270 }
											}
										}
									]
								}
							]
						}
					]
				},
				{
					"name": "abdomen",
					"from": [ 3.0202, 0.0, -0.0581 ], 
					"to": [ 5.808, 2.9568, 1.8005 ], 
					"unwrapMode": 3,
					"unwrapRotation": 1,
					"uv": [ 0.0, 12.0 ],
					"rotationOrigin": [ 3.0202, 1.452, 0.9874 ],
					"rotationY": -4.0,
					"rotationZ": -2.0,
					"faces": {
						"north": { "texture": "#skin", "uv": [ 12.5, 15.5, 18.0, 20.5 ], "rotation": 270 },
						"east": { "texture": "#skin", "uv": [ 3.5, 12.0, 9.0, 15.5 ], "rotation": 90 },
						"south": { "texture": "#skin", "uv": [ 3.5, 15.5, 9.0, 20.5 ], "rotation": 90 },
						"west": { "texture": "#skin", "uv": [ 3.5, 20.5, 9.0, 24.0 ], "rotation": 90 },
						"up": { "texture": "#skin", "uv": [ 0.0, 15.5, 3.5, 20.5 ], "rotation": 90 },
						"down": { "texture": "#skin", "uv": [ 9.0, 15.5, 12.5, 20.5 ], "rotation": 270 }
					},
					"children": [
						{
							"name": "L back Thigh",
							"from": [ 1.2197, -0.1162, 1.3358 ], 
							"to": [ 3.3106, 2.3813, 2.149 ], 
							"unwrapMode": 3,
							"uv": [ 20.0, 15.5 ],
							"rotationOrigin": [ 2.0328, 1.6843, 1.7424 ],
							"rotationX": 3.0,
							"rotationZ": -44.0,
							"faces": {
								"north": { "texture": "#skin", "uv": [ 26.5, 17.0, 30.0, 21.5 ] },
								"east": { "texture": "#skin", "uv": [ 25.0, 17.0, 26.5, 21.5 ] },
								"south": { "texture": "#skin", "uv": [ 21.5, 17.0, 25.0, 21.5 ] },
								"west": { "texture": "#skin", "uv": [ 20.0, 17.0, 21.5, 21.5 ] },
								"up": { "texture": "#skin", "uv": [ 21.5, 15.5, 25.0, 17.0 ], "windMode": [-1,-1,-1,-1], "windData": [0,0,1,1] },
								"down": { "texture": "#skin", "uv": [ 21.5, 21.5, 25.0, 23.0 ], "rotation": 180 }
							},
							"children": [
								{
									"name": "L back Upper Arm",
									"from": [ 0.1162, -2.0909, 0.1162 ], 
									"to": [ 0.9293, 0.2323, 0.755 ], 
									"unwrapMode": 3,
									"uv": [ 25.0, 10.5 ],
									"rotationOrigin": [ 0.5227, 0.2323, 0.4646 ],
									"rotationX": 1.0,
									"rotationZ": 86.0,
									"faces": {
										"north": { "texture": "#skin", "uv": [ 28.5, 11.5, 30.0, 15.5 ] },
										"east": { "texture": "#skin", "uv": [ 27.5, 11.5, 28.5, 15.5 ] },
										"south": { "texture": "#skin", "uv": [ 26.0, 11.5, 27.5, 15.5 ] },
										"west": { "texture": "#skin", "uv": [ 25.0, 11.5, 26.0, 15.5 ] },
										"up": { "texture": "#skin", "uv": [ 26.0, 10.5, 27.5, 11.5 ] },
										"down": { "texture": "#skin", "uv": [ 26.0, 15.5, 27.5, 16.5 ], "rotation": 180 }
									},
									"children": [
										{
											"name": "L back lower arm",
											"from": [ -0.095, -2.5978, 0.1162 ], 
											"to": [ 0.3696, 0.1901, 0.5227 ], 
											"unwrapMode": 3,
											"uv": [ 19.0, 21.0 ],
											"rotationOrigin": [ 0.1954, 0.1901, 0.3485 ],
											"rotationX": -4.0,
											"rotationZ": -122.0,
											"faces": {
												"north": { "texture": "#skin", "uv": [ 20.5, 21.5, 21.0, 26.5 ] },
												"east": { "texture": "#skin", "uv": [ 20.0, 21.5, 20.5, 26.5 ] },
												"south": { "texture": "#skin", "uv": [ 19.5, 21.5, 20.0, 26.5 ] },
												"west": { "texture": "#skin", "uv": [ 19.0, 21.5, 19.5, 26.5 ] },
												"up": { "texture": "#skin", "uv": [ 19.5, 21.0, 20.0, 21.5 ] },
												"down": { "texture": "#skin", "uv": [ 19.5, 26.5, 20.0, 27.0 ], "rotation": 180 }
											},
											"children": [
												{
													"name": "L back pastern",
													"from": [ -0.0211, -0.7286, 0.0 ], 
													"to": [ 0.3854, 0.3168, 0.4066 ], 
													"unwrapMode": 3,
													"uv": [ 1.5, 22.0 ],
													"rotationOrigin": [ 0.2376, 0.2587, 0.1742 ],
													"rotationZ": 102.0,
													"faces": {
														"north": { "texture": "#skin", "uv": [ 3.0, 22.5, 3.5, 24.0 ] },
														"east": { "texture": "#skin", "uv": [ 2.5, 22.5, 3.0, 24.0 ] },
														"south": { "texture": "#skin", "uv": [ 2.0, 22.5, 2.5, 24.0 ] },
														"west": { "texture": "#skin", "uv": [ 1.5, 22.5, 2.0, 24.0 ] },
														"up": { "texture": "#skin", "uv": [ 2.0, 22.0, 2.5, 22.5 ] },
														"down": { "texture": "#skin", "uv": [ 2.0, 24.0, 2.5, 24.5 ], "rotation": 180 }
													},
													"children": [
														{
															"name": "L origin hind hoof",
															"from": [ 0.0739, 0.2376, 0.2033 ], 
															"to": [ 0.0739, 0.2376, 0.2033 ], 
															"uv": [ 0.0, 0.0 ],
															"rotationOrigin": [ 0.0739, 0.2376, 0.2323 ],
															"rotationZ": 50.0,
															"faces": {
																"north": { "texture": "#skin", "uv": [ 0.0, 0.5, 0.396, 0.896 ], "enabled": false },
																"east": { "texture": "#skin", "uv": [ 0.5, 0.5, 0.896, 0.896 ], "enabled": false },
																"south": { "texture": "#skin", "uv": [ 1.0, 0.5, 1.396, 0.896 ], "enabled": false },
																"west": { "texture": "#skin", "uv": [ 1.5, 0.5, 1.896, 0.896 ], "enabled": false },
																"up": { "texture": "#skin", "uv": [ 0.0, 0.0, 0.396, 0.396 ], "enabled": false },
																"down": { "texture": "#skin", "uv": [ 0.5, 0.0, 0.896, 0.396 ], "enabled": false }
															},
															"children": [
																{
																	"name": "L hind hoof 1",
																	"from": [ -0.6389, -0.1162, -0.1742 ], 
																	"to": [ -0.1742, 0.0581, 0.1742 ], 
																	"unwrapMode": 4,
																	"uv": [ 6.0, 30.5 ],
																	"rotationOrigin": [ -0.0581, 0.0, 0.1162 ],
																	"rotationZ": 55.0,
																	"faces": {
																		"north": { "texture": "#skin", "uv": [ 6.0, 31.0, 6.5, 31.5 ] },
																		"east": { "texture": "#skin", "uv": [ 7.5, 31.0, 8.0, 31.5 ] },
																		"south": { "texture": "#skin", "uv": [ 7.0, 31.0, 7.5, 31.5 ] },
																		"west": { "texture": "#skin", "uv": [ 6.5, 31.0, 7.0, 31.5 ] },
																		"up": { "texture": "#skin", "uv": [ 6.5, 30.5, 7.0, 31.0 ], "rotation": 90 },
																		"down": { "texture": "#skin", "uv": [ 6.5, 31.5, 7.0, 32.0 ], "rotation": 90 }
																	}
																},
																{
																	"name": "L hind hoof 2",
																	"from": [ -0.4646, -0.3485, -0.1742 ], 
																	"to": [ 0.1162, -0.1742, 0.1742 ], 
																	"unwrapMode": 4,
																	"uv": [ 9.0, 29.5 ],
																	"rotationOrigin": [ 0.0581, -0.1162, 0.0581 ],
																	"rotationZ": 27.0,
																	"faces": {
																		"north": { "texture": "#skin", "uv": [ 9.0, 30.5, 10.0, 31.0 ] },
																		"east": { "texture": "#skin", "uv": [ 11.5, 30.5, 12.0, 31.0 ] },
																		"south": { "texture": "#skin", "uv": [ 10.5, 30.5, 11.5, 31.0 ] },
																		"west": { "texture": "#skin", "uv": [ 10.0, 30.5, 10.5, 31.0 ] },
																		"up": { "texture": "#skin", "uv": [ 10.0, 29.5, 10.5, 30.5 ], "rotation": 90 },
																		"down": { "texture": "#skin", "uv": [ 10.0, 31.0, 10.5, 32.0 ], "rotation": 90 }
																	}
																}
															]
														}
													]
												}
											]
										}
									]
								}
							]
						},
						{
							"name": "tail",
							"from": [ 1.9694, 1.5629, 0.1373 ], 
							"to": [ 2.7878, 2.6717, 1.7213 ], 
							"unwrapMode": 3,
							"unwrapRotation": 1,
							"uv": [ 15.0, 11.0 ],
							"rotationOrigin": [ 2.4974, 2.6717, 0.9293 ],
							"rotationZ": 58.0,
							"faces": {
								"north": { "texture": "#skin", "uv": [ 23.0, 14.0, 25.0, 15.5 ], "rotation": 270, "windMode": [-1,-1,-1,-1], "windData": [0,1,1,0] },
								"east": { "texture": "#skin", "uv": [ 18.0, 11.0, 20.0, 14.0 ], "rotation": 90, "windMode": [-1,-1,-1,-1], "windData": [0,1,1,0] },
								"south": { "texture": "#skin", "uv": [ 18.0, 14.0, 20.0, 15.5 ], "rotation": 90 },
								"west": { "texture": "#skin", "uv": [ 18.0, 15.5, 20.0, 18.5 ], "rotation": 90, "windMode": [-1,-1,-1,-1], "windData": [0,0,1,1] },
								"up": { "texture": "#skin", "uv": [ 15.0, 14.0, 18.0, 15.5 ], "rotation": 90, "windMode": [-1,-1,-1,-1], "windData": [1,1,1,1] },
								"down": { "texture": "#skin", "uv": [ 20.0, 14.0, 23.0, 15.5 ], "rotation": 270, "windMode": [-1,-1,-1,-1] }
							},
							"children": [
								{
									"name": "tail-end",
									"from": [ -0.2693, -1.0454, 0.5597 ], 
									"to": [ 0.7867, 0.1742, 1.0243 ], 
									"unwrapMode": 3,
									"unwrapRotation": 1,
									"uv": [ 20.0, 11.0 ],
									"rotationOrigin": [ 0.7867, 0.1162, 0.7603 ],
									"rotationZ": -22.0,
									"faces": {
										"north": { "texture": "#skin", "uv": [ 23.0, 11.5, 25.0, 13.5 ], "rotation": 270 },
										"east": { "texture": "#skin", "uv": [ 20.5, 11.0, 22.5, 11.5 ], "rotation": 90 },
										"south": { "texture": "#skin", "uv": [ 20.5, 11.5, 22.5, 13.5 ], "rotation": 90 },
										"west": { "texture": "#skin", "uv": [ 20.5, 13.5, 22.5, 14.0 ], "rotation": 90 },
										"up": { "texture": "#skin", "uv": [ 20.0, 11.5, 20.5, 13.5 ], "rotation": 90, "windMode": [-1,-1,-1,-1], "windData": [1,1,1,1] },
										"down": { "texture": "#skin", "uv": [ 22.5, 11.5, 23.0, 13.5 ], "rotation": 270 }
									}
								}
							]
						},
						{
							"name": "R back Thigh",
							"from": [ 1.2197, -0.1162, -0.2904 ], 
							"to": [ 3.3106, 2.3813, 0.5227 ], 
							"unwrapMode": 1,
							"uv": [ 21.0, 4.0 ],
							"rotationOrigin": [ 2.0328, 1.6843, 0.0581 ],
							"rotationX": -3.0,
							"rotationZ": -23.0,
							"faces": {
								"north": { "texture": "#skin", "uv": [ 22.5, 5.5, 26.0, 10.0 ] },
								"east": { "texture": "#skin", "uv": [ 21.0, 5.5, 22.5, 10.0 ] },
								"south": { "texture": "#skin", "uv": [ 27.5, 5.5, 31.0, 10.0 ] },
								"west": { "texture": "#skin", "uv": [ 26.0, 5.5, 27.5, 10.0 ] },
								"up": { "texture": "#skin", "uv": [ 22.5, 4.0, 26.0, 5.5 ], "rotation": 180 },
								"down": { "texture": "#skin", "uv": [ 22.5, 10.0, 26.0, 11.5 ] }
							},
							"children": [
								{
									"name": "R back Upper Arm",
									"from": [ 0.1162, -2.0909, 0.0581 ], 
									"to": [ 0.9293, 0.2323, 0.697 ], 
									"unwrapMode": 1,
									"uv": [ 17.5, 0.5 ],
									"rotationOrigin": [ 0.5227, 0.2323, 0.4066 ],
									"rotationX": -1.0,
									"rotationZ": 73.0,
									"faces": {
										"north": { "texture": "#skin", "uv": [ 18.5, 1.5, 20.0, 5.5 ] },
										"east": { "texture": "#skin", "uv": [ 17.5, 1.5, 18.5, 5.5 ] },
										"south": { "texture": "#skin", "uv": [ 21.0, 1.5, 22.5, 5.5 ] },
										"west": { "texture": "#skin", "uv": [ 20.0, 1.5, 21.0, 5.5 ] },
										"up": { "texture": "#skin", "uv": [ 18.5, 0.5, 20.0, 1.5 ], "rotation": 180 },
										"down": { "texture": "#skin", "uv": [ 18.5, 5.5, 20.0, 6.5 ] }
									},
									"children": [
										{
											"name": "R back lower arm",
											"from": [ 0.2746, -2.6453, 0.1162 ], 
											"to": [ 0.7392, 0.1426, 0.5227 ], 
											"unwrapMode": 1,
											"uv": [ 17.0, 20.5 ],
											"rotationOrigin": [ 0.565, 0.1426, 0.3485 ],
											"rotationX": 4.0,
											"rotationZ": -60.0,
											"faces": {
												"north": { "texture": "#skin", "uv": [ 17.5, 21.0, 18.0, 26.0 ] },
												"east": { "texture": "#skin", "uv": [ 17.0, 21.0, 17.5, 26.0 ] },
												"south": { "texture": "#skin", "uv": [ 18.5, 21.0, 19.0, 26.0 ] },
												"west": { "texture": "#skin", "uv": [ 18.0, 21.0, 18.5, 26.0 ] },
												"up": { "texture": "#skin", "uv": [ 17.5, 20.5, 18.0, 21.0 ], "rotation": 180 },
												"down": { "texture": "#skin", "uv": [ 17.5, 26.0, 18.0, 26.5 ] }
											},
											"children": [
												{
													"name": "R back pastern",
													"from": [ 0.029, -0.4646, 0.0 ], 
													"to": [ 0.4356, 0.5808, 0.4066 ], 
													"unwrapMode": 1,
													"uv": [ 0.0, 20.33 ],
													"rotationOrigin": [ 0.2904, 0.5227, 0.1742 ],
													"rotationZ": -10.0,
													"faces": {
														"north": { "texture": "#skin", "uv": [ 0.5, 21.0, 1.0, 22.5 ] },
														"east": { "texture": "#skin", "uv": [ 0.0, 21.0, 0.5, 22.5 ] },
														"south": { "texture": "#skin", "uv": [ 1.5, 21.0, 2.0, 22.5 ] },
														"west": { "texture": "#skin", "uv": [ 1.0, 21.0, 1.5, 22.5 ] },
														"up": { "texture": "#skin", "uv": [ 0.5, 20.5, 1.0, 21.0 ], "rotation": 180 },
														"down": { "texture": "#skin", "uv": [ 0.5, 22.5, 1.0, 23.0 ] }
													},
													"children": [
														{
															"name": "R origin hind hoof",
															"from": [ 0.2323, 0.2904, 0.2033 ], 
															"to": [ 0.2323, 0.2904, 0.2033 ], 
															"uv": [ 0.0, 0.0 ],
															"rotationOrigin": [ 0.2323, 0.2904, 0.2323 ],
															"faces": {
																"north": { "texture": "#skin", "uv": [ 0.0, 0.5, 0.396, 0.896 ], "enabled": false },
																"east": { "texture": "#skin", "uv": [ 0.5, 0.5, 0.896, 0.896 ], "enabled": false },
																"south": { "texture": "#skin", "uv": [ 1.0, 0.5, 1.396, 0.896 ], "enabled": false },
																"west": { "texture": "#skin", "uv": [ 1.5, 0.5, 1.896, 0.896 ], "enabled": false },
																"up": { "texture": "#skin", "uv": [ 0.0, 0.0, 0.396, 0.396 ], "enabled": false },
																"down": { "texture": "#skin", "uv": [ 0.5, 0.0, 0.896, 0.396 ], "enabled": false }
															},
															"children": [
																{
																	"name": "R hind hoof 1",
																	"from": [ -0.6389, -0.1162, -0.1742 ], 
																	"to": [ -0.1742, 0.0581, 0.1742 ], 
																	"unwrapMode": 4,
																	"uv": [ 3.5, 28.0 ],
																	"rotationOrigin": [ -0.0581, 0.0, 0.1162 ],
																	"rotationZ": 55.0,
																	"faces": {
																		"north": { "texture": "#skin", "uv": [ 3.5, 28.5, 4.0, 29.0 ] },
																		"east": { "texture": "#skin", "uv": [ 5.0, 28.5, 5.5, 29.0 ] },
																		"south": { "texture": "#skin", "uv": [ 4.5, 28.5, 5.0, 29.0 ] },
																		"west": { "texture": "#skin", "uv": [ 4.0, 28.5, 4.5, 29.0 ] },
																		"up": { "texture": "#skin", "uv": [ 4.0, 28.0, 4.5, 28.5 ], "rotation": 90 },
																		"down": { "texture": "#skin", "uv": [ 4.0, 29.0, 4.5, 29.5 ], "rotation": 90 }
																	}
																},
																{
																	"name": "R hind hoof 2",
																	"from": [ -0.4646, -0.3485, -0.1742 ], 
																	"to": [ 0.1162, -0.1742, 0.1742 ], 
																	"unwrapMode": 4,
																	"uv": [ 4.5, 27.0 ],
																	"rotationOrigin": [ 0.0581, -0.1162, 0.0581 ],
																	"rotationZ": 27.0,
																	"faces": {
																		"north": { "texture": "#skin", "uv": [ 4.5, 28.0, 5.5, 28.5 ] },
																		"east": { "texture": "#skin", "uv": [ 7.0, 28.0, 7.5, 28.5 ] },
																		"south": { "texture": "#skin", "uv": [ 6.0, 28.0, 7.0, 28.5 ] },
																		"west": { "texture": "#skin", "uv": [ 5.5, 28.0, 6.0, 28.5 ] },
																		"up": { "texture": "#skin", "uv": [ 5.5, 27.0, 6.0, 28.0 ], "rotation": 90 },
																		"down": { "texture": "#skin", "uv": [ 5.5, 28.5, 6.0, 29.5 ], "rotation": 90 }
																	}
																}
															]
														}
													]
												}
											]
										}
									]
								}
							]
						}
					]
				},
				{
					"name": "L front Thigh",
					"from": [ -0.2376, -0.2112, 1.3358 ], 
					"to": [ 0.924, 1.4995, 1.9747 ], 
					"unwrapMode": 3,
					"uv": [ 24.0, 22.0 ],
					"rotationOrigin": [ 0.4013, 1.0085, 1.7424 ],
					"rotationX": -4.0,
					"rotationY": 4.0,
					"rotationZ": 15.0,
					"faces": {
						"north": { "texture": "#skin", "uv": [ 28.0, 23.0, 30.0, 26.0 ] },
						"east": { "texture": "#skin", "uv": [ 27.0, 23.0, 28.0, 26.0 ] },
						"south": { "texture": "#skin", "uv": [ 25.0, 23.0, 27.0, 26.0 ] },
						"west": { "texture": "#skin", "uv": [ 24.0, 23.0, 25.0, 26.0 ] },
						"up": { "texture": "#skin", "uv": [ 25.0, 22.0, 27.0, 23.0 ], "windMode": [-1,-1,-1,-1] },
						"down": { "texture": "#skin", "uv": [ 25.0, 26.0, 27.0, 27.0 ], "rotation": 180 }
					},
					"children": [
						{
							"name": "L front Upper Arm",
							"from": [ 0.1742, -1.3939, 0.1162 ], 
							"to": [ 0.697, 0.4066, 0.5808 ], 
							"unwrapMode": 3,
							"uv": [ 9.0, 20.5 ],
							"rotationOrigin": [ 0.5808, 0.1742, 0.2323 ],
							"rotationX": 1.0,
							"rotationZ": -33.0,
							"faces": {
								"north": { "texture": "#skin", "uv": [ 10.5, 21.0, 11.0, 24.0 ] },
								"east": { "texture": "#skin", "uv": [ 10.0, 21.0, 10.5, 24.0 ] },
								"south": { "texture": "#skin", "uv": [ 9.5, 21.0, 10.0, 24.0 ] },
								"west": { "texture": "#skin", "uv": [ 9.0, 21.0, 9.5, 24.0 ] },
								"up": { "texture": "#skin", "uv": [ 9.5, 20.5, 10.0, 21.0 ] },
								"down": { "texture": "#skin", "uv": [ 9.5, 24.0, 10.0, 24.5 ], "rotation": 180 }
							},
							"children": [
								{
									"name": "L front lower arm",
									"from": [ 0.0581, -1.3094, 0.029 ], 
									"to": [ 0.4646, 0.2534, 0.4356 ], 
									"unwrapMode": 3,
									"uv": [ 13.0, 20.5 ],
									"rotationOrigin": [ 0.4066, 0.1742, 0.2323 ],
									"rotationX": -3.0,
									"rotationY": 8.0,
									"rotationZ": 8.0,
									"faces": {
										"north": { "texture": "#skin", "uv": [ 14.5, 21.0, 15.0, 23.5 ] },
										"east": { "texture": "#skin", "uv": [ 14.0, 21.0, 14.5, 23.5 ] },
										"south": { "texture": "#skin", "uv": [ 13.5, 21.0, 14.0, 23.5 ] },
										"west": { "texture": "#skin", "uv": [ 13.0, 21.0, 13.5, 23.5 ] },
										"up": { "texture": "#skin", "uv": [ 13.5, 20.5, 14.0, 21.0 ] },
										"down": { "texture": "#skin", "uv": [ 13.5, 23.5, 14.0, 24.0 ], "rotation": 180 }
									},
									"children": [
										{
											"name": "L front pastern",
											"from": [ 0.0, -0.697, 0.0 ], 
											"to": [ 0.4066, 0.3485, 0.4066 ], 
											"unwrapMode": 3,
											"uv": [ 0.0, 23.5 ],
											"rotationOrigin": [ 0.0, 0.2323, 0.1742 ],
											"rotationX": -1.0,
											"rotationZ": -10.0,
											"faces": {
												"north": { "texture": "#skin", "uv": [ 1.5, 24.0, 2.0, 25.5 ] },
												"east": { "texture": "#skin", "uv": [ 1.0, 24.0, 1.5, 25.5 ] },
												"south": { "texture": "#skin", "uv": [ 0.5, 24.0, 1.0, 25.5 ] },
												"west": { "texture": "#skin", "uv": [ 0.0, 24.0, 0.5, 25.5 ] },
												"up": { "texture": "#skin", "uv": [ 0.5, 23.5, 1.0, 24.0 ] },
												"down": { "texture": "#skin", "uv": [ 0.5, 25.5, 1.0, 26.0 ], "rotation": 180 }
											},
											"children": [
												{
													"name": "L origin hoof",
													"from": [ 0.1742, 0.2904, 0.2033 ], 
													"to": [ 0.1742, 0.2904, 0.2033 ], 
													"uv": [ 0.0, 0.0 ],
													"rotationOrigin": [ 0.1742, 0.2904, 0.2323 ],
													"faces": {
														"north": { "texture": "#skin", "uv": [ 0.0, 0.5, 0.396, 0.896 ], "enabled": false },
														"east": { "texture": "#skin", "uv": [ 0.5, 0.5, 0.896, 0.896 ], "enabled": false },
														"south": { "texture": "#skin", "uv": [ 1.0, 0.5, 1.396, 0.896 ], "enabled": false },
														"west": { "texture": "#skin", "uv": [ 1.5, 0.5, 1.896, 0.896 ], "enabled": false },
														"up": { "texture": "#skin", "uv": [ 0.0, 0.0, 0.396, 0.396 ], "enabled": false },
														"down": { "texture": "#skin", "uv": [ 0.5, 0.0, 0.896, 0.396 ], "enabled": false }
													},
													"children": [
														{
															"name": "L front hoof 1",
															"from": [ -0.6389, -0.1162, -0.1742 ], 
															"to": [ -0.1742, 0.0581, 0.1742 ], 
															"unwrapMode": 4,
															"uv": [ 4.0, 29.0 ],
															"rotationOrigin": [ -0.0581, 0.0, 0.1162 ],
															"rotationZ": 55.0,
															"faces": {
																"north": { "texture": "#skin", "uv": [ 4.0, 29.5, 4.5, 30.0 ] },
																"east": { "texture": "#skin", "uv": [ 5.5, 29.5, 6.0, 30.0 ] },
																"south": { "texture": "#skin", "uv": [ 5.0, 29.5, 5.5, 30.0 ] },
																"west": { "texture": "#skin", "uv": [ 4.5, 29.5, 5.0, 30.0 ] },
																"up": { "texture": "#skin", "uv": [ 4.5, 29.0, 5.0, 29.5 ], "rotation": 90 },
																"down": { "texture": "#skin", "uv": [ 4.5, 30.0, 5.0, 30.5 ], "rotation": 90 }
															}
														},
														{
															"name": "L front hoof 2",
															"from": [ -0.4646, -0.3485, -0.1742 ], 
															"to": [ 0.1162, -0.1742, 0.1742 ], 
															"unwrapMode": 4,
															"uv": [ 6.5, 27.5 ],
															"rotationOrigin": [ 0.0581, -0.1162, 0.0581 ],
															"rotationZ": 27.0,
															"faces": {
																"north": { "texture": "#skin", "uv": [ 6.5, 28.5, 7.5, 29.0 ] },
																"east": { "texture": "#skin", "uv": [ 9.0, 28.5, 9.5, 29.0 ] },
																"south": { "texture": "#skin", "uv": [ 8.0, 28.5, 9.0, 29.0 ] },
																"west": { "texture": "#skin", "uv": [ 7.5, 28.5, 8.0, 29.0 ] },
																"up": { "texture": "#skin", "uv": [ 7.5, 27.5, 8.0, 28.5 ], "rotation": 90 },
																"down": { "texture": "#skin", "uv": [ 7.5, 29.0, 8.0, 30.0 ], "rotation": 90 }
															}
														}
													]
												}
											]
										}
									]
								}
							]
						}
					]
				},
				{
					"name": "R front Thigh",
					"from": [ -0.2376, -0.1531, -0.2323 ], 
					"to": [ 0.924, 1.5576, 0.4066 ], 
					"unwrapMode": 1,
					"uv": [ 25.0, 0.0 ],
					"rotationOrigin": [ 0.4013, 1.0666, 0.0 ],
					"rotationX": -3.0,
					"rotationZ": 15.0,
					"faces": {
						"north": { "texture": "#skin", "uv": [ 26.0, 1.0, 28.0, 4.0 ] },
						"east": { "texture": "#skin", "uv": [ 25.0, 1.0, 26.0, 4.0 ] },
						"south": { "texture": "#skin", "uv": [ 29.0, 1.0, 31.0, 4.0 ] },
						"west": { "texture": "#skin", "uv": [ 28.0, 1.0, 29.0, 4.0 ] },
						"up": { "texture": "#skin", "uv": [ 26.0, 0.0, 28.0, 1.0 ], "rotation": 180 },
						"down": { "texture": "#skin", "uv": [ 26.0, 4.0, 28.0, 5.0 ] }
					},
					"children": [
						{
							"name": "R front Upper Arm",
							"from": [ 0.1742, -1.3939, 0.0581 ], 
							"to": [ 0.697, 0.4066, 0.5227 ], 
							"unwrapMode": 1,
							"uv": [ 11.0, 20.5 ],
							"rotationOrigin": [ 0.5808, 0.1742, 0.4066 ],
							"rotationX": -1.0,
							"rotationZ": -23.0,
							"faces": {
								"north": { "texture": "#skin", "uv": [ 11.5, 21.0, 12.0, 24.0 ] },
								"east": { "texture": "#skin", "uv": [ 11.0, 21.0, 11.5, 24.0 ] },
								"south": { "texture": "#skin", "uv": [ 12.5, 21.0, 13.0, 24.0 ] },
								"west": { "texture": "#skin", "uv": [ 12.0, 21.0, 12.5, 24.0 ] },
								"up": { "texture": "#skin", "uv": [ 11.5, 20.5, 12.0, 21.0 ], "rotation": 180 },
								"down": { "texture": "#skin", "uv": [ 11.5, 24.0, 12.0, 24.5 ] }
							},
							"children": [
								{
									"name": "R front lower arm",
									"from": [ 0.0581, -1.3094, 0.029 ], 
									"to": [ 0.4646, 0.2534, 0.4356 ], 
									"unwrapMode": 1,
									"uv": [ 15.0, 20.5 ],
									"rotationOrigin": [ 0.4066, 0.1742, 0.3485 ],
									"rotationX": 3.0,
									"rotationZ": -4.0,
									"faces": {
										"north": { "texture": "#skin", "uv": [ 15.5, 21.0, 16.0, 23.5 ] },
										"east": { "texture": "#skin", "uv": [ 15.0, 21.0, 15.5, 23.5 ] },
										"south": { "texture": "#skin", "uv": [ 16.5, 21.0, 17.0, 23.5 ] },
										"west": { "texture": "#skin", "uv": [ 16.0, 21.0, 16.5, 23.5 ] },
										"up": { "texture": "#skin", "uv": [ 15.5, 20.5, 16.0, 21.0 ], "rotation": 180 },
										"down": { "texture": "#skin", "uv": [ 15.5, 23.5, 16.0, 24.0 ] }
									},
									"children": [
										{
											"name": "R front pastern",
											"from": [ 0.0, -0.697, 0.0 ], 
											"to": [ 0.4066, 0.3485, 0.4066 ], 
											"unwrapMode": 1,
											"uv": [ 2.0, 24.0 ],
											"rotationOrigin": [ 0.0, 0.2323, 0.1742 ],
											"rotationX": -1.0,
											"rotationZ": -10.0,
											"faces": {
												"north": { "texture": "#skin", "uv": [ 2.5, 24.5, 3.0, 26.0 ] },
												"east": { "texture": "#skin", "uv": [ 2.0, 24.5, 2.5, 26.0 ] },
												"south": { "texture": "#skin", "uv": [ 3.5, 24.5, 4.0, 26.0 ] },
												"west": { "texture": "#skin", "uv": [ 3.0, 24.5, 3.5, 26.0 ] },
												"up": { "texture": "#skin", "uv": [ 2.5, 24.0, 3.0, 24.5 ], "rotation": 180 },
												"down": { "texture": "#skin", "uv": [ 2.5, 26.0, 3.0, 26.5 ] }
											},
											"children": [
												{
													"name": "R origin hoof",
													"from": [ 0.1742, 0.2904, 0.2033 ], 
													"to": [ 0.1742, 0.2904, 0.2033 ], 
													"uv": [ 0.0, 0.0 ],
													"rotationOrigin": [ 0.1742, 0.2904, 0.2323 ],
													"faces": {
														"north": { "texture": "#skin", "uv": [ 0.0, 0.5, 0.396, 0.896 ], "enabled": false },
														"east": { "texture": "#skin", "uv": [ 0.5, 0.5, 0.896, 0.896 ], "enabled": false },
														"south": { "texture": "#skin", "uv": [ 1.0, 0.5, 1.396, 0.896 ], "enabled": false },
														"west": { "texture": "#skin", "uv": [ 1.5, 0.5, 1.896, 0.896 ], "enabled": false },
														"up": { "texture": "#skin", "uv": [ 0.0, 0.0, 0.396, 0.396 ], "enabled": false },
														"down": { "texture": "#skin", "uv": [ 0.5, 0.0, 0.896, 0.396 ], "enabled": false }
													},
													"children": [
														{
															"name": "R front hoof 1",
															"from": [ -0.6389, -0.1162, -0.1742 ], 
															"to": [ -0.1742, 0.0581, 0.1742 ], 
															"unwrapMode": 4,
															"uv": [ 4.5, 30.0 ],
															"rotationOrigin": [ -0.0581, 0.0, 0.1162 ],
															"rotationZ": 55.0,
															"faces": {
																"north": { "texture": "#skin", "uv": [ 4.5, 30.5, 5.0, 31.0 ] },
																"east": { "texture": "#skin", "uv": [ 6.0, 30.5, 6.5, 31.0 ] },
																"south": { "texture": "#skin", "uv": [ 5.5, 30.5, 6.0, 31.0 ] },
																"west": { "texture": "#skin", "uv": [ 5.0, 30.5, 5.5, 31.0 ] },
																"up": { "texture": "#skin", "uv": [ 5.0, 30.0, 5.5, 30.5 ], "rotation": 90 },
																"down": { "texture": "#skin", "uv": [ 5.0, 31.0, 5.5, 31.5 ], "rotation": 90 }
															}
														},
														{
															"name": "R front hoof 2",
															"from": [ -0.4646, -0.3485, -0.1742 ], 
															"to": [ 0.1162, -0.1742, 0.1742 ], 
															"unwrapMode": 4,
															"uv": [ 7.0, 29.0 ],
															"rotationOrigin": [ 0.0581, -0.1162, 0.0581 ],
															"rotationZ": 27.0,
															"faces": {
																"north": { "texture": "#skin", "uv": [ 7.0, 30.0, 8.0, 30.5 ] },
																"east": { "texture": "#skin", "uv": [ 9.5, 30.0, 10.0, 30.5 ] },
																"south": { "texture": "#skin", "uv": [ 8.5, 30.0, 9.5, 30.5 ] },
																"west": { "texture": "#skin", "uv": [ 8.0, 30.0, 8.5, 30.5 ] },
																"up": { "texture": "#skin", "uv": [ 8.0, 29.0, 8.5, 30.0 ], "rotation": 90 },
																"down": { "texture": "#skin", "uv": [ 8.0, 30.5, 8.5, 31.5 ], "rotation": 90 }
															}
														}
													]
												}
											]
										}
									]
								}
							]
						}
					]
				}
			],
			"attachmentpoints": [
				{
					"code": "Center",
					"posX": "9.0","posY": "4.0","posZ": "5.0",
					"rotationX": "0.0","rotationY": "0.0","rotationZ": "0.0"
				}
			]
		}
	]}