{
	"code": "bushgrass",
	"class": "wildgrass.BlockWildgrass",
	"variantgroups": [
		{ "code": "growth", "states": [ "0", "1", "2", "3", "4" ] },
		{ "code": "cover", "states": ["free", "snow"] }
	],

	"creativeinventory": { "general": [ "*-free" ], "flora": [ "*-free" ] },
	"attributes": {
		"handbook": {
			"groupBy": ["bushgrass-*"]
		},
		"climateColorMapForMap": "climatePlantTint", 
		"seasonColorMapForMap": "seasonalGrass",
		"cutIntoByType": {
			"*-0-*": null,
			"*": "wildgrass:bushgrass-0-free"
		},
		"growthByType": {
			"*-0-*": {
				"growthChanceOnTick": 0.08,
				"minTemp": -3,
				"code": "wildgrass:bushgrass-1-free"
			},
			"*-1-*": {
				"growthChanceOnTick": 0.06,
				"minTemp": -3,
				"code": "wildgrass:bushgrass-2-free"
			},
			"*-2-*": {
				"growthChanceOnTick": 0.04,
				"minTemp": -3,
				"code": "wildgrass:bushgrass-3-free"
			},
			"*-3-*": {
				"growthChanceOnTick": 0.02,
				"minTemp": 12,
				"code": "wildgrass:bushgrass-4-free"
			},
			"*-4-*": {
				"growthChanceOnTick": 0.08,
				"minTemp": -3,
				"code": "wildgrass:bushgrass-2-free"
			}
		},
		"drawnHeightByType": {
			"*-0-*": 8,
			"*-1-*": 12,
			"*-2-*": 16,
			"*-3-*": 24,
			"*-4-*": 48
		},
		"allowStepWhenStuck": true,
		"overrideRandomDrawOffset": 2
	},

	"blockmaterial": "plant",
	"matterstate": "solid",
	"faceCullMode": "Default",
	"renderpass": "OpaqueNoCull",
	"randomDrawOffset": true,
	"randomizeRotations": true,

	"drawTypeByType": {
		"*-snow": "JSONAndSnowLayer",
		"*": "JSON"
	},
	"shapeByType": { 
		"*-4-*": { "base": "block/bushgrass/bushgrass-flowering" },
		"*": { "base": "block/bushgrass/bushgrass" }
	},
	"texturesByType": {
		"*-4-*": {
			"grass": { "base": "block/plant/bushgrass/bushgrass-3"},
			"culm": { "base": "block/plant/bushgrass/bushgrass-4-culm"},
			"flowers": { "base": "block/plant/bushgrass/bushgrass-4-flowers"}
		},
		"*": {
			"grass": { "base": "block/plant/bushgrass/bushgrass-{growth}"}
		}
	},

	"sounds": {
		"place": "game:block/plant",
		"break": "game:block/plant",
		"hit": "game:block/plant",
		"walkByType": { "*-snow": "game:walk/snow" }
	},
	"rainPermeable": true,
	"materialDensity": 200,
	"combustibleProps": {
		"burnTemperature": 600,
		"burnDuration": 6
	},
	"dropsByType": {
		"*-0-*": [],
		"*-1-*": [ 
			{ "type": "item", "code": "game:drygrass", "quantity": { "avg": 1 }, "tool": "knife" },
			{ "type": "item", "code": "game:drygrass", "quantity": { "avg": 1 }, "tool": "scythe" }
		],
		"*-2-*": [ 
			{ "type": "item", "code": "game:drygrass", "quantity": { "avg": 1 }, "tool": "knife" },
			{ "type": "item", "code": "game:drygrass", "quantity": { "avg": 1 }, "tool": "scythe" }
		],
		"*-3-*": [ 
			{ "type": "item", "code": "game:drygrass", "quantity": { "avg": 2 }, "tool": "knife" },
			{ "type": "item", "code": "game:drygrass", "quantity": { "avg": 2 }, "tool": "scythe" }
		],
		"*-4-*": [ 
			{ "type": "item", "code": "game:drygrass", "quantity": { "avg": 2 }, "tool": "knife" },
			{ "type": "item", "code": "game:drygrass", "quantity": { "avg": 2 }, "tool": "scythe" },
			{ "type": "item", "code": "seeds-bushgrass", "quantity": { "avg": 1, "var": 1 } }
		]
	},

	"resistance": 0.5,

	"lightAbsorption": 0,
	"sideopaque": { "all": false },
	"sidesolid": { "all": false },
	"emitsideao": { "all": false },
	"replaceable": 6000,

	"collisionbox": null,
	"selectionboxByType": {
		"*-0-*": { "x1": 0, "y1": 0, "z1": 0, "x2": 1, "y2": 0.25, "z2": 1 },
		"*-1-*": { "x1": 0, "y1": 0, "z1": 0, "x2": 1, "y2": 0.25, "z2": 1 },
		"*": { "x1": 0, "y1": 0, "z1": 0, "x2": 1, "y2": 0.375, "z2": 1 }
	},
	"frostable": true
}