{
	"editor": {
		"allAngles": true,
		"entityTextureMode": true
	},
	"textureWidth": 32,
	"textureHeight": 32,
	"textureSizes": {
		"skin": [32,32]
	},
	"textures": {
	},
	"elements": [
		{
			"name": "neck",
			"from": [ 15.62, 10.36, 7.7 ], 
			"to": [ 16.796, 11.4, 8.42 ], 
			"unwrapMode": 4,
			"unwrapRotation": 1,
			"uv": [ 12.0, 0.0 ],
			"rotationOrigin": [ 16.5847, 10.3651, 8.06 ],
			"rotationZ": 63.0,
			"faces": {
						"north": { "texture": "#skin", "uv": [ 14.5, 4.0, 17.0, 6.5 ], "rotation": 90, "windMode": [-1,-1,-1,-1], "windData": [0,0,1,0] },
						"east": { "texture": "#skin", "uv": [ 17.0, 2.5, 19.5, 4.0 ], "rotation": 270, "windMode": [-1,-1,-1,-1], "windData": [1,0,0,1] },
						"south": { "texture": "#skin", "uv": [ 14.5, 0.0, 17.0, 2.5 ], "rotation": 90 },
						"west": { "texture": "#skin", "uv": [ 14.5, 2.5, 17.0, 4.0 ], "rotation": 90 },
						"up": { "texture": "#skin", "uv": [ 12.0, 2.5, 14.5, 4.0 ], "rotation": 180 },
						"down": { "texture": "#skin", "uv": [ 17.0, 2.5, 19.5, 4.0 ], "rotation": 180, "enabled": false, "windMode": [-1,-1,-1,-1] }
			},
			"children": [
				{
					"name": "neck2",
					"from": [ 0.216, 0.224, 0.024 ], 
					"to": [ 1.016, 1.624, 0.696 ], 
					"unwrapMode": 4,
					"uv": [ 10.0, 14.5 ],
					"rotationOrigin": [ 1.08, 0.824, 0.36 ],
					"rotationZ": -45.0,
					"faces": {
						"north": { "texture": "#skin", "uv": [ 10.0, 16.5, 12.0, 20.0 ] },
						"east": { "texture": "#skin", "uv": [ 15.5, 16.5, 17.0, 20.0 ] },
						"south": { "texture": "#skin", "uv": [ 13.5, 16.5, 15.5, 20.0 ] },
						"west": { "texture": "#skin", "uv": [ 12.0, 16.5, 13.5, 20.0 ] },
						"up": { "texture": "#skin", "uv": [ 12.0, 14.5, 13.5, 16.5 ], "rotation": 90 },
						"down": { "texture": "#skin", "uv": [ 12.0, 20.0, 13.5, 22.0 ], "rotation": 90, "enabled": false, "windMode": [-1,-1,-1,-1] }
					},
					"children": [
						{
							"name": "head",
							"from": [ -0.008, 0.708, -0.084 ], 
							"to": [ 0.832, 1.62, 0.756 ], 
							"unwrapMode": 4,
							"uv": [ 6.0, 7.5 ],
							"rotationOrigin": [ 0.76, 1.3568, 0.36 ],
							"rotationZ": -35.0,
							"faces": {
								"north": { "texture": "#skin", "uv": [ 6.0, 9.5, 8.0, 11.5 ] },
								"east": { "texture": "#skin", "uv": [ 12.0, 9.5, 14.0, 11.5 ] },
								"south": { "texture": "#skin", "uv": [ 10.0, 9.5, 12.0, 11.5 ] },
								"west": { "texture": "#skin", "uv": [ 8.0, 9.5, 10.0, 11.5 ] },
								"up": { "texture": "#skin", "uv": [ 8.0, 7.5, 10.0, 9.5 ], "rotation": 90 },
								"down": { "texture": "#skin", "uv": [ 8.0, 11.5, 10.0, 13.5 ], "rotation": 90 }
							},
							"children": [
								{
									"name": "mouth up",
									"from": [ -0.648, 0.144, 0.192 ], 
									"to": [ 0.072, 0.456, 0.672 ], 
									"unwrapMode": 5,
									"unwrapRotation": 1,
									"uv": [ 0.0, 0.0 ],
									"rotationOrigin": [ 0.072, 0.432, 0.432 ],
									"rotationZ": 45.0,
									"faces": {
										"north": { "texture": "#skin", "uv": [ 0.0, 0.0, 0.5, 1.5 ], "rotation": 270 },
										"east": { "texture": "#skin", "uv": [ 0.5, 0.0, 1.5, 0.5 ], "rotation": 180, "enabled": false },
										"south": { "texture": "#skin", "uv": [ 1.5, 0.0, 2.0, 1.5 ], "rotation": 90 },
										"west": { "texture": "#skin", "uv": [ 0.5, 1.5, 1.5, 2.0 ] },
										"up": { "texture": "#skin", "uv": [ 0.5, 0.0, 1.5, 1.5 ], "rotation": 90 },
										"down": { "texture": "#skin", "uv": [ 2.0, 0.0, 3.0, 1.5 ], "rotation": 270 }
									},
									"children": [
										{
											"name": "nose",
											"from": [ -0.024, 0.132, 0.096 ], 
											"to": [ 0.216, 0.348, 0.384 ], 
											"unwrapMode": 4,
											"uv": [ 1.0, 1.5 ],
											"rotationOrigin": [ -0.024, 0.36, 0.24 ],
											"faces": {
												"north": { "texture": "#skin", "uv": [ 1.0, 2.0, 1.5, 2.5 ], "windMode": [-1,-1,-1,-1], "windData": [1,1,1,1] },
												"east": { "texture": "#skin", "uv": [ 2.5, 2.0, 3.0, 2.5 ], "windMode": [-1,-1,-1,-1], "windData": [1,1,1,1] },
												"south": { "texture": "#skin", "uv": [ 2.0, 2.0, 2.5, 2.5 ], "windMode": [-1,-1,-1,-1], "windData": [1,1,1,1] },
												"west": { "texture": "#skin", "uv": [ 1.5, 2.0, 2.0, 2.5 ], "windMode": [-1,-1,-1,-1], "windData": [1,1,1,1] },
												"up": { "texture": "#skin", "uv": [ 1.5, 1.5, 2.0, 2.0 ], "rotation": 90, "windMode": [-1,-1,-1,-1], "windData": [1,1,1,1] },
												"down": { "texture": "#skin", "uv": [ 1.5, 2.5, 2.0, 3.0 ], "rotation": 90, "windMode": [-1,-1,-1,-1], "windData": [1,1,1,1] }
											}
										},
										{
											"name": "nose bridge",
											"from": [ 0.12, 0.12, 0.048 ], 
											"to": [ 0.96, 0.312, 0.432 ], 
											"unwrapMode": 5,
											"unwrapRotation": 1,
											"uv": [ 6.0, 7.5 ],
											"rotationOrigin": [ 0.12, 0.12, 0.168 ],
											"rotationZ": 16.0,
											"faces": {
												"north": { "texture": "#skin", "uv": [ 6.0, 7.5, 6.5, 9.5 ], "rotation": 270 },
												"east": { "texture": "#skin", "uv": [ 6.5, 7.5, 7.0, 8.0 ], "rotation": 180, "enabled": false, "windMode": [-1,-1,-1,-1], "windData": [1,1,1,1] },
												"south": { "texture": "#skin", "uv": [ 7.0, 7.5, 7.5, 9.5 ], "rotation": 90 },
												"west": { "texture": "#skin", "uv": [ 6.5, 9.5, 7.0, 10.0 ], "enabled": false },
												"up": { "texture": "#skin", "uv": [ 6.5, 7.5, 7.0, 9.5 ], "rotation": 90 },
												"down": { "texture": "#skin", "uv": [ 7.5, 7.5, 8.0, 9.5 ], "rotation": 270, "enabled": false }
											}
										}
									]
								},
								{
									"name": "R ear",
									"from": [ 0.584, 0.6, -0.68 ], 
									"to": [ 0.704, 1.04, 0.12 ], 
									"unwrapMode": 4,
									"uv": [ 5.5, 19.0 ],
									"rotationOrigin": [ 0.632, 0.768, 0.12 ],
									"rotationX": 65.0,
									"rotationZ": 22.0,
									"faces": {
										"north": { "texture": "#skin", "uv": [ 5.5, 19.5, 6.0, 20.5 ], "windMode": [-1,-1,-1,-1] },
										"east": { "texture": "#skin", "uv": [ 8.0, 19.5, 10.0, 20.5 ], "windMode": [-1,-1,-1,-1] },
										"south": { "texture": "#skin", "uv": [ 8.0, 19.5, 8.5, 20.5 ], "enabled": false, "windMode": [-1,-1,-1,-1], "windData": [0,0,0,0] },
										"west": { "texture": "#skin", "uv": [ 6.0, 19.5, 8.0, 20.5 ], "windMode": [-1,-1,-1,-1] },
										"up": { "texture": "#skin", "uv": [ 6.0, 19.0, 8.0, 19.5 ], "rotation": 90, "windMode": [-1,-1,-1,-1] },
										"down": { "texture": "#skin", "uv": [ 6.0, 20.5, 8.0, 21.0 ], "rotation": 90, "windMode": [-1,-1,-1,-1] }
									}
								},
								{
									"name": "L ear",
									"from": [ 0.584, 0.6, 0.728 ], 
									"to": [ 0.704, 1.04, 1.528 ], 
									"unwrapMode": 4,
									"uv": [ 0.0, 19.0 ],
									"rotationOrigin": [ 0.632, 0.768, 0.728 ],
									"rotationX": -65.0,
									"rotationZ": 22.0,
									"faces": {
										"north": { "texture": "#skin", "uv": [ 0.0, 19.5, 0.5, 20.5 ], "enabled": false, "windMode": [-1,-1,-1,-1] },
										"east": { "texture": "#skin", "uv": [ 2.5, 19.5, 4.5, 20.5 ], "windMode": [-1,-1,-1,-1] },
										"south": { "texture": "#skin", "uv": [ 2.0, 19.5, 2.5, 20.5 ], "windMode": [-1,-1,-1,-1] },
										"west": { "texture": "#skin", "uv": [ 0.0, 19.5, 2.0, 20.5 ], "windMode": [-1,-1,-1,-1] },
										"up": { "texture": "#skin", "uv": [ 0.0, 19.0, 2.0, 19.5 ], "rotation": 90, "windMode": [-1,-1,-1,-1] },
										"down": { "texture": "#skin", "uv": [ 0.0, 20.5, 2.0, 21.0 ], "rotation": 90, "windMode": [-1,-1,-1,-1] }
									}
								},
								{
									"name": "jaw",
									"from": [ -0.3648, -0.0504, 0.24 ], 
									"to": [ 0.3552, 0.1896, 0.624 ], 
									"unwrapMode": 5,
									"unwrapRotation": 1,
									"uv": [ 6.0, 11.5 ],
									"rotationOrigin": [ 0.3068, 0.1898, 0.432 ],
									"rotationZ": 30.0,
									"faces": {
										"north": { "texture": "#skin", "uv": [ 6.0, 11.5, 6.5, 13.0 ], "rotation": 270 },
										"east": { "texture": "#skin", "uv": [ 6.5, 11.5, 7.0, 12.0 ], "rotation": 180, "enabled": false },
										"south": { "texture": "#skin", "uv": [ 7.0, 11.5, 7.5, 13.0 ], "rotation": 90 },
										"west": { "texture": "#skin", "uv": [ 6.5, 13.0, 7.0, 13.5 ] },
										"up": { "texture": "#skin", "uv": [ 6.5, 11.5, 7.0, 13.0 ], "rotation": 90 },
										"down": { "texture": "#skin", "uv": [ 7.5, 11.5, 8.0, 13.0 ], "rotation": 270 }
									}
								}
							]
						}
					]
				}
			]
		}
	]}