{
	"editor": {
		"allAngles": true,
		"entityTextureMode": true
	},
	"textureWidth": 32,
	"textureHeight": 32,
	"textureSizes": {
		"skin": [32,32]
	},
	"textures": {
	},
	"elements": [
		{
			"name": "neck",
			"from": [ 15.0, 8.43, 6.85 ], 
			"to": [ 18.675, 12.93, 9.1 ], 
			"unwrapMode": 3,
			"unwrapRotation": 1,
			"autoUnwrap": false,
			"uv": [ 20.0, 0.0 ],
			"rotationOrigin": [ 18.0022, 8.4308, 7.975 ],
			"rotationX": -2.505,
			"rotationY": 4.329,
			"rotationZ": 77.095,
			"faces": {
				"north": { "texture": "#skin", "uv": [ 26.5, 1.5, 31.0, 5.0 ], "rotation": 270, "windMode": [-1,-1,-1,-1], "windData": [0,0,1,0] },
				"east": { "texture": "#skin", "uv": [ 22.0, 0.0, 26.5, 2.0 ], "rotation": 90, "windMode": [-1,-1,-1,-1], "windData": [1,0,0,1] },
				"south": { "texture": "#skin", "uv": [ 22.0, 2.0, 26.5, 5.5 ], "rotation": 90 },
				"west": { "texture": "#skin", "uv": [ 22.0, 5.5, 26.5, 7.5 ], "rotation": 90 },
				"up": { "texture": "#skin", "uv": [ 20.0, 2.0, 22.0, 5.5 ], "rotation": 90 },
				"down": { "texture": "#skin", "uv": [ 26.5, 2.0, 28.5, 5.5 ], "rotation": 270, "enabled": false, "windMode": [-1,-1,-1,-1] }
			},
			"children": [
				{
					"name": "neck2",
					"from": [ 0.675, 1.95, 0.08 ], 
					"to": [ 3.675, 6.45, 2.18 ], 
					"unwrapMode": 3,
					"uv": [ 22.0, 7.5 ],
					"rotationOrigin": [ 3.375, 3.825, 1.125 ],
					"rotationX": -8.0,
					"rotationZ": -45.0,
					"faces": {
						"north": { "texture": "#skin", "uv": [ 29.0, 9.5, 32.0, 14.0 ] },
						"east": { "texture": "#skin", "uv": [ 27.0, 9.5, 29.0, 14.0 ] },
						"south": { "texture": "#skin", "uv": [ 24.0, 9.5, 27.0, 14.0 ] },
						"west": { "texture": "#skin", "uv": [ 22.0, 9.5, 24.0, 14.0 ] },
						"up": { "texture": "#skin", "uv": [ 24.0, 7.5, 27.0, 9.5 ] },
						"down": { "texture": "#skin", "uv": [ 24.0, 14.0, 27.0, 16.0 ], "rotation": 180, "enabled": false, "windMode": [-1,-1,-1,-1] }
					},
					"children": [
						{
							"name": "head",
							"from": [ 0.02, 2.06, -0.16 ], 
							"to": [ 2.645, 4.91, 2.465 ], 
							"unwrapMode": 4,
							"uv": [ 10.0, 13.0 ],
							"rotationOrigin": [ 2.425, 4.09, 1.225 ],
							"rotationX": -4.0,
							"rotationY": -6.0,
							"rotationZ": -58.0,
							"faces": {
								"north": { "texture": "#skin", "uv": [ 10.0, 15.5, 12.5, 18.0 ] },
								"east": { "texture": "#skin", "uv": [ 17.5, 15.5, 20.0, 18.0 ] },
								"south": { "texture": "#skin", "uv": [ 15.0, 15.5, 17.5, 18.0 ] },
								"west": { "texture": "#skin", "uv": [ 12.5, 15.5, 15.0, 18.0 ] },
								"up": { "texture": "#skin", "uv": [ 12.5, 13.0, 15.0, 15.5 ], "rotation": 90 },
								"down": { "texture": "#skin", "uv": [ 12.5, 18.0, 15.0, 20.5 ], "rotation": 90 }
							},
							"children": [
								{
									"name": "mouth up",
									"from": [ -2.025, 0.45, 0.6 ], 
									"to": [ 0.225, 1.1, 2.1 ], 
									"unwrapMode": 5,
									"unwrapRotation": 1,
									"uv": [ 0.0, 9.0 ],
									"rotationOrigin": [ 0.225, 1.25, 1.35 ],
									"rotationZ": 45.0,
									"faces": {
										"north": { "texture": "#skin", "uv": [ 0.0, 9.0, 0.5, 11.0 ], "rotation": 270 },
										"east": { "texture": "#skin", "uv": [ 0.5, 9.0, 2.0, 9.5 ], "rotation": 180, "enabled": false },
										"south": { "texture": "#skin", "uv": [ 2.0, 9.0, 2.5, 11.0 ], "rotation": 90 },
										"west": { "texture": "#skin", "uv": [ 0.5, 11.0, 2.0, 11.5 ] },
										"up": { "texture": "#skin", "uv": [ 0.5, 9.0, 2.0, 11.0 ], "rotation": 90 },
										"down": { "texture": "#skin", "uv": [ 2.5, 9.0, 4.0, 11.0 ], "rotation": 270 }
									},
									"children": [
										{
											"name": "nose",
											"from": [ -0.075, 0.11, 0.3 ], 
											"to": [ 0.675, 0.785, 1.2 ], 
											"unwrapMode": 4,
											"uv": [ 12.0, 11.5 ],
											"rotationOrigin": [ -0.075, 0.825, 0.75 ],
											"faces": {
												"north": { "texture": "#skin", "uv": [ 12.0, 12.0, 12.5, 12.5 ], "windMode": [-1,-1,-1,-1], "windData": [1,1,1,1] },
												"east": { "texture": "#skin", "uv": [ 13.5, 12.0, 14.0, 12.5 ], "windMode": [-1,-1,-1,-1], "windData": [1,1,1,1] },
												"south": { "texture": "#skin", "uv": [ 13.0, 12.0, 13.5, 12.5 ], "windMode": [-1,-1,-1,-1], "windData": [1,1,1,1] },
												"west": { "texture": "#skin", "uv": [ 12.5, 12.0, 13.0, 12.5 ], "windMode": [-1,-1,-1,-1], "windData": [1,1,1,1] },
												"up": { "texture": "#skin", "uv": [ 12.5, 11.5, 13.0, 12.0 ], "rotation": 90, "windMode": [-1,-1,-1,-1], "windData": [1,1,1,1] },
												"down": { "texture": "#skin", "uv": [ 12.5, 12.5, 13.0, 13.0 ], "rotation": 90, "windMode": [-1,-1,-1,-1], "windData": [1,1,1,1] }
											}
										},
										{
											"name": "nose bridge",
											"from": [ 0.375, 0.07, 0.15 ], 
											"to": [ 3.1, 0.77, 1.35 ], 
											"unwrapMode": 5,
											"unwrapRotation": 1,
											"uv": [ 10.0, 11.5 ],
											"rotationOrigin": [ 0.375, 0.17, 0.525 ],
											"rotationZ": 20.0,
											"faces": {
												"north": { "texture": "#skin", "uv": [ 10.0, 11.5, 10.5, 14.0 ], "rotation": 270 },
												"east": { "texture": "#skin", "uv": [ 10.5, 11.5, 11.5, 12.0 ], "rotation": 180, "enabled": false, "windMode": [-1,-1,-1,-1], "windData": [1,1,1,1] },
												"south": { "texture": "#skin", "uv": [ 11.5, 11.5, 12.0, 14.0 ], "rotation": 90 },
												"west": { "texture": "#skin", "uv": [ 10.5, 14.0, 11.5, 14.5 ], "enabled": false },
												"up": { "texture": "#skin", "uv": [ 10.5, 11.5, 11.5, 14.0 ], "rotation": 90 },
												"down": { "texture": "#skin", "uv": [ 12.0, 11.5, 13.0, 14.0 ], "rotation": 270, "enabled": false }
											}
										}
									]
								},
								{
									"name": "R ear",
									"from": [ 1.2, 1.875, -1.6 ], 
									"to": [ 1.575, 3.0, 0.275 ], 
									"unwrapMode": 4,
									"uv": [ 0.0, 0.0 ],
									"rotationOrigin": [ 1.35, 2.4, 0.275 ],
									"rotationX": 65.0,
									"rotationZ": 22.0,
									"faces": {
										"north": { "texture": "#skin", "uv": [ 0.0, 0.5, 0.5, 1.5 ] },
										"east": { "texture": "#skin", "uv": [ 2.5, 0.5, 4.0, 1.5 ] },
										"south": { "texture": "#skin", "uv": [ 2.0, 0.5, 2.5, 1.5 ], "windMode": [-1,-1,-1,-1], "windData": [0,0,0,0] },
										"west": { "texture": "#skin", "uv": [ 0.5, 0.5, 2.0, 1.5 ] },
										"up": { "texture": "#skin", "uv": [ 0.5, 0.0, 2.0, 0.5 ], "rotation": 90 },
										"down": { "texture": "#skin", "uv": [ 0.5, 1.5, 2.0, 2.0 ], "rotation": 90 }
									}
								},
								{
									"name": "L ear",
									"from": [ 1.2, 1.875, 2.4 ], 
									"to": [ 1.575, 3.0, 4.275 ], 
									"unwrapMode": 2,
									"uv": [ 0.0, 2.0 ],
									"rotationOrigin": [ 1.35, 2.4, 2.4 ],
									"rotationX": -65.0,
									"rotationZ": 22.0,
									"faces": {
										"north": { "texture": "#skin", "uv": [ 2.0, 2.5, 2.5, 3.5 ], "windMode": [-1,-1,-1,-1] },
										"east": { "texture": "#skin", "uv": [ 0.5, 2.5, 2.0, 3.5 ] },
										"south": { "texture": "#skin", "uv": [ 0.0, 2.5, 0.5, 3.5 ], "windMode": [-1,-1,-1,-1], "windData": [1,1,1,1] },
										"west": { "texture": "#skin", "uv": [ 2.5, 2.5, 4.0, 3.5 ] },
										"up": { "texture": "#skin", "uv": [ 0.5, 2.0, 2.0, 2.5 ], "rotation": 270 },
										"down": { "texture": "#skin", "uv": [ 0.5, 3.5, 2.0, 4.0 ], "rotation": 270 }
									}
								},
								{
									"name": "jaw",
									"from": [ -1.14, 0.04, 0.75 ], 
									"to": [ 1.11, 0.54, 1.95 ], 
									"unwrapMode": 5,
									"unwrapRotation": 1,
									"uv": [ 10.0, 9.0 ],
									"rotationOrigin": [ 0.9587, 0.59, 1.35 ],
									"rotationZ": 34.0,
									"faces": {
										"north": { "texture": "#skin", "uv": [ 10.0, 9.0, 10.5, 11.0 ], "rotation": 270 },
										"east": { "texture": "#skin", "uv": [ 10.5, 9.0, 11.5, 9.5 ], "rotation": 180, "enabled": false },
										"south": { "texture": "#skin", "uv": [ 11.5, 9.0, 12.0, 11.0 ], "rotation": 90 },
										"west": { "texture": "#skin", "uv": [ 10.5, 11.0, 11.5, 11.5 ] },
										"up": { "texture": "#skin", "uv": [ 10.5, 9.0, 11.5, 11.0 ], "rotation": 90 },
										"down": { "texture": "#skin", "uv": [ 12.0, 9.0, 13.0, 11.0 ], "rotation": 270 }
									}
								},
								{
									"name": "Horn attachment",
									"from": [ 0.0, 2.25, 1.3125 ], 
									"to": [ 0.75, 3.0, 2.0625 ], 
									"uv": [ 0.0, 0.0 ],
									"rotationOrigin": [ 0.0, 2.25, 1.3125 ],
									"faces": {
										"north": { "texture": "#skin", "uv": [ 0.0, 1.0, 0.75, 1.75 ], "enabled": false },
										"east": { "texture": "#skin", "uv": [ 1.0, 1.0, 1.75, 1.75 ], "enabled": false, "windMode": [-1,-1,-1,-1], "windData": [1,1,1,1] },
										"south": { "texture": "#skin", "uv": [ 1.0, 1.0, 1.75, 1.75 ], "enabled": false, "windMode": [-1,-1,-1,-1], "windData": [1,1,1,1] },
										"west": { "texture": "#skin", "uv": [ 1.0, 1.0, 1.75, 1.75 ], "enabled": false, "windMode": [-1,-1,-1,-1], "windData": [1,1,1,1] },
										"up": { "texture": "#skin", "uv": [ 0.0, 0.0, 0.75, 0.75 ], "enabled": false, "windMode": [-1,-1,-1,-1], "windData": [1,1,1,1] },
										"down": { "texture": "#skin", "uv": [ 1.0, 0.0, 1.75, 0.75 ], "enabled": false, "windMode": [-1,-1,-1,-1], "windData": [1,1,1,1] }
									},
									"children": [
										{
											"name": "R antler base",
											"from": [ 0.15, 0.45, -0.9 ], 
											"to": [ 0.9, 2.325, -0.15 ], 
											"unwrapMode": 4,
											"uv": [ 13.0, 1.5 ],
											"rotationOrigin": [ 0.15, 0.45, -0.9 ],
											"rotationX": -9.0,
											"faces": {
												"north": { "texture": "#skin", "uv": [ 13.0, 2.0, 13.5, 3.5 ] },
												"east": { "texture": "#skin", "uv": [ 14.5, 2.0, 15.0, 3.5 ] },
												"south": { "texture": "#skin", "uv": [ 14.0, 2.0, 14.5, 3.5 ] },
												"west": { "texture": "#skin", "uv": [ 13.5, 2.0, 14.0, 3.5 ], "windMode": [-1,-1,-1,-1], "windData": [0,1,1,1] },
												"up": { "texture": "#skin", "uv": [ 13.5, 1.5, 14.0, 2.0 ], "rotation": 90 },
												"down": { "texture": "#skin", "uv": [ 13.5, 3.5, 14.0, 4.0 ], "rotation": 90 }
											},
											"children": [
												{
													"name": "R antler point 1",
													"from": [ 0.0, 1.5, 0.075 ], 
													"to": [ 0.45, 2.625, 0.525 ], 
													"unwrapMode": 4,
													"uv": [ 15.0, 2.0 ],
													"rotationOrigin": [ 0.0, 1.5, 0.075 ],
													"rotationX": 5.0,
													"rotationZ": 45.0,
													"faces": {
														"north": { "texture": "#skin", "uv": [ 15.0, 2.5, 15.5, 3.5 ] },
														"east": { "texture": "#skin", "uv": [ 16.5, 2.5, 17.0, 3.5 ] },
														"south": { "texture": "#skin", "uv": [ 16.0, 2.5, 16.5, 3.5 ] },
														"west": { "texture": "#skin", "uv": [ 15.5, 2.5, 16.0, 3.5 ] },
														"up": { "texture": "#skin", "uv": [ 15.5, 2.0, 16.0, 2.5 ], "rotation": 90 },
														"down": { "texture": "#skin", "uv": [ 15.5, 3.5, 16.0, 4.0 ], "rotation": 90 }
													}
												},
												{
													"name": "R antler point 2",
													"from": [ 0.225, 1.5, 0.075 ], 
													"to": [ 0.825, 3.375, 0.675 ], 
													"unwrapMode": 4,
													"uv": [ 11.5, 0.0 ],
													"rotationOrigin": [ 0.225, 1.5, 0.075 ],
													"rotationX": 5.0,
													"rotationZ": -25.0,
													"faces": {
														"north": { "texture": "#skin", "uv": [ 11.5, 0.5, 12.0, 2.0 ] },
														"east": { "texture": "#skin", "uv": [ 13.0, 0.5, 13.5, 2.0 ] },
														"south": { "texture": "#skin", "uv": [ 12.5, 0.5, 13.0, 2.0 ] },
														"west": { "texture": "#skin", "uv": [ 12.0, 0.5, 12.5, 2.0 ] },
														"up": { "texture": "#skin", "uv": [ 12.0, 0.0, 12.5, 0.5 ], "rotation": 90 },
														"down": { "texture": "#skin", "uv": [ 12.0, 2.0, 12.5, 2.5 ], "rotation": 90 }
													}
												}
											]
										},
										{
											"name": "L antler base",
											"from": [ 0.15, 0.45, 0.15 ], 
											"to": [ 0.9, 2.325, 0.9 ], 
											"unwrapMode": 4,
											"uv": [ 10.0, 1.5 ],
											"rotationOrigin": [ 0.15, 0.45, 0.15 ],
											"rotationX": 9.0,
											"faces": {
												"north": { "texture": "#skin", "uv": [ 10.0, 2.0, 10.5, 3.5 ] },
												"east": { "texture": "#skin", "uv": [ 11.5, 2.0, 12.0, 3.5 ] },
												"south": { "texture": "#skin", "uv": [ 11.0, 2.0, 11.5, 3.5 ] },
												"west": { "texture": "#skin", "uv": [ 10.5, 2.0, 11.0, 3.5 ], "windMode": [-1,-1,-1,-1], "windData": [0,0,1,1] },
												"up": { "texture": "#skin", "uv": [ 10.5, 1.5, 11.0, 2.0 ], "rotation": 90 },
												"down": { "texture": "#skin", "uv": [ 10.5, 3.5, 11.0, 4.0 ], "rotation": 90 }
											},
											"children": [
												{
													"name": "L antler point 1",
													"from": [ 0.0, 1.5, 0.075 ], 
													"to": [ 0.45, 2.625, 0.525 ], 
													"unwrapMode": 4,
													"uv": [ 17.0, 2.0 ],
													"rotationOrigin": [ 0.0, 1.5, 0.075 ],
													"rotationX": -5.0,
													"rotationZ": 45.0,
													"faces": {
														"north": { "texture": "#skin", "uv": [ 17.0, 2.5, 17.5, 3.5 ] },
														"east": { "texture": "#skin", "uv": [ 18.5, 2.5, 19.0, 3.5 ] },
														"south": { "texture": "#skin", "uv": [ 18.0, 2.5, 18.5, 3.5 ] },
														"west": { "texture": "#skin", "uv": [ 17.5, 2.5, 18.0, 3.5 ] },
														"up": { "texture": "#skin", "uv": [ 17.5, 2.0, 18.0, 2.5 ], "rotation": 90 },
														"down": { "texture": "#skin", "uv": [ 17.5, 3.5, 18.0, 4.0 ], "rotation": 90 }
													}
												},
												{
													"name": "L antler point 2",
													"from": [ 0.225, 1.5, 0.075 ], 
													"to": [ 0.825, 3.375, 0.675 ], 
													"unwrapMode": 4,
													"uv": [ 14.5, 0.0 ],
													"rotationOrigin": [ 0.225, 1.5, 0.075 ],
													"rotationX": -5.0,
													"rotationZ": -25.0,
													"faces": {
														"north": { "texture": "#skin", "uv": [ 14.5, 0.5, 15.0, 2.0 ] },
														"east": { "texture": "#skin", "uv": [ 16.0, 0.5, 16.5, 2.0 ] },
														"south": { "texture": "#skin", "uv": [ 15.5, 0.5, 16.0, 2.0 ] },
														"west": { "texture": "#skin", "uv": [ 15.0, 0.5, 15.5, 2.0 ] },
														"up": { "texture": "#skin", "uv": [ 15.0, 0.0, 15.5, 0.5 ], "rotation": 90 },
														"down": { "texture": "#skin", "uv": [ 15.0, 2.0, 15.5, 2.5 ], "rotation": 90 }
													}
												}
											]
										}
									]
								}
							]
						}
					]
				}
			]
		}
	]}