{
	"editor": {
		"allAngles": true,
		"entityTextureMode": true
	},
	"textureWidth": 32,
	"textureHeight": 32,
	"textureSizes": {
		"skin": [32,32]
	},
	"textures": {
	},
	"elements": [
		{
			"name": "neck",
			"from": [ 14.21, 9.07, 6.86 ], 
			"to": [ 17.522, 11.95, 9.02 ], 
			"unwrapMode": 3,
			"unwrapRotation": 1,
			"uv": [ 21.0, 17.5 ],
			"rotationOrigin": [ 17.0908, 9.1498, 7.9424 ],
			"rotationZ": 73.0,
			"faces": {
				"north": { "texture": "#skin", "uv": [ 25.5, 19.5, 28.0, 22.5 ], "rotation": 270, "windMode": [-1,-1,-1,-1], "windData": [0,0,1,0] },
				"east": { "texture": "#skin", "uv": [ 23.0, 17.5, 25.5, 19.5 ], "rotation": 90, "windMode": [-1,-1,-1,-1], "windData": [1,0,0,1] },
				"south": { "texture": "#skin", "uv": [ 23.0, 19.5, 25.5, 22.5 ], "rotation": 90 },
				"west": { "texture": "#skin", "uv": [ 23.0, 22.5, 25.5, 24.5 ], "rotation": 90 },
				"up": { "texture": "#skin", "uv": [ 21.0, 19.5, 23.0, 22.5 ], "rotation": 90 },
				"down": { "texture": "#skin", "uv": [ 25.5, 19.5, 27.5, 22.5 ], "rotation": 270, "enabled": false, "windMode": [-1,-1,-1,-1] }
			},
			"children": [
				{
					"name": "neck2",
					"from": [ 1.008, 0.936, 0.072 ], 
					"to": [ 3.168, 5.616, 2.088 ], 
					"unwrapMode": 3,
					"uv": [ 17.0, 0.0 ],
					"rotationOrigin": [ 3.168, 2.736, 1.08 ],
					"rotationX": 1.0,
					"rotationZ": -25.0,
					"faces": {
						"north": { "texture": "#skin", "uv": [ 23.0, 2.0, 25.0, 6.5 ] },
						"east": { "texture": "#skin", "uv": [ 21.0, 2.0, 23.0, 6.5 ], "windMode": [-1,-1,-1,-1], "windData": [0,1,1,0] },
						"south": { "texture": "#skin", "uv": [ 19.0, 2.0, 21.0, 6.5 ], "windMode": [-1,-1,-1,-1], "windData": [0,0,1,1] },
						"west": { "texture": "#skin", "uv": [ 17.0, 2.0, 19.0, 6.5 ], "windMode": [-1,-1,-1,-1], "windData": [0,0,1,1] },
						"up": { "texture": "#skin", "uv": [ 19.0, 0.0, 21.0, 2.0 ], "windMode": [-1,-1,-1,-1], "windData": [1,1,1,1] },
						"down": { "texture": "#skin", "uv": [ 19.0, 6.5, 21.0, 8.5 ], "rotation": 180, "enabled": false, "windMode": [-1,-1,-1,-1] }
					},
					"children": [
						{
							"name": "head",
							"from": [ -0.36, 3.3264, -0.108 ], 
							"to": [ 2.16, 5.3424, 2.124 ], 
							"unwrapMode": 4,
							"uv": [ 10.0, 9.5 ],
							"rotationOrigin": [ 1.944, 4.5504, 1.08 ],
							"rotationY": 4.0,
							"rotationZ": -27.0,
							"faces": {
								"north": { "texture": "#skin", "uv": [ 10.0, 12.0, 12.5, 14.0 ] },
								"east": { "texture": "#skin", "uv": [ 17.0, 12.0, 19.0, 14.0 ] },
								"south": { "texture": "#skin", "uv": [ 14.5, 12.0, 17.0, 14.0 ] },
								"west": { "texture": "#skin", "uv": [ 12.5, 12.0, 14.5, 14.0 ] },
								"up": { "texture": "#skin", "uv": [ 12.5, 9.5, 14.5, 12.0 ], "rotation": 90 },
								"down": { "texture": "#skin", "uv": [ 12.5, 14.0, 14.5, 16.5 ], "rotation": 90 }
							},
							"children": [
								{
									"name": "mouth up",
									"from": [ -1.944, 0.432, 0.432 ], 
									"to": [ 0.216, 1.08, 1.872 ], 
									"unwrapMode": 5,
									"unwrapRotation": 1,
									"uv": [ 0.0, 9.0 ],
									"rotationOrigin": [ 0.216, 1.296, 1.152 ],
									"rotationZ": -10.0,
									"faces": {
										"north": { "texture": "#skin", "uv": [ 0.0, 9.0, 0.5, 11.0 ], "rotation": 270 },
										"east": { "texture": "#skin", "uv": [ 0.5, 9.0, 2.0, 9.5 ], "rotation": 180, "enabled": false },
										"south": { "texture": "#skin", "uv": [ 2.0, 9.0, 2.5, 11.0 ], "rotation": 90 },
										"west": { "texture": "#skin", "uv": [ 0.5, 11.0, 2.0, 11.5 ] },
										"up": { "texture": "#skin", "uv": [ 0.5, 9.0, 2.0, 11.0 ], "rotation": 90 },
										"down": { "texture": "#skin", "uv": [ 2.5, 9.0, 4.0, 11.0 ], "rotation": 270 }
									},
									"children": [
										{
											"name": "nose",
											"from": [ -0.072, 0.108, 0.36 ], 
											"to": [ 0.648, 0.756, 1.08 ], 
											"unwrapMode": 4,
											"uv": [ 0.0, 11.5 ],
											"rotationOrigin": [ -0.072, 0.792, 0.792 ],
											"faces": {
												"north": { "texture": "#skin", "uv": [ 0.0, 12.0, 0.5, 12.5 ], "windMode": [-1,-1,-1,-1], "windData": [1,1,1,1] },
												"east": { "texture": "#skin", "uv": [ 1.5, 12.0, 2.0, 12.5 ], "windMode": [-1,-1,-1,-1], "windData": [1,1,1,1] },
												"south": { "texture": "#skin", "uv": [ 1.0, 12.0, 1.5, 12.5 ], "windMode": [-1,-1,-1,-1], "windData": [1,1,1,1] },
												"west": { "texture": "#skin", "uv": [ 0.5, 12.0, 1.0, 12.5 ], "windMode": [-1,-1,-1,-1], "windData": [1,1,1,1] },
												"up": { "texture": "#skin", "uv": [ 0.5, 11.5, 1.0, 12.0 ], "rotation": 90, "windMode": [-1,-1,-1,-1], "windData": [1,1,1,1] },
												"down": { "texture": "#skin", "uv": [ 0.5, 12.5, 1.0, 13.0 ], "rotation": 90, "windMode": [-1,-1,-1,-1], "windData": [1,1,1,1] }
											}
										},
										{
											"name": "nose bridge",
											"from": [ 0.144, 0.0, 0.216 ], 
											"to": [ 2.232, 0.792, 1.224 ], 
											"unwrapMode": 5,
											"unwrapRotation": 1,
											"uv": [ 2.0, 11.0 ],
											"rotationOrigin": [ 0.144, 0.792, 0.576 ],
											"rotationZ": 20.0,
											"faces": {
												"north": { "texture": "#skin", "uv": [ 2.0, 11.0, 2.5, 13.0 ], "rotation": 270 },
												"east": { "texture": "#skin", "uv": [ 2.5, 11.0, 3.5, 11.5 ], "rotation": 180, "enabled": false, "windMode": [-1,-1,-1,-1], "windData": [1,1,1,1] },
												"south": { "texture": "#skin", "uv": [ 3.5, 11.0, 4.0, 13.0 ], "rotation": 90 },
												"west": { "texture": "#skin", "uv": [ 2.5, 13.0, 3.5, 13.5 ], "windMode": [-1,-1,-1,-1], "windData": [1,1,1,1] },
												"up": { "texture": "#skin", "uv": [ 2.5, 11.0, 3.5, 13.0 ], "rotation": 90 },
												"down": { "texture": "#skin", "uv": [ 4.0, 11.0, 5.0, 13.0 ], "rotation": 270, "enabled": false }
											}
										}
									]
								},
								{
									"name": "R ear",
									"from": [ 1.872, 1.08, -1.296 ], 
									"to": [ 2.232, 2.304, 0.504 ], 
									"unwrapMode": 4,
									"uv": [ 0.0, 0.0 ],
									"rotationOrigin": [ 2.016, 1.872, 0.432 ],
									"rotationX": 47.0,
									"rotationZ": 22.0,
									"faces": {
										"north": { "texture": "#skin", "uv": [ 0.0, 0.5, 0.5, 1.5 ] },
										"east": { "texture": "#skin", "uv": [ 2.5, 0.5, 4.0, 1.5 ] },
										"south": { "texture": "#skin", "uv": [ 2.0, 0.5, 2.5, 1.5 ], "windMode": [-1,-1,-1,-1], "windData": [1,1,1,1] },
										"west": { "texture": "#skin", "uv": [ 0.5, 0.5, 2.0, 1.5 ] },
										"up": { "texture": "#skin", "uv": [ 0.5, 0.0, 2.0, 0.5 ], "rotation": 90 },
										"down": { "texture": "#skin", "uv": [ 0.5, 1.5, 2.0, 2.0 ], "rotation": 90, "windMode": [-1,-1,-1,-1], "windData": [1,1,1,1] }
									}
								},
								{
									"name": "L ear",
									"from": [ 1.872, 1.08, 1.8 ], 
									"to": [ 2.232, 2.304, 3.6 ], 
									"unwrapMode": 4,
									"uv": [ 0.0, 2.0 ],
									"rotationOrigin": [ 2.016, 1.872, 1.8 ],
									"rotationX": -47.0,
									"rotationZ": 22.0,
									"faces": {
										"north": { "texture": "#skin", "uv": [ 0.0, 2.5, 0.5, 3.5 ], "windMode": [-1,-1,-1,-1], "windData": [1,1,1,1] },
										"east": { "texture": "#skin", "uv": [ 2.5, 2.5, 4.0, 3.5 ] },
										"south": { "texture": "#skin", "uv": [ 2.0, 2.5, 2.5, 3.5 ], "windMode": [-1,-1,-1,-1], "windData": [1,1,1,1] },
										"west": { "texture": "#skin", "uv": [ 0.5, 2.5, 2.0, 3.5 ] },
										"up": { "texture": "#skin", "uv": [ 0.5, 2.0, 2.0, 2.5 ], "rotation": 90 },
										"down": { "texture": "#skin", "uv": [ 0.5, 3.5, 2.0, 4.0 ], "rotation": 90 }
									}
								},
								{
									"name": "jaw",
									"from": [ -1.8144, -0.2952, 0.576 ], 
									"to": [ 1.4256, 0.4968, 1.728 ], 
									"unwrapMode": 5,
									"unwrapRotation": 1,
									"uv": [ 8.5, 9.0 ],
									"rotationOrigin": [ 0.9216, 0.4254, 1.152 ],
									"rotationZ": -15.0,
									"faces": {
										"north": { "texture": "#skin", "uv": [ 8.5, 9.0, 9.0, 12.0 ], "rotation": 270 },
										"east": { "texture": "#skin", "uv": [ 9.0, 9.0, 10.0, 9.5 ], "rotation": 180, "enabled": false },
										"south": { "texture": "#skin", "uv": [ 10.0, 9.0, 10.5, 12.0 ], "rotation": 90 },
										"west": { "texture": "#skin", "uv": [ 9.0, 12.0, 10.0, 12.5 ] },
										"up": { "texture": "#skin", "uv": [ 9.0, 9.0, 10.0, 12.0 ], "rotation": 90 },
										"down": { "texture": "#skin", "uv": [ 10.5, 9.0, 11.5, 12.0 ], "rotation": 270 }
									}
								}
							]
						}
					]
				}
			]
		}
	],
	"animations": [
		{
			"name": "Walk",
			"code": "walk",
			"quantityframes": 30,
			"onActivityStopped": "EaseOut",
			"onAnimationEnd": "Repeat",
			"keyframes": [

			]
		},

		{
			"name": "Run",
			"code": "run",
			"quantityframes": 30,
			"onActivityStopped": "EaseOut",
			"onAnimationEnd": "Repeat",
			"keyframes": [

			]
		},

		{
			"name": "Idle",
			"code": "idle",
			"quantityframes": 30,
			"onActivityStopped": "EaseOut",
			"onAnimationEnd": "Repeat",
			"keyframes": [

			]
		},

		{
			"name": "Sit",
			"code": "sit",
			"quantityframes": 30,
			"onActivityStopped": "EaseOut",
			"onAnimationEnd": "Repeat",
			"keyframes": [

			]
		},

		{
			"name": "Sleep",
			"code": "sleep",
			"quantityframes": 30,
			"onActivityStopped": "EaseOut",
			"onAnimationEnd": "Repeat",
			"keyframes": [

			]
		},

		{
			"name": "Eat",
			"code": "eat",
			"quantityframes": 50,
			"onActivityStopped": "EaseOut",
			"onAnimationEnd": "Repeat",
			"keyframes": [

			]
		},

		{
			"name": "Hurt",
			"code": "hurt",
			"quantityframes": 15,
			"onActivityStopped": "EaseOut",
			"onAnimationEnd": "EaseOut",
			"keyframes": [

			]
		},

		{
			"name": "Die",
			"code": "die",
			"quantityframes": 40,
			"onActivityStopped": "EaseOut",
			"onAnimationEnd": "Hold",
			"keyframes": [

			]
		},

		{
			"name": "Swim",
			"code": "swim",
			"quantityframes": 30,
			"onActivityStopped": "EaseOut",
			"onAnimationEnd": "EaseOut",
			"keyframes": [

			]
		},

		{
			"name": "Threat",
			"code": "threat",
			"quantityframes": 30,
			"onActivityStopped": "EaseOut",
			"onAnimationEnd": "Repeat",
			"keyframes": [

			]
		},

		{
			"name": "Charge",
			"code": "charge",
			"quantityframes": 30,
			"onActivityStopped": "EaseOut",
			"onAnimationEnd": "Repeat",
			"keyframes": [

			]
		},

		{
			"name": "Attack",
			"code": "attack",
			"quantityframes": 75,
			"onActivityStopped": "PlayTillEnd",
			"onAnimationEnd": "Stop",
			"keyframes": [

			]
		},

		{
			"name": "Maim",
			"code": "maim",
			"quantityframes": 30,
			"onActivityStopped": "EaseOut",
			"onAnimationEnd": "Repeat",
			"keyframes": [

			]
		},

		{
			"name": "Roar",
			"code": "roar",
			"quantityframes": 30,
			"onActivityStopped": "PlayTillEnd",
			"onAnimationEnd": "Stop",
			"keyframes": [

			]
		},

		{
			"name": "Stot",
			"code": "stot",
			"quantityframes": 30,
			"onActivityStopped": "EaseOut",
			"onAnimationEnd": "Repeat",
			"keyframes": [

			]
		},

		{
			"name": "Gallop",
			"code": "gallop",
			"quantityframes": 30,
			"onActivityStopped": "EaseOut",
			"onAnimationEnd": "Repeat",
			"keyframes": [

			]
		}
	]
}