{
	"editor": {
		"allAngles": true,
		"entityTextureMode": true
	},
	"textureWidth": 32,
	"textureHeight": 32,
	"textureSizes": {
		"skin": [32,32]
	},
	"textures": {
	},
	"elements": [
		{
			"name": "neck",
			"from": [ 15.22, 7.18, 6.86 ], 
			"to": [ 19.1155, 11.95, 9.245 ], 
			"unwrapMode": 3,
			"unwrapRotation": 1,
			"autoUnwrap": false,
			"uv": [ 20.0, 0.0 ],
			"rotationOrigin": [ 18.4024, 7.1817, 8.0525 ],
			"rotationZ": 63.0,
			"faces": {
						"north": { "texture": "#skin", "uv": [ 26.5, 1.5, 31.0, 5.0 ], "rotation": 270, "windMode": [-1,-1,-1,-1], "windData": [0,0,1,0] },
						"east": { "texture": "#skin", "uv": [ 22.0, 0.0, 26.5, 2.0 ], "rotation": 90, "windMode": [-1,-1,-1,-1], "windData": [1,0,0,1] },
						"south": { "texture": "#skin", "uv": [ 22.0, 2.0, 26.5, 5.5 ], "rotation": 90 },
						"west": { "texture": "#skin", "uv": [ 22.0, 5.5, 26.5, 7.5 ], "rotation": 90 },
						"up": { "texture": "#skin", "uv": [ 20.0, 2.0, 22.0, 5.5 ], "rotation": 90 },
						"down": { "texture": "#skin", "uv": [ 26.5, 2.0, 28.5, 5.5 ], "rotation": 270, "enabled": false, "windMode": [-1,-1,-1,-1] }
			},
			"children": [
				{
					"name": "neck2",
					"from": [ 0.7155, 2.067, 0.0848 ], 
					"to": [ 3.8955, 6.837, 2.3108 ], 
					"unwrapMode": 3,
					"uv": [ 22.0, 7.5 ],
					"rotationOrigin": [ 3.5775, 4.0545, 1.1925 ],
					"rotationX": -4.0,
					"rotationZ": -45.0,
					"faces": {
								"north": { "texture": "#skin", "uv": [ 29.0, 9.5, 32.0, 14.0 ] },
								"east": { "texture": "#skin", "uv": [ 27.0, 9.5, 29.0, 14.0 ] },
								"south": { "texture": "#skin", "uv": [ 24.0, 9.5, 27.0, 14.0 ] },
								"west": { "texture": "#skin", "uv": [ 22.0, 9.5, 24.0, 14.0 ] },
								"up": { "texture": "#skin", "uv": [ 24.0, 7.5, 27.0, 9.5 ] },
								"down": { "texture": "#skin", "uv": [ 24.0, 14.0, 27.0, 16.0 ], "rotation": 180, "enabled": false, "windMode": [-1,-1,-1,-1] }
					},
					"children": [
						{
							"name": "head",
							"from": [ 0.0212, 2.1836, -0.39 ], 
							"to": [ 2.8037, 5.2046, 2.3925 ], 
							"unwrapMode": 4,
							"uv": [ 10.0, 13.0 ],
							"rotationOrigin": [ 2.5705, 4.3354, 1.0805 ],
							"rotationX": -4.0,
							"rotationZ": -35.0,
							"faces": {
										"north": { "texture": "#skin", "uv": [ 10.0, 15.5, 12.5, 18.0 ] },
										"east": { "texture": "#skin", "uv": [ 17.5, 15.5, 20.0, 18.0 ] },
										"south": { "texture": "#skin", "uv": [ 15.0, 15.5, 17.5, 18.0 ] },
										"west": { "texture": "#skin", "uv": [ 12.5, 15.5, 15.0, 18.0 ] },
										"up": { "texture": "#skin", "uv": [ 12.5, 13.0, 15.0, 15.5 ], "rotation": 90 },
										"down": { "texture": "#skin", "uv": [ 12.5, 18.0, 15.0, 20.5 ], "rotation": 90 }
							},
							"children": [
								{
									"name": "mouth up",
									"from": [ -2.1465, 0.477, 0.636 ], 
									"to": [ 0.2385, 1.166, 2.226 ], 
									"unwrapMode": 5,
									"unwrapRotation": 1,
									"uv": [ 0.0, 9.0 ],
									"rotationOrigin": [ 0.2385, 1.325, 1.431 ],
									"rotationZ": 45.0,
									"faces": {
										"north": { "texture": "#skin", "uv": [ 0.0, 9.0, 0.5, 11.0 ], "rotation": 270 },
										"east": { "texture": "#skin", "uv": [ 0.5, 9.0, 2.0, 9.5 ], "rotation": 180, "enabled": false },
										"south": { "texture": "#skin", "uv": [ 2.0, 9.0, 2.5, 11.0 ], "rotation": 90 },
										"west": { "texture": "#skin", "uv": [ 0.5, 11.0, 2.0, 11.5 ] },
										"up": { "texture": "#skin", "uv": [ 0.5, 9.0, 2.0, 11.0 ], "rotation": 90 },
										"down": { "texture": "#skin", "uv": [ 2.5, 9.0, 4.0, 11.0 ], "rotation": 270 }
									},
									"children": [
										{
											"name": "nose",
											"from": [ -0.0795, 0.1166, 0.318 ], 
											"to": [ 0.7155, 0.8321, 1.272 ], 
											"unwrapMode": 4,
											"uv": [ 12.0, 11.5 ],
											"rotationOrigin": [ -0.0795, 0.8745, 0.795 ],
											"faces": {
												"north": { "texture": "#skin", "uv": [ 12.0, 12.0, 12.5, 12.5 ], "windMode": [-1,-1,-1,-1], "windData": [1,1,1,1] },
												"east": { "texture": "#skin", "uv": [ 13.5, 12.0, 14.0, 12.5 ], "windMode": [-1,-1,-1,-1], "windData": [1,1,1,1] },
												"south": { "texture": "#skin", "uv": [ 13.0, 12.0, 13.5, 12.5 ], "windMode": [-1,-1,-1,-1], "windData": [1,1,1,1] },
												"west": { "texture": "#skin", "uv": [ 12.5, 12.0, 13.0, 12.5 ], "windMode": [-1,-1,-1,-1], "windData": [1,1,1,1] },
												"up": { "texture": "#skin", "uv": [ 12.5, 11.5, 13.0, 12.0 ], "rotation": 90, "windMode": [-1,-1,-1,-1], "windData": [1,1,1,1] },
												"down": { "texture": "#skin", "uv": [ 12.5, 12.5, 13.0, 13.0 ], "rotation": 90, "windMode": [-1,-1,-1,-1], "windData": [1,1,1,1] }
											}
										},
										{
											"name": "nose bridge",
											"from": [ 0.3975, 0.0742, 0.159 ], 
											"to": [ 3.286, 0.8162, 1.431 ], 
											"unwrapMode": 5,
											"unwrapRotation": 1,
											"uv": [ 10.0, 11.5 ],
											"rotationOrigin": [ 0.3975, 0.1802, 0.5565 ],
											"rotationZ": 20.0,
											"faces": {
												"north": { "texture": "#skin", "uv": [ 10.0, 11.5, 10.5, 14.0 ], "rotation": 270 },
												"east": { "texture": "#skin", "uv": [ 10.5, 11.5, 11.5, 12.0 ], "rotation": 180, "enabled": false, "windMode": [-1,-1,-1,-1], "windData": [1,1,1,1] },
												"south": { "texture": "#skin", "uv": [ 11.5, 11.5, 12.0, 14.0 ], "rotation": 90 },
												"west": { "texture": "#skin", "uv": [ 10.5, 14.0, 11.5, 14.5 ], "enabled": false },
												"up": { "texture": "#skin", "uv": [ 10.5, 11.5, 11.5, 14.0 ], "rotation": 90 },
												"down": { "texture": "#skin", "uv": [ 12.0, 11.5, 13.0, 14.0 ], "rotation": 270, "enabled": false }
											}
										}
									]
								},
								{
									"name": "R ear",
									"from": [ 1.272, 1.9875, -1.696 ], 
									"to": [ 1.6695, 3.18, 0.2915 ], 
									"unwrapMode": 4,
									"uv": [ 0.0, 0.0 ],
									"rotationOrigin": [ 1.431, 2.544, 0.2915 ],
									"rotationX": 65.0,
									"rotationZ": 22.0,
									"faces": {
										"north": { "texture": "#skin", "uv": [ 0.0, 0.5, 0.5, 1.5 ] },
										"east": { "texture": "#skin", "uv": [ 2.5, 0.5, 4.0, 1.5 ] },
										"south": { "texture": "#skin", "uv": [ 2.0, 0.5, 2.5, 1.5 ], "windMode": [-1,-1,-1,-1], "windData": [0,0,0,0] },
										"west": { "texture": "#skin", "uv": [ 0.5, 0.5, 2.0, 1.5 ] },
										"up": { "texture": "#skin", "uv": [ 0.5, 0.0, 2.0, 0.5 ], "rotation": 90 },
										"down": { "texture": "#skin", "uv": [ 0.5, 1.5, 2.0, 2.0 ], "rotation": 90 }
									}
								},
								{
									"name": "L ear",
									"from": [ 1.272, 1.9875, 2.544 ], 
									"to": [ 1.6695, 3.18, 4.5315 ], 
									"unwrapMode": 2,
									"uv": [ 0.0, 2.0 ],
									"rotationOrigin": [ 1.431, 2.544, 2.544 ],
									"rotationX": -65.0,
									"rotationZ": 22.0,
									"faces": {
										"north": { "texture": "#skin", "uv": [ 2.0, 2.5, 2.5, 3.5 ], "windMode": [-1,-1,-1,-1] },
										"east": { "texture": "#skin", "uv": [ 0.5, 2.5, 2.0, 3.5 ] },
										"south": { "texture": "#skin", "uv": [ 0.0, 2.5, 0.5, 3.5 ], "windMode": [-1,-1,-1,-1], "windData": [1,1,1,1] },
										"west": { "texture": "#skin", "uv": [ 2.5, 2.5, 4.0, 3.5 ] },
										"up": { "texture": "#skin", "uv": [ 0.5, 2.0, 2.0, 2.5 ], "rotation": 270 },
										"down": { "texture": "#skin", "uv": [ 0.5, 3.5, 2.0, 4.0 ], "rotation": 270 }
									}
								},
								{
									"name": "jaw",
									"from": [ -1.2084, 0.0424, 0.795 ], 
									"to": [ 1.1766, 0.5724, 2.067 ], 
									"unwrapMode": 5,
									"unwrapRotation": 1,
									"uv": [ 10.0, 9.0 ],
									"rotationOrigin": [ 1.0162, 0.6254, 1.431 ],
									"rotationZ": 34.0,
									"faces": {
										"north": { "texture": "#skin", "uv": [ 10.0, 9.0, 10.5, 11.0 ], "rotation": 270 },
										"east": { "texture": "#skin", "uv": [ 10.5, 9.0, 11.5, 9.5 ], "rotation": 180, "enabled": false },
										"south": { "texture": "#skin", "uv": [ 11.5, 9.0, 12.0, 11.0 ], "rotation": 90 },
										"west": { "texture": "#skin", "uv": [ 10.5, 11.0, 11.5, 11.5 ] },
										"up": { "texture": "#skin", "uv": [ 10.5, 9.0, 11.5, 11.0 ], "rotation": 90 },
										"down": { "texture": "#skin", "uv": [ 12.0, 9.0, 13.0, 11.0 ], "rotation": 270 }
									}
								},
								{
									"name": "Horn attachment",
									"from": [ 0.0, 2.385, 1.3912 ], 
									"to": [ 0.795, 3.18, 2.1862 ], 
									"uv": [ 0.0, 0.0 ],
									"rotationOrigin": [ 0.0, 2.385, 1.3912 ],
									"faces": {
										"north": { "texture": "#skin", "uv": [ 0.0, 1.0, 0.75, 1.75 ], "enabled": false },
										"east": { "texture": "#skin", "uv": [ 1.0, 1.0, 1.75, 1.75 ], "enabled": false, "windMode": [-1,-1,-1,-1], "windData": [1,1,1,1] },
										"south": { "texture": "#skin", "uv": [ 1.0, 1.0, 1.75, 1.75 ], "enabled": false, "windMode": [-1,-1,-1,-1], "windData": [1,1,1,1] },
										"west": { "texture": "#skin", "uv": [ 1.0, 1.0, 1.75, 1.75 ], "enabled": false, "windMode": [-1,-1,-1,-1], "windData": [1,1,1,1] },
										"up": { "texture": "#skin", "uv": [ 0.0, 0.0, 0.75, 0.75 ], "enabled": false, "windMode": [-1,-1,-1,-1], "windData": [1,1,1,1] },
										"down": { "texture": "#skin", "uv": [ 1.0, 0.0, 1.75, 0.75 ], "enabled": false, "windMode": [-1,-1,-1,-1], "windData": [1,1,1,1] }
									},
									"children": [
										{
											"name": "R antler base",
											"from": [ 0.159, -0.053, -0.954 ], 
											"to": [ 0.954, 1.9345, -0.159 ], 
											"unwrapMode": 4,
											"uv": [ 13.0, 1.5 ],
											"rotationOrigin": [ 0.159, -0.053, -0.954 ],
											"rotationX": -15.0,
											"faces": {
												"north": { "texture": "#skin", "uv": [ 13.0, 2.0, 13.5, 3.5 ] },
												"east": { "texture": "#skin", "uv": [ 14.5, 2.0, 15.0, 3.5 ] },
												"south": { "texture": "#skin", "uv": [ 14.0, 2.0, 14.5, 3.5 ] },
												"west": { "texture": "#skin", "uv": [ 13.5, 2.0, 14.0, 3.5 ], "windMode": [-1,-1,-1,-1], "windData": [0,1,1,1] },
												"up": { "texture": "#skin", "uv": [ 13.5, 1.5, 14.0, 2.0 ], "rotation": 90 },
												"down": { "texture": "#skin", "uv": [ 13.5, 3.5, 14.0, 4.0 ], "rotation": 90 }
											},
											"children": [
												{
													"name": "R antler point 2",
													"from": [ 0.1026, 1.908, 0.159 ], 
													"to": [ 0.7386, 3.8955, 0.795 ], 
													"unwrapMode": 4,
													"uv": [ 11.5, 0.0 ],
													"rotationOrigin": [ 0.1325, 1.908, 0.742 ],
													"rotationX": -25.0,
													"rotationZ": -5.0,
													"faces": {
														"north": { "texture": "#skin", "uv": [ 11.5, 0.5, 12.0, 2.0 ] },
														"east": { "texture": "#skin", "uv": [ 13.0, 0.5, 13.5, 2.0 ] },
														"south": { "texture": "#skin", "uv": [ 12.5, 0.5, 13.0, 2.0 ] },
														"west": { "texture": "#skin", "uv": [ 12.0, 0.5, 12.5, 2.0 ] },
														"up": { "texture": "#skin", "uv": [ 12.0, 0.0, 12.5, 0.5 ], "rotation": 90 },
														"down": { "texture": "#skin", "uv": [ 12.0, 2.0, 12.5, 2.5 ], "rotation": 90 }
													},
													"children": [
														{
															"name": "R antler point 1",
															"from": [ 0.0, 0.795, -0.0424 ], 
															"to": [ 0.477, 1.9875, 0.4346 ], 
															"unwrapMode": 4,
															"uv": [ 15.0, 2.0 ],
															"rotationOrigin": [ 0.0047, 0.8283, 0.3816 ],
															"rotationX": 29.905,
															"rotationY": 2.498,
															"rotationZ": 60.0,
															"faces": {
																"north": { "texture": "#skin", "uv": [ 15.0, 2.5, 15.5, 3.5 ] },
																"east": { "texture": "#skin", "uv": [ 16.5, 2.5, 17.0, 3.5 ] },
																"south": { "texture": "#skin", "uv": [ 16.0, 2.5, 16.5, 3.5 ] },
																"west": { "texture": "#skin", "uv": [ 15.5, 2.5, 16.0, 3.5 ] },
																"up": { "texture": "#skin", "uv": [ 15.5, 2.0, 16.0, 2.5 ], "rotation": 90 },
																"down": { "texture": "#skin", "uv": [ 15.5, 3.5, 16.0, 4.0 ], "rotation": 90 }
															}
														},
														{
															"name": "R antler point 3",
															"from": [ 0.0742, 1.9186, 0.0742 ], 
															"to": [ 0.6042, 3.5086, 0.6042 ], 
															"unwrapMode": 4,
															"uv": [ 19.0, 19.5 ],
															"rotationOrigin": [ 0.076, 1.9193, 0.0795 ],
															"rotationX": 30.0,
															"faces": {
																"north": { "texture": "#skin", "uv": [ 19.0, 20.0, 19.5, 21.5 ] },
																"east": { "texture": "#skin", "uv": [ 20.5, 20.0, 21.0, 21.5 ] },
																"south": { "texture": "#skin", "uv": [ 20.0, 20.0, 20.5, 21.5 ] },
																"west": { "texture": "#skin", "uv": [ 19.5, 20.0, 20.0, 21.5 ] },
																"up": { "texture": "#skin", "uv": [ 19.5, 19.5, 20.0, 20.0 ], "rotation": 90 },
																"down": { "texture": "#skin", "uv": [ 19.5, 21.5, 20.0, 22.0 ], "rotation": 90 }
															},
															"children": [
																{
																	"name": "R antler point 5",
																	"from": [ 0.106, 1.59, 0.1272 ], 
																	"to": [ 0.53, 3.18, 0.5512 ], 
																	"unwrapMode": 4,
																	"uv": [ 26.5, 5.0 ],
																	"rotationOrigin": [ 0.1078, 1.5547, 0.1321 ],
																	"rotationX": 33.0,
																	"faces": {
																		"north": { "texture": "#skin", "uv": [ 26.5, 5.5, 27.0, 7.0 ] },
																		"east": { "texture": "#skin", "uv": [ 28.0, 5.5, 28.5, 7.0 ] },
																		"south": { "texture": "#skin", "uv": [ 27.5, 5.5, 28.0, 7.0 ] },
																		"west": { "texture": "#skin", "uv": [ 27.0, 5.5, 27.5, 7.0 ] },
																		"up": { "texture": "#skin", "uv": [ 27.0, 5.0, 27.5, 5.5 ], "rotation": 90 },
																		"down": { "texture": "#skin", "uv": [ 27.0, 7.0, 27.5, 7.5 ], "rotation": 90 }
																	}
																}
															]
														},
														{
															"name": "R antler point 4",
															"from": [ 0.3922, 2.9786, 0.7102 ], 
															"to": [ 0.7102, 4.0386, 1.1342 ], 
															"unwrapMode": 4,
															"uv": [ 18.5, 13.0 ],
															"rotationOrigin": [ 0.394, 2.9793, 0.7155 ],
															"rotationX": 30.0,
															"rotationZ": -69.0,
															"faces": {
																"north": { "texture": "#skin", "uv": [ 18.5, 13.5, 19.0, 14.5 ] },
																"east": { "texture": "#skin", "uv": [ 20.0, 13.5, 20.5, 14.5 ] },
																"south": { "texture": "#skin", "uv": [ 19.5, 13.5, 20.0, 14.5 ] },
																"west": { "texture": "#skin", "uv": [ 19.0, 13.5, 19.5, 14.5 ] },
																"up": { "texture": "#skin", "uv": [ 19.0, 13.0, 19.5, 13.5 ], "rotation": 90 },
																"down": { "texture": "#skin", "uv": [ 19.0, 14.5, 19.5, 15.0 ], "rotation": 90 }
															}
														}
													]
												}
											]
										},
										{
											"name": "L antler base",
											"from": [ 0.159, -0.053, 0.159 ], 
											"to": [ 0.954, 1.9345, 0.954 ], 
											"unwrapMode": 4,
											"uv": [ 10.0, 1.5 ],
											"rotationOrigin": [ 0.159, -0.053, 0.159 ],
											"rotationX": 15.0,
											"faces": {
												"north": { "texture": "#skin", "uv": [ 10.0, 2.0, 10.5, 3.5 ] },
												"east": { "texture": "#skin", "uv": [ 11.5, 2.0, 12.0, 3.5 ] },
												"south": { "texture": "#skin", "uv": [ 11.0, 2.0, 11.5, 3.5 ] },
												"west": { "texture": "#skin", "uv": [ 10.5, 2.0, 11.0, 3.5 ], "windMode": [-1,-1,-1,-1], "windData": [0,0,1,1] },
												"up": { "texture": "#skin", "uv": [ 10.5, 1.5, 11.0, 2.0 ], "rotation": 90 },
												"down": { "texture": "#skin", "uv": [ 10.5, 3.5, 11.0, 4.0 ], "rotation": 90 }
											},
											"children": [
												{
													"name": "L antler point 2",
													"from": [ 0.106, 1.908, 0.0 ], 
													"to": [ 0.742, 3.8955, 0.636 ], 
													"unwrapMode": 4,
													"uv": [ 14.5, 0.0 ],
													"rotationOrigin": [ 0.1325, 1.908, 0.0 ],
													"rotationX": 25.0,
													"rotationZ": -5.0,
													"faces": {
														"north": { "texture": "#skin", "uv": [ 14.5, 0.5, 15.0, 2.0 ] },
														"east": { "texture": "#skin", "uv": [ 16.0, 0.5, 16.5, 2.0 ] },
														"south": { "texture": "#skin", "uv": [ 15.5, 0.5, 16.0, 2.0 ] },
														"west": { "texture": "#skin", "uv": [ 15.0, 0.5, 15.5, 2.0 ] },
														"up": { "texture": "#skin", "uv": [ 15.0, 0.0, 15.5, 0.5 ], "rotation": 90 },
														"down": { "texture": "#skin", "uv": [ 15.0, 2.0, 15.5, 2.5 ], "rotation": 90 }
													},
													"children": [
														{
															"name": "L antler point 1",
															"from": [ 0.0212, 0.795, 0.2014 ], 
															"to": [ 0.4982, 1.9875, 0.6784 ], 
															"unwrapMode": 4,
															"uv": [ 17.0, 2.0 ],
															"rotationOrigin": [ 0.0227, 0.7948, 0.2065 ],
															"rotationX": -29.905,
															"rotationY": -2.498,
															"rotationZ": 60.0,
															"faces": {
																"north": { "texture": "#skin", "uv": [ 17.0, 2.5, 17.5, 3.5 ] },
																"east": { "texture": "#skin", "uv": [ 18.5, 2.5, 19.0, 3.5 ] },
																"south": { "texture": "#skin", "uv": [ 18.0, 2.5, 18.5, 3.5 ] },
																"west": { "texture": "#skin", "uv": [ 17.5, 2.5, 18.0, 3.5 ] },
																"up": { "texture": "#skin", "uv": [ 17.5, 2.0, 18.0, 2.5 ], "rotation": 90 },
																"down": { "texture": "#skin", "uv": [ 17.5, 3.5, 18.0, 4.0 ], "rotation": 90 }
															}
														},
														{
															"name": "L antler point 3",
															"from": [ 0.106, 1.8974, 0.106 ], 
															"to": [ 0.636, 3.4874, 0.636 ], 
															"unwrapMode": 4,
															"uv": [ 21.0, 19.5 ],
															"rotationOrigin": [ 0.1064, 1.8988, 0.636 ],
															"rotationX": -30.0,
															"faces": {
																"north": { "texture": "#skin", "uv": [ 21.0, 20.0, 21.5, 21.5 ] },
																"east": { "texture": "#skin", "uv": [ 22.5, 20.0, 23.0, 21.5 ] },
																"south": { "texture": "#skin", "uv": [ 22.0, 20.0, 22.5, 21.5 ] },
																"west": { "texture": "#skin", "uv": [ 21.5, 20.0, 22.0, 21.5 ] },
																"up": { "texture": "#skin", "uv": [ 21.5, 19.5, 22.0, 20.0 ], "rotation": 90 },
																"down": { "texture": "#skin", "uv": [ 21.5, 21.5, 22.0, 22.0 ], "rotation": 90 }
															},
															"children": [
																{
																	"name": "L antler point 5",
																	"from": [ 0.106, 1.59, 0.0954 ], 
																	"to": [ 0.53, 3.18, 0.5194 ], 
																	"unwrapMode": 4,
																	"uv": [ 28.5, 5.0 ],
																	"rotationOrigin": [ 0.1064, 1.5023, 0.5234 ],
																	"rotationX": -33.0,
																	"faces": {
																		"north": { "texture": "#skin", "uv": [ 28.5, 5.5, 29.0, 7.0 ] },
																		"east": { "texture": "#skin", "uv": [ 30.0, 5.5, 30.5, 7.0 ] },
																		"south": { "texture": "#skin", "uv": [ 29.5, 5.5, 30.0, 7.0 ] },
																		"west": { "texture": "#skin", "uv": [ 29.0, 5.5, 29.5, 7.0 ] },
																		"up": { "texture": "#skin", "uv": [ 29.0, 5.0, 29.5, 5.5 ], "rotation": 90 },
																		"down": { "texture": "#skin", "uv": [ 29.0, 7.0, 29.5, 7.5 ], "rotation": 90 }
																	}
																}
															]
														},
														{
															"name": "L antler point 4",
															"from": [ 0.424, 3.0634, -0.424 ], 
															"to": [ 0.742, 4.1234, 0.0 ], 
															"unwrapMode": 4,
															"uv": [ 20.0, 12.0 ],
															"rotationOrigin": [ 0.4244, 3.0648, 0.0 ],
															"rotationX": -30.0,
															"rotationZ": -69.0,
															"faces": {
																"north": { "texture": "#skin", "uv": [ 20.0, 12.5, 20.5, 13.5 ] },
																"east": { "texture": "#skin", "uv": [ 21.5, 12.5, 22.0, 13.5 ] },
																"south": { "texture": "#skin", "uv": [ 21.0, 12.5, 21.5, 13.5 ] },
																"west": { "texture": "#skin", "uv": [ 20.5, 12.5, 21.0, 13.5 ] },
																"up": { "texture": "#skin", "uv": [ 20.5, 12.0, 21.0, 12.5 ], "rotation": 90 },
																"down": { "texture": "#skin", "uv": [ 20.5, 13.5, 21.0, 14.0 ], "rotation": 90 }
															}
														}
													]
												}
											]
										}
									]
								}
							]
						}
					]
				}
			]
		}
	]}