{
	"editor": {
		"allAngles": true,
		"entityTextureMode": true
	},
	"textureWidth": 32,
	"textureHeight": 32,
	"textureSizes": {
		"skin": [32,32]
	},
	"textures": {
	},
	"elements": [
		{
			"name": "Body",
			"from": [ 5.8, 3.56, 7.14 ], 
			"to": [ 8.2, 5.16, 8.76 ], 
			"unwrapMode": 5,
			"unwrapRotation": 1,
			"uv": [ 0.0, 0.0 ],
			"rotationOrigin": [ 8.2, 4.61, 8.04 ],
			"rotationZ": 3.0,
			"faces": {
				"north": { "texture": "#skin", "uv": [ 0.0, 3.0, 3.0, 7.5 ], "rotation": 270 },
				"east": { "texture": "#skin", "uv": [ 3.0, 0.0, 6.0, 3.0 ], "rotation": 180 },
				"south": { "texture": "#skin", "uv": [ 6.0, 3.0, 9.0, 7.5 ], "rotation": 90 },
				"west": { "texture": "#skin", "uv": [ 3.0, 7.5, 6.0, 10.5 ] },
				"up": { "texture": "#skin", "uv": [ 3.0, 3.0, 6.0, 7.5 ], "rotation": 90 },
				"down": { "texture": "#skin", "uv": [ 9.0, 3.0, 12.0, 7.5 ], "rotation": 270 }
			},
			"children": [
				{
					"name": "neck",
					"from": [ -0.4, 0.98, 0.36 ], 
					"to": [ 1.07, 2.28, 1.26 ], 
					"unwrapMode": 4,
					"unwrapRotation": 1,
					"uv": [ 12.0, 0.0 ],
					"rotationOrigin": [ 0.8, 0.98, 0.81 ],
					"rotationY": 5.0,
					"rotationZ": 60.0,
					"faces": {
						"north": { "texture": "#skin", "uv": [ 14.5, 4.0, 17.0, 6.5 ], "rotation": 90, "windMode": [-1,-1,-1,-1], "windData": [0,0,1,0] },
						"east": { "texture": "#skin", "uv": [ 17.0, 2.5, 19.5, 4.0 ], "rotation": 270, "windMode": [-1,-1,-1,-1], "windData": [1,0,0,1] },
						"south": { "texture": "#skin", "uv": [ 14.5, 0.0, 17.0, 2.5 ], "rotation": 90 },
						"west": { "texture": "#skin", "uv": [ 14.5, 2.5, 17.0, 4.0 ], "rotation": 90 },
						"up": { "texture": "#skin", "uv": [ 12.0, 2.5, 14.5, 4.0 ], "rotation": 180 },
						"down": { "texture": "#skin", "uv": [ 17.0, 2.5, 19.5, 4.0 ], "rotation": 180, "enabled": false, "windMode": [-1,-1,-1,-1] }
					},
					"children": [
						{
							"name": "neck2",
							"from": [ 0.37, 0.43, 0.03 ], 
							"to": [ 1.37, 2.18, 0.87 ], 
							"unwrapMode": 4,
							"uv": [ 10.0, 14.5 ],
							"rotationOrigin": [ 1.45, 1.18, 0.45 ],
							"rotationX": 5.0,
							"rotationZ": -25.0,
							"faces": {
								"north": { "texture": "#skin", "uv": [ 10.0, 16.5, 12.0, 20.0 ] },
								"east": { "texture": "#skin", "uv": [ 15.5, 16.5, 17.0, 20.0 ] },
								"south": { "texture": "#skin", "uv": [ 13.5, 16.5, 15.5, 20.0 ] },
								"west": { "texture": "#skin", "uv": [ 12.0, 16.5, 13.5, 20.0 ] },
								"up": { "texture": "#skin", "uv": [ 12.0, 14.5, 13.5, 16.5 ], "rotation": 90 },
								"down": { "texture": "#skin", "uv": [ 12.0, 20.0, 13.5, 22.0 ], "rotation": 90, "enabled": false, "windMode": [-1,-1,-1,-1] }
							},
							"children": [
								{
									"name": "head",
									"from": [ -0.01, 0.885, -0.105 ], 
									"to": [ 1.04, 2.025, 0.945 ], 
									"unwrapMode": 4,
									"uv": [ 6.0, 7.5 ],
									"rotationOrigin": [ 0.95, 1.696, 0.45 ],
									"rotationZ": -61.0,
									"faces": {
										"north": { "texture": "#skin", "uv": [ 6.0, 9.5, 8.0, 11.5 ] },
										"east": { "texture": "#skin", "uv": [ 12.0, 9.5, 14.0, 11.5 ] },
										"south": { "texture": "#skin", "uv": [ 10.0, 9.5, 12.0, 11.5 ] },
										"west": { "texture": "#skin", "uv": [ 8.0, 9.5, 10.0, 11.5 ] },
										"up": { "texture": "#skin", "uv": [ 8.0, 7.5, 10.0, 9.5 ], "rotation": 90 },
										"down": { "texture": "#skin", "uv": [ 8.0, 11.5, 10.0, 13.5 ], "rotation": 90 }
									},
									"children": [
										{
											"name": "mouth up",
											"from": [ -0.81, 0.18, 0.24 ], 
											"to": [ 0.09, 0.57, 0.84 ], 
											"unwrapMode": 5,
											"unwrapRotation": 1,
											"uv": [ 0.0, 0.0 ],
											"rotationOrigin": [ 0.09, 0.54, 0.54 ],
											"rotationZ": 45.0,
											"faces": {
												"north": { "texture": "#skin", "uv": [ 0.0, 0.0, 0.5, 1.5 ], "rotation": 270 },
												"east": { "texture": "#skin", "uv": [ 0.5, 0.0, 1.5, 0.5 ], "rotation": 180, "enabled": false },
												"south": { "texture": "#skin", "uv": [ 1.5, 0.0, 2.0, 1.5 ], "rotation": 90 },
												"west": { "texture": "#skin", "uv": [ 0.5, 1.5, 1.5, 2.0 ] },
												"up": { "texture": "#skin", "uv": [ 0.5, 0.0, 1.5, 1.5 ], "rotation": 90 },
												"down": { "texture": "#skin", "uv": [ 2.0, 0.0, 3.0, 1.5 ], "rotation": 270 }
											},
											"children": [
												{
													"name": "nose",
													"from": [ -0.03, 0.165, 0.12 ], 
													"to": [ 0.27, 0.435, 0.48 ], 
													"unwrapMode": 4,
													"uv": [ 1.0, 1.5 ],
													"rotationOrigin": [ -0.03, 0.45, 0.3 ],
													"faces": {
														"north": { "texture": "#skin", "uv": [ 1.0, 2.0, 1.5, 2.5 ], "windMode": [-1,-1,-1,-1], "windData": [1,1,1,1] },
														"east": { "texture": "#skin", "uv": [ 2.5, 2.0, 3.0, 2.5 ], "windMode": [-1,-1,-1,-1], "windData": [1,1,1,1] },
														"south": { "texture": "#skin", "uv": [ 2.0, 2.0, 2.5, 2.5 ], "windMode": [-1,-1,-1,-1], "windData": [1,1,1,1] },
														"west": { "texture": "#skin", "uv": [ 1.5, 2.0, 2.0, 2.5 ], "windMode": [-1,-1,-1,-1], "windData": [1,1,1,1] },
														"up": { "texture": "#skin", "uv": [ 1.5, 1.5, 2.0, 2.0 ], "rotation": 90, "windMode": [-1,-1,-1,-1], "windData": [1,1,1,1] },
														"down": { "texture": "#skin", "uv": [ 1.5, 2.5, 2.0, 3.0 ], "rotation": 90, "windMode": [-1,-1,-1,-1], "windData": [1,1,1,1] }
													}
												},
												{
													"name": "nose bridge",
													"from": [ 0.15, 0.15, 0.06 ], 
													"to": [ 1.2, 0.39, 0.54 ], 
													"unwrapMode": 5,
													"unwrapRotation": 1,
													"uv": [ 6.0, 7.5 ],
													"rotationOrigin": [ 0.15, 0.15, 0.21 ],
													"rotationZ": 16.0,
													"faces": {
														"north": { "texture": "#skin", "uv": [ 6.0, 7.5, 6.5, 9.5 ], "rotation": 270 },
														"east": { "texture": "#skin", "uv": [ 6.5, 7.5, 7.0, 8.0 ], "rotation": 180, "enabled": false, "windMode": [-1,-1,-1,-1], "windData": [1,1,1,1] },
														"south": { "texture": "#skin", "uv": [ 7.0, 7.5, 7.5, 9.5 ], "rotation": 90 },
														"west": { "texture": "#skin", "uv": [ 6.5, 9.5, 7.0, 10.0 ], "enabled": false },
														"up": { "texture": "#skin", "uv": [ 6.5, 7.5, 7.0, 9.5 ], "rotation": 90 },
														"down": { "texture": "#skin", "uv": [ 7.5, 7.5, 8.0, 9.5 ], "rotation": 270, "enabled": false }
													}
												}
											]
										},
										{
											"name": "R ear",
											"from": [ 0.73, 0.75, -0.85 ], 
											"to": [ 0.88, 1.3, 0.15 ], 
											"unwrapMode": 4,
											"uv": [ 5.5, 19.0 ],
											"rotationOrigin": [ 0.79, 0.96, 0.15 ],
											"rotationX": 65.0,
											"rotationZ": 22.0,
											"faces": {
												"north": { "texture": "#skin", "uv": [ 5.5, 19.5, 6.0, 20.5 ], "windMode": [-1,-1,-1,-1] },
												"east": { "texture": "#skin", "uv": [ 8.0, 19.5, 10.0, 20.5 ], "windMode": [-1,-1,-1,-1] },
												"south": { "texture": "#skin", "uv": [ 8.0, 19.5, 8.5, 20.5 ], "enabled": false, "windMode": [-1,-1,-1,-1], "windData": [0,0,0,0] },
												"west": { "texture": "#skin", "uv": [ 6.0, 19.5, 8.0, 20.5 ], "windMode": [-1,-1,-1,-1] },
												"up": { "texture": "#skin", "uv": [ 6.0, 19.0, 8.0, 19.5 ], "rotation": 90, "windMode": [-1,-1,-1,-1] },
												"down": { "texture": "#skin", "uv": [ 6.0, 20.5, 8.0, 21.0 ], "rotation": 90, "windMode": [-1,-1,-1,-1] }
											}
										},
										{
											"name": "L ear",
											"from": [ 0.73, 0.75, 0.91 ], 
											"to": [ 0.88, 1.3, 1.91 ], 
											"unwrapMode": 4,
											"uv": [ 0.0, 19.0 ],
											"rotationOrigin": [ 0.79, 0.96, 0.91 ],
											"rotationX": -65.0,
											"rotationZ": 22.0,
											"faces": {
												"north": { "texture": "#skin", "uv": [ 0.0, 19.5, 0.5, 20.5 ], "enabled": false, "windMode": [-1,-1,-1,-1] },
												"east": { "texture": "#skin", "uv": [ 2.5, 19.5, 4.5, 20.5 ], "windMode": [-1,-1,-1,-1] },
												"south": { "texture": "#skin", "uv": [ 2.0, 19.5, 2.5, 20.5 ], "windMode": [-1,-1,-1,-1] },
												"west": { "texture": "#skin", "uv": [ 0.0, 19.5, 2.0, 20.5 ], "windMode": [-1,-1,-1,-1] },
												"up": { "texture": "#skin", "uv": [ 0.0, 19.0, 2.0, 19.5 ], "rotation": 90, "windMode": [-1,-1,-1,-1] },
												"down": { "texture": "#skin", "uv": [ 0.0, 20.5, 2.0, 21.0 ], "rotation": 90, "windMode": [-1,-1,-1,-1] }
											}
										},
										{
											"name": "jaw",
											"from": [ -0.456, -0.063, 0.3 ], 
											"to": [ 0.444, 0.237, 0.78 ], 
											"unwrapMode": 5,
											"unwrapRotation": 1,
											"uv": [ 6.0, 11.5 ],
											"rotationOrigin": [ 0.3835, 0.2373, 0.54 ],
											"rotationZ": 30.0,
											"faces": {
												"north": { "texture": "#skin", "uv": [ 6.0, 11.5, 6.5, 13.0 ], "rotation": 270 },
												"east": { "texture": "#skin", "uv": [ 6.5, 11.5, 7.0, 12.0 ], "rotation": 180, "enabled": false },
												"south": { "texture": "#skin", "uv": [ 7.0, 11.5, 7.5, 13.0 ], "rotation": 90 },
												"west": { "texture": "#skin", "uv": [ 6.5, 13.0, 7.0, 13.5 ] },
												"up": { "texture": "#skin", "uv": [ 6.5, 11.5, 7.0, 13.0 ], "rotation": 90 },
												"down": { "texture": "#skin", "uv": [ 7.5, 11.5, 8.0, 13.0 ], "rotation": 270 }
											}
										}
									]
								}
							]
						}
					]
				},
				{
					"name": "abdomen",
					"from": [ 2.22, 0.0, 0.06 ], 
					"to": [ 3.92, 1.6, 1.56 ], 
					"unwrapMode": 5,
					"unwrapRotation": 1,
					"uv": [ 0.0, 10.5 ],
					"rotationOrigin": [ 2.22, 1.05, 0.81 ],
					"rotationZ": -2.0,
					"faces": {
						"north": { "texture": "#skin", "uv": [ 0.0, 13.5, 3.0, 16.5 ], "rotation": 270 },
						"east": { "texture": "#skin", "uv": [ 3.0, 10.5, 6.0, 13.5 ], "rotation": 180 },
						"south": { "texture": "#skin", "uv": [ 6.0, 13.5, 9.0, 16.5 ], "rotation": 90 },
						"west": { "texture": "#skin", "uv": [ 3.0, 16.5, 6.0, 19.5 ] },
						"up": { "texture": "#skin", "uv": [ 3.0, 13.5, 6.0, 16.5 ], "rotation": 90 },
						"down": { "texture": "#skin", "uv": [ 9.0, 13.5, 12.0, 16.5 ], "rotation": 270 }
					},
					"children": [
						{
							"name": "L back Thigh",
							"from": [ 0.35, -0.56, 1.11 ], 
							"to": [ 1.85, 1.24, 1.71 ], 
							"unwrapMode": 2,
							"uv": [ 14.0, 17.0 ],
							"rotationOrigin": [ 0.95, 0.79, 1.41 ],
							"rotationX": 3.0,
							"rotationZ": -3.0,
							"faces": {
								"north": { "texture": "#skin", "uv": [ 18.0, 20.0, 21.0, 23.5 ] },
								"east": { "texture": "#skin", "uv": [ 17.0, 20.0, 18.0, 23.5 ] },
								"south": { "texture": "#skin", "uv": [ 14.0, 20.0, 17.0, 23.5 ] },
								"west": { "texture": "#skin", "uv": [ 21.0, 20.0, 22.0, 23.5 ] },
								"up": { "texture": "#skin", "uv": [ 17.0, 17.0, 18.0, 20.0 ], "rotation": 270, "windMode": [-1,-1,-1,-1], "windData": [0,0,1,1] },
								"down": { "texture": "#skin", "uv": [ 17.0, 23.5, 18.0, 26.5 ], "rotation": 270 }
							},
							"children": [
								{
									"name": "L back Upper Arm",
									"from": [ 0.12, -1.62, 0.06 ], 
									"to": [ 0.72, 0.33, 0.54 ], 
									"unwrapMode": 2,
									"uv": [ 17.0, 7.5 ],
									"rotationOrigin": [ 0.42, 0.33, 0.3 ],
									"rotationX": 1.0,
									"rotationZ": 61.0,
									"faces": {
										"north": { "texture": "#skin", "uv": [ 18.5, 8.5, 19.5, 12.0 ] },
										"east": { "texture": "#skin", "uv": [ 18.0, 8.5, 18.5, 12.0 ] },
										"south": { "texture": "#skin", "uv": [ 17.0, 8.5, 18.0, 12.0 ] },
										"west": { "texture": "#skin", "uv": [ 19.5, 8.5, 20.0, 12.0 ] },
										"up": { "texture": "#skin", "uv": [ 18.0, 7.5, 18.5, 8.5 ], "rotation": 270 },
										"down": { "texture": "#skin", "uv": [ 18.0, 12.0, 18.5, 13.0 ], "rotation": 270 }
									},
									"children": [
										{
											"name": "L back lower arm",
											"from": [ 0.12, -1.8, 0.06 ], 
											"to": [ 0.57, 0.3, 0.42 ], 
											"unwrapMode": 2,
											"uv": [ 15.5, 11.5 ],
											"rotationOrigin": [ 0.33, 0.3, 0.24 ],
											"rotationX": -4.0,
											"rotationZ": -63.0,
											"faces": {
												"north": { "texture": "#skin", "uv": [ 16.5, 12.0, 17.0, 16.0 ] },
												"east": { "texture": "#skin", "uv": [ 16.0, 12.0, 16.5, 16.0 ] },
												"south": { "texture": "#skin", "uv": [ 15.5, 12.0, 16.0, 16.0 ] },
												"west": { "texture": "#skin", "uv": [ 17.0, 12.0, 17.5, 16.0 ] },
												"up": { "texture": "#skin", "uv": [ 16.0, 11.5, 16.5, 12.0 ], "rotation": 270 },
												"down": { "texture": "#skin", "uv": [ 16.0, 16.0, 16.5, 16.5 ], "rotation": 270 }
											},
											"children": [
												{
													"name": "L back pastern",
													"from": [ 0.03, -0.36, 0.03 ], 
													"to": [ 0.42, 0.39, 0.33 ], 
													"unwrapMode": 4,
													"uv": [ 11.5, 11.5 ],
													"rotationOrigin": [ 0.21, 0.39, 0.18 ],
													"rotationZ": -8.0,
													"faces": {
														"north": { "texture": "#skin", "uv": [ 11.5, 12.0, 12.0, 13.5 ] },
														"east": { "texture": "#skin", "uv": [ 13.0, 12.0, 13.5, 13.5 ] },
														"south": { "texture": "#skin", "uv": [ 12.5, 12.0, 13.0, 13.5 ] },
														"west": { "texture": "#skin", "uv": [ 12.0, 12.0, 12.5, 13.5 ] },
														"up": { "texture": "#skin", "uv": [ 12.0, 11.5, 12.5, 12.0 ], "rotation": 90 },
														"down": { "texture": "#skin", "uv": [ 12.0, 13.5, 12.5, 14.0 ], "rotation": 90 }
													},
													"children": [
														{
															"name": "L origin hind hoof",
															"from": [ 0.18, 0.24, 0.18 ], 
															"to": [ 0.18, 0.24, 0.18 ], 
															"uv": [ 0.0, 0.0 ],
															"rotationOrigin": [ 0.18, 0.24, 0.18 ],
															"faces": {
																"north": { "texture": "#skin", "uv": [ 0.0, 0.5, 0.3, 0.8 ], "enabled": false },
																"east": { "texture": "#skin", "uv": [ 0.5, 0.5, 0.8, 0.8 ], "enabled": false },
																"south": { "texture": "#skin", "uv": [ 1.0, 0.5, 1.3, 0.8 ], "enabled": false },
																"west": { "texture": "#skin", "uv": [ 1.5, 0.5, 1.8, 0.8 ], "enabled": false },
																"up": { "texture": "#skin", "uv": [ 0.0, 0.0, 0.3, 0.3 ], "enabled": false },
																"down": { "texture": "#skin", "uv": [ 0.5, 0.0, 0.8, 0.3 ], "enabled": false }
															},
															"children": [
																{
																	"name": "L hind hoof 1",
																	"from": [ -0.51, -0.12, -0.165 ], 
																	"to": [ -0.09, 0.09, 0.105 ], 
																	"unwrapMode": 4,
																	"uv": [ 8.5, 1.0 ],
																	"rotationOrigin": [ -0.09, 0.03, 0.12 ],
																	"rotationZ": 60.0,
																	"faces": {
																		"north": { "texture": "#skin", "uv": [ 8.5, 1.5, 9.0, 2.0 ] },
																		"east": { "texture": "#skin", "uv": [ 10.0, 1.5, 10.5, 2.0 ] },
																		"south": { "texture": "#skin", "uv": [ 9.5, 1.5, 10.0, 2.0 ] },
																		"west": { "texture": "#skin", "uv": [ 9.0, 1.5, 9.5, 2.0 ] },
																		"up": { "texture": "#skin", "uv": [ 9.0, 1.0, 9.5, 1.5 ], "rotation": 90 },
																		"down": { "texture": "#skin", "uv": [ 9.0, 2.0, 9.5, 2.5 ], "rotation": 90 }
																	}
																},
																{
																	"name": "L hind hoof 2",
																	"from": [ -0.27, -0.27, -0.165 ], 
																	"to": [ 0.09, -0.12, 0.105 ], 
																	"unwrapMode": 4,
																	"uv": [ 10.0, 0.5 ],
																	"rotationOrigin": [ 0.06, -0.12, 0.09 ],
																	"rotationZ": 27.0,
																	"faces": {
																		"north": { "texture": "#skin", "uv": [ 10.0, 1.0, 10.5, 1.5 ] },
																		"east": { "texture": "#skin", "uv": [ 11.5, 1.0, 12.0, 1.5 ] },
																		"south": { "texture": "#skin", "uv": [ 11.0, 1.0, 11.5, 1.5 ] },
																		"west": { "texture": "#skin", "uv": [ 10.5, 1.0, 11.0, 1.5 ] },
																		"up": { "texture": "#skin", "uv": [ 10.5, 0.5, 11.0, 1.0 ], "rotation": 90 },
																		"down": { "texture": "#skin", "uv": [ 10.5, 1.5, 11.0, 2.0 ], "rotation": 90 }
																	}
																}
															]
														}
													]
												}
											]
										}
									]
								}
							]
						},
						{
							"name": "tail",
							"from": [ 1.43, 0.85, 0.57 ], 
							"to": [ 1.73, 1.45, 0.93 ], 
							"unwrapMode": 1,
							"unwrapRotation": 1,
							"uv": [ 6.0, 0.0 ],
							"rotationOrigin": [ 1.43, 1.45, 0.72 ],
							"rotationZ": 28.0,
							"faces": {
								"north": { "texture": "#skin", "uv": [ 6.5, 0.5, 7.5, 1.0 ], "rotation": 90, "windMode": [-1,-1,-1,-1], "windData": [0,1,1,0] },
								"east": { "texture": "#skin", "uv": [ 6.5, 1.0, 7.5, 1.5 ], "rotation": 90, "windMode": [-1,-1,-1,-1], "windData": [0,1,1,0] },
								"south": { "texture": "#skin", "uv": [ 8.0, 0.5, 9.0, 1.0 ], "rotation": 270 },
								"west": { "texture": "#skin", "uv": [ 6.5, 0.0, 7.5, 0.5 ], "rotation": 90, "windMode": [-1,-1,-1,-1], "windData": [0,0,1,1] },
								"up": { "texture": "#skin", "uv": [ 6.0, 0.5, 6.5, 1.0 ], "rotation": 270, "windMode": [-1,-1,-1,-1], "windData": [1,1,1,1] },
								"down": { "texture": "#skin", "uv": [ 7.5, 0.5, 8.0, 1.0 ], "rotation": 90, "windMode": [-1,-1,-1,-1] }
							},
							"children": [
								{
									"name": "tail-end",
									"from": [ 0.0, -0.18, 0.03 ], 
									"to": [ 0.3, 0.12, 0.33 ], 
									"unwrapMode": 1,
									"unwrapRotation": 1,
									"uv": [ 6.0, 1.0 ],
									"rotationOrigin": [ 0.0, 0.12, 0.03 ],
									"rotationZ": -22.0,
									"faces": {
										"north": { "texture": "#skin", "uv": [ 6.0, 1.5, 6.5, 2.0 ], "rotation": 90 },
										"east": { "texture": "#skin", "uv": [ 6.0, 2.0, 6.5, 2.5 ], "rotation": 90 },
										"south": { "texture": "#skin", "uv": [ 7.0, 1.5, 7.5, 2.0 ], "rotation": 270 },
										"west": { "texture": "#skin", "uv": [ 6.0, 1.0, 6.5, 1.5 ], "rotation": 90 },
										"up": { "texture": "#skin", "uv": [ 6.0, 1.5, 6.5, 2.0 ], "rotation": 270, "enabled": false, "windMode": [-1,-1,-1,-1] },
										"down": { "texture": "#skin", "uv": [ 6.5, 1.5, 7.0, 2.0 ], "rotation": 90 }
									}
								}
							]
						},
						{
							"name": "R back Thigh",
							"from": [ 0.35, -0.56, -0.24 ], 
							"to": [ 1.85, 1.24, 0.36 ], 
							"unwrapMode": 2,
							"uv": [ 17.0, 1.0 ],
							"rotationOrigin": [ 0.95, 0.79, 0.09 ],
							"rotationX": -3.0,
							"rotationZ": -29.0,
							"faces": {
								"north": { "texture": "#skin", "uv": [ 21.0, 4.0, 24.0, 7.5 ] },
								"east": { "texture": "#skin", "uv": [ 20.0, 4.0, 21.0, 7.5 ] },
								"south": { "texture": "#skin", "uv": [ 17.0, 4.0, 20.0, 7.5 ] },
								"west": { "texture": "#skin", "uv": [ 24.0, 4.0, 25.0, 7.5 ] },
								"up": { "texture": "#skin", "uv": [ 20.0, 1.0, 21.0, 4.0 ], "rotation": 270 },
								"down": { "texture": "#skin", "uv": [ 20.0, 7.5, 21.0, 10.5 ], "rotation": 270 }
							},
							"children": [
								{
									"name": "R back Upper Arm",
									"from": [ 0.12, -1.62, 0.06 ], 
									"to": [ 0.72, 0.33, 0.54 ], 
									"unwrapMode": 2,
									"uv": [ 14.0, 6.5 ],
									"rotationOrigin": [ 0.42, 0.33, 0.3 ],
									"rotationX": -1.0,
									"rotationZ": 73.0,
									"faces": {
										"north": { "texture": "#skin", "uv": [ 15.5, 7.5, 16.5, 11.0 ] },
										"east": { "texture": "#skin", "uv": [ 15.0, 7.5, 15.5, 11.0 ] },
										"south": { "texture": "#skin", "uv": [ 14.0, 7.5, 15.0, 11.0 ] },
										"west": { "texture": "#skin", "uv": [ 16.5, 7.5, 17.0, 11.0 ] },
										"up": { "texture": "#skin", "uv": [ 15.0, 6.5, 15.5, 7.5 ], "rotation": 270 },
										"down": { "texture": "#skin", "uv": [ 15.0, 11.0, 15.5, 12.0 ], "rotation": 270 }
									},
									"children": [
										{
											"name": "R back lower arm",
											"from": [ 0.12, -1.8, 0.06 ], 
											"to": [ 0.57, 0.3, 0.42 ], 
											"unwrapMode": 2,
											"uv": [ 13.5, 11.5 ],
											"rotationOrigin": [ 0.33, 0.3, 0.24 ],
											"rotationX": 4.0,
											"rotationZ": -63.0,
											"faces": {
												"north": { "texture": "#skin", "uv": [ 14.5, 12.0, 15.0, 16.0 ] },
												"east": { "texture": "#skin", "uv": [ 14.0, 12.0, 14.5, 16.0 ] },
												"south": { "texture": "#skin", "uv": [ 13.5, 12.0, 14.0, 16.0 ] },
												"west": { "texture": "#skin", "uv": [ 15.0, 12.0, 15.5, 16.0 ] },
												"up": { "texture": "#skin", "uv": [ 14.0, 11.5, 14.5, 12.0 ], "rotation": 270 },
												"down": { "texture": "#skin", "uv": [ 14.0, 16.0, 14.5, 16.5 ], "rotation": 270 }
											},
											"children": [
												{
													"name": "R back paw",
													"from": [ 0.03, -0.36, 0.03 ], 
													"to": [ 0.42, 0.39, 0.33 ], 
													"unwrapMode": 4,
													"uv": [ 11.5, 6.8333 ],
													"rotationOrigin": [ 0.21, 0.39, 0.18 ],
													"rotationZ": 1.0,
													"faces": {
														"north": { "texture": "#skin", "uv": [ 11.5, 7.5, 12.0, 9.0 ] },
														"east": { "texture": "#skin", "uv": [ 13.0, 7.5, 13.5, 9.0 ] },
														"south": { "texture": "#skin", "uv": [ 12.5, 7.5, 13.0, 9.0 ] },
														"west": { "texture": "#skin", "uv": [ 12.0, 7.5, 12.5, 9.0 ] },
														"up": { "texture": "#skin", "uv": [ 12.0, 7.0, 12.5, 7.5 ], "rotation": 90 },
														"down": { "texture": "#skin", "uv": [ 12.0, 9.0, 12.5, 9.5 ], "rotation": 90 }
													},
													"children": [
														{
															"name": "R origin hind hoof",
															"from": [ 0.18, 0.24, 0.18 ], 
															"to": [ 0.18, 0.24, 0.18 ], 
															"uv": [ 0.0, 0.0 ],
															"rotationOrigin": [ 0.18, 0.24, 0.18 ],
															"faces": {
																"north": { "texture": "#skin", "uv": [ 0.0, 0.5, 0.3, 0.8 ], "enabled": false },
																"east": { "texture": "#skin", "uv": [ 0.5, 0.5, 0.8, 0.8 ], "enabled": false },
																"south": { "texture": "#skin", "uv": [ 1.0, 0.5, 1.3, 0.8 ], "enabled": false },
																"west": { "texture": "#skin", "uv": [ 1.5, 0.5, 1.8, 0.8 ], "enabled": false },
																"up": { "texture": "#skin", "uv": [ 0.0, 0.0, 0.3, 0.3 ], "enabled": false },
																"down": { "texture": "#skin", "uv": [ 0.5, 0.0, 0.8, 0.3 ], "enabled": false }
															},
															"children": [
																{
																	"name": "R hind hoof 1",
																	"from": [ -0.51, -0.12, -0.165 ], 
																	"to": [ -0.09, 0.09, 0.105 ], 
																	"unwrapMode": 4,
																	"uv": [ 0.5, 11.5 ],
																	"rotationOrigin": [ -0.09, 0.03, 0.12 ],
																	"rotationZ": 60.0,
																	"faces": {
																		"north": { "texture": "#skin", "uv": [ 0.5, 12.0, 1.0, 12.5 ] },
																		"east": { "texture": "#skin", "uv": [ 2.0, 12.0, 2.5, 12.5 ] },
																		"south": { "texture": "#skin", "uv": [ 1.5, 12.0, 2.0, 12.5 ] },
																		"west": { "texture": "#skin", "uv": [ 1.0, 12.0, 1.5, 12.5 ] },
																		"up": { "texture": "#skin", "uv": [ 1.0, 11.5, 1.5, 12.0 ], "rotation": 90 },
																		"down": { "texture": "#skin", "uv": [ 1.0, 12.5, 1.5, 13.0 ], "rotation": 90 }
																	}
																},
																{
																	"name": "R hind hoof 2",
																	"from": [ -0.27, -0.27, -0.165 ], 
																	"to": [ 0.09, -0.12, 0.105 ], 
																	"unwrapMode": 4,
																	"uv": [ 7.0, 1.5 ],
																	"rotationOrigin": [ 0.06, -0.12, 0.09 ],
																	"rotationZ": 27.0,
																	"faces": {
																		"north": { "texture": "#skin", "uv": [ 7.0, 2.0, 7.5, 2.5 ] },
																		"east": { "texture": "#skin", "uv": [ 8.5, 2.0, 9.0, 2.5 ] },
																		"south": { "texture": "#skin", "uv": [ 8.0, 2.0, 8.5, 2.5 ] },
																		"west": { "texture": "#skin", "uv": [ 7.5, 2.0, 8.0, 2.5 ] },
																		"up": { "texture": "#skin", "uv": [ 7.5, 1.5, 8.0, 2.0 ], "rotation": 90 },
																		"down": { "texture": "#skin", "uv": [ 7.5, 2.5, 8.0, 3.0 ], "rotation": 90 }
																	}
																}
															]
														}
													]
												}
											]
										}
									]
								}
							]
						}
					]
				},
				{
					"name": "L front Thigh",
					"from": [ 0.24, -0.17, 1.35 ], 
					"to": [ 1.14, 1.33, 1.95 ], 
					"unwrapMode": 4,
					"uv": [ 22.0, 7.5 ],
					"rotationOrigin": [ 0.69, 0.73, 1.65 ],
					"rotationX": 3.0,
					"rotationZ": 7.0,
					"faces": {
						"north": { "texture": "#skin", "uv": [ 22.0, 9.0, 23.5, 12.0 ] },
						"east": { "texture": "#skin", "uv": [ 26.0, 9.0, 27.0, 12.0 ] },
						"south": { "texture": "#skin", "uv": [ 24.5, 9.0, 26.0, 12.0 ] },
						"west": { "texture": "#skin", "uv": [ 23.5, 9.0, 24.5, 12.0 ] },
						"up": { "texture": "#skin", "uv": [ 23.5, 7.5, 24.5, 9.0 ], "rotation": 90, "windMode": [-1,-1,-1,-1] },
						"down": { "texture": "#skin", "uv": [ 23.5, 12.0, 24.5, 13.5 ], "rotation": 90 }
					},
					"children": [
						{
							"name": "L front Upper Arm",
							"from": [ 0.15, -1.5, 0.06 ], 
							"to": [ 0.75, 0.3, 0.54 ], 
							"unwrapMode": 4,
							"uv": [ 24.0, 12.5 ],
							"rotationOrigin": [ 0.45, 0.15, 0.3 ],
							"rotationX": 1.0,
							"rotationY": 6.0,
							"rotationZ": -8.0,
							"faces": {
								"north": { "texture": "#skin", "uv": [ 24.0, 13.5, 25.0, 17.0 ] },
								"east": { "texture": "#skin", "uv": [ 26.5, 13.5, 27.0, 17.0 ] },
								"south": { "texture": "#skin", "uv": [ 25.5, 13.5, 26.5, 17.0 ] },
								"west": { "texture": "#skin", "uv": [ 25.0, 13.5, 25.5, 17.0 ] },
								"up": { "texture": "#skin", "uv": [ 25.0, 12.5, 25.5, 13.5 ], "rotation": 90 },
								"down": { "texture": "#skin", "uv": [ 25.0, 17.0, 25.5, 18.0 ], "rotation": 90 }
							},
							"children": [
								{
									"name": "L front lower arm",
									"from": [ 0.09, -1.2, 0.03 ], 
									"to": [ 0.54, 0.3, 0.39 ], 
									"unwrapMode": 4,
									"uv": [ 25.0, 17.5 ],
									"rotationOrigin": [ 0.3, 0.15, 0.21 ],
									"rotationX": -3.0,
									"rotationZ": -4.0,
									"faces": {
										"north": { "texture": "#skin", "uv": [ 25.0, 18.0, 25.5, 21.0 ] },
										"east": { "texture": "#skin", "uv": [ 26.5, 18.0, 27.0, 21.0 ] },
										"south": { "texture": "#skin", "uv": [ 26.0, 18.0, 26.5, 21.0 ] },
										"west": { "texture": "#skin", "uv": [ 25.5, 18.0, 26.0, 21.0 ] },
										"up": { "texture": "#skin", "uv": [ 25.5, 17.5, 26.0, 18.0 ], "rotation": 90 },
										"down": { "texture": "#skin", "uv": [ 25.5, 21.0, 26.0, 21.5 ], "rotation": 90 }
									},
									"children": [
										{
											"name": "L front pastern",
											"from": [ 0.06, -0.54, 0.03 ], 
											"to": [ 0.39, 0.21, 0.33 ], 
											"unwrapMode": 4,
											"uv": [ 25.5, 21.0 ],
											"rotationOrigin": [ 0.21, 0.21, 0.18 ],
											"rotationX": -1.0,
											"rotationZ": -10.0,
											"faces": {
												"north": { "texture": "#skin", "uv": [ 25.5, 21.5, 26.0, 23.0 ] },
												"east": { "texture": "#skin", "uv": [ 27.0, 21.5, 27.5, 23.0 ] },
												"south": { "texture": "#skin", "uv": [ 26.5, 21.5, 27.0, 23.0 ] },
												"west": { "texture": "#skin", "uv": [ 26.0, 21.5, 26.5, 23.0 ] },
												"up": { "texture": "#skin", "uv": [ 26.0, 21.0, 26.5, 21.5 ], "rotation": 90 },
												"down": { "texture": "#skin", "uv": [ 26.0, 23.0, 26.5, 23.5 ], "rotation": 90 }
											},
											"children": [
												{
													"name": "L origin hoof",
													"from": [ 0.18, 0.24, 0.18 ], 
													"to": [ 0.18, 0.24, 0.18 ], 
													"uv": [ 0.0, 0.0 ],
													"rotationOrigin": [ 0.18, 0.24, 0.18 ],
													"faces": {
														"north": { "texture": "#skin", "uv": [ 0.0, 0.5, 0.3, 0.8 ], "enabled": false },
														"east": { "texture": "#skin", "uv": [ 0.5, 0.5, 0.8, 0.8 ], "enabled": false },
														"south": { "texture": "#skin", "uv": [ 1.0, 0.5, 1.3, 0.8 ], "enabled": false },
														"west": { "texture": "#skin", "uv": [ 1.5, 0.5, 1.8, 0.8 ], "enabled": false },
														"up": { "texture": "#skin", "uv": [ 0.0, 0.0, 0.3, 0.3 ], "enabled": false },
														"down": { "texture": "#skin", "uv": [ 0.5, 0.0, 0.8, 0.3 ], "enabled": false }
													},
													"children": [
														{
															"name": "L front hoof 1",
															"from": [ -0.51, -0.12, -0.165 ], 
															"to": [ -0.09, 0.09, 0.105 ], 
															"unwrapMode": 4,
															"uv": [ 0.0, 10.5 ],
															"rotationOrigin": [ -0.09, 0.03, 0.12 ],
															"rotationZ": 60.0,
															"faces": {
																"north": { "texture": "#skin", "uv": [ 0.0, 11.0, 0.5, 11.5 ] },
																"east": { "texture": "#skin", "uv": [ 1.5, 11.0, 2.0, 11.5 ] },
																"south": { "texture": "#skin", "uv": [ 1.0, 11.0, 1.5, 11.5 ] },
																"west": { "texture": "#skin", "uv": [ 0.5, 11.0, 1.0, 11.5 ] },
																"up": { "texture": "#skin", "uv": [ 0.5, 10.5, 1.0, 11.0 ], "rotation": 90 },
																"down": { "texture": "#skin", "uv": [ 0.5, 11.5, 1.0, 12.0 ], "rotation": 90 }
															}
														},
														{
															"name": "L front hoof 2",
															"from": [ -0.27, -0.27, -0.165 ], 
															"to": [ 0.09, -0.12, 0.105 ], 
															"unwrapMode": 4,
															"uv": [ 1.0, 9.5 ],
															"rotationOrigin": [ 0.06, -0.12, 0.09 ],
															"rotationZ": 27.0,
															"faces": {
																"north": { "texture": "#skin", "uv": [ 1.0, 10.0, 1.5, 10.5 ] },
																"east": { "texture": "#skin", "uv": [ 2.5, 10.0, 3.0, 10.5 ] },
																"south": { "texture": "#skin", "uv": [ 2.0, 10.0, 2.5, 10.5 ] },
																"west": { "texture": "#skin", "uv": [ 1.5, 10.0, 2.0, 10.5 ] },
																"up": { "texture": "#skin", "uv": [ 1.5, 9.5, 2.0, 10.0 ], "rotation": 90 },
																"down": { "texture": "#skin", "uv": [ 1.5, 10.5, 2.0, 11.0 ], "rotation": 90 }
															}
														}
													]
												}
											]
										}
									]
								}
							]
						}
					]
				},
				{
					"name": "R front Thigh",
					"from": [ 0.24, -0.17, -0.21 ], 
					"to": [ 1.14, 1.33, 0.39 ], 
					"unwrapMode": 4,
					"uv": [ 18.5, 10.5 ],
					"rotationOrigin": [ 0.69, 0.73, 0.12 ],
					"rotationX": 8.0,
					"rotationY": -3.0,
					"rotationZ": 30.0,
					"faces": {
						"north": { "texture": "#skin", "uv": [ 18.5, 12.0, 20.0, 15.0 ] },
						"east": { "texture": "#skin", "uv": [ 22.5, 12.0, 23.5, 15.0 ] },
						"south": { "texture": "#skin", "uv": [ 21.0, 12.0, 22.5, 15.0 ] },
						"west": { "texture": "#skin", "uv": [ 20.0, 12.0, 21.0, 15.0 ] },
						"up": { "texture": "#skin", "uv": [ 20.0, 10.5, 21.0, 12.0 ], "rotation": 90 },
						"down": { "texture": "#skin", "uv": [ 20.0, 15.0, 21.0, 16.5 ], "rotation": 90 }
					},
					"children": [
						{
							"name": "R front Upper Arm",
							"from": [ 0.0, -1.5, 0.06 ], 
							"to": [ 0.6, 0.3, 0.54 ], 
							"unwrapMode": 4,
							"uv": [ 21.0, 15.5 ],
							"rotationOrigin": [ 0.3, 0.15, 0.3 ],
							"rotationX": -1.0,
							"rotationZ": -50.0,
							"faces": {
								"north": { "texture": "#skin", "uv": [ 21.0, 16.5, 22.0, 20.0 ] },
								"east": { "texture": "#skin", "uv": [ 23.5, 16.5, 24.0, 20.0 ] },
								"south": { "texture": "#skin", "uv": [ 22.5, 16.5, 23.5, 20.0 ] },
								"west": { "texture": "#skin", "uv": [ 22.0, 16.5, 22.5, 20.0 ] },
								"up": { "texture": "#skin", "uv": [ 22.0, 15.5, 22.5, 16.5 ], "rotation": 90 },
								"down": { "texture": "#skin", "uv": [ 22.0, 20.0, 22.5, 21.0 ], "rotation": 90 }
							},
							"children": [
								{
									"name": "R front lower arm",
									"from": [ 0.09, -1.4, 0.09 ], 
									"to": [ 0.54, 0.1, 0.45 ], 
									"unwrapMode": 4,
									"uv": [ 22.0, 20.5 ],
									"rotationOrigin": [ 0.3, -0.05, 0.3 ],
									"rotationZ": -4.0,
									"faces": {
										"north": { "texture": "#skin", "uv": [ 22.0, 21.0, 22.5, 24.0 ] },
										"east": { "texture": "#skin", "uv": [ 23.5, 21.0, 24.0, 24.0 ] },
										"south": { "texture": "#skin", "uv": [ 23.0, 21.0, 23.5, 24.0 ] },
										"west": { "texture": "#skin", "uv": [ 22.5, 21.0, 23.0, 24.0 ] },
										"up": { "texture": "#skin", "uv": [ 22.5, 20.5, 23.0, 21.0 ], "rotation": 90 },
										"down": { "texture": "#skin", "uv": [ 22.5, 24.0, 23.0, 24.5 ], "rotation": 90 }
									},
									"children": [
										{
											"name": "R front paw",
											"from": [ 0.06, -0.69, 0.03 ], 
											"to": [ 0.39, 0.06, 0.33 ], 
											"unwrapMode": 4,
											"uv": [ 20.5, 23.5 ],
											"rotationOrigin": [ 0.21, 0.06, 0.18 ],
											"rotationX": -6.0,
											"rotationZ": -10.0,
											"faces": {
												"north": { "texture": "#skin", "uv": [ 20.5, 24.0, 21.0, 25.5 ] },
												"east": { "texture": "#skin", "uv": [ 22.0, 24.0, 22.5, 25.5 ] },
												"south": { "texture": "#skin", "uv": [ 21.5, 24.0, 22.0, 25.5 ] },
												"west": { "texture": "#skin", "uv": [ 21.0, 24.0, 21.5, 25.5 ] },
												"up": { "texture": "#skin", "uv": [ 21.0, 23.5, 21.5, 24.0 ], "rotation": 90 },
												"down": { "texture": "#skin", "uv": [ 21.0, 25.5, 21.5, 26.0 ], "rotation": 90 }
											},
											"children": [
												{
													"name": "R origin hoof",
													"from": [ 0.18, 0.24, 0.18 ], 
													"to": [ 0.18, 0.24, 0.18 ], 
													"uv": [ 0.0, 0.0 ],
													"rotationOrigin": [ 0.18, 0.24, 0.1795 ],
													"faces": {
														"north": { "texture": "#skin", "uv": [ 0.0, 0.5, 0.3, 0.8 ], "enabled": false },
														"east": { "texture": "#skin", "uv": [ 0.5, 0.5, 0.8, 0.8 ], "enabled": false },
														"south": { "texture": "#skin", "uv": [ 1.0, 0.5, 1.3, 0.8 ], "enabled": false },
														"west": { "texture": "#skin", "uv": [ 1.5, 0.5, 1.8, 0.8 ], "enabled": false },
														"up": { "texture": "#skin", "uv": [ 0.0, 0.0, 0.3, 0.3 ], "enabled": false },
														"down": { "texture": "#skin", "uv": [ 0.5, 0.0, 0.8, 0.3 ], "enabled": false }
													},
													"children": [
														{
															"name": "R front hoof 1",
															"from": [ -0.51, -0.12, -0.165 ], 
															"to": [ -0.09, 0.09, 0.105 ], 
															"unwrapMode": 4,
															"uv": [ 0.0, 16.5 ],
															"rotationOrigin": [ -0.09, 0.03, 0.12 ],
															"rotationZ": 60.0,
															"faces": {
																"north": { "texture": "#skin", "uv": [ 0.0, 17.0, 0.5, 17.5 ] },
																"east": { "texture": "#skin", "uv": [ 1.5, 17.0, 2.0, 17.5 ] },
																"south": { "texture": "#skin", "uv": [ 1.0, 17.0, 1.5, 17.5 ] },
																"west": { "texture": "#skin", "uv": [ 0.5, 17.0, 1.0, 17.5 ] },
																"up": { "texture": "#skin", "uv": [ 0.5, 16.5, 1.0, 17.0 ], "rotation": 90 },
																"down": { "texture": "#skin", "uv": [ 0.5, 17.5, 1.0, 18.0 ], "rotation": 90 }
															}
														},
														{
															"name": "R front hoof 2",
															"from": [ -0.27, -0.27, -0.165 ], 
															"to": [ 0.09, -0.12, 0.105 ], 
															"unwrapMode": 4,
															"uv": [ 0.5, 8.5 ],
															"rotationOrigin": [ 0.06, -0.12, 0.09 ],
															"rotationZ": 27.0,
															"faces": {
																"north": { "texture": "#skin", "uv": [ 0.5, 9.0, 1.0, 9.5 ] },
																"east": { "texture": "#skin", "uv": [ 2.0, 9.0, 2.5, 9.5 ] },
																"south": { "texture": "#skin", "uv": [ 1.5, 9.0, 2.0, 9.5 ] },
																"west": { "texture": "#skin", "uv": [ 1.0, 9.0, 1.5, 9.5 ] },
																"up": { "texture": "#skin", "uv": [ 1.0, 8.5, 1.5, 9.0 ], "rotation": 90 },
																"down": { "texture": "#skin", "uv": [ 1.0, 9.5, 1.5, 10.0 ], "rotation": 90 }
															}
														}
													]
												}
											]
										}
									]
								}
							]
						}
					]
				}
			],
			"attachmentpoints": [
				{
					"code": "Center",
					"posX": "9.0","posY": "4.0","posZ": "5.0",
					"rotationX": "0.0","rotationY": "0.0","rotationZ": "0.0"
				}
			]
		}
	]}