[
  {
    "side": "Server",
    "dependsOn": [{ "modid": "combatoverhaul" }],
    "file": "spheniscidae:entities/land/spheniscidae",
    "op": "add",
    "path": "/client/behaviors/-",
    "value": {
      "code": "CombatOverhaul:EntityColliders",
      "elementsByType": {
        "*": {
          "Torso": ["Body", "Body2", "Body3"],
          "Head": ["Head", "Neck2"],
          "Arm": ["L Flipper1", "L Flipper2", "L Flipper3", "R Flipper1", "R Flipper2", "R Flipper3"],
          "Leg": ["L Lowerleg", "L ankle", "L toe1", "R Lowerleg", "R ankle", "R toe1"],
          "Critical": ["Neck"],
          "Resistant": []
        }
      }
    }
  },
  {
    "side": "Server",
    "dependsOn": [{ "modid": "combatoverhaul" }],
    "file": "spheniscidae:entities/land/spheniscidae",
    "op": "add",
    "path": "/server/behaviors/-",
    "value": {
      "code": "CombatOverhaul:EntityColliders",
      "elementsByType": {
        "*": {
          "Torso": ["Body", "Body2", "Body3"],
          "Head": ["Head", "Neck2"],
          "Arm": ["L Flipper1", "L Flipper2", "L Flipper3", "R Flipper1", "R Flipper2", "R Flipper3"],
          "Leg": ["L Lowerleg", "L ankle", "L toe1", "R Lowerleg", "R ankle", "R toe1"],
          "Critical": ["Neck"],
          "Resistant": []
        }
      }
    }
  },
  {
    "side": "Server",
    "dependsOn": [{ "modid": "combatoverhaul" }],
    "file": "spheniscidae:entities/land/spheniscidae",
    "op": "add",
    "path": "/server/behaviors/-",
    "value": {
      "code": "CombatOverhaul:EntityDamageModel",
      "damageModel": {
        "TorsoDamageMultiplier": 1,
        "LimbsDamageMultiplier": 0.75,
        "HeadDamageMultiplier": 1.5,
        "CriticalDamageMultiplier": 2,
        "DefaultResists": {"BluntAttack": 1, "SlashingAttack": 1, "PiercingAttack": 0}
      }
    }
  },
  {
    "side": "Server",
    "dependsOn": [{ "modid": "combatoverhaul" }],
    "file": "spheniscidae:entities/land/spheniscidae",
    "op": "add",
    "path": "/client/behaviors/-",
    "value": {
      "code": "CombatOverhaul:EntityDamageModel",
      "damageModel": {
        "TorsoDamageMultiplier": 1,
        "LimbsDamageMultiplier": 0.75,
        "HeadDamageMultiplier": 1.5,
        "CriticalDamageMultiplier": 2,
        "DefaultResists": {"BluntAttack": 1, "SlashingAttack": 1, "PiercingAttack": 0}
      }
    }
  }
]