{
	"editor": {
		"allAngles": true,
		"entityTextureMode": true
	},
	"textureWidth": 32,
	"textureHeight": 32,
	"textureSizes": {
		"skin": [32,32]
	},
	"textures": {
	},
	"elements": [
		{
			"name": "neck",
			"from": [ 15.41, 8.46, 7.55 ], 
			"to": [ 16.88, 9.76, 8.45 ], 
			"unwrapMode": 4,
			"unwrapRotation": 1,
			"uv": [ 12.0, 0.0 ],
			"rotationOrigin": [ 16.6059, 8.4564, 8.0 ],
			"rotationZ": 63.0,
			"faces": {
						"north": { "texture": "#skin", "uv": [ 14.5, 4.0, 17.0, 6.5 ], "rotation": 90, "windMode": [-1,-1,-1,-1], "windData": [0,0,1,0] },
						"east": { "texture": "#skin", "uv": [ 17.0, 2.5, 19.5, 4.0 ], "rotation": 270, "windMode": [-1,-1,-1,-1], "windData": [1,0,0,1] },
						"south": { "texture": "#skin", "uv": [ 14.5, 0.0, 17.0, 2.5 ], "rotation": 90 },
						"west": { "texture": "#skin", "uv": [ 14.5, 2.5, 17.0, 4.0 ], "rotation": 90 },
						"up": { "texture": "#skin", "uv": [ 12.0, 2.5, 14.5, 4.0 ], "rotation": 180 },
						"down": { "texture": "#skin", "uv": [ 17.0, 2.5, 19.5, 4.0 ], "rotation": 180, "enabled": false, "windMode": [-1,-1,-1,-1] }
			},
			"children": [
				{
					"name": "neck2",
					"from": [ 0.27, 0.28, 0.03 ], 
					"to": [ 1.27, 2.03, 0.87 ], 
					"unwrapMode": 4,
					"uv": [ 10.0, 14.5 ],
					"rotationOrigin": [ 1.35, 1.03, 0.45 ],
					"rotationZ": -45.0,
					"faces": {
						"north": { "texture": "#skin", "uv": [ 10.0, 16.5, 12.0, 20.0 ] },
						"east": { "texture": "#skin", "uv": [ 15.5, 16.5, 17.0, 20.0 ] },
						"south": { "texture": "#skin", "uv": [ 13.5, 16.5, 15.5, 20.0 ] },
						"west": { "texture": "#skin", "uv": [ 12.0, 16.5, 13.5, 20.0 ] },
						"up": { "texture": "#skin", "uv": [ 12.0, 14.5, 13.5, 16.5 ], "rotation": 90 },
						"down": { "texture": "#skin", "uv": [ 12.0, 20.0, 13.5, 22.0 ], "rotation": 90, "enabled": false, "windMode": [-1,-1,-1,-1] }
					},
					"children": [
						{
							"name": "head",
							"from": [ -0.01, 0.885, -0.105 ], 
							"to": [ 1.04, 2.025, 0.945 ], 
							"unwrapMode": 4,
							"uv": [ 6.0, 7.5 ],
							"rotationOrigin": [ 0.95, 1.696, 0.45 ],
							"rotationZ": -35.0,
							"faces": {
								"north": { "texture": "#skin", "uv": [ 6.0, 9.5, 8.0, 11.5 ] },
								"east": { "texture": "#skin", "uv": [ 12.0, 9.5, 14.0, 11.5 ] },
								"south": { "texture": "#skin", "uv": [ 10.0, 9.5, 12.0, 11.5 ] },
								"west": { "texture": "#skin", "uv": [ 8.0, 9.5, 10.0, 11.5 ] },
								"up": { "texture": "#skin", "uv": [ 8.0, 7.5, 10.0, 9.5 ], "rotation": 90 },
								"down": { "texture": "#skin", "uv": [ 8.0, 11.5, 10.0, 13.5 ], "rotation": 90 }
							},
							"children": [
								{
									"name": "mouth up",
									"from": [ -0.81, 0.18, 0.24 ], 
									"to": [ 0.09, 0.57, 0.84 ], 
									"unwrapMode": 5,
									"unwrapRotation": 1,
									"uv": [ 0.0, 0.0 ],
									"rotationOrigin": [ 0.09, 0.54, 0.54 ],
									"rotationZ": 45.0,
									"faces": {
										"north": { "texture": "#skin", "uv": [ 0.0, 0.0, 0.5, 1.5 ], "rotation": 270 },
										"east": { "texture": "#skin", "uv": [ 0.5, 0.0, 1.5, 0.5 ], "rotation": 180, "enabled": false },
										"south": { "texture": "#skin", "uv": [ 1.5, 0.0, 2.0, 1.5 ], "rotation": 90 },
										"west": { "texture": "#skin", "uv": [ 0.5, 1.5, 1.5, 2.0 ] },
										"up": { "texture": "#skin", "uv": [ 0.5, 0.0, 1.5, 1.5 ], "rotation": 90 },
										"down": { "texture": "#skin", "uv": [ 2.0, 0.0, 3.0, 1.5 ], "rotation": 270 }
									},
									"children": [
										{
											"name": "nose",
											"from": [ -0.03, 0.165, 0.12 ], 
											"to": [ 0.27, 0.435, 0.48 ], 
											"unwrapMode": 4,
											"uv": [ 1.0, 1.5 ],
											"rotationOrigin": [ -0.03, 0.45, 0.3 ],
											"faces": {
												"north": { "texture": "#skin", "uv": [ 1.0, 2.0, 1.5, 2.5 ], "windMode": [-1,-1,-1,-1], "windData": [1,1,1,1] },
												"east": { "texture": "#skin", "uv": [ 2.5, 2.0, 3.0, 2.5 ], "windMode": [-1,-1,-1,-1], "windData": [1,1,1,1] },
												"south": { "texture": "#skin", "uv": [ 2.0, 2.0, 2.5, 2.5 ], "windMode": [-1,-1,-1,-1], "windData": [1,1,1,1] },
												"west": { "texture": "#skin", "uv": [ 1.5, 2.0, 2.0, 2.5 ], "windMode": [-1,-1,-1,-1], "windData": [1,1,1,1] },
												"up": { "texture": "#skin", "uv": [ 1.5, 1.5, 2.0, 2.0 ], "rotation": 90, "windMode": [-1,-1,-1,-1], "windData": [1,1,1,1] },
												"down": { "texture": "#skin", "uv": [ 1.5, 2.5, 2.0, 3.0 ], "rotation": 90, "windMode": [-1,-1,-1,-1], "windData": [1,1,1,1] }
											}
										},
										{
											"name": "nose bridge",
											"from": [ 0.15, 0.15, 0.06 ], 
											"to": [ 1.2, 0.39, 0.54 ], 
											"unwrapMode": 5,
											"unwrapRotation": 1,
											"uv": [ 6.0, 7.5 ],
											"rotationOrigin": [ 0.15, 0.15, 0.21 ],
											"rotationZ": 16.0,
											"faces": {
												"north": { "texture": "#skin", "uv": [ 6.0, 7.5, 6.5, 9.5 ], "rotation": 270 },
												"east": { "texture": "#skin", "uv": [ 6.5, 7.5, 7.0, 8.0 ], "rotation": 180, "enabled": false, "windMode": [-1,-1,-1,-1], "windData": [1,1,1,1] },
												"south": { "texture": "#skin", "uv": [ 7.0, 7.5, 7.5, 9.5 ], "rotation": 90 },
												"west": { "texture": "#skin", "uv": [ 6.5, 9.5, 7.0, 10.0 ], "enabled": false },
												"up": { "texture": "#skin", "uv": [ 6.5, 7.5, 7.0, 9.5 ], "rotation": 90 },
												"down": { "texture": "#skin", "uv": [ 7.5, 7.5, 8.0, 9.5 ], "rotation": 270, "enabled": false }
											}
										}
									]
								},
								{
									"name": "R ear",
									"from": [ 0.73, 0.75, -0.85 ], 
									"to": [ 0.88, 1.3, 0.15 ], 
									"unwrapMode": 4,
									"uv": [ 5.5, 19.0 ],
									"rotationOrigin": [ 0.79, 0.96, 0.15 ],
									"rotationX": 65.0,
									"rotationZ": 22.0,
									"faces": {
										"north": { "texture": "#skin", "uv": [ 5.5, 19.5, 6.0, 20.5 ], "windMode": [-1,-1,-1,-1] },
										"east": { "texture": "#skin", "uv": [ 8.0, 19.5, 10.0, 20.5 ], "windMode": [-1,-1,-1,-1] },
										"south": { "texture": "#skin", "uv": [ 8.0, 19.5, 8.5, 20.5 ], "enabled": false, "windMode": [-1,-1,-1,-1], "windData": [0,0,0,0] },
										"west": { "texture": "#skin", "uv": [ 6.0, 19.5, 8.0, 20.5 ], "windMode": [-1,-1,-1,-1] },
										"up": { "texture": "#skin", "uv": [ 6.0, 19.0, 8.0, 19.5 ], "rotation": 90, "windMode": [-1,-1,-1,-1] },
										"down": { "texture": "#skin", "uv": [ 6.0, 20.5, 8.0, 21.0 ], "rotation": 90, "windMode": [-1,-1,-1,-1] }
									}
								},
								{
									"name": "L ear",
									"from": [ 0.73, 0.75, 0.91 ], 
									"to": [ 0.88, 1.3, 1.91 ], 
									"unwrapMode": 4,
									"uv": [ 0.0, 19.0 ],
									"rotationOrigin": [ 0.79, 0.96, 0.91 ],
									"rotationX": -65.0,
									"rotationZ": 22.0,
									"faces": {
										"north": { "texture": "#skin", "uv": [ 0.0, 19.5, 0.5, 20.5 ], "enabled": false, "windMode": [-1,-1,-1,-1] },
										"east": { "texture": "#skin", "uv": [ 2.5, 19.5, 4.5, 20.5 ], "windMode": [-1,-1,-1,-1] },
										"south": { "texture": "#skin", "uv": [ 2.0, 19.5, 2.5, 20.5 ], "windMode": [-1,-1,-1,-1] },
										"west": { "texture": "#skin", "uv": [ 0.0, 19.5, 2.0, 20.5 ], "windMode": [-1,-1,-1,-1] },
										"up": { "texture": "#skin", "uv": [ 0.0, 19.0, 2.0, 19.5 ], "rotation": 90, "windMode": [-1,-1,-1,-1] },
										"down": { "texture": "#skin", "uv": [ 0.0, 20.5, 2.0, 21.0 ], "rotation": 90, "windMode": [-1,-1,-1,-1] }
									}
								},
								{
									"name": "jaw",
									"from": [ -0.456, -0.063, 0.3 ], 
									"to": [ 0.444, 0.237, 0.78 ], 
									"unwrapMode": 5,
									"unwrapRotation": 1,
									"uv": [ 6.0, 11.5 ],
									"rotationOrigin": [ 0.3835, 0.2373, 0.54 ],
									"rotationZ": 30.0,
									"faces": {
										"north": { "texture": "#skin", "uv": [ 6.0, 11.5, 6.5, 13.0 ], "rotation": 270 },
										"east": { "texture": "#skin", "uv": [ 6.5, 11.5, 7.0, 12.0 ], "rotation": 180, "enabled": false },
										"south": { "texture": "#skin", "uv": [ 7.0, 11.5, 7.5, 13.0 ], "rotation": 90 },
										"west": { "texture": "#skin", "uv": [ 6.5, 13.0, 7.0, 13.5 ] },
										"up": { "texture": "#skin", "uv": [ 6.5, 11.5, 7.0, 13.0 ], "rotation": 90 },
										"down": { "texture": "#skin", "uv": [ 7.5, 11.5, 8.0, 13.0 ], "rotation": 270 }
									}
								}
							]
						}
					]
				}
			]
		}
	]}