{
	"editor": {
		"allAngles": true,
		"entityTextureMode": true
	},
	"textureWidth": 32,
	"textureHeight": 32,
	"textureSizes": {
		"skin": [32,32]
	},
	"textures": {
	},
	"elements": [
		{
			"name": "Body",
			"from": [ 6.58, 0.56, 7.28 ], 
			"to": [ 8.02, 2.16, 8.576 ], 
			"unwrapMode": 5,
			"unwrapRotation": 1,
			"uv": [ 0.0, 0.0 ],
			"rotationOrigin": [ 8.02, 1.64, 8.0 ],
			"rotationZ": 9.0,
			"faces": {
				"north": { "texture": "#skin", "uv": [ 0.0, 4.0, 4.0, 7.5 ], "rotation": 270 },
				"east": { "texture": "#skin", "uv": [ 4.0, 0.0, 7.0, 4.0 ], "rotation": 180 },
				"south": { "texture": "#skin", "uv": [ 7.0, 4.0, 11.0, 7.5 ], "rotation": 90 },
				"west": { "texture": "#skin", "uv": [ 4.0, 7.5, 7.0, 11.5 ] },
				"up": { "texture": "#skin", "uv": [ 4.0, 4.0, 7.0, 7.5 ], "rotation": 90 },
				"down": { "texture": "#skin", "uv": [ 11.0, 4.0, 14.0, 7.5 ], "rotation": 270 }
			},
			"children": [
				{
					"name": "neck",
					"from": [ -0.12, 1.216, 0.288 ], 
					"to": [ 0.984, 2.016, 1.008 ], 
					"unwrapMode": 5,
					"unwrapRotation": 1,
					"uv": [ 14.0, 1.5 ],
					"rotationOrigin": [ 0.84, 1.24, 0.648 ],
					"rotationZ": 60.0,
					"faces": {
						"north": { "texture": "#skin", "uv": [ 14.0, 3.5, 16.0, 6.0 ], "rotation": 270, "windMode": [-1,-1,-1,-1], "windData": [0,0,1,0] },
						"east": { "texture": "#skin", "uv": [ 16.0, 1.5, 17.5, 3.5 ], "rotation": 180, "windMode": [-1,-1,-1,-1], "windData": [1,0,0,1] },
						"south": { "texture": "#skin", "uv": [ 17.5, 3.5, 19.5, 6.0 ], "rotation": 90, "windMode": [-1,-1,-1,-1] },
						"west": { "texture": "#skin", "uv": [ 16.0, 6.0, 17.5, 8.0 ] },
						"up": { "texture": "#skin", "uv": [ 16.0, 3.5, 17.5, 6.0 ], "rotation": 90 },
						"down": { "texture": "#skin", "uv": [ 19.5, 3.5, 21.0, 6.0 ], "rotation": 270, "enabled": false, "windMode": [-1,-1,-1,-1] }
					},
					"children": [
						{
							"name": "neck2",
							"from": [ 0.336, 0.072, 0.024 ], 
							"to": [ 1.056, 1.512, 0.696 ], 
							"unwrapMode": 3,
							"uv": [ 19.5, 1.0 ],
							"rotationOrigin": [ 1.056, 0.672, 0.36 ],
							"rotationZ": -44.0,
							"faces": {
								"north": { "texture": "#skin", "uv": [ 24.0, 2.5, 25.5, 6.0 ] },
								"east": { "texture": "#skin", "uv": [ 22.5, 2.5, 24.0, 6.0 ], "windMode": [-1,-1,-1,-1], "windData": [0,1,1,0] },
								"south": { "texture": "#skin", "uv": [ 21.0, 2.5, 22.5, 6.0 ], "windMode": [-1,-1,-1,-1], "windData": [0,0,1,1] },
								"west": { "texture": "#skin", "uv": [ 19.5, 2.5, 21.0, 6.0 ], "windMode": [-1,-1,-1,-1], "windData": [0,0,1,1] },
								"up": { "texture": "#skin", "uv": [ 21.0, 1.0, 22.5, 2.5 ], "windMode": [-1,-1,-1,-1], "windData": [1,1,1,1] },
								"down": { "texture": "#skin", "uv": [ 21.0, 6.0, 22.5, 7.5 ], "rotation": 180, "enabled": false, "windMode": [-1,-1,-1,-1] }
							},
							"children": [
								{
									"name": "head",
									"from": [ -0.144, 1.104, -0.1 ], 
									"to": [ 0.864, 1.9104, 0.7928 ], 
									"unwrapMode": 4,
									"autoUnwrap": false,
									"uv": [ 0.0, 26.5 ],
									"rotationOrigin": [ 0.7776, 1.5962, 0.352 ],
									"rotationX": -3.0,
									"rotationY": 6.0,
									"rotationZ": -7.0,
									"faces": {
										"north": { "texture": "#skin", "uv": [ 0.0, 28.5, 2.0, 30.0 ], "autoUv": false, "windMode": [-1,-1,-1,-1] },
										"east": { "texture": "#skin", "uv": [ 5.5, 28.5, 7.0, 30.0 ], "autoUv": false, "windMode": [-1,-1,-1,-1] },
										"south": { "texture": "#skin", "uv": [ 3.5, 28.5, 5.5, 30.0 ], "autoUv": false, "windMode": [-1,-1,-1,-1] },
										"west": { "texture": "#skin", "uv": [ 2.0, 28.5, 3.5, 30.0 ], "autoUv": false, "windMode": [-1,-1,-1,-1] },
										"up": { "texture": "#skin", "uv": [ 2.0, 26.5, 3.5, 28.5 ], "rotation": 90, "autoUv": false, "windMode": [-1,-1,-1,-1] },
										"down": { "texture": "#skin", "uv": [ 2.0, 30.0, 3.5, 32.0 ], "rotation": 90, "autoUv": false, "windMode": [-1,-1,-1,-1] }
									},
									"children": [
										{
											"name": "mouth up",
											"from": [ -0.5856, 0.1728, 0.2688 ], 
											"to": [ 0.0864, 0.432, 0.6528 ], 
											"unwrapMode": 5,
											"unwrapRotation": 1,
											"uv": [ 0.0, 23.0 ],
											"rotationOrigin": [ 0.0864, 0.5184, 0.4608 ],
											"rotationZ": -10.0,
											"faces": {
												"north": { "texture": "#skin", "uv": [ 0.0, 23.0, 0.5, 24.5 ], "rotation": 270 },
												"east": { "texture": "#skin", "uv": [ 0.5, 23.0, 1.0, 23.5 ], "rotation": 180, "enabled": false },
												"south": { "texture": "#skin", "uv": [ 1.0, 23.0, 1.5, 24.5 ], "rotation": 90 },
												"west": { "texture": "#skin", "uv": [ 0.5, 24.5, 1.0, 25.0 ] },
												"up": { "texture": "#skin", "uv": [ 0.5, 23.0, 1.0, 24.5 ], "rotation": 90 },
												"down": { "texture": "#skin", "uv": [ 1.5, 23.0, 2.0, 24.5 ], "rotation": 270 }
											},
											"children": [
												{
													"name": "nose",
													"from": [ -0.0288, 0.0432, 0.048 ], 
													"to": [ 0.2592, 0.3024, 0.336 ], 
													"unwrapMode": 4,
													"uv": [ 1.5, 24.0 ],
													"rotationOrigin": [ -0.0288, 0.3168, 0.2208 ],
													"faces": {
														"north": { "texture": "#skin", "uv": [ 1.5, 24.5, 2.0, 25.0 ], "windMode": [-1,-1,-1,-1], "windData": [1,1,1,1] },
														"east": { "texture": "#skin", "uv": [ 3.0, 24.5, 3.5, 25.0 ], "windMode": [-1,-1,-1,-1], "windData": [1,1,1,1] },
														"south": { "texture": "#skin", "uv": [ 2.5, 24.5, 3.0, 25.0 ], "windMode": [-1,-1,-1,-1], "windData": [1,1,1,1] },
														"west": { "texture": "#skin", "uv": [ 2.0, 24.5, 2.5, 25.0 ], "windMode": [-1,-1,-1,-1], "windData": [1,1,1,1] },
														"up": { "texture": "#skin", "uv": [ 2.0, 24.0, 2.5, 24.5 ], "rotation": 90, "windMode": [-1,-1,-1,-1], "windData": [1,1,1,1] },
														"down": { "texture": "#skin", "uv": [ 2.0, 25.0, 2.5, 25.5 ], "rotation": 90, "windMode": [-1,-1,-1,-1], "windData": [1,1,1,1] }
													}
												},
												{
													"name": "nose bridge",
													"from": [ 0.0576, 0.0, 0.0384 ], 
													"to": [ 0.6528, 0.3168, 0.3456 ], 
													"unwrapMode": 5,
													"unwrapRotation": 1,
													"uv": [ 2.0, 23.0 ],
													"rotationOrigin": [ 0.0576, 0.3168, 0.1824 ],
													"rotationZ": 20.0,
													"faces": {
														"north": { "texture": "#skin", "uv": [ 2.0, 23.0, 2.5, 24.0 ], "rotation": 270 },
														"east": { "texture": "#skin", "uv": [ 2.5, 23.0, 3.0, 23.5 ], "rotation": 180, "enabled": false, "windMode": [-1,-1,-1,-1], "windData": [1,1,1,1] },
														"south": { "texture": "#skin", "uv": [ 3.0, 23.0, 3.5, 24.0 ], "rotation": 90 },
														"west": { "texture": "#skin", "uv": [ 2.5, 24.0, 3.0, 24.5 ], "windMode": [-1,-1,-1,-1], "windData": [1,1,1,1] },
														"up": { "texture": "#skin", "uv": [ 2.5, 23.0, 3.0, 24.0 ], "rotation": 90 },
														"down": { "texture": "#skin", "uv": [ 3.5, 23.0, 4.0, 24.0 ], "rotation": 270, "enabled": false }
													}
												}
											]
										},
										{
											"name": "R ear",
											"from": [ 0.7488, 0.432, -0.5184 ], 
											"to": [ 0.8928, 0.9216, 0.2016 ], 
											"unwrapMode": 4,
											"uv": [ 0.0, 7.5 ],
											"rotationOrigin": [ 0.8064, 0.7488, 0.1728 ],
											"rotationX": 39.0,
											"rotationZ": 22.0,
											"faces": {
												"north": { "texture": "#skin", "uv": [ 0.0, 8.0, 0.5, 9.0 ] },
												"east": { "texture": "#skin", "uv": [ 2.5, 8.0, 4.0, 9.0 ] },
												"south": { "texture": "#skin", "uv": [ 2.0, 8.0, 2.5, 9.0 ], "windMode": [-1,-1,-1,-1], "windData": [1,1,1,1] },
												"west": { "texture": "#skin", "uv": [ 0.5, 8.0, 2.0, 9.0 ] },
												"up": { "texture": "#skin", "uv": [ 0.5, 7.5, 2.0, 8.0 ], "rotation": 90 },
												"down": { "texture": "#skin", "uv": [ 0.5, 9.0, 2.0, 9.5 ], "rotation": 90, "windMode": [-1,-1,-1,-1], "windData": [1,1,1,1] }
											}
										},
										{
											"name": "L ear",
											"from": [ 0.7488, 0.432, 0.72 ], 
											"to": [ 0.8928, 0.9216, 1.44 ], 
											"unwrapMode": 4,
											"uv": [ 0.0, 9.5 ],
											"rotationOrigin": [ 0.8064, 0.7488, 0.72 ],
											"rotationX": -47.0,
											"rotationZ": 22.0,
											"faces": {
												"north": { "texture": "#skin", "uv": [ 0.0, 10.0, 0.5, 11.0 ], "windMode": [-1,-1,-1,-1], "windData": [1,1,1,1] },
												"east": { "texture": "#skin", "uv": [ 2.5, 10.0, 4.0, 11.0 ] },
												"south": { "texture": "#skin", "uv": [ 2.0, 10.0, 2.5, 11.0 ], "windMode": [-1,-1,-1,-1], "windData": [1,1,1,1] },
												"west": { "texture": "#skin", "uv": [ 0.5, 10.0, 2.0, 11.0 ] },
												"up": { "texture": "#skin", "uv": [ 0.5, 9.5, 2.0, 10.0 ], "rotation": 90 },
												"down": { "texture": "#skin", "uv": [ 0.5, 11.0, 2.0, 11.5 ], "rotation": 90 }
											}
										},
										{
											"name": "jaw",
											"from": [ -0.5328, -0.1181, 0.3264 ], 
											"to": [ 0.5712, 0.1987, 0.5952 ], 
											"unwrapMode": 5,
											"unwrapRotation": 1,
											"uv": [ 0.0, 25.0 ],
											"rotationOrigin": [ 0.3696, 0.1702, 0.4608 ],
											"rotationZ": -15.0,
											"faces": {
												"north": { "texture": "#skin", "uv": [ 0.0, 25.0, 0.5, 27.5 ], "rotation": 270 },
												"east": { "texture": "#skin", "uv": [ 0.5, 25.0, 1.0, 25.5 ], "rotation": 180, "enabled": false },
												"south": { "texture": "#skin", "uv": [ 1.0, 25.0, 1.5, 27.5 ], "rotation": 90 },
												"west": { "texture": "#skin", "uv": [ 0.5, 27.5, 1.0, 28.0 ] },
												"up": { "texture": "#skin", "uv": [ 0.5, 25.0, 1.0, 27.5 ], "rotation": 90 },
												"down": { "texture": "#skin", "uv": [ 1.5, 25.0, 2.0, 27.5 ], "rotation": 270 }
											}
										},
										{
											"name": "Horn attachment",
											"from": [ 0.0, 0.864, 0.504 ], 
											"to": [ 0.288, 1.152, 0.792 ], 
											"uv": [ 0.0, 0.0 ],
											"rotationOrigin": [ 0.0, 0.864, 0.504 ],
											"faces": {
												"north": { "texture": "#skin", "uv": [ 0.0, 1.0, 0.6, 1.6 ], "enabled": false },
												"east": { "texture": "#skin", "uv": [ 1.0, 1.0, 1.6, 1.6 ], "enabled": false, "windMode": [-1,-1,-1,-1], "windData": [1,1,1,1] },
												"south": { "texture": "#skin", "uv": [ 1.0, 1.0, 1.6, 1.6 ], "enabled": false, "windMode": [-1,-1,-1,-1], "windData": [1,1,1,1] },
												"west": { "texture": "#skin", "uv": [ 1.0, 1.0, 1.6, 1.6 ], "enabled": false, "windMode": [-1,-1,-1,-1], "windData": [1,1,1,1] },
												"up": { "texture": "#skin", "uv": [ 0.0, 0.0, 0.6, 0.6 ], "enabled": false, "windMode": [-1,-1,-1,-1], "windData": [1,1,1,1] },
												"down": { "texture": "#skin", "uv": [ 1.0, 0.0, 1.6, 0.6 ], "enabled": false, "windMode": [-1,-1,-1,-1], "windData": [1,1,1,1] }
											}
										}
									]
								}
							]
						}
					]
				},
				{
					"name": "abdomen",
					"from": [ 1.216, 0.08, 0.048 ], 
					"to": [ 3.376, 1.6, 1.248 ], 
					"unwrapMode": 5,
					"unwrapRotation": 1,
					"uv": [ 0.0, 14.5 ],
					"rotationOrigin": [ 1.216, 0.88, 0.648 ],
					"rotationZ": -18.0,
					"faces": {
						"north": { "texture": "#skin", "uv": [ 0.0, 18.0, 3.5, 23.0 ], "rotation": 270 },
						"east": { "texture": "#skin", "uv": [ 3.5, 14.5, 6.5, 18.0 ], "rotation": 180 },
						"south": { "texture": "#skin", "uv": [ 6.5, 18.0, 10.0, 23.0 ], "rotation": 90 },
						"west": { "texture": "#skin", "uv": [ 3.5, 23.0, 6.5, 26.5 ] },
						"up": { "texture": "#skin", "uv": [ 3.5, 18.0, 6.5, 23.0 ], "rotation": 90 },
						"down": { "texture": "#skin", "uv": [ 10.0, 18.0, 13.0, 23.0 ], "rotation": 270 }
					},
					"children": [
						{
							"name": "L back Thigh",
							"from": [ 1.08, -0.208, 0.888 ], 
							"to": [ 2.28, 1.232, 1.368 ], 
							"unwrapMode": 3,
							"uv": [ 16.0, 8.5 ],
							"rotationOrigin": [ 1.56, 0.872, 1.128 ],
							"rotationX": 3.0,
							"rotationZ": -72.0,
							"faces": {
								"north": { "texture": "#skin", "uv": [ 21.0, 9.5, 24.0, 13.0 ] },
								"east": { "texture": "#skin", "uv": [ 20.0, 9.5, 21.0, 13.0 ] },
								"south": { "texture": "#skin", "uv": [ 17.0, 9.5, 20.0, 13.0 ] },
								"west": { "texture": "#skin", "uv": [ 16.0, 9.5, 17.0, 13.0 ] },
								"up": { "texture": "#skin", "uv": [ 17.0, 8.5, 20.0, 9.5 ], "windMode": [-1,-1,-1,-1], "windData": [0,0,1,1] },
								"down": { "texture": "#skin", "uv": [ 17.0, 13.0, 20.0, 14.0 ], "rotation": 180 }
							},
							"children": [
								{
									"name": "L back Upper Arm",
									"from": [ 0.856, -1.536, 0.048 ], 
									"to": [ 1.336, 0.024, 0.432 ], 
									"unwrapMode": 3,
									"uv": [ 16.5, 14.5 ],
									"rotationOrigin": [ 1.096, 0.024, 0.24 ],
									"rotationX": 1.0,
									"rotationZ": 161.0,
									"faces": {
										"north": { "texture": "#skin", "uv": [ 18.5, 15.0, 19.5, 18.5 ] },
										"east": { "texture": "#skin", "uv": [ 18.0, 15.0, 18.5, 18.5 ] },
										"south": { "texture": "#skin", "uv": [ 17.0, 15.0, 18.0, 18.5 ] },
										"west": { "texture": "#skin", "uv": [ 16.5, 15.0, 17.0, 18.5 ] },
										"up": { "texture": "#skin", "uv": [ 17.0, 14.5, 18.0, 15.0 ] },
										"down": { "texture": "#skin", "uv": [ 17.0, 18.5, 18.0, 19.0 ], "rotation": 180 }
									},
									"children": [
										{
											"name": "L back lower arm",
											"from": [ 0.016, -1.6, 0.048 ], 
											"to": [ 0.376, 0.08, 0.336 ], 
											"unwrapMode": 3,
											"uv": [ 15.0, 19.5 ],
											"rotationOrigin": [ 0.184, 0.08, 0.192 ],
											"rotationX": -4.0,
											"rotationZ": -170.0,
											"faces": {
												"north": { "texture": "#skin", "uv": [ 16.5, 20.0, 17.0, 24.0 ] },
												"east": { "texture": "#skin", "uv": [ 16.0, 20.0, 16.5, 24.0 ] },
												"south": { "texture": "#skin", "uv": [ 15.5, 20.0, 16.0, 24.0 ] },
												"west": { "texture": "#skin", "uv": [ 15.0, 20.0, 15.5, 24.0 ] },
												"up": { "texture": "#skin", "uv": [ 15.5, 19.5, 16.0, 20.0 ] },
												"down": { "texture": "#skin", "uv": [ 15.5, 24.0, 16.0, 24.5 ], "rotation": 180 }
											},
											"children": [
												{
													"name": "L back pastern",
													"from": [ 0.024, -0.288, 0.024 ], 
													"to": [ 0.336, 0.312, 0.264 ], 
													"unwrapMode": 3,
													"uv": [ 6.5, 25.0 ],
													"rotationOrigin": [ 0.168, 0.312, 0.144 ],
													"faces": {
														"north": { "texture": "#skin", "uv": [ 8.0, 25.5, 8.5, 27.0 ] },
														"east": { "texture": "#skin", "uv": [ 7.5, 25.5, 8.0, 27.0 ] },
														"south": { "texture": "#skin", "uv": [ 7.0, 25.5, 7.5, 27.0 ] },
														"west": { "texture": "#skin", "uv": [ 6.5, 25.5, 7.0, 27.0 ] },
														"up": { "texture": "#skin", "uv": [ 7.0, 25.0, 7.5, 25.5 ] },
														"down": { "texture": "#skin", "uv": [ 7.0, 27.0, 7.5, 27.5 ], "rotation": 180 }
													},
													"children": [
														{
															"name": "L origin hind hoof",
															"from": [ 0.144, 0.192, 0.144 ], 
															"to": [ 0.144, 0.192, 0.144 ], 
															"uv": [ 0.0, 0.0 ],
															"rotationOrigin": [ 0.144, 0.192, 0.144 ],
															"rotationZ": 58.0,
															"faces": {
																"north": { "texture": "#skin", "uv": [ 0.0, 0.5, 0.3, 0.8 ], "enabled": false },
																"east": { "texture": "#skin", "uv": [ 0.5, 0.5, 0.8, 0.8 ], "enabled": false },
																"south": { "texture": "#skin", "uv": [ 1.0, 0.5, 1.3, 0.8 ], "enabled": false },
																"west": { "texture": "#skin", "uv": [ 1.5, 0.5, 1.8, 0.8 ], "enabled": false },
																"up": { "texture": "#skin", "uv": [ 0.0, 0.0, 0.3, 0.3 ], "enabled": false },
																"down": { "texture": "#skin", "uv": [ 0.5, 0.0, 0.8, 0.3 ], "enabled": false }
															},
															"children": [
																{
																	"name": "L hind hoof 1",
																	"from": [ -0.408, -0.096, -0.132 ], 
																	"to": [ -0.072, 0.072, 0.084 ], 
																	"unwrapMode": 4,
																	"uv": [ 7.5, 16.0 ],
																	"rotationOrigin": [ -0.072, 0.024, 0.096 ],
																	"rotationZ": 60.0,
																	"faces": {
																		"north": { "texture": "#skin", "uv": [ 7.5, 16.5, 8.0, 17.0 ] },
																		"east": { "texture": "#skin", "uv": [ 9.0, 16.5, 9.5, 17.0 ] },
																		"south": { "texture": "#skin", "uv": [ 8.5, 16.5, 9.0, 17.0 ] },
																		"west": { "texture": "#skin", "uv": [ 8.0, 16.5, 8.5, 17.0 ] },
																		"up": { "texture": "#skin", "uv": [ 8.0, 16.0, 8.5, 16.5 ], "rotation": 90 },
																		"down": { "texture": "#skin", "uv": [ 8.0, 17.0, 8.5, 17.5 ], "rotation": 90 }
																	}
																},
																{
																	"name": "L hind hoof 2",
																	"from": [ -0.216, -0.216, -0.132 ], 
																	"to": [ 0.072, -0.096, 0.084 ], 
																	"unwrapMode": 4,
																	"uv": [ 11.5, 16.0 ],
																	"rotationOrigin": [ 0.048, -0.096, 0.072 ],
																	"rotationZ": 27.0,
																	"faces": {
																		"north": { "texture": "#skin", "uv": [ 11.5, 16.5, 12.0, 17.0 ] },
																		"east": { "texture": "#skin", "uv": [ 13.0, 16.5, 13.5, 17.0 ] },
																		"south": { "texture": "#skin", "uv": [ 12.5, 16.5, 13.0, 17.0 ] },
																		"west": { "texture": "#skin", "uv": [ 12.0, 16.5, 12.5, 17.0 ] },
																		"up": { "texture": "#skin", "uv": [ 12.0, 16.0, 12.5, 16.5 ], "rotation": 90 },
																		"down": { "texture": "#skin", "uv": [ 12.0, 17.0, 12.5, 17.5 ], "rotation": 90 }
																	}
																}
															]
														}
													]
												}
											]
										}
									]
								}
							]
						},
						{
							"name": "tail",
							"from": [ 1.944, 0.92, 0.456 ], 
							"to": [ 2.184, 1.4, 0.744 ], 
							"unwrapMode": 1,
							"unwrapRotation": 1,
							"uv": [ 8.0, 0.5 ],
							"rotationOrigin": [ 1.944, 1.4, 0.576 ],
							"rotationZ": 28.0,
							"faces": {
								"north": { "texture": "#skin", "uv": [ 8.5, 1.0, 9.5, 1.5 ], "rotation": 90, "windMode": [-1,-1,-1,-1], "windData": [0,1,1,0] },
								"east": { "texture": "#skin", "uv": [ 8.5, 1.5, 9.5, 2.0 ], "rotation": 90, "windMode": [-1,-1,-1,-1], "windData": [0,1,1,0] },
								"south": { "texture": "#skin", "uv": [ 10.0, 1.0, 11.0, 1.5 ], "rotation": 270 },
								"west": { "texture": "#skin", "uv": [ 8.5, 0.5, 9.5, 1.0 ], "rotation": 90, "windMode": [-1,-1,-1,-1], "windData": [0,0,1,1] },
								"up": { "texture": "#skin", "uv": [ 8.0, 1.0, 8.5, 1.5 ], "rotation": 270, "windMode": [-1,-1,-1,-1], "windData": [1,1,1,1] },
								"down": { "texture": "#skin", "uv": [ 9.5, 1.0, 10.0, 1.5 ], "rotation": 90, "windMode": [-1,-1,-1,-1] }
							},
							"children": [
								{
									"name": "tail-end",
									"from": [ 0.0, -0.144, 0.024 ], 
									"to": [ 0.24, 0.096, 0.264 ], 
									"unwrapMode": 1,
									"unwrapRotation": 1,
									"uv": [ 11.5, 0.5 ],
									"rotationOrigin": [ 0.0, 0.096, 0.024 ],
									"rotationZ": -22.0,
									"faces": {
										"north": { "texture": "#skin", "uv": [ 11.5, 1.0, 12.0, 1.5 ], "rotation": 90 },
										"east": { "texture": "#skin", "uv": [ 11.5, 1.5, 12.0, 2.0 ], "rotation": 90 },
										"south": { "texture": "#skin", "uv": [ 12.5, 1.0, 13.0, 1.5 ], "rotation": 270 },
										"west": { "texture": "#skin", "uv": [ 11.5, 0.5, 12.0, 1.0 ], "rotation": 90 },
										"up": { "texture": "#skin", "uv": [ 11.5, 1.0, 12.0, 1.5 ], "rotation": 270, "enabled": false, "windMode": [-1,-1,-1,-1] },
										"down": { "texture": "#skin", "uv": [ 12.0, 1.0, 12.5, 1.5 ], "rotation": 90 }
									}
								}
							]
						},
						{
							"name": "R back Thigh",
							"from": [ 1.08, -0.208, -0.192 ], 
							"to": [ 2.28, 1.232, 0.288 ], 
							"unwrapMode": 3,
							"uv": [ 8.0, 8.5 ],
							"rotationOrigin": [ 1.56, 0.872, 0.072 ],
							"rotationX": -3.0,
							"rotationZ": -72.0,
							"faces": {
								"north": { "texture": "#skin", "uv": [ 13.0, 9.5, 16.0, 13.0 ] },
								"east": { "texture": "#skin", "uv": [ 12.0, 9.5, 13.0, 13.0 ] },
								"south": { "texture": "#skin", "uv": [ 9.0, 9.5, 12.0, 13.0 ] },
								"west": { "texture": "#skin", "uv": [ 8.0, 9.5, 9.0, 13.0 ] },
								"up": { "texture": "#skin", "uv": [ 9.0, 8.5, 12.0, 9.5 ] },
								"down": { "texture": "#skin", "uv": [ 9.0, 13.0, 12.0, 14.0 ], "rotation": 180 }
							},
							"children": [
								{
									"name": "R back Upper Arm",
									"from": [ 0.896, -1.536, 0.048 ], 
									"to": [ 1.376, 0.024, 0.432 ], 
									"unwrapMode": 3,
									"uv": [ 13.5, 14.5 ],
									"rotationOrigin": [ 1.136, 0.024, 0.24 ],
									"rotationX": -1.0,
									"rotationZ": 161.0,
									"faces": {
										"north": { "texture": "#skin", "uv": [ 15.5, 15.0, 16.5, 18.5 ] },
										"east": { "texture": "#skin", "uv": [ 15.0, 15.0, 15.5, 18.5 ] },
										"south": { "texture": "#skin", "uv": [ 14.0, 15.0, 15.0, 18.5 ] },
										"west": { "texture": "#skin", "uv": [ 13.5, 15.0, 14.0, 18.5 ] },
										"up": { "texture": "#skin", "uv": [ 14.0, 14.5, 15.0, 15.0 ] },
										"down": { "texture": "#skin", "uv": [ 14.0, 18.5, 15.0, 19.0 ], "rotation": 180 }
									},
									"children": [
										{
											"name": "R back lower arm",
											"from": [ 0.016, -1.56, 0.048 ], 
											"to": [ 0.376, 0.12, 0.336 ], 
											"unwrapMode": 3,
											"uv": [ 13.0, 19.5 ],
											"rotationOrigin": [ 0.184, 0.12, 0.192 ],
											"rotationX": 4.0,
											"rotationZ": -170.0,
											"faces": {
												"north": { "texture": "#skin", "uv": [ 14.5, 20.0, 15.0, 24.0 ] },
												"east": { "texture": "#skin", "uv": [ 14.0, 20.0, 14.5, 24.0 ] },
												"south": { "texture": "#skin", "uv": [ 13.5, 20.0, 14.0, 24.0 ] },
												"west": { "texture": "#skin", "uv": [ 13.0, 20.0, 13.5, 24.0 ] },
												"up": { "texture": "#skin", "uv": [ 13.5, 19.5, 14.0, 20.0 ] },
												"down": { "texture": "#skin", "uv": [ 13.5, 24.0, 14.0, 24.5 ], "rotation": 180 }
											},
											"children": [
												{
													"name": "R back paw",
													"from": [ 0.024, -0.288, 0.024 ], 
													"to": [ 0.336, 0.312, 0.264 ], 
													"unwrapMode": 3,
													"uv": [ 8.5, 24.83 ],
													"rotationOrigin": [ 0.168, 0.312, 0.144 ],
													"rotationZ": 1.0,
													"faces": {
														"north": { "texture": "#skin", "uv": [ 10.0, 25.5, 10.5, 27.0 ] },
														"east": { "texture": "#skin", "uv": [ 9.5, 25.5, 10.0, 27.0 ] },
														"south": { "texture": "#skin", "uv": [ 9.0, 25.5, 9.5, 27.0 ] },
														"west": { "texture": "#skin", "uv": [ 8.5, 25.5, 9.0, 27.0 ] },
														"up": { "texture": "#skin", "uv": [ 9.0, 25.0, 9.5, 25.5 ] },
														"down": { "texture": "#skin", "uv": [ 9.0, 27.0, 9.5, 27.5 ], "rotation": 180 }
													},
													"children": [
														{
															"name": "R origin hind hoof",
															"from": [ 0.144, 0.192, 0.144 ], 
															"to": [ 0.144, 0.192, 0.144 ], 
															"uv": [ 0.0, 0.0 ],
															"rotationOrigin": [ 0.144, 0.192, 0.144 ],
															"rotationZ": 33.0,
															"faces": {
																"north": { "texture": "#skin", "uv": [ 0.0, 0.5, 0.3, 0.8 ], "enabled": false },
																"east": { "texture": "#skin", "uv": [ 0.5, 0.5, 0.8, 0.8 ], "enabled": false },
																"south": { "texture": "#skin", "uv": [ 1.0, 0.5, 1.3, 0.8 ], "enabled": false },
																"west": { "texture": "#skin", "uv": [ 1.5, 0.5, 1.8, 0.8 ], "enabled": false },
																"up": { "texture": "#skin", "uv": [ 0.0, 0.0, 0.3, 0.3 ], "enabled": false },
																"down": { "texture": "#skin", "uv": [ 0.5, 0.0, 0.8, 0.3 ], "enabled": false }
															},
															"children": [
																{
																	"name": "R hind hoof 1",
																	"from": [ -0.408, -0.096, -0.132 ], 
																	"to": [ -0.072, 0.072, 0.084 ], 
																	"unwrapMode": 4,
																	"uv": [ 8.0, 14.0 ],
																	"rotationOrigin": [ -0.072, 0.024, 0.096 ],
																	"rotationZ": 60.0,
																	"faces": {
																		"north": { "texture": "#skin", "uv": [ 8.0, 14.5, 8.5, 15.0 ] },
																		"east": { "texture": "#skin", "uv": [ 9.5, 14.5, 10.0, 15.0 ] },
																		"south": { "texture": "#skin", "uv": [ 9.0, 14.5, 9.5, 15.0 ] },
																		"west": { "texture": "#skin", "uv": [ 8.5, 14.5, 9.0, 15.0 ] },
																		"up": { "texture": "#skin", "uv": [ 8.5, 14.0, 9.0, 14.5 ], "rotation": 90 },
																		"down": { "texture": "#skin", "uv": [ 8.5, 15.0, 9.0, 15.5 ], "rotation": 90 }
																	}
																},
																{
																	"name": "R hind hoof 2",
																	"from": [ -0.216, -0.216, -0.132 ], 
																	"to": [ 0.072, -0.096, 0.084 ], 
																	"unwrapMode": 4,
																	"uv": [ 10.5, 14.5 ],
																	"rotationOrigin": [ 0.048, -0.096, 0.072 ],
																	"rotationZ": 27.0,
																	"faces": {
																		"north": { "texture": "#skin", "uv": [ 10.5, 15.0, 11.0, 15.5 ] },
																		"east": { "texture": "#skin", "uv": [ 12.0, 15.0, 12.5, 15.5 ] },
																		"south": { "texture": "#skin", "uv": [ 11.5, 15.0, 12.0, 15.5 ] },
																		"west": { "texture": "#skin", "uv": [ 11.0, 15.0, 11.5, 15.5 ] },
																		"up": { "texture": "#skin", "uv": [ 11.0, 14.5, 11.5, 15.0 ], "rotation": 90 },
																		"down": { "texture": "#skin", "uv": [ 11.0, 15.5, 11.5, 16.0 ], "rotation": 90 }
																	}
																}
															]
														}
													]
												}
											]
										}
									]
								}
							]
						}
					]
				},
				{
					"name": "L front Thigh",
					"from": [ 0.192, 0.184, 1.08 ], 
					"to": [ 0.912, 1.384, 1.56 ], 
					"unwrapMode": 3,
					"uv": [ 19.5, 13.5 ],
					"rotationOrigin": [ 0.552, 0.904, 1.32 ],
					"rotationX": 3.0,
					"rotationZ": 7.0,
					"faces": {
						"north": { "texture": "#skin", "uv": [ 23.0, 14.5, 24.5, 17.5 ] },
						"east": { "texture": "#skin", "uv": [ 22.0, 14.5, 23.0, 17.5 ] },
						"south": { "texture": "#skin", "uv": [ 20.5, 14.5, 22.0, 17.5 ] },
						"west": { "texture": "#skin", "uv": [ 19.5, 14.5, 20.5, 17.5 ] },
						"up": { "texture": "#skin", "uv": [ 20.5, 13.5, 22.0, 14.5 ], "windMode": [-1,-1,-1,-1] },
						"down": { "texture": "#skin", "uv": [ 20.5, 17.5, 22.0, 18.5 ], "rotation": 180 }
					},
					"children": [
						{
							"name": "L front Upper Arm",
							"from": [ 0.12, -1.2, 0.048 ], 
							"to": [ 0.6, 0.24, 0.432 ], 
							"unwrapMode": 3,
							"uv": [ 17.0, 19.0 ],
							"rotationOrigin": [ 0.36, 0.12, 0.24 ],
							"rotationX": 1.0,
							"rotationZ": -83.0,
							"faces": {
								"north": { "texture": "#skin", "uv": [ 19.0, 19.5, 20.0, 23.0 ] },
								"east": { "texture": "#skin", "uv": [ 18.5, 19.5, 19.0, 23.0 ] },
								"south": { "texture": "#skin", "uv": [ 17.5, 19.5, 18.5, 23.0 ] },
								"west": { "texture": "#skin", "uv": [ 17.0, 19.5, 17.5, 23.0 ] },
								"up": { "texture": "#skin", "uv": [ 17.5, 19.0, 18.5, 19.5 ] },
								"down": { "texture": "#skin", "uv": [ 17.5, 23.0, 18.5, 23.5 ], "rotation": 180 }
							},
							"children": [
								{
									"name": "L front lower arm",
									"from": [ 0.192, -0.96, 0.024 ], 
									"to": [ 0.552, 0.24, 0.312 ], 
									"unwrapMode": 3,
									"uv": [ 16.5, 23.5 ],
									"rotationOrigin": [ 0.36, 0.12, 0.168 ],
									"rotationX": -3.0,
									"rotationZ": 155.0,
									"faces": {
										"north": { "texture": "#skin", "uv": [ 18.0, 24.0, 18.5, 27.0 ] },
										"east": { "texture": "#skin", "uv": [ 17.5, 24.0, 18.0, 27.0 ] },
										"south": { "texture": "#skin", "uv": [ 17.0, 24.0, 17.5, 27.0 ] },
										"west": { "texture": "#skin", "uv": [ 16.5, 24.0, 17.0, 27.0 ] },
										"up": { "texture": "#skin", "uv": [ 17.0, 23.5, 17.5, 24.0 ] },
										"down": { "texture": "#skin", "uv": [ 17.0, 27.0, 17.5, 27.5 ], "rotation": 180 }
									},
									"children": [
										{
											"name": "L front pastern",
											"from": [ 0.048, -0.432, 0.024 ], 
											"to": [ 0.312, 0.168, 0.264 ], 
											"unwrapMode": 3,
											"uv": [ 10.5, 25.0 ],
											"rotationOrigin": [ 0.168, 0.168, 0.144 ],
											"rotationX": -1.0,
											"rotationZ": 11.0,
											"faces": {
												"north": { "texture": "#skin", "uv": [ 12.0, 25.5, 12.5, 27.0 ] },
												"east": { "texture": "#skin", "uv": [ 11.5, 25.5, 12.0, 27.0 ] },
												"south": { "texture": "#skin", "uv": [ 11.0, 25.5, 11.5, 27.0 ] },
												"west": { "texture": "#skin", "uv": [ 10.5, 25.5, 11.0, 27.0 ] },
												"up": { "texture": "#skin", "uv": [ 11.0, 25.0, 11.5, 25.5 ] },
												"down": { "texture": "#skin", "uv": [ 11.0, 27.0, 11.5, 27.5 ], "rotation": 180 }
											},
											"children": [
												{
													"name": "L origin hoof",
													"from": [ 0.144, 0.192, 0.144 ], 
													"to": [ 0.144, 0.192, 0.144 ], 
													"uv": [ 0.0, 0.0 ],
													"rotationOrigin": [ 0.144, 0.192, 0.144 ],
													"rotationZ": 22.0,
													"faces": {
														"north": { "texture": "#skin", "uv": [ 0.0, 0.5, 0.3, 0.8 ], "enabled": false },
														"east": { "texture": "#skin", "uv": [ 0.5, 0.5, 0.8, 0.8 ], "enabled": false },
														"south": { "texture": "#skin", "uv": [ 1.0, 0.5, 1.3, 0.8 ], "enabled": false },
														"west": { "texture": "#skin", "uv": [ 1.5, 0.5, 1.8, 0.8 ], "enabled": false },
														"up": { "texture": "#skin", "uv": [ 0.0, 0.0, 0.3, 0.3 ], "enabled": false },
														"down": { "texture": "#skin", "uv": [ 0.5, 0.0, 0.8, 0.3 ], "enabled": false }
													},
													"children": [
														{
															"name": "L front hoof 1",
															"from": [ -0.408, -0.096, -0.132 ], 
															"to": [ -0.072, 0.072, 0.084 ], 
															"unwrapMode": 4,
															"uv": [ 7.0, 12.5 ],
															"rotationOrigin": [ -0.072, 0.024, 0.096 ],
															"rotationZ": 60.0,
															"faces": {
																"north": { "texture": "#skin", "uv": [ 7.0, 13.0, 7.5, 13.5 ] },
																"east": { "texture": "#skin", "uv": [ 8.5, 13.0, 9.0, 13.5 ] },
																"south": { "texture": "#skin", "uv": [ 8.0, 13.0, 8.5, 13.5 ] },
																"west": { "texture": "#skin", "uv": [ 7.5, 13.0, 8.0, 13.5 ] },
																"up": { "texture": "#skin", "uv": [ 7.5, 12.5, 8.0, 13.0 ], "rotation": 90 },
																"down": { "texture": "#skin", "uv": [ 7.5, 13.5, 8.0, 14.0 ], "rotation": 90 }
															}
														},
														{
															"name": "L front hoof 2",
															"from": [ -0.216, -0.216, -0.132 ], 
															"to": [ 0.072, -0.096, 0.084 ], 
															"unwrapMode": 4,
															"uv": [ 4.5, 12.5 ],
															"rotationOrigin": [ 0.048, -0.096, 0.072 ],
															"rotationZ": 27.0,
															"faces": {
																"north": { "texture": "#skin", "uv": [ 4.5, 13.0, 5.0, 13.5 ] },
																"east": { "texture": "#skin", "uv": [ 6.0, 13.0, 6.5, 13.5 ] },
																"south": { "texture": "#skin", "uv": [ 5.5, 13.0, 6.0, 13.5 ] },
																"west": { "texture": "#skin", "uv": [ 5.0, 13.0, 5.5, 13.5 ] },
																"up": { "texture": "#skin", "uv": [ 5.0, 12.5, 5.5, 13.0 ], "rotation": 90 },
																"down": { "texture": "#skin", "uv": [ 5.0, 13.5, 5.5, 14.0 ], "rotation": 90 }
															}
														}
													]
												}
											]
										}
									]
								}
							]
						}
					]
				},
				{
					"name": "R front Thigh",
					"from": [ 0.192, 0.184, -0.168 ], 
					"to": [ 0.912, 1.384, 0.312 ], 
					"unwrapMode": 3,
					"uv": [ 24.5, 13.5 ],
					"rotationOrigin": [ 0.552, 0.904, 0.096 ],
					"rotationX": -3.0,
					"rotationZ": 7.0,
					"faces": {
						"north": { "texture": "#skin", "uv": [ 28.0, 14.5, 29.5, 17.5 ] },
						"east": { "texture": "#skin", "uv": [ 27.0, 14.5, 28.0, 17.5 ] },
						"south": { "texture": "#skin", "uv": [ 25.5, 14.5, 27.0, 17.5 ] },
						"west": { "texture": "#skin", "uv": [ 24.5, 14.5, 25.5, 17.5 ] },
						"up": { "texture": "#skin", "uv": [ 25.5, 13.5, 27.0, 14.5 ] },
						"down": { "texture": "#skin", "uv": [ 25.5, 17.5, 27.0, 18.5 ], "rotation": 180 }
					},
					"children": [
						{
							"name": "R front Upper Arm",
							"from": [ 0.12, -1.2, 0.048 ], 
							"to": [ 0.6, 0.24, 0.432 ], 
							"unwrapMode": 3,
							"uv": [ 20.0, 19.0 ],
							"rotationOrigin": [ 0.36, 0.12, 0.24 ],
							"rotationX": -1.0,
							"rotationZ": -80.0,
							"faces": {
								"north": { "texture": "#skin", "uv": [ 22.0, 19.5, 23.0, 23.0 ] },
								"east": { "texture": "#skin", "uv": [ 21.5, 19.5, 22.0, 23.0 ] },
								"south": { "texture": "#skin", "uv": [ 20.5, 19.5, 21.5, 23.0 ] },
								"west": { "texture": "#skin", "uv": [ 20.0, 19.5, 20.5, 23.0 ] },
								"up": { "texture": "#skin", "uv": [ 20.5, 19.0, 21.5, 19.5 ] },
								"down": { "texture": "#skin", "uv": [ 20.5, 23.0, 21.5, 23.5 ], "rotation": 180 }
							},
							"children": [
								{
									"name": "R front lower arm",
									"from": [ 0.112, -0.96, 0.072 ], 
									"to": [ 0.472, 0.24, 0.36 ], 
									"unwrapMode": 3,
									"uv": [ 18.5, 23.5 ],
									"rotationOrigin": [ 0.28, 0.12, 0.24 ],
									"rotationX": 3.0,
									"rotationZ": 152.0,
									"faces": {
										"north": { "texture": "#skin", "uv": [ 20.0, 24.0, 20.5, 27.0 ] },
										"east": { "texture": "#skin", "uv": [ 19.5, 24.0, 20.0, 27.0 ] },
										"south": { "texture": "#skin", "uv": [ 19.0, 24.0, 19.5, 27.0 ] },
										"west": { "texture": "#skin", "uv": [ 18.5, 24.0, 19.0, 27.0 ] },
										"up": { "texture": "#skin", "uv": [ 19.0, 23.5, 19.5, 24.0 ] },
										"down": { "texture": "#skin", "uv": [ 19.0, 27.0, 19.5, 27.5 ], "rotation": 180 }
									},
									"children": [
										{
											"name": "R front paw",
											"from": [ 0.048, -0.432, 0.024 ], 
											"to": [ 0.312, 0.168, 0.264 ], 
											"unwrapMode": 3,
											"uv": [ 12.5, 25.0 ],
											"rotationOrigin": [ 0.168, 0.168, 0.144 ],
											"rotationX": -1.0,
											"rotationZ": 11.0,
											"faces": {
												"north": { "texture": "#skin", "uv": [ 14.0, 25.5, 14.5, 27.0 ] },
												"east": { "texture": "#skin", "uv": [ 13.5, 25.5, 14.0, 27.0 ] },
												"south": { "texture": "#skin", "uv": [ 13.0, 25.5, 13.5, 27.0 ] },
												"west": { "texture": "#skin", "uv": [ 12.5, 25.5, 13.0, 27.0 ] },
												"up": { "texture": "#skin", "uv": [ 13.0, 25.0, 13.5, 25.5 ] },
												"down": { "texture": "#skin", "uv": [ 13.0, 27.0, 13.5, 27.5 ], "rotation": 180 }
											},
											"children": [
												{
													"name": "R origin hoof",
													"from": [ 0.144, 0.192, 0.144 ], 
													"to": [ 0.144, 0.192, 0.144 ], 
													"uv": [ 0.0, 0.0 ],
													"rotationOrigin": [ 0.144, 0.192, 0.1436 ],
													"rotationZ": 25.0,
													"faces": {
														"north": { "texture": "#skin", "uv": [ 0.0, 0.5, 0.3, 0.8 ], "enabled": false },
														"east": { "texture": "#skin", "uv": [ 0.5, 0.5, 0.8, 0.8 ], "enabled": false },
														"south": { "texture": "#skin", "uv": [ 1.0, 0.5, 1.3, 0.8 ], "enabled": false },
														"west": { "texture": "#skin", "uv": [ 1.5, 0.5, 1.8, 0.8 ], "enabled": false },
														"up": { "texture": "#skin", "uv": [ 0.0, 0.0, 0.3, 0.3 ], "enabled": false },
														"down": { "texture": "#skin", "uv": [ 0.5, 0.0, 0.8, 0.3 ], "enabled": false }
													},
													"children": [
														{
															"name": "R front hoof 1",
															"from": [ -0.408, -0.096, -0.132 ], 
															"to": [ -0.072, 0.072, 0.084 ], 
															"unwrapMode": 4,
															"uv": [ 0.5, 13.5 ],
															"rotationOrigin": [ -0.072, 0.024, 0.096 ],
															"rotationZ": 60.0,
															"faces": {
																"north": { "texture": "#skin", "uv": [ 0.5, 14.0, 1.0, 14.5 ] },
																"east": { "texture": "#skin", "uv": [ 2.0, 14.0, 2.5, 14.5 ] },
																"south": { "texture": "#skin", "uv": [ 1.5, 14.0, 2.0, 14.5 ] },
																"west": { "texture": "#skin", "uv": [ 1.0, 14.0, 1.5, 14.5 ] },
																"up": { "texture": "#skin", "uv": [ 1.0, 13.5, 1.5, 14.0 ], "rotation": 90 },
																"down": { "texture": "#skin", "uv": [ 1.0, 14.5, 1.5, 15.0 ], "rotation": 90 }
															}
														},
														{
															"name": "R front hoof 2",
															"from": [ -0.216, -0.216, -0.132 ], 
															"to": [ 0.072, -0.096, 0.084 ], 
															"unwrapMode": 4,
															"uv": [ 2.5, 13.0 ],
															"rotationOrigin": [ 0.048, -0.096, 0.072 ],
															"rotationZ": 27.0,
															"faces": {
																"north": { "texture": "#skin", "uv": [ 2.5, 13.5, 3.0, 14.0 ] },
																"east": { "texture": "#skin", "uv": [ 4.0, 13.5, 4.5, 14.0 ] },
																"south": { "texture": "#skin", "uv": [ 3.5, 13.5, 4.0, 14.0 ] },
																"west": { "texture": "#skin", "uv": [ 3.0, 13.5, 3.5, 14.0 ] },
																"up": { "texture": "#skin", "uv": [ 3.0, 13.0, 3.5, 13.5 ], "rotation": 90 },
																"down": { "texture": "#skin", "uv": [ 3.0, 14.0, 3.5, 14.5 ], "rotation": 90 }
															}
														}
													]
												}
											]
										}
									]
								}
							]
						}
					]
				}
			],
			"attachmentpoints": [
				{
					"code": "Center",
					"posX": "9.0","posY": "4.0","posZ": "5.0",
					"rotationX": "0.0","rotationY": "0.0","rotationZ": "0.0"
				}
			]
		}
	]}