{
	"editor": {
		"allAngles": true,
		"entityTextureMode": true
	},
	"textureWidth": 32,
	"textureHeight": 32,
	"textureSizes": {
		"skin": [32,32]
	},
	"textures": {
	},
	"elements": [
		{
			"name": "Body",
			"from": [ 3.15, 0.75, 5.75 ], 
			"to": [ 9.15, 6.0, 9.8 ], 
			"unwrapMode": 3,
			"uv": [ 0.0, 0.0 ],
			"rotationOrigin": [ 9.15, 3.375, 8.0 ],
			"rotationZ": 2.0,
			"faces": {
				"north": { "texture": "#skin", "uv": [ 14.0, 4.0, 20.0, 9.0 ] },
				"east": { "texture": "#skin", "uv": [ 10.0, 4.0, 14.0, 9.0 ] },
				"south": { "texture": "#skin", "uv": [ 4.0, 4.0, 10.0, 9.0 ] },
				"west": { "texture": "#skin", "uv": [ 0.0, 4.0, 4.0, 9.0 ] },
				"up": { "texture": "#skin", "uv": [ 4.0, 0.0, 10.0, 4.0 ] },
				"down": { "texture": "#skin", "uv": [ 4.0, 9.0, 10.0, 13.0 ], "rotation": 180 }
			},
			"children": [
				{
					"name": "neck",
					"from": [ -0.375, 2.67, 0.9 ], 
					"to": [ 3.3, 7.17, 3.15 ], 
					"unwrapMode": 3,
					"unwrapRotation": 1,
					"autoUnwrap": false,
					"uv": [ 20.0, 0.0 ],
					"rotationOrigin": [ 2.625, 2.675, 2.025 ],
					"rotationY": 5.0,
					"rotationZ": 47.0,
					"faces": {
						"north": { "texture": "#skin", "uv": [ 26.5, 1.5, 31.0, 5.0 ], "rotation": 270, "windMode": [-1,-1,-1,-1], "windData": [0,0,1,0] },
						"east": { "texture": "#skin", "uv": [ 22.0, 0.0, 26.5, 2.0 ], "rotation": 90, "windMode": [-1,-1,-1,-1], "windData": [1,0,0,1] },
						"south": { "texture": "#skin", "uv": [ 22.0, 2.0, 26.5, 5.5 ], "rotation": 90 },
						"west": { "texture": "#skin", "uv": [ 22.0, 5.5, 26.5, 7.5 ], "rotation": 90 },
						"up": { "texture": "#skin", "uv": [ 20.0, 2.0, 22.0, 5.5 ], "rotation": 90 },
						"down": { "texture": "#skin", "uv": [ 26.5, 2.0, 28.5, 5.5 ], "rotation": 270, "enabled": false, "windMode": [-1,-1,-1,-1] }
					},
					"children": [
						{
							"name": "neck2",
							"from": [ 0.675, 1.95, 0.075 ], 
							"to": [ 3.675, 6.45, 2.175 ], 
							"unwrapMode": 3,
							"uv": [ 22.0, 7.5 ],
							"rotationOrigin": [ 3.375, 3.825, 1.125 ],
							"rotationZ": -35.0,
							"faces": {
								"north": { "texture": "#skin", "uv": [ 29.0, 9.5, 32.0, 14.0 ] },
								"east": { "texture": "#skin", "uv": [ 27.0, 9.5, 29.0, 14.0 ] },
								"south": { "texture": "#skin", "uv": [ 24.0, 9.5, 27.0, 14.0 ] },
								"west": { "texture": "#skin", "uv": [ 22.0, 9.5, 24.0, 14.0 ] },
								"up": { "texture": "#skin", "uv": [ 24.0, 7.5, 27.0, 9.5 ] },
								"down": { "texture": "#skin", "uv": [ 24.0, 14.0, 27.0, 16.0 ], "rotation": 180, "enabled": false, "windMode": [-1,-1,-1,-1] }
							},
							"children": [
								{
									"name": "head",
									"from": [ 0.02, 2.06, -0.2625 ], 
									"to": [ 2.645, 4.91, 2.3625 ], 
									"unwrapMode": 4,
									"uv": [ 10.0, 13.0 ],
									"rotationOrigin": [ 2.425, 4.09, 1.125 ],
									"rotationX": 3.0,
									"rotationY": -5.0,
									"rotationZ": -38.0,
									"faces": {
										"north": { "texture": "#skin", "uv": [ 10.0, 15.5, 12.5, 18.0 ] },
										"east": { "texture": "#skin", "uv": [ 17.5, 15.5, 20.0, 18.0 ] },
										"south": { "texture": "#skin", "uv": [ 15.0, 15.5, 17.5, 18.0 ] },
										"west": { "texture": "#skin", "uv": [ 12.5, 15.5, 15.0, 18.0 ] },
										"up": { "texture": "#skin", "uv": [ 12.5, 13.0, 15.0, 15.5 ], "rotation": 90 },
										"down": { "texture": "#skin", "uv": [ 12.5, 18.0, 15.0, 20.5 ], "rotation": 90 }
									},
									"children": [
										{
											"name": "mouth up",
											"from": [ -2.025, 0.45, 0.6 ], 
											"to": [ 0.225, 1.1, 2.1 ], 
											"unwrapMode": 5,
											"unwrapRotation": 1,
											"uv": [ 0.0, 9.0 ],
											"rotationOrigin": [ 0.225, 1.25, 1.35 ],
											"rotationZ": 45.0,
											"faces": {
												"north": { "texture": "#skin", "uv": [ 0.0, 9.0, 0.5, 11.0 ], "rotation": 270 },
												"east": { "texture": "#skin", "uv": [ 0.5, 9.0, 2.0, 9.5 ], "rotation": 180, "enabled": false },
												"south": { "texture": "#skin", "uv": [ 2.0, 9.0, 2.5, 11.0 ], "rotation": 90 },
												"west": { "texture": "#skin", "uv": [ 0.5, 11.0, 2.0, 11.5 ] },
												"up": { "texture": "#skin", "uv": [ 0.5, 9.0, 2.0, 11.0 ], "rotation": 90 },
												"down": { "texture": "#skin", "uv": [ 2.5, 9.0, 4.0, 11.0 ], "rotation": 270 }
											},
											"children": [
												{
													"name": "nose",
													"from": [ -0.075, 0.11, 0.3 ], 
													"to": [ 0.675, 0.785, 1.2 ], 
													"unwrapMode": 4,
													"uv": [ 12.0, 11.5 ],
													"rotationOrigin": [ -0.075, 0.825, 0.75 ],
													"faces": {
														"north": { "texture": "#skin", "uv": [ 12.0, 12.0, 12.5, 12.5 ], "windMode": [-1,-1,-1,-1], "windData": [1,1,1,1] },
														"east": { "texture": "#skin", "uv": [ 13.5, 12.0, 14.0, 12.5 ], "windMode": [-1,-1,-1,-1], "windData": [1,1,1,1] },
														"south": { "texture": "#skin", "uv": [ 13.0, 12.0, 13.5, 12.5 ], "windMode": [-1,-1,-1,-1], "windData": [1,1,1,1] },
														"west": { "texture": "#skin", "uv": [ 12.5, 12.0, 13.0, 12.5 ], "windMode": [-1,-1,-1,-1], "windData": [1,1,1,1] },
														"up": { "texture": "#skin", "uv": [ 12.5, 11.5, 13.0, 12.0 ], "rotation": 90, "windMode": [-1,-1,-1,-1], "windData": [1,1,1,1] },
														"down": { "texture": "#skin", "uv": [ 12.5, 12.5, 13.0, 13.0 ], "rotation": 90, "windMode": [-1,-1,-1,-1], "windData": [1,1,1,1] }
													}
												},
												{
													"name": "nose bridge",
													"from": [ 0.375, 0.07, 0.15 ], 
													"to": [ 3.1, 0.77, 1.35 ], 
													"unwrapMode": 5,
													"unwrapRotation": 1,
													"uv": [ 10.0, 11.5 ],
													"rotationOrigin": [ 0.375, 0.17, 0.525 ],
													"rotationZ": 20.0,
													"faces": {
														"north": { "texture": "#skin", "uv": [ 10.0, 11.5, 10.5, 14.0 ], "rotation": 270 },
														"east": { "texture": "#skin", "uv": [ 10.5, 11.5, 11.5, 12.0 ], "rotation": 180, "enabled": false, "windMode": [-1,-1,-1,-1], "windData": [1,1,1,1] },
														"south": { "texture": "#skin", "uv": [ 11.5, 11.5, 12.0, 14.0 ], "rotation": 90 },
														"west": { "texture": "#skin", "uv": [ 10.5, 14.0, 11.5, 14.5 ], "enabled": false },
														"up": { "texture": "#skin", "uv": [ 10.5, 11.5, 11.5, 14.0 ], "rotation": 90 },
														"down": { "texture": "#skin", "uv": [ 12.0, 11.5, 13.0, 14.0 ], "rotation": 270, "enabled": false }
													}
												}
											]
										},
										{
											"name": "R ear",
											"from": [ 1.2, 1.875, -1.6 ], 
											"to": [ 1.575, 3.0, 0.275 ], 
											"unwrapMode": 4,
											"uv": [ 0.0, 0.0 ],
											"rotationOrigin": [ 1.35, 2.4, 0.275 ],
											"rotationX": 65.0,
											"rotationZ": 22.0,
											"faces": {
												"north": { "texture": "#skin", "uv": [ 0.0, 0.5, 0.5, 1.5 ] },
												"east": { "texture": "#skin", "uv": [ 2.5, 0.5, 4.0, 1.5 ] },
												"south": { "texture": "#skin", "uv": [ 2.0, 0.5, 2.5, 1.5 ], "windMode": [-1,-1,-1,-1], "windData": [0,0,0,0] },
												"west": { "texture": "#skin", "uv": [ 0.5, 0.5, 2.0, 1.5 ] },
												"up": { "texture": "#skin", "uv": [ 0.5, 0.0, 2.0, 0.5 ], "rotation": 90 },
												"down": { "texture": "#skin", "uv": [ 0.5, 1.5, 2.0, 2.0 ], "rotation": 90 }
											}
										},
										{
											"name": "L ear",
											"from": [ 1.2, 1.875, 2.4 ], 
											"to": [ 1.575, 3.0, 4.275 ], 
											"unwrapMode": 2,
											"uv": [ 0.0, 2.0 ],
											"rotationOrigin": [ 1.35, 2.4, 2.4 ],
											"rotationX": -65.0,
											"rotationZ": 22.0,
											"faces": {
												"north": { "texture": "#skin", "uv": [ 2.0, 2.5, 2.5, 3.5 ], "windMode": [-1,-1,-1,-1] },
												"east": { "texture": "#skin", "uv": [ 0.5, 2.5, 2.0, 3.5 ] },
												"south": { "texture": "#skin", "uv": [ 0.0, 2.5, 0.5, 3.5 ], "windMode": [-1,-1,-1,-1], "windData": [1,1,1,1] },
												"west": { "texture": "#skin", "uv": [ 2.5, 2.5, 4.0, 3.5 ] },
												"up": { "texture": "#skin", "uv": [ 0.5, 2.0, 2.0, 2.5 ], "rotation": 270 },
												"down": { "texture": "#skin", "uv": [ 0.5, 3.5, 2.0, 4.0 ], "rotation": 270 }
											}
										},
										{
											"name": "jaw",
											"from": [ -1.14, 0.04, 0.75 ], 
											"to": [ 1.11, 0.54, 1.95 ], 
											"unwrapMode": 5,
											"unwrapRotation": 1,
											"uv": [ 10.0, 9.0 ],
											"rotationOrigin": [ 0.9587, 0.59, 1.35 ],
											"rotationZ": 34.0,
											"faces": {
												"north": { "texture": "#skin", "uv": [ 10.0, 9.0, 10.5, 11.0 ], "rotation": 270 },
												"east": { "texture": "#skin", "uv": [ 10.5, 9.0, 11.5, 9.5 ], "rotation": 180, "enabled": false },
												"south": { "texture": "#skin", "uv": [ 11.5, 9.0, 12.0, 11.0 ], "rotation": 90 },
												"west": { "texture": "#skin", "uv": [ 10.5, 11.0, 11.5, 11.5 ] },
												"up": { "texture": "#skin", "uv": [ 10.5, 9.0, 11.5, 11.0 ], "rotation": 90 },
												"down": { "texture": "#skin", "uv": [ 12.0, 9.0, 13.0, 11.0 ], "rotation": 270 }
											}
										}
									]
								}
							]
						}
					]
				},
				{
					"name": "abdomen",
					"from": [ 5.55, 0.0, 0.15 ], 
					"to": [ 12.3, 5.25, 3.9 ], 
					"unwrapMode": 3,
					"unwrapRotation": 1,
					"autoUnwrap": false,
					"uv": [ 14.5, 22.0 ],
					"rotationOrigin": [ 5.55, 2.625, 2.025 ],
					"rotationX": -19.0,
					"rotationZ": -1.0,
					"faces": {
						"north": { "texture": "#skin", "uv": [ 26.5, 25.5, 31.5, 32.0 ], "rotation": 270 },
						"east": { "texture": "#skin", "uv": [ 18.0, 22.0, 23.0, 25.5 ], "rotation": 90 },
						"south": { "texture": "#skin", "uv": [ 18.0, 25.5, 23.0, 32.0 ], "rotation": 90 },
						"west": { "texture": "#skin", "uv": [ 26.5, 22.0, 31.5, 25.5 ], "rotation": 90 },
						"up": { "texture": "#skin", "uv": [ 14.5, 25.5, 18.0, 32.0 ], "rotation": 90 },
						"down": { "texture": "#skin", "uv": [ 23.0, 25.5, 26.5, 32.0 ], "rotation": 270 }
					},
					"children": [
						{
							"name": "L back Thigh",
							"from": [ 3.375, -0.15, 2.775 ], 
							"to": [ 7.125, 4.35, 4.275 ], 
							"unwrapMode": 3,
							"uv": [ 0.0, 13.0 ],
							"rotationOrigin": [ 4.875, 3.225, 3.525 ],
							"rotationX": -14.0,
							"rotationY": 14.0,
							"rotationZ": -50.0,
							"faces": {
								"north": { "texture": "#skin", "uv": [ 6.5, 14.5, 10.0, 19.0 ] },
								"east": { "texture": "#skin", "uv": [ 5.0, 14.5, 6.5, 19.0 ] },
								"south": { "texture": "#skin", "uv": [ 1.5, 14.5, 5.0, 19.0 ] },
								"west": { "texture": "#skin", "uv": [ 0.0, 14.5, 1.5, 19.0 ] },
								"up": { "texture": "#skin", "uv": [ 1.5, 13.0, 5.0, 14.5 ], "windMode": [-1,-1,-1,-1], "windData": [0,0,1,1] },
								"down": { "texture": "#skin", "uv": [ 1.5, 19.0, 5.0, 20.5 ], "rotation": 180 }
							},
							"children": [
								{
									"name": "L back Upper Arm",
									"from": [ 0.3, -4.05, 0.15 ], 
									"to": [ 1.8, 0.825, 1.35 ], 
									"unwrapMode": 3,
									"uv": [ 0.0, 20.5 ],
									"rotationOrigin": [ 1.05, 0.825, 0.75 ],
									"rotationX": 1.0,
									"rotationZ": 83.0,
									"faces": {
										"north": { "texture": "#skin", "uv": [ 3.5, 21.5, 5.0, 26.0 ] },
										"east": { "texture": "#skin", "uv": [ 2.5, 21.5, 3.5, 26.0 ] },
										"south": { "texture": "#skin", "uv": [ 1.0, 21.5, 2.5, 26.0 ] },
										"west": { "texture": "#skin", "uv": [ 0.0, 21.5, 1.0, 26.0 ] },
										"up": { "texture": "#skin", "uv": [ 1.0, 20.5, 2.5, 21.5 ] },
										"down": { "texture": "#skin", "uv": [ 1.0, 26.0, 2.5, 27.0 ], "rotation": 180 }
									},
									"children": [
										{
											"name": "L back lower arm",
											"from": [ 0.3, -4.5, 0.15 ], 
											"to": [ 1.2, 0.75, 1.05 ], 
											"unwrapMode": 3,
											"uv": [ 20.0, 5.5 ],
											"rotationOrigin": [ 0.825, 0.75, 0.6 ],
											"rotationX": -4.0,
											"rotationZ": -116.0,
											"faces": {
												"north": { "texture": "#skin", "uv": [ 21.5, 6.0, 22.0, 11.0 ] },
												"east": { "texture": "#skin", "uv": [ 21.0, 6.0, 21.5, 11.0 ] },
												"south": { "texture": "#skin", "uv": [ 20.5, 6.0, 21.0, 11.0 ] },
												"west": { "texture": "#skin", "uv": [ 20.0, 6.0, 20.5, 11.0 ] },
												"up": { "texture": "#skin", "uv": [ 20.5, 5.5, 21.0, 6.0 ] },
												"down": { "texture": "#skin", "uv": [ 20.5, 11.0, 21.0, 11.5 ], "rotation": 180 }
											},
											"children": [
												{
													"name": "L back pastern",
													"from": [ -0.075, -1.5, 0.075 ], 
													"to": [ 0.9, 0.375, 0.825 ], 
													"unwrapMode": 1,
													"uv": [ 2.0, 29.0 ],
													"rotationOrigin": [ 0.375, 0.375, 0.45 ],
													"rotationZ": 6.0,
													"faces": {
														"north": { "texture": "#skin", "uv": [ 2.5, 29.5, 3.0, 31.0 ] },
														"east": { "texture": "#skin", "uv": [ 2.0, 29.5, 2.5, 31.0 ] },
														"south": { "texture": "#skin", "uv": [ 3.5, 29.5, 4.0, 31.0 ] },
														"west": { "texture": "#skin", "uv": [ 3.0, 29.5, 3.5, 31.0 ] },
														"up": { "texture": "#skin", "uv": [ 2.5, 29.0, 3.0, 29.5 ], "rotation": 180 },
														"down": { "texture": "#skin", "uv": [ 2.5, 31.0, 3.0, 31.5 ] }
													},
													"children": [
														{
															"name": "L origin hind hoof",
															"from": [ 0.45, 0.5, 0.45 ], 
															"to": [ 0.45, 0.5, 0.45 ], 
															"uv": [ 0.0, 0.0 ],
															"rotationOrigin": [ 0.45, 0.5, 0.45 ],
															"rotationZ": 25.0,
															"faces": {
																"north": { "texture": "#skin", "uv": [ 0.0, 0.5, 0.375, 0.875 ], "enabled": false },
																"east": { "texture": "#skin", "uv": [ 0.5, 0.5, 0.875, 0.875 ], "enabled": false },
																"south": { "texture": "#skin", "uv": [ 1.0, 0.5, 1.375, 0.875 ], "enabled": false },
																"west": { "texture": "#skin", "uv": [ 1.5, 0.5, 1.875, 0.875 ], "enabled": false },
																"up": { "texture": "#skin", "uv": [ 0.0, 0.0, 0.375, 0.375 ], "enabled": false },
																"down": { "texture": "#skin", "uv": [ 0.5, 0.0, 0.875, 0.375 ], "enabled": false }
															},
															"children": [
																{
																	"name": "L hind hoof 1",
																	"from": [ -1.275, -0.3, -0.4125 ], 
																	"to": [ -0.225, 0.225, 0.2625 ], 
																	"unwrapMode": 4,
																	"uv": [ 15.5, 13.0 ],
																	"rotationOrigin": [ -0.225, 0.075, 0.3 ],
																	"rotationZ": 60.0,
																	"faces": {
																		"north": { "texture": "#skin", "uv": [ 15.5, 14.0, 16.5, 14.5 ] },
																		"east": { "texture": "#skin", "uv": [ 18.0, 14.0, 18.5, 14.5 ] },
																		"south": { "texture": "#skin", "uv": [ 17.0, 14.0, 18.0, 14.5 ] },
																		"west": { "texture": "#skin", "uv": [ 16.5, 14.0, 17.0, 14.5 ] },
																		"up": { "texture": "#skin", "uv": [ 16.5, 13.0, 17.0, 14.0 ], "rotation": 90 },
																		"down": { "texture": "#skin", "uv": [ 16.5, 14.5, 17.0, 15.5 ], "rotation": 90 }
																	}
																},
																{
																	"name": "L hind hoof 2",
																	"from": [ -0.675, -0.675, -0.4125 ], 
																	"to": [ 0.225, -0.3, 0.2625 ], 
																	"unwrapMode": 4,
																	"uv": [ 20.0, 0.5 ],
																	"rotationOrigin": [ 0.15, -0.3, 0.225 ],
																	"rotationZ": 27.0,
																	"faces": {
																		"north": { "texture": "#skin", "uv": [ 20.0, 1.0, 20.5, 1.5 ] },
																		"east": { "texture": "#skin", "uv": [ 21.5, 1.0, 22.0, 1.5 ] },
																		"south": { "texture": "#skin", "uv": [ 21.0, 1.0, 21.5, 1.5 ] },
																		"west": { "texture": "#skin", "uv": [ 20.5, 1.0, 21.0, 1.5 ] },
																		"up": { "texture": "#skin", "uv": [ 20.5, 0.5, 21.0, 1.0 ], "rotation": 90 },
																		"down": { "texture": "#skin", "uv": [ 20.5, 1.5, 21.0, 2.0 ], "rotation": 90 }
																	}
																}
															]
														}
													]
												}
											]
										}
									]
								}
							]
						},
						{
							"name": "tail",
							"from": [ 6.075, 3.375, 1.425 ], 
							"to": [ 6.825, 4.875, 2.325 ], 
							"unwrapMode": 3,
							"unwrapRotation": 1,
							"uv": [ 12.5, 10.5 ],
							"rotationOrigin": [ 6.075, 4.875, 1.8 ],
							"rotationZ": 28.0,
							"faces": {
								"north": { "texture": "#skin", "uv": [ 15.0, 11.0, 16.5, 11.5 ], "rotation": 270, "windMode": [-1,-1,-1,-1], "windData": [0,1,1,0] },
								"east": { "texture": "#skin", "uv": [ 13.0, 10.5, 14.5, 11.0 ], "rotation": 90, "windMode": [-1,-1,-1,-1], "windData": [0,1,1,0] },
								"south": { "texture": "#skin", "uv": [ 13.0, 11.0, 14.5, 11.5 ], "rotation": 90 },
								"west": { "texture": "#skin", "uv": [ 13.0, 11.5, 14.5, 12.0 ], "rotation": 90, "windMode": [-1,-1,-1,-1], "windData": [0,0,1,1] },
								"up": { "texture": "#skin", "uv": [ 12.5, 11.0, 13.0, 11.5 ], "rotation": 90, "windMode": [-1,-1,-1,-1], "windData": [1,1,1,1] },
								"down": { "texture": "#skin", "uv": [ 14.5, 11.0, 15.0, 11.5 ], "rotation": 270, "windMode": [-1,-1,-1,-1] }
							},
							"children": [
								{
									"name": "tail-end",
									"from": [ 0.0, -0.45, 0.075 ], 
									"to": [ 0.75, 0.3, 0.825 ], 
									"unwrapMode": 3,
									"unwrapRotation": 1,
									"uv": [ 14.5, 11.5 ],
									"rotationOrigin": [ 0.0, 0.3, 0.075 ],
									"rotationZ": -22.0,
									"faces": {
										"north": { "texture": "#skin", "uv": [ 15.5, 12.0, 16.0, 12.5 ], "rotation": 270 },
										"east": { "texture": "#skin", "uv": [ 14.5, 11.5, 15.0, 12.0 ], "rotation": 90 },
										"south": { "texture": "#skin", "uv": [ 14.5, 12.0, 15.0, 12.5 ], "rotation": 90 },
										"west": { "texture": "#skin", "uv": [ 14.5, 12.5, 15.0, 13.0 ], "rotation": 90 },
										"up": { "texture": "#skin", "uv": [ 14.5, 12.0, 15.0, 12.5 ], "rotation": 90, "enabled": false, "windMode": [-1,-1,-1,-1] },
										"down": { "texture": "#skin", "uv": [ 15.0, 12.0, 15.5, 12.5 ], "rotation": 270 }
									}
								}
							]
						},
						{
							"name": "R back Thigh",
							"from": [ 3.375, -1.15, -0.6 ], 
							"to": [ 7.125, 3.35, 0.9 ], 
							"unwrapMode": 1,
							"uv": [ 5.0, 19.0 ],
							"rotationOrigin": [ 4.875, 2.225, 0.225 ],
							"rotationX": -17.0,
							"rotationY": 11.0,
							"rotationZ": -36.0,
							"faces": {
								"north": { "texture": "#skin", "uv": [ 6.5, 20.5, 10.0, 25.0 ] },
								"east": { "texture": "#skin", "uv": [ 5.0, 20.5, 6.5, 25.0 ] },
								"south": { "texture": "#skin", "uv": [ 11.5, 20.5, 15.0, 25.0 ] },
								"west": { "texture": "#skin", "uv": [ 10.0, 20.5, 11.5, 25.0 ] },
								"up": { "texture": "#skin", "uv": [ 6.5, 19.0, 10.0, 20.5 ], "rotation": 180 },
								"down": { "texture": "#skin", "uv": [ 6.5, 25.0, 10.0, 26.5 ] }
							},
							"children": [
								{
									"name": "R back Upper Arm",
									"from": [ 0.3, -4.45, 0.15 ], 
									"to": [ 1.8, 0.425, 1.35 ], 
									"unwrapMode": 1,
									"uv": [ 4.0, 25.5 ],
									"rotationOrigin": [ 1.05, 0.425, 0.75 ],
									"rotationX": -1.0,
									"rotationY": -36.0,
									"rotationZ": 86.0,
									"faces": {
										"north": { "texture": "#skin", "uv": [ 5.0, 26.5, 6.5, 31.0 ] },
										"east": { "texture": "#skin", "uv": [ 4.0, 26.5, 5.0, 31.0 ] },
										"south": { "texture": "#skin", "uv": [ 7.5, 26.5, 9.0, 31.0 ] },
										"west": { "texture": "#skin", "uv": [ 6.5, 26.5, 7.5, 31.0 ] },
										"up": { "texture": "#skin", "uv": [ 5.0, 25.5, 6.5, 26.5 ], "rotation": 180 },
										"down": { "texture": "#skin", "uv": [ 5.0, 31.0, 6.5, 32.0 ] }
									},
									"children": [
										{
											"name": "R back lower arm",
											"from": [ 0.3, -4.5, 0.15 ], 
											"to": [ 1.2, 0.75, 1.05 ], 
											"unwrapMode": 1,
											"uv": [ 15.0, 18.0 ],
											"rotationOrigin": [ 0.825, 0.75, 0.6 ],
											"rotationX": 4.0,
											"rotationY": 25.0,
											"rotationZ": -136.0,
											"faces": {
												"north": { "texture": "#skin", "uv": [ 15.5, 18.5, 16.0, 23.5 ] },
												"east": { "texture": "#skin", "uv": [ 15.0, 18.5, 15.5, 23.5 ] },
												"south": { "texture": "#skin", "uv": [ 16.5, 18.5, 17.0, 23.5 ] },
												"west": { "texture": "#skin", "uv": [ 16.0, 18.5, 16.5, 23.5 ] },
												"up": { "texture": "#skin", "uv": [ 15.5, 18.0, 16.0, 18.5 ], "rotation": 180 },
												"down": { "texture": "#skin", "uv": [ 15.5, 23.5, 16.0, 24.0 ] }
											},
											"children": [
												{
													"name": "R back pastern",
													"from": [ -0.075, -1.5, 0.075 ], 
													"to": [ 0.9, 0.375, 0.825 ], 
													"unwrapMode": 3,
													"uv": [ 2.0, 26.33 ],
													"rotationOrigin": [ 0.375, 0.375, 0.45 ],
													"rotationZ": 14.0,
													"faces": {
														"north": { "texture": "#skin", "uv": [ 3.5, 27.0, 4.0, 28.5 ] },
														"east": { "texture": "#skin", "uv": [ 3.0, 27.0, 3.5, 28.5 ] },
														"south": { "texture": "#skin", "uv": [ 2.5, 27.0, 3.0, 28.5 ] },
														"west": { "texture": "#skin", "uv": [ 2.0, 27.0, 2.5, 28.5 ] },
														"up": { "texture": "#skin", "uv": [ 2.5, 26.5, 3.0, 27.0 ] },
														"down": { "texture": "#skin", "uv": [ 2.5, 28.5, 3.0, 29.0 ], "rotation": 180 }
													},
													"children": [
														{
															"name": "R origin hind hoof",
															"from": [ 0.45, 0.4, 0.45 ], 
															"to": [ 0.45, 0.4, 0.45 ], 
															"uv": [ 0.0, 0.0 ],
															"rotationOrigin": [ 0.45, 0.4, 0.45 ],
															"rotationZ": 30.0,
															"faces": {
																"north": { "texture": "#skin", "uv": [ 0.0, 0.5, 0.375, 0.875 ], "enabled": false },
																"east": { "texture": "#skin", "uv": [ 0.5, 0.5, 0.875, 0.875 ], "enabled": false },
																"south": { "texture": "#skin", "uv": [ 1.0, 0.5, 1.375, 0.875 ], "enabled": false },
																"west": { "texture": "#skin", "uv": [ 1.5, 0.5, 1.875, 0.875 ], "enabled": false },
																"up": { "texture": "#skin", "uv": [ 0.0, 0.0, 0.375, 0.375 ], "enabled": false },
																"down": { "texture": "#skin", "uv": [ 0.5, 0.0, 0.875, 0.375 ], "enabled": false }
															},
															"children": [
																{
																	"name": "R hind hoof 1",
																	"from": [ -1.275, -0.3, -0.4125 ], 
																	"to": [ -0.225, 0.225, 0.2625 ], 
																	"unwrapMode": 4,
																	"uv": [ 15.5, 9.0 ],
																	"rotationOrigin": [ -0.225, 0.075, 0.3 ],
																	"rotationZ": 60.0,
																	"faces": {
																		"north": { "texture": "#skin", "uv": [ 15.5, 10.0, 16.5, 10.5 ] },
																		"east": { "texture": "#skin", "uv": [ 18.0, 10.0, 18.5, 10.5 ] },
																		"south": { "texture": "#skin", "uv": [ 17.0, 10.0, 18.0, 10.5 ] },
																		"west": { "texture": "#skin", "uv": [ 16.5, 10.0, 17.0, 10.5 ] },
																		"up": { "texture": "#skin", "uv": [ 16.5, 9.0, 17.0, 10.0 ], "rotation": 90 },
																		"down": { "texture": "#skin", "uv": [ 16.5, 10.5, 17.0, 11.5 ], "rotation": 90 }
																	}
																},
																{
																	"name": "R hind hoof 2",
																	"from": [ -0.675, -0.675, -0.4125 ], 
																	"to": [ 0.225, -0.3, 0.2625 ], 
																	"unwrapMode": 4,
																	"uv": [ 17.5, 1.0 ],
																	"rotationOrigin": [ 0.15, -0.3, 0.225 ],
																	"rotationZ": 27.0,
																	"faces": {
																		"north": { "texture": "#skin", "uv": [ 17.5, 1.5, 18.0, 2.0 ] },
																		"east": { "texture": "#skin", "uv": [ 19.0, 1.5, 19.5, 2.0 ] },
																		"south": { "texture": "#skin", "uv": [ 18.5, 1.5, 19.0, 2.0 ] },
																		"west": { "texture": "#skin", "uv": [ 18.0, 1.5, 18.5, 2.0 ] },
																		"up": { "texture": "#skin", "uv": [ 18.0, 1.0, 18.5, 1.5 ], "rotation": 90 },
																		"down": { "texture": "#skin", "uv": [ 18.0, 2.0, 18.5, 2.5 ], "rotation": 90 }
																	}
																}
															]
														}
													]
												}
											]
										}
									]
								}
							]
						}
					]
				},
				{
					"name": "L front Thigh",
					"from": [ 0.6, 0.825, 3.75 ], 
					"to": [ 2.85, 4.575, 4.875 ], 
					"unwrapMode": 3,
					"uv": [ 20.0, 14.0 ],
					"rotationOrigin": [ 1.725, 3.075, 4.125 ],
					"rotationX": 3.0,
					"rotationZ": -3.0,
					"faces": {
						"north": { "texture": "#skin", "uv": [ 24.0, 15.0, 26.0, 18.5 ] },
						"east": { "texture": "#skin", "uv": [ 23.0, 15.0, 24.0, 18.5 ] },
						"south": { "texture": "#skin", "uv": [ 21.0, 15.0, 23.0, 18.5 ] },
						"west": { "texture": "#skin", "uv": [ 20.0, 15.0, 21.0, 18.5 ] },
						"up": { "texture": "#skin", "uv": [ 21.0, 14.0, 23.0, 15.0 ], "windMode": [-1,-1,-1,-1] },
						"down": { "texture": "#skin", "uv": [ 21.0, 18.5, 23.0, 19.5 ], "rotation": 180 }
					},
					"children": [
						{
							"name": "L front Upper Arm",
							"from": [ 0.375, -3.75, -0.225 ], 
							"to": [ 1.875, 0.75, 0.9 ], 
							"unwrapMode": 3,
							"autoUnwrap": false,
							"uv": [ 23.0, 18.5 ],
							"rotationOrigin": [ 1.125, 0.375, 0.375 ],
							"rotationX": 1.0,
							"rotationZ": -75.0,
							"faces": {
								"north": { "texture": "#skin", "uv": [ 30.5, 5.0, 32.0, 9.5 ] },
								"east": { "texture": "#skin", "uv": [ 25.5, 19.5, 26.5, 24.0 ] },
								"south": { "texture": "#skin", "uv": [ 24.0, 19.5, 25.5, 24.0 ] },
								"west": { "texture": "#skin", "uv": [ 23.0, 19.5, 24.0, 24.0 ] },
								"up": { "texture": "#skin", "uv": [ 24.0, 18.5, 25.5, 19.5 ] },
								"down": { "texture": "#skin", "uv": [ 24.0, 24.0, 25.5, 25.0 ], "rotation": 180 }
							},
							"children": [
								{
									"name": "L front lower arm",
									"from": [ 0.65, -3.0, 0.15 ], 
									"to": [ 1.4, 0.75, 0.975 ], 
									"unwrapMode": 3,
									"uv": [ 17.0, 18.0 ],
									"rotationOrigin": [ 1.175, 0.375, 0.6 ],
									"rotationX": -3.0,
									"rotationZ": 166.0,
									"faces": {
										"north": { "texture": "#skin", "uv": [ 18.5, 18.5, 19.0, 22.0 ] },
										"east": { "texture": "#skin", "uv": [ 18.0, 18.5, 18.5, 22.0 ] },
										"south": { "texture": "#skin", "uv": [ 17.5, 18.5, 18.0, 22.0 ] },
										"west": { "texture": "#skin", "uv": [ 17.0, 18.5, 17.5, 22.0 ] },
										"up": { "texture": "#skin", "uv": [ 17.5, 18.0, 18.0, 18.5 ] },
										"down": { "texture": "#skin", "uv": [ 17.5, 22.0, 18.0, 22.5 ], "rotation": 180 }
									},
									"children": [
										{
											"name": "L front pastern",
											"from": [ 0.0, -1.35, 0.0375 ], 
											"to": [ 0.825, 0.525, 0.7875 ], 
											"unwrapMode": 3,
											"uv": [ 18.0, 10.5 ],
											"rotationOrigin": [ 0.375, 0.525, 0.375 ],
											"rotationX": -1.0,
											"faces": {
												"north": { "texture": "#skin", "uv": [ 19.5, 11.0, 20.0, 12.5 ] },
												"east": { "texture": "#skin", "uv": [ 19.0, 11.0, 19.5, 12.5 ] },
												"south": { "texture": "#skin", "uv": [ 18.5, 11.0, 19.0, 12.5 ] },
												"west": { "texture": "#skin", "uv": [ 18.0, 11.0, 18.5, 12.5 ] },
												"up": { "texture": "#skin", "uv": [ 18.5, 10.5, 19.0, 11.0 ] },
												"down": { "texture": "#skin", "uv": [ 18.5, 12.5, 19.0, 13.0 ], "rotation": 180 }
											},
											"children": [
												{
													"name": "L origin hoof",
													"from": [ 0.45, 0.6, 0.45 ], 
													"to": [ 0.45, 0.6, 0.45 ], 
													"uv": [ 0.0, 0.0 ],
													"rotationOrigin": [ 0.45, 0.6, 0.45 ],
													"rotationZ": 33.0,
													"faces": {
														"north": { "texture": "#skin", "uv": [ 0.0, 0.5, 0.375, 0.875 ], "enabled": false },
														"east": { "texture": "#skin", "uv": [ 0.5, 0.5, 0.875, 0.875 ], "enabled": false },
														"south": { "texture": "#skin", "uv": [ 1.0, 0.5, 1.375, 0.875 ], "enabled": false },
														"west": { "texture": "#skin", "uv": [ 1.5, 0.5, 1.875, 0.875 ], "enabled": false },
														"up": { "texture": "#skin", "uv": [ 0.0, 0.0, 0.375, 0.375 ], "enabled": false },
														"down": { "texture": "#skin", "uv": [ 0.5, 0.0, 0.875, 0.375 ], "enabled": false }
													},
													"children": [
														{
															"name": "L front hoof 1",
															"from": [ -1.275, -0.3, -0.4125 ], 
															"to": [ -0.225, 0.225, 0.2625 ], 
															"unwrapMode": 4,
															"uv": [ 0.0, 11.5 ],
															"rotationOrigin": [ -0.225, 0.075, 0.3 ],
															"rotationZ": 60.0,
															"faces": {
																"north": { "texture": "#skin", "uv": [ 0.0, 12.5, 1.0, 13.0 ] },
																"east": { "texture": "#skin", "uv": [ 2.5, 12.5, 3.0, 13.0 ] },
																"south": { "texture": "#skin", "uv": [ 1.5, 12.5, 2.5, 13.0 ] },
																"west": { "texture": "#skin", "uv": [ 1.0, 12.5, 1.5, 13.0 ] },
																"up": { "texture": "#skin", "uv": [ 1.0, 11.5, 1.5, 12.5 ], "rotation": 90 },
																"down": { "texture": "#skin", "uv": [ 1.0, 13.0, 1.5, 14.0 ], "rotation": 90 }
															}
														},
														{
															"name": "L front hoof 2",
															"from": [ -0.675, -0.675, -0.4125 ], 
															"to": [ 0.225, -0.3, 0.2625 ], 
															"unwrapMode": 4,
															"uv": [ 18.5, 0.0 ],
															"rotationOrigin": [ 0.15, -0.3, 0.225 ],
															"rotationZ": 27.0,
															"faces": {
																"north": { "texture": "#skin", "uv": [ 18.5, 0.5, 19.0, 1.0 ] },
																"east": { "texture": "#skin", "uv": [ 20.0, 0.5, 20.5, 1.0 ] },
																"south": { "texture": "#skin", "uv": [ 19.5, 0.5, 20.0, 1.0 ] },
																"west": { "texture": "#skin", "uv": [ 19.0, 0.5, 19.5, 1.0 ] },
																"up": { "texture": "#skin", "uv": [ 19.0, 0.0, 19.5, 0.5 ], "rotation": 90 },
																"down": { "texture": "#skin", "uv": [ 19.0, 1.0, 19.5, 1.5 ], "rotation": 90 }
															}
														}
													]
												}
											]
										}
									]
								}
							]
						}
					]
				},
				{
					"name": "R front Thigh",
					"from": [ 0.6, 0.825, -0.525 ], 
					"to": [ 2.85, 4.575, 0.6 ], 
					"unwrapMode": 1,
					"autoUnwrap": false,
					"uv": [ 26.0, 13.5 ],
					"rotationOrigin": [ 1.725, 3.075, 0.3 ],
					"rotationX": -3.0,
					"rotationZ": 7.0,
					"faces": {
						"north": { "texture": "#skin", "uv": [ 27.0, 14.0, 29.0, 17.5 ] },
						"east": { "texture": "#skin", "uv": [ 26.0, 14.0, 27.0, 17.5 ] },
						"south": { "texture": "#skin", "uv": [ 30.0, 14.0, 32.0, 17.5 ] },
						"west": { "texture": "#skin", "uv": [ 29.0, 14.0, 30.0, 17.5 ] },
						"up": { "texture": "#skin", "uv": [ 30.0, 17.5, 32.0, 18.5 ], "rotation": 180 },
						"down": { "texture": "#skin", "uv": [ 27.0, 17.5, 29.0, 18.5 ] }
					},
					"children": [
						{
							"name": "R front Upper Arm",
							"from": [ 0.375, -3.75, 0.225 ], 
							"to": [ 1.875, 0.75, 1.35 ], 
							"unwrapMode": 1,
							"uv": [ 9.0, 25.5 ],
							"rotationOrigin": [ 1.125, 0.375, 0.75 ],
							"rotationX": -1.0,
							"rotationZ": -78.0,
							"faces": {
								"north": { "texture": "#skin", "uv": [ 10.0, 26.5, 11.5, 31.0 ] },
								"east": { "texture": "#skin", "uv": [ 9.0, 26.5, 10.0, 31.0 ] },
								"south": { "texture": "#skin", "uv": [ 12.5, 26.5, 14.0, 31.0 ] },
								"west": { "texture": "#skin", "uv": [ 11.5, 26.5, 12.5, 31.0 ] },
								"up": { "texture": "#skin", "uv": [ 10.0, 25.5, 11.5, 26.5 ], "rotation": 180 },
								"down": { "texture": "#skin", "uv": [ 10.0, 31.0, 11.5, 32.0 ] }
							},
							"children": [
								{
									"name": "R front lower arm",
									"from": [ 0.45, -3.0, 0.15 ], 
									"to": [ 1.2, 0.75, 0.975 ], 
									"unwrapMode": 1,
									"uv": [ 0.0, 27.0 ],
									"rotationOrigin": [ 0.975, 0.375, 0.75 ],
									"rotationX": 3.0,
									"rotationZ": 161.0,
									"faces": {
										"north": { "texture": "#skin", "uv": [ 0.5, 27.5, 1.0, 31.0 ] },
										"east": { "texture": "#skin", "uv": [ 0.0, 27.5, 0.5, 31.0 ] },
										"south": { "texture": "#skin", "uv": [ 1.5, 27.5, 2.0, 31.0 ] },
										"west": { "texture": "#skin", "uv": [ 1.0, 27.5, 1.5, 31.0 ] },
										"up": { "texture": "#skin", "uv": [ 0.5, 27.0, 1.0, 27.5 ], "rotation": 180 },
										"down": { "texture": "#skin", "uv": [ 0.5, 31.0, 1.0, 31.5 ] }
									},
									"children": [
										{
											"name": "R front pastern",
											"from": [ 0.0, -1.35, 0.0375 ], 
											"to": [ 0.825, 0.525, 0.7875 ], 
											"unwrapMode": 1,
											"uv": [ 10.0, 18.0 ],
											"rotationOrigin": [ 0.375, 0.525, 0.45 ],
											"rotationX": -1.0,
											"rotationZ": 3.0,
											"faces": {
												"north": { "texture": "#skin", "uv": [ 10.5, 18.5, 11.0, 20.0 ] },
												"east": { "texture": "#skin", "uv": [ 10.0, 18.5, 10.5, 20.0 ] },
												"south": { "texture": "#skin", "uv": [ 11.5, 18.5, 12.0, 20.0 ] },
												"west": { "texture": "#skin", "uv": [ 11.0, 18.5, 11.5, 20.0 ] },
												"up": { "texture": "#skin", "uv": [ 10.5, 18.0, 11.0, 18.5 ], "rotation": 180 },
												"down": { "texture": "#skin", "uv": [ 10.5, 20.0, 11.0, 20.5 ] }
											},
											"children": [
												{
													"name": "R origin hoof",
													"from": [ 0.45, 0.6, 0.45 ], 
													"to": [ 0.45, 0.6, 0.45 ], 
													"uv": [ 0.0, 0.0 ],
													"rotationOrigin": [ 0.45, 0.6, 0.4486 ],
													"rotationZ": 17.0,
													"faces": {
														"north": { "texture": "#skin", "uv": [ 0.0, 0.5, 0.375, 0.875 ], "enabled": false },
														"east": { "texture": "#skin", "uv": [ 0.5, 0.5, 0.875, 0.875 ], "enabled": false },
														"south": { "texture": "#skin", "uv": [ 1.0, 0.5, 1.375, 0.875 ], "enabled": false },
														"west": { "texture": "#skin", "uv": [ 1.5, 0.5, 1.875, 0.875 ], "enabled": false },
														"up": { "texture": "#skin", "uv": [ 0.0, 0.0, 0.375, 0.375 ], "enabled": false },
														"down": { "texture": "#skin", "uv": [ 0.5, 0.0, 0.875, 0.375 ], "enabled": false }
													},
													"children": [
														{
															"name": "R front hoof 1",
															"from": [ -1.275, -0.3, -0.4125 ], 
															"to": [ -0.225, 0.225, 0.2625 ], 
															"unwrapMode": 4,
															"uv": [ 15.0, 11.5 ],
															"rotationOrigin": [ -0.225, 0.075, 0.3 ],
															"rotationZ": 60.0,
															"faces": {
																"north": { "texture": "#skin", "uv": [ 15.0, 12.5, 16.0, 13.0 ] },
																"east": { "texture": "#skin", "uv": [ 17.5, 12.5, 18.0, 13.0 ] },
																"south": { "texture": "#skin", "uv": [ 16.5, 12.5, 17.5, 13.0 ] },
																"west": { "texture": "#skin", "uv": [ 16.0, 12.5, 16.5, 13.0 ] },
																"up": { "texture": "#skin", "uv": [ 16.0, 11.5, 16.5, 12.5 ], "rotation": 90 },
																"down": { "texture": "#skin", "uv": [ 16.0, 13.0, 16.5, 14.0 ], "rotation": 90 }
															}
														},
														{
															"name": "R front hoof 2",
															"from": [ -0.675, -0.675, -0.4125 ], 
															"to": [ 0.225, -0.3, 0.2625 ], 
															"unwrapMode": 4,
															"uv": [ 16.5, 0.0 ],
															"rotationOrigin": [ 0.15, -0.3, 0.225 ],
															"rotationZ": 27.0,
															"faces": {
																"north": { "texture": "#skin", "uv": [ 16.5, 0.5, 17.0, 1.0 ] },
																"east": { "texture": "#skin", "uv": [ 18.0, 0.5, 18.5, 1.0 ] },
																"south": { "texture": "#skin", "uv": [ 17.5, 0.5, 18.0, 1.0 ] },
																"west": { "texture": "#skin", "uv": [ 17.0, 0.5, 17.5, 1.0 ] },
																"up": { "texture": "#skin", "uv": [ 17.0, 0.0, 17.5, 0.5 ], "rotation": 90 },
																"down": { "texture": "#skin", "uv": [ 17.0, 1.0, 17.5, 1.5 ], "rotation": 90 }
															}
														}
													]
												}
											]
										}
									]
								}
							]
						}
					]
				}
			],
			"attachmentpoints": [
				{
					"code": "Center",
					"posX": "9.0","posY": "4.0","posZ": "5.0",
					"rotationX": "0.0","rotationY": "0.0","rotationZ": "0.0"
				}
			]
		}
	]}