[
{"name": "Moose Taxidermy (Calf)", "ingredientPattern": "_BC,DEF,GHI","ingredients": {"B": { "type": "item", "code": "game:hammer-*", "isTool": true },"C": { "type": "item", "code": "game:knife-*", "isTool": true },"D": { "type": "item", "code": "capreolinae:pelt-alceini-baby-alcesalces" },"E": { "type": "item", "code": "game:metalnailsandstrips-*", "quantity": 1 },"F": { "type": "item", "code": "game:clay-*", "quantity": 4 },"G": { "type": "block", "code": "game:debarkedlog-*", "quantity": 2 },"H": { "type": "block", "code": "game:glass-*" },"I": { "type": "item", "code": "game:powder-borax", "quantity": 1 }},"width": 3,"height": 3,"output": { "type": "item", "code": "capreolinae:taxidermy-alceini-baby-alcesalces-00", "quantity": 1  }},
{"name": "Moose Taxidermy (Female)", "ingredientPattern": "_BC,DEF,GHI","ingredients": {"B": { "type": "item", "code": "game:hammer-*", "isTool": true },"C": { "type": "item", "code": "game:knife-*", "isTool": true },"D": { "type": "item", "code": "capreolinae:pelt-alceini-female-alcesalces" },"E": { "type": "item", "code": "game:metalnailsandstrips-*", "quantity": 1 },"F": { "type": "item", "code": "game:clay-*", "quantity": 4 },"G": { "type": "block", "code": "game:debarkedlog-*", "quantity": 3 },"H": { "type": "block", "code": "game:glass-*" },"I": { "type": "item", "code": "game:powder-borax", "quantity": 2 }},"width": 3,"height": 3,"output": { "type": "item", "code": "capreolinae:taxidermy-alceini-female-alcesalces-00", "quantity": 1  }},
{"name": "Moose Taxidermy (Male)", "ingredientPattern": "_BC,DEF,GHI","ingredients": {"B": { "type": "item", "code": "game:hammer-*", "isTool": true },"C": { "type": "item", "code": "game:knife-*", "isTool": true },"D": { "type": "item", "code": "capreolinae:pelt-alceini-male-alcesalces" },"E": { "type": "item", "code": "game:metalnailsandstrips-*", "quantity": 1 },"F": { "type": "item", "code": "game:clay-*", "quantity": 4 },"G": { "type": "block", "code": "game:debarkedlog-*", "quantity": 4 },"H": { "type": "block", "code": "game:glass-*" },"I": { "type": "item", "code": "game:powder-borax", "quantity": 2 }},"width": 3,"height": 3,"output": { "type": "item", "code": "capreolinae:taxidermy-alceini-male-alcesalces-00", "quantity": 1  }},
{"name": "Moose Taxidermy (Male)", "ingredientPattern": "ABC,DEF,GHI","ingredients": {"A": { "type": "item", "code": "game:antler-alcesalces-*", "name": "size", "allowedVariants": ["01","02","03","04","05","06","07","08","09"] },"B": { "type": "item", "code": "game:hammer-*", "isTool": true },"C": { "type": "item", "code": "game:knife-*", "isTool": true },"D": { "type": "item", "code": "capreolinae:pelt-alceini-male-alcesalces" },"E": { "type": "item", "code": "game:metalnailsandstrips-*", "quantity": 1 },"F": { "type": "item", "code": "game:clay-*", "quantity": 4 },"G": { "type": "block", "code": "game:debarkedlog-*", "quantity": 4 },"H": { "type": "block", "code": "game:glass-*" },"I": { "type": "item", "code": "game:powder-borax", "quantity": 2 }},"width": 3,"height": 3,"output": { "type": "item", "code": "capreolinae:taxidermy-alceini-male-alcesalces-{size}", "quantity": 1  }},

{"name": "Western Roe Deer Taxidermy (Fawn)", "ingredientPattern": "_BC,DEF,GHI","ingredients": {"B": { "type": "item", "code": "game:hammer-*", "isTool": true },"C": { "type": "item", "code": "game:knife-*", "isTool": true },"D": { "type": "item", "code": "capreolinae:pelt-capreolini-baby-capreoluscapreolus" },"E": { "type": "item", "code": "game:metalnailsandstrips-*", "quantity": 1 },"F": { "type": "item", "code": "game:clay-*", "quantity": 4 },"G": { "type": "block", "code": "game:debarkedlog-*", "quantity": 1 },"H": { "type": "block", "code": "game:glass-*" },"I": { "type": "item", "code": "game:powder-borax", "quantity": 1 }},"width": 3,"height": 3,"output": { "type": "item", "code": "capreolinae:taxidermy-capreolini-baby-capreoluscapreolus-00", "quantity": 1  }},
{"name": "Western Roe Deer Taxidermy (Female)", "ingredientPattern": "_BC,DEF,GHI","ingredients": {"B": { "type": "item", "code": "game:hammer-*", "isTool": true },"C": { "type": "item", "code": "game:knife-*", "isTool": true },"D": { "type": "item", "code": "capreolinae:pelt-capreolini-female-capreoluscapreolus" },"E": { "type": "item", "code": "game:metalnailsandstrips-*", "quantity": 1 },"F": { "type": "item", "code": "game:clay-*", "quantity": 4 },"G": { "type": "block", "code": "game:debarkedlog-*", "quantity": 1 },"H": { "type": "block", "code": "game:glass-*" },"I": { "type": "item", "code": "game:powder-borax", "quantity": 1 }},"width": 3,"height": 3,"output": { "type": "item", "code": "capreolinae:taxidermy-capreolini-female-capreoluscapreolus-00", "quantity": 1  }},
{"name": "Western Roe Deer Taxidermy (Male)", "ingredientPattern": "_BC,DEF,GHI","ingredients": {"B": { "type": "item", "code": "game:hammer-*", "isTool": true },"C": { "type": "item", "code": "game:knife-*", "isTool": true },"D": { "type": "item", "code": "capreolinae:pelt-capreolini-male-capreoluscapreolus" },"E": { "type": "item", "code": "game:metalnailsandstrips-*", "quantity": 1 },"F": { "type": "item", "code": "game:clay-*", "quantity": 4 },"G": { "type": "block", "code": "game:debarkedlog-*", "quantity": 1 },"H": { "type": "block", "code": "game:glass-*" },"I": { "type": "item", "code": "game:powder-borax", "quantity": 1 }},"width": 3,"height": 3,"output": { "type": "item", "code": "capreolinae:taxidermy-capreolini-male-capreoluscapreolus-00", "quantity": 1  }},

{"name": "Eastern Roe Deer Taxidermy (Fawn)", "ingredientPattern": "_BC,DEF,GHI","ingredients": {"B": { "type": "item", "code": "game:hammer-*", "isTool": true },"C": { "type": "item", "code": "game:knife-*", "isTool": true },"D": { "type": "item", "code": "capreolinae:pelt-capreolini-baby-capreoluspygargus" },"E": { "type": "item", "code": "game:metalnailsandstrips-*", "quantity": 1 },"F": { "type": "item", "code": "game:clay-*", "quantity": 4 },"G": { "type": "block", "code": "game:debarkedlog-*", "quantity": 1 },"H": { "type": "block", "code": "game:glass-*" },"I": { "type": "item", "code": "game:powder-borax", "quantity": 1 }},"width": 3,"height": 3,"output": { "type": "item", "code": "capreolinae:taxidermy-capreolini-baby-capreoluspygargus-00", "quantity": 1  }},
{"name": "Eastern Roe Deer Taxidermy (Female)", "ingredientPattern": "_BC,DEF,GHI","ingredients": {"B": { "type": "item", "code": "game:hammer-*", "isTool": true },"C": { "type": "item", "code": "game:knife-*", "isTool": true },"D": { "type": "item", "code": "capreolinae:pelt-capreolini-female-capreoluspygargus" },"E": { "type": "item", "code": "game:metalnailsandstrips-*", "quantity": 1 },"F": { "type": "item", "code": "game:clay-*", "quantity": 4 },"G": { "type": "block", "code": "game:debarkedlog-*", "quantity": 1 },"H": { "type": "block", "code": "game:glass-*" },"I": { "type": "item", "code": "game:powder-borax", "quantity": 1 }},"width": 3,"height": 3,"output": { "type": "item", "code": "capreolinae:taxidermy-capreolini-female-capreoluspygargus-00", "quantity": 1  }},
{"name": "Eastern Roe Deer Taxidermy (Male)", "ingredientPattern": "_BC,DEF,GHI","ingredients": {"B": { "type": "item", "code": "game:hammer-*", "isTool": true },"C": { "type": "item", "code": "game:knife-*", "isTool": true },"D": { "type": "item", "code": "capreolinae:pelt-capreolini-male-capreoluspygargus" },"E": { "type": "item", "code": "game:metalnailsandstrips-*", "quantity": 1 },"F": { "type": "item", "code": "game:clay-*", "quantity": 4 },"G": { "type": "block", "code": "game:debarkedlog-*", "quantity": 1 },"H": { "type": "block", "code": "game:glass-*" },"I": { "type": "item", "code": "game:powder-borax", "quantity": 1 }},"width": 3,"height": 3,"output": { "type": "item", "code": "capreolinae:taxidermy-capreolini-male-capreoluspygargus-00", "quantity": 1  }},

{"name": "Water Deer Taxidermy (Fawn)", "ingredientPattern": "_BC,DEF,GHI","ingredients": {"B": { "type": "item", "code": "game:hammer-*", "isTool": true },"C": { "type": "item", "code": "game:knife-*", "isTool": true },"D": { "type": "item", "code": "capreolinae:pelt-capreolini-baby-hydropotesinermis" },"E": { "type": "item", "code": "game:metalnailsandstrips-*", "quantity": 1 },"F": { "type": "item", "code": "game:clay-*", "quantity": 4 },"G": { "type": "block", "code": "game:debarkedlog-*", "quantity": 1 },"H": { "type": "block", "code": "game:glass-*" },"I": { "type": "item", "code": "game:powder-borax", "quantity": 1 }},"width": 3,"height": 3,"output": { "type": "item", "code": "capreolinae:taxidermy-capreolini-baby-hydropotesinermis-00", "quantity": 1  }},
{"name": "Water Deer Taxidermy (Female)", "ingredientPattern": "_BC,DEF,GHI","ingredients": {"B": { "type": "item", "code": "game:hammer-*", "isTool": true },"C": { "type": "item", "code": "game:knife-*", "isTool": true },"D": { "type": "item", "code": "capreolinae:pelt-capreolini-female-hydropotesinermis" },"E": { "type": "item", "code": "game:metalnailsandstrips-*", "quantity": 1 },"F": { "type": "item", "code": "game:clay-*", "quantity": 4 },"G": { "type": "block", "code": "game:debarkedlog-*", "quantity": 1 },"H": { "type": "block", "code": "game:glass-*" },"I": { "type": "item", "code": "game:powder-borax", "quantity": 1 }},"width": 3,"height": 3,"output": { "type": "item", "code": "capreolinae:taxidermy-capreolini-female-hydropotesinermis-00", "quantity": 1  }},
{"name": "Water Deer Taxidermy (Male)", "ingredientPattern": "_BC,DEF,GHI","ingredients": {"B": { "type": "item", "code": "game:hammer-*", "isTool": true },"C": { "type": "item", "code": "game:knife-*", "isTool": true },"D": { "type": "item", "code": "capreolinae:pelt-capreolini-male-hydropotesinermis" },"E": { "type": "item", "code": "game:metalnailsandstrips-*", "quantity": 1 },"F": { "type": "item", "code": "game:clay-*", "quantity": 4 },"G": { "type": "block", "code": "game:debarkedlog-*", "quantity": 1 },"H": { "type": "block", "code": "game:glass-*" },"I": { "type": "item", "code": "game:powder-borax", "quantity": 1 }},"width": 3,"height": 3,"output": { "type": "item", "code": "capreolinae:taxidermy-capreolini-male-hydropotesinermis-00", "quantity": 1  }},

{"name": "Marsh Deer Taxidermy (Fawn)", "ingredientPattern": "_BC,DEF,GHI","ingredients": {"B": { "type": "item", "code": "game:hammer-*", "isTool": true },"C": { "type": "item", "code": "game:knife-*", "isTool": true },"D": { "type": "item", "code": "capreolinae:pelt-odocoileini-baby-blastocerusdichotomus" },"E": { "type": "item", "code": "game:metalnailsandstrips-*", "quantity": 1 },"F": { "type": "item", "code": "game:clay-*", "quantity": 4 },"G": { "type": "block", "code": "game:debarkedlog-*", "quantity": 1 },"H": { "type": "block", "code": "game:glass-*" },"I": { "type": "item", "code": "game:powder-borax", "quantity": 1 }},"width": 3,"height": 3,"output": { "type": "item", "code": "capreolinae:taxidermy-odocoileini-baby-blastocerusdichotomus-00", "quantity": 1  }},
{"name": "Marsh Deer Taxidermy (Female)", "ingredientPattern": "_BC,DEF,GHI","ingredients": {"B": { "type": "item", "code": "game:hammer-*", "isTool": true },"C": { "type": "item", "code": "game:knife-*", "isTool": true },"D": { "type": "item", "code": "capreolinae:pelt-odocoileini-female-blastocerusdichotomus" },"E": { "type": "item", "code": "game:metalnailsandstrips-*", "quantity": 1 },"F": { "type": "item", "code": "game:clay-*", "quantity": 4 },"G": { "type": "block", "code": "game:debarkedlog-*", "quantity": 1 },"H": { "type": "block", "code": "game:glass-*" },"I": { "type": "item", "code": "game:powder-borax", "quantity": 1 }},"width": 3,"height": 3,"output": { "type": "item", "code": "capreolinae:taxidermy-odocoileini-female-blastocerusdichotomus-00", "quantity": 1  }},
{"name": "Marsh Deer Taxidermy (Male)", "ingredientPattern": "_BC,DEF,GHI","ingredients": {"B": { "type": "item", "code": "game:hammer-*", "isTool": true },"C": { "type": "item", "code": "game:knife-*", "isTool": true },"D": { "type": "item", "code": "capreolinae:pelt-odocoileini-male-blastocerusdichotomus" },"E": { "type": "item", "code": "game:metalnailsandstrips-*", "quantity": 1 },"F": { "type": "item", "code": "game:clay-*", "quantity": 4 },"G": { "type": "block", "code": "game:debarkedlog-*", "quantity": 1 },"H": { "type": "block", "code": "game:glass-*" },"I": { "type": "item", "code": "game:powder-borax", "quantity": 1 }},"width": 3,"height": 3,"output": { "type": "item", "code": "capreolinae:taxidermy-odocoileini-male-blastocerusdichotomus-00", "quantity": 1  }},

{"name": "Taruca Taxidermy (Fawn)", "ingredientPattern": "_BC,DEF,GHI","ingredients": {"B": { "type": "item", "code": "game:hammer-*", "isTool": true },"C": { "type": "item", "code": "game:knife-*", "isTool": true },"D": { "type": "item", "code": "capreolinae:pelt-odocoileini-baby-hippocamelusantisensis" },"E": { "type": "item", "code": "game:metalnailsandstrips-*", "quantity": 1 },"F": { "type": "item", "code": "game:clay-*", "quantity": 4 },"G": { "type": "block", "code": "game:debarkedlog-*", "quantity": 1 },"H": { "type": "block", "code": "game:glass-*" },"I": { "type": "item", "code": "game:powder-borax", "quantity": 1 }},"width": 3,"height": 3,"output": { "type": "item", "code": "capreolinae:taxidermy-odocoileini-baby-hippocamelusantisensis-00", "quantity": 1  }},
{"name": "Taruca Taxidermy (Female)", "ingredientPattern": "_BC,DEF,GHI","ingredients": {"B": { "type": "item", "code": "game:hammer-*", "isTool": true },"C": { "type": "item", "code": "game:knife-*", "isTool": true },"D": { "type": "item", "code": "capreolinae:pelt-odocoileini-female-hippocamelusantisensis" },"E": { "type": "item", "code": "game:metalnailsandstrips-*", "quantity": 1 },"F": { "type": "item", "code": "game:clay-*", "quantity": 4 },"G": { "type": "block", "code": "game:debarkedlog-*", "quantity": 1 },"H": { "type": "block", "code": "game:glass-*" },"I": { "type": "item", "code": "game:powder-borax", "quantity": 1 }},"width": 3,"height": 3,"output": { "type": "item", "code": "capreolinae:taxidermy-odocoileini-female-hippocamelusantisensis-00", "quantity": 1  }},
{"name": "Taruca Taxidermy (Male)", "ingredientPattern": "_BC,DEF,GHI","ingredients": {"B": { "type": "item", "code": "game:hammer-*", "isTool": true },"C": { "type": "item", "code": "game:knife-*", "isTool": true },"D": { "type": "item", "code": "capreolinae:pelt-odocoileini-male-hippocamelusantisensis" },"E": { "type": "item", "code": "game:metalnailsandstrips-*", "quantity": 1 },"F": { "type": "item", "code": "game:clay-*", "quantity": 4 },"G": { "type": "block", "code": "game:debarkedlog-*", "quantity": 1 },"H": { "type": "block", "code": "game:glass-*" },"I": { "type": "item", "code": "game:powder-borax", "quantity": 1 }},"width": 3,"height": 3,"output": { "type": "item", "code": "capreolinae:taxidermy-odocoileini-male-hippocamelusantisensis-00", "quantity": 1  }},

{"name": "Huemul Taxidermy (Fawn)", "ingredientPattern": "_BC,DEF,GHI","ingredients": {"B": { "type": "item", "code": "game:hammer-*", "isTool": true },"C": { "type": "item", "code": "game:knife-*", "isTool": true },"D": { "type": "item", "code": "capreolinae:pelt-odocoileini-baby-hippocamelusbisulcus" },"E": { "type": "item", "code": "game:metalnailsandstrips-*", "quantity": 1 },"F": { "type": "item", "code": "game:clay-*", "quantity": 4 },"G": { "type": "block", "code": "game:debarkedlog-*", "quantity": 1 },"H": { "type": "block", "code": "game:glass-*" },"I": { "type": "item", "code": "game:powder-borax", "quantity": 1 }},"width": 3,"height": 3,"output": { "type": "item", "code": "capreolinae:taxidermy-odocoileini-baby-hippocamelusbisulcus-00", "quantity": 1  }},
{"name": "Huemul Taxidermy (Female)", "ingredientPattern": "_BC,DEF,GHI","ingredients": {"B": { "type": "item", "code": "game:hammer-*", "isTool": true },"C": { "type": "item", "code": "game:knife-*", "isTool": true },"D": { "type": "item", "code": "capreolinae:pelt-odocoileini-female-hippocamelusbisulcus" },"E": { "type": "item", "code": "game:metalnailsandstrips-*", "quantity": 1 },"F": { "type": "item", "code": "game:clay-*", "quantity": 4 },"G": { "type": "block", "code": "game:debarkedlog-*", "quantity": 1 },"H": { "type": "block", "code": "game:glass-*" },"I": { "type": "item", "code": "game:powder-borax", "quantity": 1 }},"width": 3,"height": 3,"output": { "type": "item", "code": "capreolinae:taxidermy-odocoileini-female-hippocamelusbisulcus-00", "quantity": 1  }},
{"name": "Huemul Taxidermy (Male)", "ingredientPattern": "_BC,DEF,GHI","ingredients": {"B": { "type": "item", "code": "game:hammer-*", "isTool": true },"C": { "type": "item", "code": "game:knife-*", "isTool": true },"D": { "type": "item", "code": "capreolinae:pelt-odocoileini-male-hippocamelusbisulcus" },"E": { "type": "item", "code": "game:metalnailsandstrips-*", "quantity": 1 },"F": { "type": "item", "code": "game:clay-*", "quantity": 4 },"G": { "type": "block", "code": "game:debarkedlog-*", "quantity": 1 },"H": { "type": "block", "code": "game:glass-*" },"I": { "type": "item", "code": "game:powder-borax", "quantity": 1 }},"width": 3,"height": 3,"output": { "type": "item", "code": "capreolinae:taxidermy-odocoileini-male-hippocamelusbisulcus-00", "quantity": 1  }},

{"name": "Red Brocket Taxidermy (Fawn)", "ingredientPattern": "_BC,DEF,GHI","ingredients": {"B": { "type": "item", "code": "game:hammer-*", "isTool": true },"C": { "type": "item", "code": "game:knife-*", "isTool": true },"D": { "type": "item", "code": "capreolinae:pelt-odocoileini-baby-mazamaamericana" },"E": { "type": "item", "code": "game:metalnailsandstrips-*", "quantity": 1 },"F": { "type": "item", "code": "game:clay-*", "quantity": 4 },"G": { "type": "block", "code": "game:debarkedlog-*", "quantity": 1 },"H": { "type": "block", "code": "game:glass-*" },"I": { "type": "item", "code": "game:powder-borax", "quantity": 1 }},"width": 3,"height": 3,"output": { "type": "item", "code": "capreolinae:taxidermy-odocoileini-baby-mazamaamericana-00", "quantity": 1  }},
{"name": "Red Brocket Taxidermy (Female)", "ingredientPattern": "_BC,DEF,GHI","ingredients": {"B": { "type": "item", "code": "game:hammer-*", "isTool": true },"C": { "type": "item", "code": "game:knife-*", "isTool": true },"D": { "type": "item", "code": "capreolinae:pelt-odocoileini-female-mazamaamericana" },"E": { "type": "item", "code": "game:metalnailsandstrips-*", "quantity": 1 },"F": { "type": "item", "code": "game:clay-*", "quantity": 4 },"G": { "type": "block", "code": "game:debarkedlog-*", "quantity": 1 },"H": { "type": "block", "code": "game:glass-*" },"I": { "type": "item", "code": "game:powder-borax", "quantity": 1 }},"width": 3,"height": 3,"output": { "type": "item", "code": "capreolinae:taxidermy-odocoileini-female-mazamaamericana-00", "quantity": 1  }},
{"name": "Red Brocket Taxidermy (Male)", "ingredientPattern": "_BC,DEF,GHI","ingredients": {"B": { "type": "item", "code": "game:hammer-*", "isTool": true },"C": { "type": "item", "code": "game:knife-*", "isTool": true },"D": { "type": "item", "code": "capreolinae:pelt-odocoileini-male-mazamaamericana" },"E": { "type": "item", "code": "game:metalnailsandstrips-*", "quantity": 1 },"F": { "type": "item", "code": "game:clay-*", "quantity": 4 },"G": { "type": "block", "code": "game:debarkedlog-*", "quantity": 1 },"H": { "type": "block", "code": "game:glass-*" },"I": { "type": "item", "code": "game:powder-borax", "quantity": 1 }},"width": 3,"height": 3,"output": { "type": "item", "code": "capreolinae:taxidermy-odocoileini-male-mazamaamericana-00", "quantity": 1  }},

{"name": "Dwarf Brocket Taxidermy (Fawn)", "ingredientPattern": "_BC,DEF,GHI","ingredients": {"B": { "type": "item", "code": "game:hammer-*", "isTool": true },"C": { "type": "item", "code": "game:knife-*", "isTool": true },"D": { "type": "item", "code": "capreolinae:pelt-odocoileini-baby-mazamachunyi" },"E": { "type": "item", "code": "game:metalnailsandstrips-*", "quantity": 1 },"F": { "type": "item", "code": "game:clay-*", "quantity": 4 },"G": { "type": "block", "code": "game:debarkedlog-*", "quantity": 1 },"H": { "type": "block", "code": "game:glass-*" },"I": { "type": "item", "code": "game:powder-borax", "quantity": 1 }},"width": 3,"height": 3,"output": { "type": "item", "code": "capreolinae:taxidermy-odocoileini-baby-mazamachunyi-00", "quantity": 1  }},
{"name": "Dwarf Brocket Taxidermy (Female)", "ingredientPattern": "_BC,DEF,GHI","ingredients": {"B": { "type": "item", "code": "game:hammer-*", "isTool": true },"C": { "type": "item", "code": "game:knife-*", "isTool": true },"D": { "type": "item", "code": "capreolinae:pelt-odocoileini-female-mazamachunyi" },"E": { "type": "item", "code": "game:metalnailsandstrips-*", "quantity": 1 },"F": { "type": "item", "code": "game:clay-*", "quantity": 4 },"G": { "type": "block", "code": "game:debarkedlog-*", "quantity": 1 },"H": { "type": "block", "code": "game:glass-*" },"I": { "type": "item", "code": "game:powder-borax", "quantity": 1 }},"width": 3,"height": 3,"output": { "type": "item", "code": "capreolinae:taxidermy-odocoileini-female-mazamachunyi-00", "quantity": 1  }},
{"name": "Dwarf Brocket Taxidermy (Male)", "ingredientPattern": "_BC,DEF,GHI","ingredients": {"B": { "type": "item", "code": "game:hammer-*", "isTool": true },"C": { "type": "item", "code": "game:knife-*", "isTool": true },"D": { "type": "item", "code": "capreolinae:pelt-odocoileini-male-mazamachunyi" },"E": { "type": "item", "code": "game:metalnailsandstrips-*", "quantity": 1 },"F": { "type": "item", "code": "game:clay-*", "quantity": 4 },"G": { "type": "block", "code": "game:debarkedlog-*", "quantity": 1 },"H": { "type": "block", "code": "game:glass-*" },"I": { "type": "item", "code": "game:powder-borax", "quantity": 1 }},"width": 3,"height": 3,"output": { "type": "item", "code": "capreolinae:taxidermy-odocoileini-male-mazamachunyi-00", "quantity": 1  }},

{"name": "Gray Brocket Taxidermy (Fawn)", "ingredientPattern": "_BC,DEF,GHI","ingredients": {"B": { "type": "item", "code": "game:hammer-*", "isTool": true },"C": { "type": "item", "code": "game:knife-*", "isTool": true },"D": { "type": "item", "code": "capreolinae:pelt-odocoileini-baby-mazamagouazoubira" },"E": { "type": "item", "code": "game:metalnailsandstrips-*", "quantity": 1 },"F": { "type": "item", "code": "game:clay-*", "quantity": 4 },"G": { "type": "block", "code": "game:debarkedlog-*", "quantity": 1 },"H": { "type": "block", "code": "game:glass-*" },"I": { "type": "item", "code": "game:powder-borax", "quantity": 1 }},"width": 3,"height": 3,"output": { "type": "item", "code": "capreolinae:taxidermy-odocoileini-baby-mazamagouazoubira-00", "quantity": 1  }},
{"name": "Gray Brocket Taxidermy (Female)", "ingredientPattern": "_BC,DEF,GHI","ingredients": {"B": { "type": "item", "code": "game:hammer-*", "isTool": true },"C": { "type": "item", "code": "game:knife-*", "isTool": true },"D": { "type": "item", "code": "capreolinae:pelt-odocoileini-female-mazamagouazoubira" },"E": { "type": "item", "code": "game:metalnailsandstrips-*", "quantity": 1 },"F": { "type": "item", "code": "game:clay-*", "quantity": 4 },"G": { "type": "block", "code": "game:debarkedlog-*", "quantity": 1 },"H": { "type": "block", "code": "game:glass-*" },"I": { "type": "item", "code": "game:powder-borax", "quantity": 1 }},"width": 3,"height": 3,"output": { "type": "item", "code": "capreolinae:taxidermy-odocoileini-female-mazamagouazoubira-00", "quantity": 1  }},
{"name": "Gray Brocket Taxidermy (Male)", "ingredientPattern": "_BC,DEF,GHI","ingredients": {"B": { "type": "item", "code": "game:hammer-*", "isTool": true },"C": { "type": "item", "code": "game:knife-*", "isTool": true },"D": { "type": "item", "code": "capreolinae:pelt-odocoileini-male-mazamagouazoubira" },"E": { "type": "item", "code": "game:metalnailsandstrips-*", "quantity": 1 },"F": { "type": "item", "code": "game:clay-*", "quantity": 4 },"G": { "type": "block", "code": "game:debarkedlog-*", "quantity": 1 },"H": { "type": "block", "code": "game:glass-*" },"I": { "type": "item", "code": "game:powder-borax", "quantity": 1 }},"width": 3,"height": 3,"output": { "type": "item", "code": "capreolinae:taxidermy-odocoileini-male-mazamagouazoubira-00", "quantity": 1  }},

{"name": "Pygmy Brocket Taxidermy (Fawn)", "ingredientPattern": "_BC,DEF,GHI","ingredients": {"B": { "type": "item", "code": "game:hammer-*", "isTool": true },"C": { "type": "item", "code": "game:knife-*", "isTool": true },"D": { "type": "item", "code": "capreolinae:pelt-odocoileini-baby-mazamanana" },"E": { "type": "item", "code": "game:metalnailsandstrips-*", "quantity": 1 },"F": { "type": "item", "code": "game:clay-*", "quantity": 4 },"G": { "type": "block", "code": "game:debarkedlog-*", "quantity": 1 },"H": { "type": "block", "code": "game:glass-*" },"I": { "type": "item", "code": "game:powder-borax", "quantity": 1 }},"width": 3,"height": 3,"output": { "type": "item", "code": "capreolinae:taxidermy-odocoileini-baby-mazamanana-00", "quantity": 1  }},
{"name": "Pygmy Brocket Taxidermy (Female)", "ingredientPattern": "_BC,DEF,GHI","ingredients": {"B": { "type": "item", "code": "game:hammer-*", "isTool": true },"C": { "type": "item", "code": "game:knife-*", "isTool": true },"D": { "type": "item", "code": "capreolinae:pelt-odocoileini-female-mazamanana" },"E": { "type": "item", "code": "game:metalnailsandstrips-*", "quantity": 1 },"F": { "type": "item", "code": "game:clay-*", "quantity": 4 },"G": { "type": "block", "code": "game:debarkedlog-*", "quantity": 1 },"H": { "type": "block", "code": "game:glass-*" },"I": { "type": "item", "code": "game:powder-borax", "quantity": 1 }},"width": 3,"height": 3,"output": { "type": "item", "code": "capreolinae:taxidermy-odocoileini-female-mazamanana-00", "quantity": 1  }},
{"name": "Pygmy Brocket Taxidermy (Male)", "ingredientPattern": "_BC,DEF,GHI","ingredients": {"B": { "type": "item", "code": "game:hammer-*", "isTool": true },"C": { "type": "item", "code": "game:knife-*", "isTool": true },"D": { "type": "item", "code": "capreolinae:pelt-odocoileini-male-mazamanana" },"E": { "type": "item", "code": "game:metalnailsandstrips-*", "quantity": 1 },"F": { "type": "item", "code": "game:clay-*", "quantity": 4 },"G": { "type": "block", "code": "game:debarkedlog-*", "quantity": 1 },"H": { "type": "block", "code": "game:glass-*" },"I": { "type": "item", "code": "game:powder-borax", "quantity": 1 }},"width": 3,"height": 3,"output": { "type": "item", "code": "capreolinae:taxidermy-odocoileini-male-mazamanana-00", "quantity": 1  }},

{"name": "Amazonian Brown Brocket Taxidermy (Fawn)", "ingredientPattern": "_BC,DEF,GHI","ingredients": {"B": { "type": "item", "code": "game:hammer-*", "isTool": true },"C": { "type": "item", "code": "game:knife-*", "isTool": true },"D": { "type": "item", "code": "capreolinae:pelt-odocoileini-baby-mazamanemorivaga" },"E": { "type": "item", "code": "game:metalnailsandstrips-*", "quantity": 1 },"F": { "type": "item", "code": "game:clay-*", "quantity": 4 },"G": { "type": "block", "code": "game:debarkedlog-*", "quantity": 1 },"H": { "type": "block", "code": "game:glass-*" },"I": { "type": "item", "code": "game:powder-borax", "quantity": 1 }},"width": 3,"height": 3,"output": { "type": "item", "code": "capreolinae:taxidermy-odocoileini-baby-mazamanemorivaga-00", "quantity": 1  }},
{"name": "Amazonian Brown Brocket Taxidermy (Female)", "ingredientPattern": "_BC,DEF,GHI","ingredients": {"B": { "type": "item", "code": "game:hammer-*", "isTool": true },"C": { "type": "item", "code": "game:knife-*", "isTool": true },"D": { "type": "item", "code": "capreolinae:pelt-odocoileini-female-mazamanemorivaga" },"E": { "type": "item", "code": "game:metalnailsandstrips-*", "quantity": 1 },"F": { "type": "item", "code": "game:clay-*", "quantity": 4 },"G": { "type": "block", "code": "game:debarkedlog-*", "quantity": 1 },"H": { "type": "block", "code": "game:glass-*" },"I": { "type": "item", "code": "game:powder-borax", "quantity": 1 }},"width": 3,"height": 3,"output": { "type": "item", "code": "capreolinae:taxidermy-odocoileini-female-mazamanemorivaga-00", "quantity": 1  }},
{"name": "Amazonian Brown Brocket Taxidermy (Male)", "ingredientPattern": "_BC,DEF,GHI","ingredients": {"B": { "type": "item", "code": "game:hammer-*", "isTool": true },"C": { "type": "item", "code": "game:knife-*", "isTool": true },"D": { "type": "item", "code": "capreolinae:pelt-odocoileini-male-mazamanemorivaga" },"E": { "type": "item", "code": "game:metalnailsandstrips-*", "quantity": 1 },"F": { "type": "item", "code": "game:clay-*", "quantity": 4 },"G": { "type": "block", "code": "game:debarkedlog-*", "quantity": 1 },"H": { "type": "block", "code": "game:glass-*" },"I": { "type": "item", "code": "game:powder-borax", "quantity": 1 }},"width": 3,"height": 3,"output": { "type": "item", "code": "capreolinae:taxidermy-odocoileini-male-mazamanemorivaga-00", "quantity": 1  }},

{"name": "Swamp Brocket Taxidermy (Fawn)", "ingredientPattern": "_BC,DEF,GHI","ingredients": {"B": { "type": "item", "code": "game:hammer-*", "isTool": true },"C": { "type": "item", "code": "game:knife-*", "isTool": true },"D": { "type": "item", "code": "capreolinae:pelt-odocoileini-baby-mazamarufina" },"E": { "type": "item", "code": "game:metalnailsandstrips-*", "quantity": 1 },"F": { "type": "item", "code": "game:clay-*", "quantity": 4 },"G": { "type": "block", "code": "game:debarkedlog-*", "quantity": 1 },"H": { "type": "block", "code": "game:glass-*" },"I": { "type": "item", "code": "game:powder-borax", "quantity": 1 }},"width": 3,"height": 3,"output": { "type": "item", "code": "capreolinae:taxidermy-odocoileini-baby-mazamarufina-00", "quantity": 1  }},
{"name": "Swamp Brocket Taxidermy (Female)", "ingredientPattern": "_BC,DEF,GHI","ingredients": {"B": { "type": "item", "code": "game:hammer-*", "isTool": true },"C": { "type": "item", "code": "game:knife-*", "isTool": true },"D": { "type": "item", "code": "capreolinae:pelt-odocoileini-female-mazamarufina" },"E": { "type": "item", "code": "game:metalnailsandstrips-*", "quantity": 1 },"F": { "type": "item", "code": "game:clay-*", "quantity": 4 },"G": { "type": "block", "code": "game:debarkedlog-*", "quantity": 1 },"H": { "type": "block", "code": "game:glass-*" },"I": { "type": "item", "code": "game:powder-borax", "quantity": 1 }},"width": 3,"height": 3,"output": { "type": "item", "code": "capreolinae:taxidermy-odocoileini-female-mazamarufina-00", "quantity": 1  }},
{"name": "Swamp Brocket Taxidermy (Male)", "ingredientPattern": "_BC,DEF,GHI","ingredients": {"B": { "type": "item", "code": "game:hammer-*", "isTool": true },"C": { "type": "item", "code": "game:knife-*", "isTool": true },"D": { "type": "item", "code": "capreolinae:pelt-odocoileini-male-mazamarufina" },"E": { "type": "item", "code": "game:metalnailsandstrips-*", "quantity": 1 },"F": { "type": "item", "code": "game:clay-*", "quantity": 4 },"G": { "type": "block", "code": "game:debarkedlog-*", "quantity": 1 },"H": { "type": "block", "code": "game:glass-*" },"I": { "type": "item", "code": "game:powder-borax", "quantity": 1 }},"width": 3,"height": 3,"output": { "type": "item", "code": "capreolinae:taxidermy-odocoileini-male-mazamarufina-00", "quantity": 1  }},

{"name": "Central American Red Brocket Taxidermy (Fawn)", "ingredientPattern": "_BC,DEF,GHI","ingredients": {"B": { "type": "item", "code": "game:hammer-*", "isTool": true },"C": { "type": "item", "code": "game:knife-*", "isTool": true },"D": { "type": "item", "code": "capreolinae:pelt-odocoileini-baby-mazamatemama" },"E": { "type": "item", "code": "game:metalnailsandstrips-*", "quantity": 1 },"F": { "type": "item", "code": "game:clay-*", "quantity": 4 },"G": { "type": "block", "code": "game:debarkedlog-*", "quantity": 1 },"H": { "type": "block", "code": "game:glass-*" },"I": { "type": "item", "code": "game:powder-borax", "quantity": 1 }},"width": 3,"height": 3,"output": { "type": "item", "code": "capreolinae:taxidermy-odocoileini-baby-mazamatemama-00", "quantity": 1  }},
{"name": "Central American Red Brocket Taxidermy (Female)", "ingredientPattern": "_BC,DEF,GHI","ingredients": {"B": { "type": "item", "code": "game:hammer-*", "isTool": true },"C": { "type": "item", "code": "game:knife-*", "isTool": true },"D": { "type": "item", "code": "capreolinae:pelt-odocoileini-female-mazamatemama" },"E": { "type": "item", "code": "game:metalnailsandstrips-*", "quantity": 1 },"F": { "type": "item", "code": "game:clay-*", "quantity": 4 },"G": { "type": "block", "code": "game:debarkedlog-*", "quantity": 1 },"H": { "type": "block", "code": "game:glass-*" },"I": { "type": "item", "code": "game:powder-borax", "quantity": 1 }},"width": 3,"height": 3,"output": { "type": "item", "code": "capreolinae:taxidermy-odocoileini-female-mazamatemama-00", "quantity": 1  }},
{"name": "Central American Red Brocket Taxidermy (Male)", "ingredientPattern": "_BC,DEF,GHI","ingredients": {"B": { "type": "item", "code": "game:hammer-*", "isTool": true },"C": { "type": "item", "code": "game:knife-*", "isTool": true },"D": { "type": "item", "code": "capreolinae:pelt-odocoileini-male-mazamatemama" },"E": { "type": "item", "code": "game:metalnailsandstrips-*", "quantity": 1 },"F": { "type": "item", "code": "game:clay-*", "quantity": 4 },"G": { "type": "block", "code": "game:debarkedlog-*", "quantity": 1 },"H": { "type": "block", "code": "game:glass-*" },"I": { "type": "item", "code": "game:powder-borax", "quantity": 1 }},"width": 3,"height": 3,"output": { "type": "item", "code": "capreolinae:taxidermy-odocoileini-male-mazamatemama-00", "quantity": 1  }},

{"name": "Fair Brocket Taxidermy (Fawn)", "ingredientPattern": "_BC,DEF,GHI","ingredients": {"B": { "type": "item", "code": "game:hammer-*", "isTool": true },"C": { "type": "item", "code": "game:knife-*", "isTool": true },"D": { "type": "item", "code": "capreolinae:pelt-odocoileini-baby-mazamatienhoveni" },"E": { "type": "item", "code": "game:metalnailsandstrips-*", "quantity": 1 },"F": { "type": "item", "code": "game:clay-*", "quantity": 4 },"G": { "type": "block", "code": "game:debarkedlog-*", "quantity": 1 },"H": { "type": "block", "code": "game:glass-*" },"I": { "type": "item", "code": "game:powder-borax", "quantity": 1 }},"width": 3,"height": 3,"output": { "type": "item", "code": "capreolinae:taxidermy-odocoileini-baby-mazamatienhoveni-00", "quantity": 1  }},
{"name": "Fair Brocket Taxidermy (Female)", "ingredientPattern": "_BC,DEF,GHI","ingredients": {"B": { "type": "item", "code": "game:hammer-*", "isTool": true },"C": { "type": "item", "code": "game:knife-*", "isTool": true },"D": { "type": "item", "code": "capreolinae:pelt-odocoileini-female-mazamatienhoveni" },"E": { "type": "item", "code": "game:metalnailsandstrips-*", "quantity": 1 },"F": { "type": "item", "code": "game:clay-*", "quantity": 4 },"G": { "type": "block", "code": "game:debarkedlog-*", "quantity": 1 },"H": { "type": "block", "code": "game:glass-*" },"I": { "type": "item", "code": "game:powder-borax", "quantity": 1 }},"width": 3,"height": 3,"output": { "type": "item", "code": "capreolinae:taxidermy-odocoileini-female-mazamatienhoveni-00", "quantity": 1  }},
{"name": "Fair Brocket Taxidermy (Male)", "ingredientPattern": "_BC,DEF,GHI","ingredients": {"B": { "type": "item", "code": "game:hammer-*", "isTool": true },"C": { "type": "item", "code": "game:knife-*", "isTool": true },"D": { "type": "item", "code": "capreolinae:pelt-odocoileini-male-mazamatienhoveni" },"E": { "type": "item", "code": "game:metalnailsandstrips-*", "quantity": 1 },"F": { "type": "item", "code": "game:clay-*", "quantity": 4 },"G": { "type": "block", "code": "game:debarkedlog-*", "quantity": 1 },"H": { "type": "block", "code": "game:glass-*" },"I": { "type": "item", "code": "game:powder-borax", "quantity": 1 }},"width": 3,"height": 3,"output": { "type": "item", "code": "capreolinae:taxidermy-odocoileini-male-mazamatienhoveni-00", "quantity": 1  }},

{"name": "Mule Deer Taxidermy (Fawn)", "ingredientPattern": "_BC,DEF,GHI","ingredients": {"B": { "type": "item", "code": "game:hammer-*", "isTool": true },"C": { "type": "item", "code": "game:knife-*", "isTool": true },"D": { "type": "item", "code": "capreolinae:pelt-odocoileini-baby-odocoileushemionus" },"E": { "type": "item", "code": "game:metalnailsandstrips-*", "quantity": 1 },"F": { "type": "item", "code": "game:clay-*", "quantity": 4 },"G": { "type": "block", "code": "game:debarkedlog-*", "quantity": 1 },"H": { "type": "block", "code": "game:glass-*" },"I": { "type": "item", "code": "game:powder-borax", "quantity": 1 }},"width": 3,"height": 3,"output": { "type": "item", "code": "capreolinae:taxidermy-odocoileini-baby-odocoileushemionus-00", "quantity": 1  }},
{"name": "Mule Deer Taxidermy (Female)", "ingredientPattern": "_BC,DEF,GHI","ingredients": {"B": { "type": "item", "code": "game:hammer-*", "isTool": true },"C": { "type": "item", "code": "game:knife-*", "isTool": true },"D": { "type": "item", "code": "capreolinae:pelt-odocoileini-female-odocoileushemionus" },"E": { "type": "item", "code": "game:metalnailsandstrips-*", "quantity": 1 },"F": { "type": "item", "code": "game:clay-*", "quantity": 4 },"G": { "type": "block", "code": "game:debarkedlog-*", "quantity": 1 },"H": { "type": "block", "code": "game:glass-*" },"I": { "type": "item", "code": "game:powder-borax", "quantity": 1 }},"width": 3,"height": 3,"output": { "type": "item", "code": "capreolinae:taxidermy-odocoileini-female-odocoileushemionus-00", "quantity": 1  }},
{"name": "Mule Deer Taxidermy (Male)", "ingredientPattern": "_BC,DEF,GHI","ingredients": {"B": { "type": "item", "code": "game:hammer-*", "isTool": true },"C": { "type": "item", "code": "game:knife-*", "isTool": true },"D": { "type": "item", "code": "capreolinae:pelt-odocoileini-male-odocoileushemionus" },"E": { "type": "item", "code": "game:metalnailsandstrips-*", "quantity": 1 },"F": { "type": "item", "code": "game:clay-*", "quantity": 4 },"G": { "type": "block", "code": "game:debarkedlog-*", "quantity": 1 },"H": { "type": "block", "code": "game:glass-*" },"I": { "type": "item", "code": "game:powder-borax", "quantity": 1 }},"width": 3,"height": 3,"output": { "type": "item", "code": "capreolinae:taxidermy-odocoileini-male-odocoileushemionus-00", "quantity": 1  }},

{"name": "Yucatan Brown Brocket Taxidermy (Fawn)", "ingredientPattern": "_BC,DEF,GHI","ingredients": {"B": { "type": "item", "code": "game:hammer-*", "isTool": true },"C": { "type": "item", "code": "game:knife-*", "isTool": true },"D": { "type": "item", "code": "capreolinae:pelt-odocoileini-baby-odocoileuspandora" },"E": { "type": "item", "code": "game:metalnailsandstrips-*", "quantity": 1 },"F": { "type": "item", "code": "game:clay-*", "quantity": 4 },"G": { "type": "block", "code": "game:debarkedlog-*", "quantity": 1 },"H": { "type": "block", "code": "game:glass-*" },"I": { "type": "item", "code": "game:powder-borax", "quantity": 1 }},"width": 3,"height": 3,"output": { "type": "item", "code": "capreolinae:taxidermy-odocoileini-baby-odocoileuspandora-00", "quantity": 1  }},
{"name": "Yucatan Brown Brocket Taxidermy (Female)", "ingredientPattern": "_BC,DEF,GHI","ingredients": {"B": { "type": "item", "code": "game:hammer-*", "isTool": true },"C": { "type": "item", "code": "game:knife-*", "isTool": true },"D": { "type": "item", "code": "capreolinae:pelt-odocoileini-female-odocoileuspandora" },"E": { "type": "item", "code": "game:metalnailsandstrips-*", "quantity": 1 },"F": { "type": "item", "code": "game:clay-*", "quantity": 4 },"G": { "type": "block", "code": "game:debarkedlog-*", "quantity": 1 },"H": { "type": "block", "code": "game:glass-*" },"I": { "type": "item", "code": "game:powder-borax", "quantity": 1 }},"width": 3,"height": 3,"output": { "type": "item", "code": "capreolinae:taxidermy-odocoileini-female-odocoileuspandora-00", "quantity": 1  }},
{"name": "Yucatan Brown Brocket Taxidermy (Male)", "ingredientPattern": "_BC,DEF,GHI","ingredients": {"B": { "type": "item", "code": "game:hammer-*", "isTool": true },"C": { "type": "item", "code": "game:knife-*", "isTool": true },"D": { "type": "item", "code": "capreolinae:pelt-odocoileini-male-odocoileuspandora" },"E": { "type": "item", "code": "game:metalnailsandstrips-*", "quantity": 1 },"F": { "type": "item", "code": "game:clay-*", "quantity": 4 },"G": { "type": "block", "code": "game:debarkedlog-*", "quantity": 1 },"H": { "type": "block", "code": "game:glass-*" },"I": { "type": "item", "code": "game:powder-borax", "quantity": 1 }},"width": 3,"height": 3,"output": { "type": "item", "code": "capreolinae:taxidermy-odocoileini-male-odocoileuspandora-00", "quantity": 1  }},

{"name": "White-Tailed Deer Taxidermy (Fawn)", "ingredientPattern": "_BC,DEF,GHI","ingredients": {"B": { "type": "item", "code": "game:hammer-*", "isTool": true },"C": { "type": "item", "code": "game:knife-*", "isTool": true },"D": { "type": "item", "code": "capreolinae:pelt-odocoileini-baby-odocoileusvirginianus" },"E": { "type": "item", "code": "game:metalnailsandstrips-*", "quantity": 1 },"F": { "type": "item", "code": "game:clay-*", "quantity": 4 },"G": { "type": "block", "code": "game:debarkedlog-*", "quantity": 1 },"H": { "type": "block", "code": "game:glass-*" },"I": { "type": "item", "code": "game:powder-borax", "quantity": 1 }},"width": 3,"height": 3,"output": { "type": "item", "code": "capreolinae:taxidermy-odocoileini-baby-odocoileusvirginianus-00", "quantity": 1  }},
{"name": "White-Tailed Deer Taxidermy (Female)", "ingredientPattern": "_BC,DEF,GHI","ingredients": {"B": { "type": "item", "code": "game:hammer-*", "isTool": true },"C": { "type": "item", "code": "game:knife-*", "isTool": true },"D": { "type": "item", "code": "capreolinae:pelt-odocoileini-female-odocoileusvirginianus" },"E": { "type": "item", "code": "game:metalnailsandstrips-*", "quantity": 1 },"F": { "type": "item", "code": "game:clay-*", "quantity": 4 },"G": { "type": "block", "code": "game:debarkedlog-*", "quantity": 1 },"H": { "type": "block", "code": "game:glass-*" },"I": { "type": "item", "code": "game:powder-borax", "quantity": 1 }},"width": 3,"height": 3,"output": { "type": "item", "code": "capreolinae:taxidermy-odocoileini-female-odocoileusvirginianus-00", "quantity": 1  }},
{"name": "White-Tailed Deer Taxidermy (Male)", "ingredientPattern": "_BC,DEF,GHI","ingredients": {"B": { "type": "item", "code": "game:hammer-*", "isTool": true },"C": { "type": "item", "code": "game:knife-*", "isTool": true },"D": { "type": "item", "code": "capreolinae:pelt-odocoileini-male-odocoileusvirginianus" },"E": { "type": "item", "code": "game:metalnailsandstrips-*", "quantity": 1 },"F": { "type": "item", "code": "game:clay-*", "quantity": 4 },"G": { "type": "block", "code": "game:debarkedlog-*", "quantity": 1 },"H": { "type": "block", "code": "game:glass-*" },"I": { "type": "item", "code": "game:powder-borax", "quantity": 1 }},"width": 3,"height": 3,"output": { "type": "item", "code": "capreolinae:taxidermy-odocoileini-male-odocoileusvirginianus-00", "quantity": 1  }},

{"name": "Pampas Deer Taxidermy (Fawn)", "ingredientPattern": "_BC,DEF,GHI","ingredients": {"B": { "type": "item", "code": "game:hammer-*", "isTool": true },"C": { "type": "item", "code": "game:knife-*", "isTool": true },"D": { "type": "item", "code": "capreolinae:pelt-odocoileini-baby-ozotocerosbezoarticus" },"E": { "type": "item", "code": "game:metalnailsandstrips-*", "quantity": 1 },"F": { "type": "item", "code": "game:clay-*", "quantity": 4 },"G": { "type": "block", "code": "game:debarkedlog-*", "quantity": 1 },"H": { "type": "block", "code": "game:glass-*" },"I": { "type": "item", "code": "game:powder-borax", "quantity": 1 }},"width": 3,"height": 3,"output": { "type": "item", "code": "capreolinae:taxidermy-odocoileini-baby-ozotocerosbezoarticus-00", "quantity": 1  }},
{"name": "Pampas Deer Taxidermy (Female)", "ingredientPattern": "_BC,DEF,GHI","ingredients": {"B": { "type": "item", "code": "game:hammer-*", "isTool": true },"C": { "type": "item", "code": "game:knife-*", "isTool": true },"D": { "type": "item", "code": "capreolinae:pelt-odocoileini-female-ozotocerosbezoarticus" },"E": { "type": "item", "code": "game:metalnailsandstrips-*", "quantity": 1 },"F": { "type": "item", "code": "game:clay-*", "quantity": 4 },"G": { "type": "block", "code": "game:debarkedlog-*", "quantity": 1 },"H": { "type": "block", "code": "game:glass-*" },"I": { "type": "item", "code": "game:powder-borax", "quantity": 1 }},"width": 3,"height": 3,"output": { "type": "item", "code": "capreolinae:taxidermy-odocoileini-female-ozotocerosbezoarticus-00", "quantity": 1  }},
{"name": "Pampas Deer Taxidermy (Male)", "ingredientPattern": "_BC,DEF,GHI","ingredients": {"B": { "type": "item", "code": "game:hammer-*", "isTool": true },"C": { "type": "item", "code": "game:knife-*", "isTool": true },"D": { "type": "item", "code": "capreolinae:pelt-odocoileini-male-ozotocerosbezoarticus" },"E": { "type": "item", "code": "game:metalnailsandstrips-*", "quantity": 1 },"F": { "type": "item", "code": "game:clay-*", "quantity": 4 },"G": { "type": "block", "code": "game:debarkedlog-*", "quantity": 1 },"H": { "type": "block", "code": "game:glass-*" },"I": { "type": "item", "code": "game:powder-borax", "quantity": 1 }},"width": 3,"height": 3,"output": { "type": "item", "code": "capreolinae:taxidermy-odocoileini-male-ozotocerosbezoarticus-00", "quantity": 1  }},

{"name": "Northern Pudu Taxidermy (Fawn)", "ingredientPattern": "_BC,DEF,GHI","ingredients": {"B": { "type": "item", "code": "game:hammer-*", "isTool": true },"C": { "type": "item", "code": "game:knife-*", "isTool": true },"D": { "type": "item", "code": "capreolinae:pelt-odocoileini-baby-pudellamephistophiles" },"E": { "type": "item", "code": "game:metalnailsandstrips-*", "quantity": 1 },"F": { "type": "item", "code": "game:clay-*", "quantity": 4 },"G": { "type": "block", "code": "game:debarkedlog-*", "quantity": 1 },"H": { "type": "block", "code": "game:glass-*" },"I": { "type": "item", "code": "game:powder-borax", "quantity": 1 }},"width": 3,"height": 3,"output": { "type": "item", "code": "capreolinae:taxidermy-odocoileini-baby-pudellamephistophiles-00", "quantity": 1  }},
{"name": "Northern Pudu Taxidermy (Female)", "ingredientPattern": "_BC,DEF,GHI","ingredients": {"B": { "type": "item", "code": "game:hammer-*", "isTool": true },"C": { "type": "item", "code": "game:knife-*", "isTool": true },"D": { "type": "item", "code": "capreolinae:pelt-odocoileini-female-pudellamephistophiles" },"E": { "type": "item", "code": "game:metalnailsandstrips-*", "quantity": 1 },"F": { "type": "item", "code": "game:clay-*", "quantity": 4 },"G": { "type": "block", "code": "game:debarkedlog-*", "quantity": 1 },"H": { "type": "block", "code": "game:glass-*" },"I": { "type": "item", "code": "game:powder-borax", "quantity": 1 }},"width": 3,"height": 3,"output": { "type": "item", "code": "capreolinae:taxidermy-odocoileini-female-pudellamephistophiles-00", "quantity": 1  }},
{"name": "Northern Pudu Taxidermy (Male)", "ingredientPattern": "_BC,DEF,GHI","ingredients": {"B": { "type": "item", "code": "game:hammer-*", "isTool": true },"C": { "type": "item", "code": "game:knife-*", "isTool": true },"D": { "type": "item", "code": "capreolinae:pelt-odocoileini-male-pudellamephistophiles" },"E": { "type": "item", "code": "game:metalnailsandstrips-*", "quantity": 1 },"F": { "type": "item", "code": "game:clay-*", "quantity": 4 },"G": { "type": "block", "code": "game:debarkedlog-*", "quantity": 1 },"H": { "type": "block", "code": "game:glass-*" },"I": { "type": "item", "code": "game:powder-borax", "quantity": 1 }},"width": 3,"height": 3,"output": { "type": "item", "code": "capreolinae:taxidermy-odocoileini-male-pudellamephistophiles-00", "quantity": 1  }},

{"name": "Southern Pudu Taxidermy (Fawn)", "ingredientPattern": "_BC,DEF,GHI","ingredients": {"B": { "type": "item", "code": "game:hammer-*", "isTool": true },"C": { "type": "item", "code": "game:knife-*", "isTool": true },"D": { "type": "item", "code": "capreolinae:pelt-odocoileini-baby-pudupuda" },"E": { "type": "item", "code": "game:metalnailsandstrips-*", "quantity": 1 },"F": { "type": "item", "code": "game:clay-*", "quantity": 4 },"G": { "type": "block", "code": "game:debarkedlog-*", "quantity": 1 },"H": { "type": "block", "code": "game:glass-*" },"I": { "type": "item", "code": "game:powder-borax", "quantity": 1 }},"width": 3,"height": 3,"output": { "type": "item", "code": "capreolinae:taxidermy-odocoileini-baby-pudupuda-00", "quantity": 1  }},
{"name": "Southern Pudu Taxidermy (Female)", "ingredientPattern": "_BC,DEF,GHI","ingredients": {"B": { "type": "item", "code": "game:hammer-*", "isTool": true },"C": { "type": "item", "code": "game:knife-*", "isTool": true },"D": { "type": "item", "code": "capreolinae:pelt-odocoileini-female-pudupuda" },"E": { "type": "item", "code": "game:metalnailsandstrips-*", "quantity": 1 },"F": { "type": "item", "code": "game:clay-*", "quantity": 4 },"G": { "type": "block", "code": "game:debarkedlog-*", "quantity": 1 },"H": { "type": "block", "code": "game:glass-*" },"I": { "type": "item", "code": "game:powder-borax", "quantity": 1 }},"width": 3,"height": 3,"output": { "type": "item", "code": "capreolinae:taxidermy-odocoileini-female-pudupuda-00", "quantity": 1  }},
{"name": "Southern Pudu Taxidermy (Male)", "ingredientPattern": "_BC,DEF,GHI","ingredients": {"B": { "type": "item", "code": "game:hammer-*", "isTool": true },"C": { "type": "item", "code": "game:knife-*", "isTool": true },"D": { "type": "item", "code": "capreolinae:pelt-odocoileini-male-pudupuda" },"E": { "type": "item", "code": "game:metalnailsandstrips-*", "quantity": 1 },"F": { "type": "item", "code": "game:clay-*", "quantity": 4 },"G": { "type": "block", "code": "game:debarkedlog-*", "quantity": 1 },"H": { "type": "block", "code": "game:glass-*" },"I": { "type": "item", "code": "game:powder-borax", "quantity": 1 }},"width": 3,"height": 3,"output": { "type": "item", "code": "capreolinae:taxidermy-odocoileini-male-pudupuda-00", "quantity": 1  }},

{"name": "Reindeer Taxidermy (Fawn)", "ingredientPattern": "_BC,DEF,GHI","ingredients": {"B": { "type": "item", "code": "game:hammer-*", "isTool": true },"C": { "type": "item", "code": "game:knife-*", "isTool": true },"D": { "type": "item", "code": "capreolinae:pelt-odocoileini-baby-rangifertarandus" },"E": { "type": "item", "code": "game:metalnailsandstrips-*", "quantity": 1 },"F": { "type": "item", "code": "game:clay-*", "quantity": 4 },"G": { "type": "block", "code": "game:debarkedlog-*", "quantity": 1 },"H": { "type": "block", "code": "game:glass-*" },"I": { "type": "item", "code": "game:powder-borax", "quantity": 1 }},"width": 3,"height": 3,"output": { "type": "item", "code": "capreolinae:taxidermy-odocoileini-baby-rangifertarandus-00", "quantity": 1  }},
{"name": "Reindeer Taxidermy (Female)", "ingredientPattern": "_BC,DEF,GHI","ingredients": {"B": { "type": "item", "code": "game:hammer-*", "isTool": true },"C": { "type": "item", "code": "game:knife-*", "isTool": true },"D": { "type": "item", "code": "capreolinae:pelt-odocoileini-female-rangifertarandus" },"E": { "type": "item", "code": "game:metalnailsandstrips-*", "quantity": 1 },"F": { "type": "item", "code": "game:clay-*", "quantity": 4 },"G": { "type": "block", "code": "game:debarkedlog-*", "quantity": 1 },"H": { "type": "block", "code": "game:glass-*" },"I": { "type": "item", "code": "game:powder-borax", "quantity": 1 }},"width": 3,"height": 3,"output": { "type": "item", "code": "capreolinae:taxidermy-odocoileini-female-rangifertarandus-00", "quantity": 1  }},
{"name": "Reindeer Taxidermy (Male)", "ingredientPattern": "_BC,DEF,GHI","ingredients": {"B": { "type": "item", "code": "game:hammer-*", "isTool": true },"C": { "type": "item", "code": "game:knife-*", "isTool": true },"D": { "type": "item", "code": "capreolinae:pelt-odocoileini-male-rangifertarandus" },"E": { "type": "item", "code": "game:metalnailsandstrips-*", "quantity": 1 },"F": { "type": "item", "code": "game:clay-*", "quantity": 4 },"G": { "type": "block", "code": "game:debarkedlog-*", "quantity": 1 },"H": { "type": "block", "code": "game:glass-*" },"I": { "type": "item", "code": "game:powder-borax", "quantity": 1 }},"width": 3,"height": 3,"output": { "type": "item", "code": "capreolinae:taxidermy-odocoileini-male-rangifertarandus-00", "quantity": 1  }},
]