[
    {
        "comment": "Huge patches of common rush",
        "blockCodes": [
            "rush-common-1-free",
            "rush-common-2-free",
            "rush-common-3-free",
            "rush-common-4-free"
        ],

        "quantity": {
            "dist": "invexp",
            "avg": 128,
            "var": 48
        },
        "chance": 2,
        "maxHeightDifferential": 2,

        "minTemp": -4,
        "maxTemp": 32,
        "minRain": 0.4,
        "maxRain": 1.0,
        "maxForest": 0.8,

        "placement": "NearWater"
    }
]