[
  {
    "side": "Server",
    "dependsOn": [{ "modid": "combatoverhaul" }],
    "file": "caninae:entities/land/canina-male",
    "op": "add",
    "path": "/client/behaviors/-",
    "value": {
      "code": "CombatOverhaul:EntityColliders",
      "elements": {
        "Torso": ["neck", "body", "abdomen"],
        "Head": ["head", "mouth", "jaw"],
        "Arm": ["L upper arm", "L lower arm", "L paw", "R upper arm", "R lower arm", "R paw"],
        "Leg": ["L thigh", "L lower leg", "L foot", "R thigh", "R lower leg", "R foot"],
        "Critical": ["neck upper"],
        "Resistant": []
      }
    }
  },
  {
    "side": "Server",
    "dependsOn": [{ "modid": "combatoverhaul" }],
    "file": "caninae:entities/land/canina-male",
    "op": "add",
    "path": "/server/behaviors/-",
    "value": {
      "code": "CombatOverhaul:EntityColliders",
      "elements": {
        "Torso": ["neck", "body", "abdomen"],
        "Head": ["head", "mouth", "jaw"],
        "Arm": ["L upper arm", "L lower arm", "L paw", "R upper arm", "R lower arm", "R paw"],
        "Leg": ["L thigh", "L lower leg", "L foot", "R thigh", "R lower leg", "R foot"],
        "Critical": ["neck upper"],
        "Resistant": []
      }
    }
  },
  {
    "side": "Server",
    "dependsOn": [{ "modid": "combatoverhaul" }],
    "file": "caninae:entities/land/canina-male",
    "op": "add",
    "path": "/server/behaviors/-",
    "value": {
      "code": "CombatOverhaul:EntityDamageModel",
      "damageModel": {
        "TorsoDamageMultiplier": 1,
        "LimbsDamageMultiplier": 0.75,
        "HeadDamageMultiplier": 1.5,
        "CriticalDamageMultiplier": 2,
        "DefaultResists": {"BluntAttack": 4, "SlashingAttack": 2, "PiercingAttack": 0}
      }
    }
  },
  {
    "side": "Server",
    "dependsOn": [{ "modid": "combatoverhaul" }],
    "file": "caninae:entities/land/canina-male",
    "op": "add",
    "path": "/client/behaviors/-",
    "value": {
      "code": "CombatOverhaul:EntityDamageModel",
      "damageModel": {
        "TorsoDamageMultiplier": 1,
        "LimbsDamageMultiplier": 0.75,
        "HeadDamageMultiplier": 1.5,
        "CriticalDamageMultiplier": 2,
        "DefaultResists": {"BluntAttack": 4, "SlashingAttack": 2, "PiercingAttack": 0}
      }
    }
  },
  {"side": "Server", "dependsOn": [{ "modid": "combatoverhaul" }], "file": "caninae:entities/land/canina-male", "op": "replace", "path": "/server/behaviors/9/aitasks/0/damageTypeByType", "value": {"*": "SlashingAttack"}},
  {"side": "Server", "dependsOn": [{ "modid": "combatoverhaul" }], "file": "caninae:entities/land/canina-male", "op": "replace", "path": "/server/behaviors/9/aitasks/0/damageTierByType", "value": {"*-aenocyon-dirus": 2,"*-canis-lupusarctos": 2,"*":1}}
]