[
	{
		ingredientPattern: "LLL,NMN,NNN",
		enabled: true,
		ingredients: {
			"N": { type: "item", code: "game:cattailtops", quantity: 3 },
			"M": { type: "item", code: "bigbag", quantity: 1 },
			"L": { type: "item", code: "game:stick", quantity: 3 }
		},
		name: "bigbag-t2",
		width: 3,
		height: 3,
		recipeGroup: 1,
		output: { type: "item", code: "bigbag-t2"  }
	}
,
	{
		ingredientPattern: "LLL,NMN,NNN",
		enabled: true,
		ingredients: {
			"N": { type: "item", code: "game:papyrustops", quantity: 3 },
			"M": { type: "item", code: "bigbag", quantity: 1 },
			"L": { type: "item", code: "game:stick", quantity: 3 }
		},
		name: "bigbag-t2",
		width: 3,
		height: 3,
		recipeGroup: 1,
		output: { type: "item", code: "bigbag-t2"  }
	}
,
	{
		ingredientPattern: "LLL,NMN,NNN",
		enabled: true,
		ingredients: {
			"N": { type: "item", code: "game:cattailtops", quantity: 3 },
			"M": { type: "item", code: "hamper-t2", quantity: 1 },
			"L": { type: "item", code: "game:stick", quantity: 3 }
		},
		name: "bigbag-t2",
		width: 3,
		height: 3,
		recipeGroup: 1,
		output: { type: "item", code: "bigbag-t2"  }
	}
,
	{
		ingredientPattern: "LLL,NMN,NNN",
		enabled: true,
		ingredients: {
			"N": { type: "item", code: "game:papyrustops", quantity: 3 },
			"M": { type: "item", code: "hamper-t2", quantity: 1 },
			"L": { type: "item", code: "game:stick", quantity: 3 }
		},
		name: "bigbag-t2",
		width: 3,
		height: 3,
		recipeGroup: 1,
		output: { type: "item", code: "bigbag-t2"  }
	}
]