[
	{
		ingredientPattern: "LML,SMS,LLL",
		enabled: true,
		ingredients: {
			"L": { type: "item", code: "game:cattailtops", quantity: 3 },
			"M": { type: "item", code: "hamper-t2", quantity: 1 },
			"S": { type: "item", code: "game:rope*", quantity: 1 },
		},
		name: "hamper-t3",
		width: 3,
		height: 3,
		recipeGroup: 1,
		output: { type: "item", code: "hamper-t3"  }
	}
,
	{
		ingredientPattern: "LML,SMS,LLL",
		enabled: true,
		ingredients: {
			"L": { type: "item", code: "game:papyrustops", quantity: 3 },
			"M": { type: "item", code: "hamper-t2", quantity: 1 },
			"S": { type: "item", code: "game:rope*", quantity: 1 },
		},
		name: "hamper-t3",
		width: 3,
		height: 3,
		recipeGroup: 1,
		output: { type: "item", code: "hamper-t3"  }
	}
]