{
    "brigandineArmorEXPPerReceiveHit": 10,
    "brigandineArmorEXPMultiplyByDamage": 0.3,
    "brigandineArmorEXPIncreaseByAmountDamage": 20,
    "brigandineArmorEXPPerLevelBase": 200,
    "brigandineArmorEXPMultiplyPerLevel": 1.2,
    "brigandineArmorBaseDamageReduction": 0.0,
    "brigandineArmorDamageReductionPerLevel": 0.05,
    "brigandineArmorBaseDurabilityRestoreChance": 0.0,
    "brigandineArmorDurabilityRestoreChancePerLevel": 2.0,
    "brigandineArmorDurabilityRestoreEveryLevelReduceChance": 10,
    "brigandineArmorDurabilityRestoreReduceChanceForEveryLevel": 0.5,
    "brigandineArmorDamageLimit": 100
}
