{
    "hammerEXPPerHit": 10,
    "hammerEXPPerLevelBase": 100,
    "hammerEXPMultiplyPerLevel": 1.5,
    "hammerBaseDamage": 1.0,
    "hammerIncrementDamagePerLevel": 0.1,
    "hammerBaseDurabilityRestoreChance": 0.0,
    "hammerDurabilityRestoreChancePerLevel": 2.0,
    "hammerDurabilityRestoreEveryLevelReduceChance": 10,
    "hammerDurabilityRestoreReduceChanceForEveryLevel": 0.5,
    "hammerBaseSmithRetrieveChance": 0.0,
    "hammerSmithRetrieveChancePerLevel": 2.0,
    "hammerSmithRetrieveEveryLevelReduceChance": 10,
    "hammerSmithRetrieveReduceChanceForEveryLevel": 0.5,
    "hammerBaseSmithAnimationSpeed": 1.0,
    "hammerIncreaseSmithAnimationSpeedPerLevel": 0.1,
    "hammerBaseChanceToDouble": 0.0,
    "hammerIncreaseChanceToDoublePerLevel": 2.0,
    "hammerIncreaseChanceToDoublePerLevelReducerPerLevel": 5,
    "hammerIncreaseChanceToDoublePerLevelReducer": 0.2,
    "hammerBaseChanceToTriple": 0.0,
    "hammerIncreaseChanceToTriplePerLevel": 1.0,
    "hammerIncreaseChanceToTriplePerLevelReducerPerLevel": 5,
    "hammerIncreaseChanceToTriplePerLevelReducer": 0.1,
    "hammerBaseChanceToQuadruple": 0.0,
    "hammerIncreaseChanceToQuadruplePerLevel": 0.5,
    "hammerIncreaseChanceToQuadruplePerLevelReducerPerLevel": 5,
    "hammerIncreaseChanceToQuadruplePerLevelReducer": 0.05
}
