{
    "shovelEXPPerHit": 10,
    "shovelEXPPerBreaking": 10,
    "shovelEXPPerLevelBase": 100,
    "shovelEXPMultiplyPerLevel": 2.0,
    "shovelBaseDamage": 1.0,
    "shovelIncrementDamagePerLevel": 0.1,
    "shovelBaseMiningSpeed": 1.0,
    "shovelIncrementMiningSpeedMultiplyPerLevel": 0.1,
    "shovelBaseDurabilityRestoreChance": 0.0,
    "shovelDurabilityRestoreChancePerLevel": 2.0,
    "shovelDurabilityRestoreEveryLevelReduceChance": 10,
    "shovelDurabilityRestoreReduceChanceForEveryLevel": 0.5
}
