{
	"code": "storagecontrollerupgrade",
	"variantgroups": [
		{
			"code": "material",
			"states": [ "tinbronze", "bismuthbronze", "blackbronze", "iron", "meteoriciron", "steel", "cupronickel" ]
		}
	],
	"attributesByType": {
		"*-tinbronze": {
			"tier": [ "storagecontrollercopper" ]
		},
		"*-bismuthbronze": {
			"tier": [ "storagecontrollercopper" ]
		},
		"*-blackbronze": {
			"tier": [ "storagecontrollercopper" ]
		},
		"*-iron": {
			"tier": [ "storagecontrollercopper", "storagecontrollertinbronze", "storagecontrollerbismuthbronze", "storagecontrollerblackbronze" ]
		},
		"*-meteoriciron": {
			"tier": [ "storagecontrollercopper", "storagecontrollertinbronze", "storagecontrollerbismuthbronze", "storagecontrollerblackbronze", "storagecontrolleriron" ]
		},
		"*-steel": {
			"tier": [ "storagecontrollercopper", "storagecontrollertinbronze", "storagecontrollerbismuthbronze", "storagecontrollerblackbronze", "storagecontrolleriron", "storagecontrollermeteoriciron" ]
		},
		"*-cupronickel": {
			"tier": [ "storagecontrollercopper", "storagecontrollertinbronze", "storagecontrollerbismuthbronze", "storagecontrollerblackbronze", "storagecontrolleriron", "storagecontrollermeteoriciron", "storagecontrollersteel" ]
		},
		"groundStorageTransform": {
			"translation": {
				"x": 0.01,
				"y": 0,
				"z": -0.01
			},
			"rotation": {
				"x": 0,
				"y": 45,
				"z": 0
			}
		}
	},
	"behaviors": [
		{
			"name": "GroundStorable",
			"properties": {
				"layout": "SingleCenter",
				"collisionBox": {
					"x1": 0,
					"y1": 0,
					"z1": 0,
					"x2": 1,
					"y2": 0.0625,
					"z2": 1
				}
			}
		}
	],
	"drawtype": "json",
	"shapeByType": {
		"*-cupronickel": {
			"base": "storagecontroller:block/crate-upgrades-bar"
		},
		"*": {
			"base": "storagecontroller:block/crate-upgrades"
		}
	},
	"texturesByType": {
		"*-cupronickel": { "plates": { "base": "game:block/metal/ingot/{material}" } },
		"*": {
			"plates": { "base": "game:block/metal/plate/{material}" }
		}
	},
	"creativeinventory": {
		"storagecontroller": [ "*" ]
	},
	"maxstacksize": 32,
	"replaceable": 500,
	"resistance": 2.5,
	"lightAbsorption": 50,
	"sideAo": { "all": true },
	"heldTpIdleAnimation": "holdbothhandslarge",
	"heldRightReadyAnimation": "heldblockready",
	"heldTpUseAnimation": "twohandplaceblock",
	"guiTransform": {
		"translation": {
			"x": 1.5,
			"y": 9,
			"z": 0
		},
		"rotation": {
			"x": -38,
			"y": 37,
			"z": -180
		},
		"origin": {
			"x": 0.5,
			"y": 0.1,
			"z": 0.5
		},
		"scale": 1.45
	},
	"tpHandTransform": {
		"translation": {
			"x": -0.7799,
			"y": -0.2,
			"z": -0.3
		},
		"rotation": {
			"x": 13,
			"y": 10,
			"z": -85
		},
		"origin": {
			"x": 0.3,
			"y": 0.35,
			"z": 0.5
		},
		"scale": 0.76
	},
	"groundTransform": {
		"translation": {
			"x": 0,
			"y": 0,
			"z": 0
		},
		"rotation": {
			"x": 0,
			"y": 0,
			"z": 0
		},
		"origin": {
			"x": 0.5,
			"y": 0,
			"z": 0.5
		},
		"scale": 4.31
	}
}