{
	"editor": {
		"allAngles": false,
		"entityTextureMode": false
	},
	"textureWidth": 16,
	"textureHeight": 16,
	"textureSizes": {
	},
	"textures": {
		"metal": "game:block/metal/ingot/copper",
		"solder": "game:block/metal/ingot/tin",
		"plates": "game:block/metal/plate/bismuthbronze",
		"oak": "game:block/wood/planks/oak1"
	},
	"elements": [
		{
			"name": "origin",
			"from": [ 7.2, 0.0, 8.0 ],
			"to": [ 7.2, 0.0, 8.0 ],
			"rotationOrigin": [ 8.0, 0.0, 8.0 ],
			"faces": {
			},
			"children": [
				{
					"name": "S side 2",
					"from": [ -4.5, 4.0, 7.0 ],
					"to": [ 6.0, 7.0, 7.5 ],
					"rotationOrigin": [ -4.5, 4.0, 7.0 ],
					"faces": {
						"north": { "texture": "#oak", "uv": [ 2.5, 1.0, 13.0, 4.0 ] },
						"east": { "texture": "#oak", "uv": [ 5.0, 6.5, 5.5, 9.5 ] },
						"south": { "texture": "#oak", "uv": [ 5.5, 12.5, 16.0, 15.5 ] },
						"west": { "texture": "#oak", "uv": [ 9.5, 12.5, 10.0, 15.5 ] },
						"up": { "texture": "#oak", "uv": [ 3.0, 8.0, 13.5, 8.5 ] },
						"down": { "texture": "#oak", "uv": [ 3.5, 0.5, 14.0, 1.0 ] }
					}
				},
				{
					"name": "S side 1",
					"from": [ -4.5, 0.5, 7.0 ],
					"to": [ 6.0, 3.5, 7.5 ],
					"rotationOrigin": [ -4.5, 0.5, 7.0 ],
					"faces": {
						"north": { "texture": "#oak", "uv": [ 0.0, 12.0, 10.5, 15.0 ] },
						"east": { "texture": "#oak", "uv": [ 12.5, 12.5, 13.0, 15.5 ] },
						"south": { "texture": "#oak", "uv": [ 5.5, 6.0, 16.0, 9.0 ] },
						"west": { "texture": "#oak", "uv": [ 12.5, 7.5, 13.0, 10.5 ] },
						"up": { "texture": "#oak", "uv": [ 2.5, 2.5, 13.0, 3.0 ] },
						"down": { "texture": "#oak", "uv": [ 3.5, 0.5, 14.0, 1.0 ] }
					}
				},
				{
					"name": "N side 2",
					"from": [ -4.5, 4.0, -7.5 ],
					"to": [ 6.0, 7.0, -7.0 ],
					"rotationOrigin": [ -4.5, 4.0, -7.5 ],
					"faces": {
						"north": { "texture": "#oak", "uv": [ 2.5, 7.0, 13.0, 10.0 ] },
						"east": { "texture": "#oak", "uv": [ 7.5, 8.0, 8.0, 11.0 ] },
						"south": { "texture": "#oak", "uv": [ 2.5, 7.0, 13.0, 10.0 ] },
						"west": { "texture": "#oak", "uv": [ 6.0, 1.5, 6.5, 4.5 ] },
						"up": { "texture": "#oak", "uv": [ 3.5, 8.0, 14.0, 8.5 ] },
						"down": { "texture": "#oak", "uv": [ 3.5, 15.0, 14.0, 15.5 ] }
					}
				},
				{
					"name": "E side 2",
					"from": [ 5.5, 4.0, -7.0 ],
					"to": [ 6.0, 7.0, 7.0 ],
					"rotationOrigin": [ 5.5, 4.0, -7.0 ],
					"faces": {
						"east": { "texture": "#oak", "uv": [ 1.0, 8.0, 15.0, 11.0 ] },
						"west": { "texture": "#oak", "uv": [ 1.0, 7.0, 15.0, 10.0 ] },
						"up": { "texture": "#oak", "uv": [ 0.0, 5.0, 14.0, 5.5 ], "rotation": 90 },
						"down": { "texture": "#oak", "uv": [ 12.5, 1.0, 13.0, 15.0 ] }
					}
				},
				{
					"name": "E side 1",
					"from": [ 5.5, 0.5, -7.0 ],
					"to": [ 6.0, 3.5, 7.0 ],
					"rotationOrigin": [ 5.5, 0.5, -7.0 ],
					"faces": {
						"east": { "texture": "#oak", "uv": [ 1.0, 13.0, 15.0, 16.0 ] },
						"west": { "texture": "#oak", "uv": [ 1.0, 7.0, 15.0, 10.0 ] },
						"up": { "texture": "#oak", "uv": [ 0.5, 8.0, 14.5, 8.5 ], "rotation": 90 },
						"down": { "texture": "#oak", "uv": [ 0.0, 11.5, 14.0, 12.0 ], "rotation": 90 }
					}
				},
				{
					"name": "W side 2",
					"from": [ -4.5, 4.0, -7.0 ],
					"to": [ -4.0, 7.0, 7.0 ],
					"rotationOrigin": [ -4.5, 4.0, -7.0 ],
					"faces": {
						"east": { "texture": "#oak", "uv": [ 2.0, 2.5, 16.0, 5.5 ] },
						"west": { "texture": "#oak", "uv": [ 0.0, 1.0, 14.0, 4.0 ] },
						"up": { "texture": "#oak", "uv": [ 1.0, 15.5, 15.0, 16.0 ], "rotation": 90 },
						"down": { "texture": "#oak", "uv": [ 1.0, 2.5, 15.0, 3.0 ], "rotation": 90 }
					}
				},
				{
					"name": "base3",
					"from": [ -4.0, 0.5, 4.5 ],
					"to": [ 5.5, 1.0, 6.5 ],
					"rotationOrigin": [ -4.0, 0.5, 4.5 ],
					"faces": {
						"north": { "texture": "#oak", "uv": [ 3.5, 13.0, 13.0, 13.5 ] },
						"south": { "texture": "#oak", "uv": [ 4.0, 13.0, 13.5, 13.5 ] },
						"up": { "texture": "#oak", "uv": [ 0.0, 10.0, 9.5, 12.0 ] },
						"down": { "texture": "#oak", "uv": [ 2.5, 4.5, 12.0, 6.5 ] }
					}
				},
				{
					"name": "base1",
					"from": [ -4.0, 0.5, -6.5 ],
					"to": [ 5.5, 1.0, -4.5 ],
					"rotationOrigin": [ -4.0, 0.5, -6.5 ],
					"faces": {
						"north": { "texture": "#oak", "uv": [ 3.5, 11.5, 13.0, 12.0 ] },
						"south": { "texture": "#oak", "uv": [ 4.0, 11.5, 13.5, 12.0 ] },
						"up": { "texture": "#oak", "uv": [ 4.0, 10.0, 13.5, 12.0 ] },
						"down": { "texture": "#oak", "uv": [ 4.0, 10.0, 13.5, 12.0 ] }
					}
				},
				{
					"name": "floor1",
					"from": [ -4.0, 1.0, -7.0 ],
					"to": [ -1.0, 2.0, 7.0 ],
					"rotationOrigin": [ -4.0, 1.0, -7.0 ],
					"faces": {
						"east": { "texture": "#oak", "uv": [ 1.0, 15.0, 15.0, 16.0 ] },
						"up": { "texture": "#oak", "uv": [ 0.0, 0.5, 14.0, 3.5 ], "rotation": 270 },
						"down": { "texture": "#oak", "uv": [ 1.0, 7.0, 15.0, 10.0 ], "rotation": 90 }
					}
				},
				{
					"name": "E suport 1",
					"from": [ 6.0, 0.0, 4.5 ],
					"to": [ 6.5, 7.5, 6.5 ],
					"rotationOrigin": [ 6.0, 0.0, 4.5 ],
					"faces": {
						"north": { "texture": "#oak", "uv": [ 2.5, 10.5, 10.0, 11.0 ], "rotation": 90 },
						"east": { "texture": "#oak", "uv": [ 0.0, 6.5, 7.5, 8.5 ], "rotation": 90 },
						"south": { "texture": "#oak", "uv": [ 5.5, 10.5, 13.0, 11.0 ], "rotation": 90 },
						"west": { "texture": "#oak", "uv": [ 3.0, 7.5, 10.5, 9.5 ], "rotation": 90 },
						"up": { "texture": "#oak", "uv": [ 13.0, 12.5, 13.5, 14.5 ] },
						"down": { "texture": "#oak", "uv": [ 11.0, 6.5, 11.5, 8.5 ] }
					}
				},
				{
					"name": "E support 2",
					"from": [ 6.0, 0.0, -6.5 ],
					"to": [ 6.5, 7.5, -4.5 ],
					"rotationOrigin": [ 6.0, 0.0, -6.5 ],
					"faces": {
						"north": { "texture": "#oak", "uv": [ 7.0, 14.5, 14.5, 15.0 ], "rotation": 90 },
						"east": { "texture": "#oak", "uv": [ 0.0, 11.5, 7.5, 13.5 ], "rotation": 90 },
						"south": { "texture": "#oak", "uv": [ 1.0, 9.0, 8.5, 9.5 ], "rotation": 90 },
						"west": { "texture": "#oak", "uv": [ 2.0, 7.0, 9.5, 9.0 ], "rotation": 90 },
						"up": { "texture": "#oak", "uv": [ 7.5, 7.5, 8.0, 9.5 ] },
						"down": { "texture": "#oak", "uv": [ 7.0, 12.5, 7.5, 14.5 ] }
					}
				},
				{
					"name": "W support 2",
					"from": [ -5.0, 0.0, 4.5 ],
					"to": [ -4.5, 7.5, 6.5 ],
					"rotationOrigin": [ -5.0, 0.0, 4.5 ],
					"faces": {
						"north": { "texture": "#oak", "uv": [ 3.5, 5.0, 11.0, 5.5 ], "rotation": 90 },
						"east": { "texture": "#oak", "uv": [ 4.0, 6.5, 11.5, 8.5 ], "rotation": 90 },
						"south": { "texture": "#oak", "uv": [ 3.5, 7.5, 11.0, 8.0 ], "rotation": 90 },
						"west": { "texture": "#oak", "uv": [ 5.5, 6.5, 13.0, 8.5 ], "rotation": 90 },
						"up": { "texture": "#oak", "uv": [ 4.0, 7.0, 4.5, 9.0 ] },
						"down": { "texture": "#oak", "uv": [ 3.0, 2.0, 3.5, 4.0 ] }
					}
				},
				{
					"name": "S support 2",
					"from": [ 3.5, 0.0, 7.5 ],
					"to": [ 5.0, 7.5, 8.0 ],
					"rotationOrigin": [ 3.5, 0.0, 7.5 ],
					"faces": {
						"north": { "texture": "#oak", "uv": [ 4.5, 5.5, 6.0, 13.0 ] },
						"east": { "texture": "#oak", "uv": [ 0.0, 12.0, 7.5, 12.5 ], "rotation": 90 },
						"south": { "texture": "#oak", "uv": [ 8.0, 13.5, 15.5, 15.0 ], "rotation": 90 },
						"west": { "texture": "#oak", "uv": [ 4.0, 15.5, 11.5, 16.0 ], "rotation": 90 },
						"up": { "texture": "#oak", "uv": [ 9.0, 13.5, 10.5, 14.0 ] },
						"down": { "texture": "#oak", "uv": [ 10.0, 2.5, 11.5, 3.0 ] }
					}
				},
				{
					"name": "N support 2",
					"from": [ -3.5, 0.0, -8.0 ],
					"to": [ -2.0, 7.5, -7.5 ],
					"rotationOrigin": [ -3.5, 0.0, -8.0 ],
					"faces": {
						"north": { "texture": "#oak", "uv": [ 2.5, 1.0, 10.0, 2.5 ], "rotation": 90 },
						"east": { "texture": "#oak", "uv": [ 4.0, 1.5, 11.5, 2.0 ], "rotation": 90 },
						"south": { "texture": "#oak", "uv": [ 5.0, 6.5, 12.5, 8.0 ], "rotation": 90 },
						"west": { "texture": "#oak", "uv": [ 3.5, 11.5, 11.0, 12.0 ], "rotation": 90 },
						"up": { "texture": "#oak", "uv": [ 7.5, 6.0, 9.0, 6.5 ] },
						"down": { "texture": "#oak", "uv": [ 5.0, 12.5, 6.5, 13.0 ] }
					}
				},
				{
					"name": "N support 1",
					"from": [ 3.5, 0.0, -8.0 ],
					"to": [ 5.0, 7.5, -7.5 ],
					"rotationOrigin": [ 3.5, 0.0, -7.9 ],
					"faces": {
						"north": { "texture": "#oak", "uv": [ 5.0, 7.0, 12.5, 8.5 ], "rotation": 90 },
						"east": { "texture": "#oak", "uv": [ 7.5, 6.5, 15.0, 7.0 ], "rotation": 90 },
						"south": { "texture": "#oak", "uv": [ 5.5, 7.0, 13.0, 8.5 ], "rotation": 90 },
						"west": { "texture": "#oak", "uv": [ 8.5, 6.0, 16.0, 6.5 ], "rotation": 90 },
						"up": { "texture": "#oak", "uv": [ 12.0, 0.5, 13.5, 1.0 ] },
						"down": { "texture": "#oak", "uv": [ 9.0, 12.5, 10.5, 13.0 ] }
					}
				},
				{
					"name": "S support 1",
					"from": [ -3.5, 0.0, 7.5 ],
					"to": [ -2.0, 7.5, 8.0 ],
					"rotationOrigin": [ -3.5, 0.0, 7.5 ],
					"faces": {
						"north": { "texture": "#oak", "uv": [ 9.5, 6.5, 11.0, 14.0 ] },
						"east": { "texture": "#oak", "uv": [ 3.5, 10.5, 11.0, 11.0 ], "rotation": 90 },
						"south": { "texture": "#oak", "uv": [ 4.0, 7.0, 11.5, 8.5 ], "rotation": 90 },
						"west": { "texture": "#oak", "uv": [ 6.0, 7.0, 13.5, 7.5 ], "rotation": 90 },
						"up": { "texture": "#oak", "uv": [ 3.5, 6.5, 5.0, 7.0 ] },
						"down": { "texture": "#oak", "uv": [ 5.0, 1.0, 6.5, 1.5 ] }
					}
				},
				{
					"name": "floor2",
					"from": [ -0.5, 1.0, -7.0 ],
					"to": [ 2.0, 2.0, 7.0 ],
					"rotationOrigin": [ -0.5, 1.0, -7.0 ],
					"faces": {
						"east": { "texture": "#oak", "uv": [ 1.0, 15.0, 15.0, 16.0 ] },
						"west": { "texture": "#oak", "uv": [ 1.0, 15.0, 15.0, 16.0 ] },
						"up": { "texture": "#oak", "uv": [ 0.0, 7.0, 14.0, 9.5 ], "rotation": 90 },
						"down": { "texture": "#oak", "uv": [ 0.0, 6.5, 14.0, 9.0 ], "rotation": 90 }
					}
				},
				{
					"name": "N side 1",
					"from": [ -4.5, 0.5, -7.5 ],
					"to": [ 6.0, 3.5, -7.0 ],
					"rotationOrigin": [ -4.5, 0.5, -7.5 ],
					"faces": {
						"north": { "texture": "#oak", "uv": [ 0.0, 8.0, 10.5, 11.0 ] },
						"east": { "texture": "#oak", "uv": [ 8.0, 8.0, 8.5, 11.0 ] },
						"south": { "texture": "#oak", "uv": [ 0.0, 12.0, 10.5, 15.0 ] },
						"west": { "texture": "#oak", "uv": [ 5.5, 8.0, 6.0, 11.0 ] },
						"up": { "texture": "#oak", "uv": [ 3.5, 8.0, 14.0, 8.5 ] },
						"down": { "texture": "#oak", "uv": [ 3.5, 14.5, 14.0, 15.0 ] }
					}
				},
				{
					"name": "W support 1",
					"from": [ -5.0, 0.0, -6.5 ],
					"to": [ -4.5, 7.5, -4.5 ],
					"rotationOrigin": [ -5.0, 0.0, -6.5 ],
					"faces": {
						"north": { "texture": "#oak", "uv": [ 3.5, 8.0, 11.0, 8.5 ], "rotation": 90 },
						"east": { "texture": "#oak", "uv": [ 5.5, 7.0, 13.0, 9.0 ], "rotation": 90 },
						"south": { "texture": "#oak", "uv": [ 3.0, 6.5, 10.5, 7.0 ], "rotation": 90 },
						"west": { "texture": "#oak", "uv": [ 4.0, 7.5, 11.5, 9.5 ], "rotation": 90 },
						"up": { "texture": "#oak", "uv": [ 12.5, 2.0, 13.0, 4.0 ] },
						"down": { "texture": "#oak", "uv": [ 7.5, 12.5, 8.0, 14.5 ] }
					}
				},
				{
					"name": "W side 1",
					"from": [ -4.5, 0.5, -7.0 ],
					"to": [ -4.0, 3.5, 7.0 ],
					"rotationOrigin": [ -4.5, 0.5, -7.0 ],
					"faces": {
						"east": { "texture": "#oak", "uv": [ 1.5, 12.0, 15.5, 15.0 ] },
						"west": { "texture": "#oak", "uv": [ 0.5, 12.0, 14.5, 15.0 ] },
						"up": { "texture": "#oak", "uv": [ 1.5, 8.0, 15.5, 8.5 ], "rotation": 90 },
						"down": { "texture": "#oak", "uv": [ 1.5, 1.0, 15.5, 1.5 ], "rotation": 90 }
					}
				},
				{
					"name": "floor3",
					"from": [ 2.5, 1.0, -7.0 ],
					"to": [ 5.5, 2.0, 7.0 ],
					"rotationOrigin": [ 2.5, 1.0, -7.0 ],
					"faces": {
						"west": { "texture": "#oak", "uv": [ 1.0, 15.0, 15.0, 16.0 ] },
						"up": { "texture": "#oak", "uv": [ 1.0, 1.0, 15.0, 4.0 ], "rotation": 90 },
						"down": { "texture": "#oak", "uv": [ 2.0, 11.5, 16.0, 14.5 ], "rotation": 90 }
					}
				},
				{
					"name": "base2",
					"from": [ -4.0, 0.5, -1.0 ],
					"to": [ 5.5, 1.0, 1.0 ],
					"rotationOrigin": [ -4.0, 0.5, -1.0 ],
					"faces": {
						"north": { "texture": "#oak", "uv": [ 3.5, 11.5, 13.0, 12.0 ] },
						"south": { "texture": "#oak", "uv": [ 4.0, 11.5, 13.5, 12.0 ] },
						"up": { "texture": "#oak", "uv": [ 3.5, 4.5, 13.0, 6.5 ] },
						"down": { "texture": "#oak", "uv": [ 4.0, 10.0, 13.5, 12.0 ] }
					}
				}
			]
		},
		{
			"name": "origin",
			"from": [ 11.0, 6.0, 13.0 ],
			"to": [ 12.0, 7.0, 14.0 ],
			"rotationOrigin": [ 11.0, 6.0, 12.0 ],
			"rotationX": 118.5,
			"rotationY": -5.0,
			"rotationZ": -22.5,
			"faces": {
			},
			"children": [
				{
					"name": "solder1",
					"from": [ 0.5, -0.1, -3.5 ],
					"to": [ 1.5, 0.9, 3.5 ],
					"rotationOrigin": [ 0.5, 0.0, -1.5 ],
					"rotationX": 6.0,
					"rotationY": -2.0,
					"rotationZ": 21.0,
					"faces": {
						"north": { "texture": "#solder", "uv": [ 10.0, 5.5, 11.0, 6.5 ] },
						"east": { "texture": "#solder", "uv": [ 4.0, 0.5, 11.0, 1.5 ] },
						"south": { "texture": "#solder", "uv": [ 8.0, 9.5, 9.0, 10.5 ] },
						"west": { "texture": "#solder", "uv": [ 2.5, 2.5, 9.5, 3.5 ] },
						"up": { "texture": "#solder", "uv": [ 12.0, 5.5, 13.0, 12.5 ] },
						"down": { "texture": "#solder", "uv": [ 5.5, 8.0, 6.5, 15.0 ] }
					}
				},
				{
					"name": "solder3",
					"from": [ -1.0, 0.0, -4.0 ],
					"to": [ 0.0, 1.0, 3.0 ],
					"rotationOrigin": [ -1.0, 0.0, 3.5 ],
					"rotationX": 3.0,
					"rotationY": 9.0,
					"rotationZ": 26.0,
					"faces": {
						"north": { "texture": "#solder", "uv": [ 11.0, 8.0, 12.0, 9.0 ] },
						"east": { "texture": "#solder", "uv": [ 1.5, 4.0, 8.5, 5.0 ] },
						"south": { "texture": "#solder", "uv": [ 0.5, 6.0, 1.5, 7.0 ] },
						"west": { "texture": "#solder", "uv": [ 7.5, 14.5, 14.5, 15.5 ] },
						"up": { "texture": "#solder", "uv": [ 5.0, 5.5, 6.0, 12.5 ] },
						"down": { "texture": "#solder", "uv": [ 4.5, 4.5, 5.5, 11.5 ] }
					}
				},
				{
					"name": "solder4",
					"from": [ -1.0, 1.0, -3.5 ],
					"to": [ 0.0, 2.0, 3.5 ],
					"rotationOrigin": [ -1.0, 1.0, -3.5 ],
					"rotationY": 10.0,
					"faces": {
						"north": { "texture": "#solder", "uv": [ 7.5, 12.0, 8.5, 13.0 ] },
						"east": { "texture": "#solder", "uv": [ 8.0, 9.0, 15.0, 10.0 ] },
						"south": { "texture": "#solder", "uv": [ 6.5, 10.0, 7.5, 11.0 ] },
						"west": { "texture": "#solder", "uv": [ 8.0, 11.5, 15.0, 12.5 ] },
						"up": { "texture": "#solder", "uv": [ 9.0, 3.0, 10.0, 10.0 ] },
						"down": { "texture": "#solder", "uv": [ 4.0, 8.5, 5.0, 15.5 ] }
					}
				}
			]
		},
		{
			"name": "origin",
			"from": [ 14.0, 2.2, 8.0 ],
			"to": [ 14.0, 2.2, 8.0 ],
			"rotationOrigin": [ 9.5, 2.5, 7.0 ],
			"rotationY": -1.0,
			"rotationZ": 60.0,
			"faces": {
			},
			"children": [
				{
					"name": "handle",
					"from": [ -4.5, -0.5, -0.1 ],
					"to": [ 0.5, 0.7, 1.1 ],
					"rotationOrigin": [ -2.5, 0.0, 0.4 ],
					"faces": {
						"north": { "texture": "#oak", "uv": [ 2.0, 7.5, 7.0, 8.5 ] },
						"east": { "texture": "#oak", "uv": [ 2.5, 3.0, 3.5, 4.0 ] },
						"south": { "texture": "#oak", "uv": [ 5.5, 8.5, 10.5, 9.5 ] },
						"west": { "texture": "#oak", "uv": [ 10.0, 8.5, 11.0, 9.5 ] },
						"up": { "texture": "#oak", "uv": [ 1.5, 4.0, 6.5, 5.0 ] },
						"down": { "texture": "#oak", "uv": [ 6.5, 9.0, 11.5, 10.0 ] }
					},
					"children": [
						{
							"name": "head",
							"from": [ 7.5, 0.0, 0.0 ],
							"to": [ 10.5, 1.2, 1.2 ],
							"rotationOrigin": [ 4.5, 0.5, 0.6 ],
							"faces": {
								"north": { "texture": "#metal", "uv": [ 0.0, 5.5, 3.0, 6.5 ] },
								"east": { "texture": "#metal", "uv": [ 0.5, 0.5, 1.5, 1.5 ] },
								"south": { "texture": "#metal", "uv": [ 0.0, 10.5, 3.0, 11.5 ] },
								"west": { "texture": "#metal", "uv": [ 14.0, 10.0, 15.0, 11.0 ] },
								"up": { "texture": "#metal", "uv": [ 0.0, 2.5, 3.0, 3.5 ] },
								"down": { "texture": "#metal", "uv": [ 0.0, 5.0, 3.0, 6.0 ] }
							},
							"children": [
								{
									"name": "rod",
									"from": [ -3.0, 0.3, 0.3 ],
									"to": [ 0.0, 0.9, 0.9 ],
									"rotationOrigin": [ -3.0, 0.5, 0.5 ],
									"faces": {
										"north": { "texture": "#metal", "uv": [ 12.0, 1.0, 15.0, 1.5 ] },
										"east": { "texture": "#metal", "uv": [ 11.0, 12.0, 11.5, 12.5 ] },
										"south": { "texture": "#metal", "uv": [ 8.0, 12.0, 11.0, 12.5 ] },
										"west": { "texture": "#metal", "uv": [ 10.0, 11.0, 10.5, 11.5 ] },
										"up": { "texture": "#metal", "uv": [ 7.0, 11.0, 10.0, 11.5 ] },
										"down": { "texture": "#metal", "uv": [ 4.0, 5.0, 7.0, 5.5 ] }
									}
								},
								{
									"name": "point",
									"from": [ 2.58, 0.18, 0.01 ],
									"to": [ 3.42, 1.02, 1.19 ],
									"rotationOrigin": [ 3.0, 0.6, 0.0 ],
									"rotationZ": 45.0,
									"faces": {
										"north": { "texture": "#metal", "uv": [ 12.0, 1.0, 12.5, 1.5 ] },
										"east": { "texture": "#metal", "uv": [ 11.0, 12.0, 12.0, 12.5 ] },
										"south": { "texture": "#metal", "uv": [ 8.0, 12.0, 8.5, 12.5 ] },
										"west": { "texture": "#metal", "uv": [ 10.0, 11.0, 11.0, 11.5 ] },
										"up": { "texture": "#metal", "uv": [ 6.0, 14.0, 6.5, 15.0 ] },
										"down": { "texture": "#metal", "uv": [ 4.0, 5.0, 4.5, 6.0 ] }
									}
								}
							]
						}
					]
				}
			]
		},
		{
			"name": "ingot",
			"from": [ 3.5, 2.0, 7.5 ],
			"to": [ 6.5, 4.0, 14.5 ],
			"rotationOrigin": [ 5.0, 2.0, 11.0 ],
			"faces": {
				"north": { "texture": "#plates", "uv": [ 7.0, 6.0, 10.0, 8.0 ] },
				"east": { "texture": "#plates", "uv": [ 2.5, 2.0, 9.5, 4.0 ] },
				"south": { "texture": "#plates", "uv": [ 8.0, 11.0, 11.0, 13.0 ] },
				"west": { "texture": "#plates", "uv": [ 7.5, 8.0, 14.5, 10.0 ] },
				"up": { "texture": "#plates", "uv": [ 7.5, 5.0, 10.5, 12.0 ] },
				"down": { "texture": "#plates", "uv": [ 9.5, 2.0, 12.5, 9.0 ] }
			}
		},
		{
			"name": "ingot2",
			"from": [ 5.0, 4.0, 2.5 ],
			"to": [ 8.0, 6.0, 9.5 ],
			"rotationOrigin": [ 7.0, 4.0, 6.0 ],
			"rotationY": -22.5,
			"faces": {
				"north": { "texture": "#plates", "uv": [ 7.0, 6.0, 10.0, 8.0 ] },
				"east": { "texture": "#plates", "uv": [ 2.5, 2.0, 9.5, 4.0 ] },
				"south": { "texture": "#plates", "uv": [ 8.0, 11.0, 11.0, 13.0 ] },
				"west": { "texture": "#plates", "uv": [ 7.5, 8.0, 14.5, 10.0 ] },
				"up": { "texture": "#plates", "uv": [ 7.5, 5.0, 10.5, 12.0 ] },
				"down": { "texture": "#plates", "uv": [ 9.5, 2.0, 12.5, 9.0 ] }
			}
		},
		{
			"name": "ingot3",
			"from": [ 6.0, 2.0, 2.0 ],
			"to": [ 9.0, 4.0, 9.0 ],
			"rotationOrigin": [ 7.0, 2.0, 5.0 ],
			"rotationY": 112.5,
			"faces": {
				"north": { "texture": "#plates", "uv": [ 7.0, 6.0, 10.0, 8.0 ] },
				"east": { "texture": "#plates", "uv": [ 2.5, 2.0, 9.5, 4.0 ] },
				"south": { "texture": "#plates", "uv": [ 8.0, 11.0, 11.0, 13.0 ] },
				"west": { "texture": "#plates", "uv": [ 7.5, 8.0, 14.5, 10.0 ] },
				"up": { "texture": "#plates", "uv": [ 7.5, 5.0, 10.5, 12.0 ] },
				"down": { "texture": "#plates", "uv": [ 9.5, 2.0, 12.5, 9.0 ] }
			}
		},
		{
			"name": "ingot4",
			"from": [ 3.5, 5.4, 7.55 ],
			"to": [ 6.5, 7.4, 14.55 ],
			"rotationOrigin": [ 5.0, 6.0, 11.0 ],
			"rotationX": 24.0,
			"faces": {
				"north": { "texture": "#plates", "uv": [ 7.0, 6.0, 10.0, 8.0 ] },
				"east": { "texture": "#plates", "uv": [ 2.5, 2.0, 9.5, 4.0 ] },
				"south": { "texture": "#plates", "uv": [ 8.0, 11.0, 11.0, 13.0 ] },
				"west": { "texture": "#plates", "uv": [ 7.5, 8.0, 14.5, 10.0 ] },
				"up": { "texture": "#plates", "uv": [ 7.5, 5.0, 10.5, 12.0 ] },
				"down": { "texture": "#plates", "uv": [ 9.5, 2.0, 12.5, 9.0 ] }
			}
		}
	]}