{
	"editor": {
		"allAngles": false,
		"entityTextureMode": false
	},
	"textureWidth": 16,
	"textureHeight": 16,
	"textureSizes": {
		"screen": [8,8],
		"drives": [8,8],
		"block": [16,16],
		"sides": [16,16],
		"sides-copper": [16,16],
		"fan": [8,8],
		"side": [16,16],
		"Main-Iron": [16,16]
	},
	"textures": {
		"Main-Iron": "block/Main-Iron",
		"sides": "block/sides-iron"
	},
	"elements": [
		{
			"name": "Block",
			"from": [ 2.5, 0.0, 4.0 ],
			"to": [ 13.5, 14.0, 13.0 ],
			"rotationOrigin": [ 3.0, 0.0, 4.0 ],
			"faces": {
				"north": { "texture": "#Main-Iron", "uv": [ 0.0, 0.0, 11.0, 14.0 ], "autoUv": false },
				"south": { "texture": "#Main-Iron", "uv": [ 0.0, 0.0, 11.0, 14.0 ] },
				"up": { "texture": "#Main-Iron", "uv": [ 0.0, 5.0, 11.0, 14.0 ], "autoUv": false },
				"down": { "texture": "#Main-Iron", "uv": [ 0.0, 0.0, 11.0, 9.0 ] }
			}
		},
		{
			"name": "SupportbacketW",
			"from": [ 3.5, 12.0, 13.0 ],
			"to": [ 4.0, 13.0, 14.0 ],
			"rotationOrigin": [ 4.0, 12.0, 13.0 ],
			"faces": {
				"north": { "texture": "#sides", "uv": [ 11.5, 6.0, 12.0, 7.0 ] },
				"east": { "texture": "#sides", "uv": [ 9.5, 5.0, 10.5, 6.0 ] },
				"south": { "texture": "#sides", "uv": [ 11.0, 9.0, 11.5, 10.0 ] },
				"west": { "texture": "#sides", "uv": [ 4.5, 3.0, 5.5, 4.0 ] },
				"up": { "texture": "#sides", "uv": [ 9.0, 3.0, 9.5, 4.0 ] },
				"down": { "texture": "#sides", "uv": [ 9.0, 5.0, 9.5, 6.0 ] }
			},
			"children": [
				{
					"name": "Bar",
					"from": [ -0.25, 0.25, 0.25 ],
					"to": [ 9.25, 0.75, 0.75 ],
					"rotationOrigin": [ 0.0, 0.5, 0.5 ],
					"faces": {
						"north": { "texture": "#sides", "uv": [ 6.5, 2.5, 7.0, 12.0 ], "rotation": 90 },
						"east": { "texture": "#sides", "uv": [ 6.5, 11.0, 7.0, 11.5 ] },
						"south": { "texture": "#sides", "uv": [ 6.5, 3.5, 7.0, 13.0 ], "rotation": 90 },
						"west": { "texture": "#sides", "uv": [ 14.5, 12.5, 15.0, 13.0 ] },
						"up": { "texture": "#sides", "uv": [ 14.5, 2.0, 15.0, 11.5 ], "rotation": 90 },
						"down": { "texture": "#sides", "uv": [ 6.5, 2.5, 7.0, 12.0 ], "rotation": 90 }
					}
				},
				{
					"name": "SupportbacketE",
					"from": [ 8.5, 0.0, 0.0 ],
					"to": [ 9.0, 1.0, 1.0 ],
					"rotationOrigin": [ 9.5, 0.0, 0.0 ],
					"faces": {
						"north": { "texture": "#sides", "uv": [ 11.0, 10.5, 11.5, 11.5 ] },
						"east": { "texture": "#sides", "uv": [ 10.5, 3.5, 11.5, 4.5 ] },
						"south": { "texture": "#sides", "uv": [ 12.0, 10.0, 12.5, 11.0 ] },
						"west": { "texture": "#sides", "uv": [ 8.0, 2.5, 9.0, 3.5 ] },
						"up": { "texture": "#sides", "uv": [ 10.0, 5.5, 10.5, 6.5 ] },
						"down": { "texture": "#sides", "uv": [ 10.0, 5.5, 10.5, 6.5 ] }
					}
				}
			]
		},
		{
			"name": "BackSupport",
			"from": [ 7.5, 7.5, 13.7 ],
			"to": [ 8.5, 13.5, 14.2 ],
			"rotationOrigin": [ 8.0, 10.5, 14.0 ],
			"faces": {
				"north": { "texture": "#sides", "uv": [ 10.5, 4.5, 11.5, 10.5 ] },
				"east": { "texture": "#sides", "uv": [ 10.5, 4.5, 11.0, 10.5 ] },
				"south": { "texture": "#sides", "uv": [ 10.0, 5.0, 11.0, 11.0 ] },
				"west": { "texture": "#sides", "uv": [ 11.0, 4.5, 11.5, 10.5 ] },
				"up": { "texture": "#sides", "uv": [ 11.0, 6.0, 12.0, 6.5 ] },
				"down": { "texture": "#sides", "uv": [ 9.0, 9.0, 10.0, 9.5 ] }
			},
			"children": [
				{
					"name": "Screen",
					"from": [ -3.5, -0.5, 0.3 ],
					"to": [ 4.5, 6.5, 1.3 ],
					"rotationOrigin": [ 0.5, 3.0, 0.3 ],
					"faces": {
						"north": { "texture": "#block", "uv": [ 0.0, 0.0, 8.0, 7.0 ] },
						"east": { "texture": "#screen", "uv": [ 0.5, 7.0, 7.5, 8.0 ], "rotation": 90 },
						"south": { "texture": "#screen", "uv": [ 0.0, 0.0, 8.0, 7.0 ] },
						"west": { "texture": "#screen", "uv": [ 0.5, 7.0, 7.5, 8.0 ], "rotation": 90 },
						"up": { "texture": "#screen", "uv": [ 0.0, 7.0, 8.0, 8.0 ] },
						"down": { "texture": "#screen", "uv": [ 0.0, 7.0, 8.0, 8.0 ] }
					}
				}
			]
		},
		{
			"name": "SidesW",
			"from": [ 1.5, 0.0, 3.5 ],
			"to": [ 2.5, 14.2, 13.5 ],
			"rotationOrigin": [ 2.0, 0.0, 4.0 ],
			"faces": {
				"north": { "texture": "#sides", "uv": [ 6.5, 0.0, 7.5, 14.0 ] },
				"east": { "texture": "#sides", "uv": [ 6.0, 0.0, 16.0, 14.0 ] },
				"south": { "texture": "#sides", "uv": [ 6.5, 0.0, 7.5, 14.0 ] },
				"west": { "texture": "#sides", "uv": [ 6.0, 0.0, 16.0, 14.0 ] },
				"up": { "texture": "#sides", "uv": [ 6.5, 2.5, 7.5, 12.5 ] },
				"down": { "texture": "#sides", "uv": [ 6.5, 2.5, 7.5, 12.5 ] }
			}
		},
		{
			"name": "SidesE",
			"from": [ 13.5, 0.0, 3.5 ],
			"to": [ 14.5, 14.2, 13.5 ],
			"rotationOrigin": [ 14.0, 0.0, 4.0 ],
			"faces": {
				"north": { "texture": "#sides", "uv": [ 6.5, 0.0, 7.5, 14.0 ] },
				"east": { "texture": "#sides", "uv": [ 6.0, 0.0, 16.0, 14.0 ] },
				"south": { "texture": "#sides", "uv": [ 6.5, 0.0, 7.5, 14.0 ] },
				"west": { "texture": "#sides", "uv": [ 6.0, 0.0, 16.0, 14.0 ] },
				"up": { "texture": "#sides", "uv": [ 6.5, 2.0, 7.5, 12.0 ] },
				"down": { "texture": "#sides", "uv": [ 6.5, 2.5, 7.5, 12.5 ] }
			}
		},
		{
			"name": "Support",
			"from": [ 7.0, 11.0, 11.1 ],
			"to": [ 9.0, 11.5, 13.1 ],
			"rotationOrigin": [ 7.0, 11.0, 11.0 ],
			"faces": {
				"north": { "texture": "#sides", "uv": [ 6.0, 2.5, 8.0, 3.0 ] },
				"east": { "texture": "#sides", "uv": [ 6.0, 5.0, 8.0, 5.5 ] },
				"south": { "texture": "#sides", "uv": [ 6.0, 1.5, 8.0, 2.0 ] },
				"west": { "texture": "#sides", "uv": [ 6.0, 4.5, 8.0, 5.0 ] },
				"up": { "texture": "#sides", "uv": [ 6.0, 0.0, 8.0, 2.0 ] },
				"down": { "texture": "#sides", "uv": [ 6.0, 0.0, 8.0, 2.0 ] }
			}
		},
		{
			"name": "Drive-2",
			"from": [ 4.0, 4.0, 12.2 ],
			"to": [ 6.0, 5.0, 13.2 ],
			"rotationOrigin": [ 4.0, 4.0, 13.0 ],
			"faces": {
				"east": { "texture": "#drives", "uv": [ 1.75, 0.75, 2.5, 1.5 ], "glow": 40, "autoUv": false },
				"south": { "texture": "#drives", "uv": [ 0.5, 1.75, 2.0, 2.5 ], "autoUv": false },
				"west": { "texture": "#drives", "uv": [ 1.0, 0.75, 1.75, 1.5 ], "autoUv": false },
				"up": { "texture": "#drives", "uv": [ 0.5, 0.75, 2.0, 1.25 ], "autoUv": false },
				"down": { "texture": "#drives", "uv": [ 0.5, 4.25, 2.0, 5.0 ], "autoUv": false }
			},
			"children": [
				{
					"name": "Drive-3",
					"from": [ 3.0, 0.0, 0.6 ],
					"to": [ 5.0, 1.0, 1.6 ],
					"rotationOrigin": [ 3.0, 0.0, 0.8 ],
					"faces": {
						"east": { "texture": "#drives", "uv": [ 2.0, 1.75, 2.75, 2.5 ], "autoUv": false },
						"south": { "texture": "#drives", "uv": [ 0.5, 4.25, 2.0, 5.0 ], "autoUv": false },
						"west": { "texture": "#drives", "uv": [ 2.0, 0.75, 2.75, 1.5 ], "autoUv": false },
						"up": { "texture": "#drives", "uv": [ 0.5, 4.25, 2.0, 5.0 ], "autoUv": false },
						"down": { "texture": "#drives", "uv": [ 0.5, 4.25, 2.0, 5.0 ], "autoUv": false }
					}
				},
				{
					"name": "Drive-4",
					"from": [ 6.0, 0.0, 0.3 ],
					"to": [ 8.0, 1.0, 1.3 ],
					"rotationOrigin": [ 6.0, 0.0, 0.8 ],
					"faces": {
						"east": { "texture": "#drives", "uv": [ 1.75, 0.75, 2.5, 1.5 ], "autoUv": false },
						"south": { "texture": "#drives", "uv": [ 0.5, 3.75, 2.0, 4.5 ], "autoUv": false },
						"west": { "texture": "#drives", "uv": [ 1.0, 1.75, 1.75, 2.5 ], "glow": 40, "autoUv": false },
						"up": { "texture": "#drives", "uv": [ 0.5, 2.75, 2.0, 3.25 ], "autoUv": false },
						"down": { "texture": "#drives", "uv": [ 0.5, 4.25, 2.0, 5.0 ], "autoUv": false }
					}
				},
				{
					"name": "Drive-5",
					"from": [ 6.0, -2.0, 0.3 ],
					"to": [ 8.0, -1.0, 1.3 ],
					"rotationOrigin": [ 6.0, -2.0, 0.8 ],
					"faces": {
						"east": { "texture": "#drives", "uv": [ 2.0, 1.75, 2.75, 2.5 ], "autoUv": false },
						"south": { "texture": "#drives", "uv": [ 0.5, 4.25, 2.0, 5.0 ], "autoUv": false },
						"west": { "texture": "#drives", "uv": [ 2.0, 0.75, 2.75, 1.5 ], "autoUv": false },
						"up": { "texture": "#drives", "uv": [ 0.5, 4.25, 2.0, 5.0 ], "autoUv": false },
						"down": { "texture": "#drives", "uv": [ 0.5, 4.25, 2.0, 5.0 ], "autoUv": false }
					}
				},
				{
					"name": "Drive-6",
					"from": [ 3.0, -2.0, 0.3 ],
					"to": [ 5.0, -1.0, 1.3 ],
					"rotationOrigin": [ 3.0, -2.0, 0.8 ],
					"faces": {
						"east": { "texture": "#drives", "uv": [ 1.75, 0.75, 2.5, 1.5 ], "autoUv": false },
						"south": { "texture": "#drives", "uv": [ 0.5, 1.75, 2.0, 2.5 ], "autoUv": false },
						"west": { "texture": "#drives", "uv": [ 1.0, 3.75, 1.75, 4.5 ], "autoUv": false },
						"up": { "texture": "#drives", "uv": [ 0.5, 2.75, 2.0, 3.25 ], "glow": 40, "autoUv": false },
						"down": { "texture": "#drives", "uv": [ 0.5, 4.25, 2.0, 5.0 ], "autoUv": false }
					}
				},
				{
					"name": "Drive-7",
					"from": [ 0.0, -2.0, 0.3 ],
					"to": [ 2.0, -1.0, 1.3 ],
					"rotationOrigin": [ 0.0, -2.0, 0.8 ],
					"faces": {
						"east": { "texture": "#drives", "uv": [ 1.75, 0.75, 2.5, 1.5 ], "autoUv": false },
						"south": { "texture": "#drives", "uv": [ 0.5, 0.75, 2.0, 1.5 ], "glow": 30, "autoUv": false },
						"west": { "texture": "#drives", "uv": [ 1.0, 0.75, 1.75, 1.5 ], "autoUv": false },
						"up": { "texture": "#drives", "uv": [ 0.5, 0.75, 2.0, 1.25 ], "autoUv": false },
						"down": { "texture": "#drives", "uv": [ 0.5, 4.25, 2.0, 5.0 ], "autoUv": false }
					}
				}
			]
		}
	],
	"animations": [
		{
			"name": "lidopen",
			"code": "lidopen",
			"quantityframes": 30,
			"onActivityStopped": "Rewind",
			"onAnimationEnd": "Hold",
			"keyframes": [
				{
					"frame": 0,
					"elements": {
						"BackSupport": { "offsetX": 0.0, "offsetY": 0.0, "offsetZ": 0.05, "rotationX": 0.0, "rotationY": 0.0, "rotationZ": 0.0 },
						"Screen": { "offsetX": 0.0, "offsetY": 0.0, "offsetZ": 0.2 },
						"Bar": { "rotationX": 0.0, "rotationY": 0.0, "rotationZ": 0.0 },
						"Support": { "offsetX": 0.0, "offsetY": 0.0, "offsetZ": 0.0 }
					}
				},
				{
					"frame": 5,
					"elements": {
						"BackSupport": { "offsetX": 0.0, "offsetY": 3.0, "offsetZ": 0.05, "rotationX": 0.0, "rotationY": 0.0, "rotationZ": 0.0 },
						"Screen": { "offsetX": 0.0, "offsetY": 0.0, "offsetZ": 0.2 }
					}
				},
				{
					"frame": 10,
					"elements": {
						"Screen": { "offsetX": 0.0, "offsetY": 0.0, "offsetZ": 0.2 },
						"BackSupport": { "offsetX": 0.0, "offsetY": 4.0, "offsetZ": 0.25, "rotationX": -10.0, "rotationY": 0.0, "rotationZ": 0.0 }
					}
				},
				{
					"frame": 15,
					"elements": {
						"BackSupport": { "offsetX": 0.0, "offsetY": 3.5, "offsetZ": 0.5, "rotationX": -15.0, "rotationY": 0.0, "rotationZ": 0.0 },
						"Screen": { "offsetX": 0.0, "offsetY": 0.5, "offsetZ": 0.2 }
					}
				},
				{
					"frame": 20,
					"elements": {
						"BackSupport": { "offsetX": 0.0, "offsetY": 4.0, "offsetZ": 0.8, "rotationX": -22.5, "rotationY": 0.0, "rotationZ": 0.0 },
						"Screen": { "offsetX": 0.0, "offsetY": 0.5, "offsetZ": 0.25, "rotationX": 0.0, "rotationY": 0.0, "rotationZ": 0.0 }
					}
				},
				{
					"frame": 29,
					"elements": {
						"BackSupport": { "offsetX": 0.0, "offsetY": 3.5, "offsetZ": 0.7, "rotationX": -18.0, "rotationY": 0.0, "rotationZ": 0.0 },
						"Screen": { "offsetX": 0.0, "offsetY": 1.5, "offsetZ": 0.25 },
						"Bar": { "rotationX": -180.0, "rotationY": 0.0, "rotationZ": 0.0 },
						"Support": { "offsetX": 0.0, "offsetY": 0.0, "offsetZ": 2.0 }
					}
				}
			]
		}
	]
}