{
	"editor": {
		"allAngles": false,
		"entityTextureMode": false
	},
	"textureWidth": 16,
	"textureHeight": 16,
	"textureSizes": {
	},
	"textures": {
	},
	"elements": [
		{
			"name": "Face",
			"from": [ -3.3, 0.0, 9.0 ],
			"to": [ 19.3, 22.6, 10.0 ],
			"shade": false,
			"climateColorMap": "climatePlantTint",
			"seasonColorMap": "seasonalGrass",
			"rotationOrigin": [ -3.3, 0.0, 9.0 ],
			"rotationX": 45.0,
			"faces": {
				"north": { "texture": "#grass", "uv": [ 0.0, 0.0, 16.0, 16.0 ], "autoUv": false, "snapUv": false, "windMode": [0,2,2,0], "windData": [0,1,1,0] }
			}
		},
		{
			"name": "Face2",
			"from": [ -3.3, 0.0, 7.0 ],
			"to": [ 19.3, 22.6, 8.0 ],
			"shade": false,
			"climateColorMap": "climatePlantTint",
			"seasonColorMap": "seasonalGrass",
			"rotationOrigin": [ -3.3, 0.0, 7.0 ],
			"rotationX": -45.0,
			"faces": {
				"north": { "texture": "#grass", "uv": [ 0.0, 0.0, 16.0, 16.0 ], "autoUv": false, "snapUv": false, "windMode": [0,2,2,0], "windData": [0,1,1,0] }
			}
		},
		{
			"name": "Face3",
			"from": [ 9.0, 0.0, -3.3 ],
			"to": [ 10.0, 22.6, 19.3 ],
			"shade": false,
			"climateColorMap": "climatePlantTint",
			"seasonColorMap": "seasonalGrass",
			"rotationOrigin": [ 9.0, 0.0, 16.0 ],
			"rotationZ": -45.0,
			"faces": {
				"west": { "texture": "#grass", "uv": [ 0.0, 0.0, 16.0, 16.0 ], "autoUv": false, "snapUv": false, "windMode": [0,0,2,2], "windData": [0,0,1,1] }
			}
		},
		{
			"name": "Face4",
			"from": [ 7.0, 0.0, -3.3 ],
			"to": [ 8.0, 22.6, 19.3 ],
			"shade": false,
			"climateColorMap": "climatePlantTint",
			"seasonColorMap": "seasonalGrass",
			"rotationOrigin": [ 7.0, 0.0, -3.3 ],
			"rotationZ": 45.0,
			"faces": {
				"west": { "texture": "#grass", "uv": [ 0.0, 0.0, 16.0, 16.0 ], "autoUv": false, "snapUv": false, "windMode": [0,0,2,2], "windData": [0,0,1,1] }
			}
		},
		{
			"name": "Face5",
			"from": [ -3.3, 0.0, 9.0 ],
			"to": [ 19.3, 22.6, 10.0 ],
			"shade": false,
			"climateColorMap": "climatePlantTint",
			"seasonColorMap": "seasonalGrass",
			"rotationOrigin": [ -3.3, 0.0, 9.0 ],
			"rotationX": 22.5,
			"faces": {
				"north": { "texture": "#grass", "uv": [ 0.0, 0.0, 16.0, 16.0 ], "autoUv": false, "windMode": [0,2,2,0], "windData": [0,1,1,0] }
			}
		},
		{
			"name": "Face6",
			"from": [ -3.3, 0.0, 7.0 ],
			"to": [ 19.3, 22.6, 8.0 ],
			"shade": false,
			"climateColorMap": "climatePlantTint",
			"seasonColorMap": "seasonalGrass",
			"rotationOrigin": [ -3.3, 0.0, 7.0 ],
			"rotationX": -22.5,
			"faces": {
				"north": { "texture": "#grass", "uv": [ 0.0, 0.0, 16.0, 16.0 ], "autoUv": false, "windMode": [0,2,2,0], "windData": [0,1,1,0] }
			}
		},
		{
			"name": "Face7",
			"from": [ 9.0, 0.0, -3.3 ],
			"to": [ 10.0, 22.6, 19.3 ],
			"shade": false,
			"climateColorMap": "climatePlantTint",
			"seasonColorMap": "seasonalGrass",
			"rotationOrigin": [ 9.0, 0.0, 16.0 ],
			"rotationZ": -22.5,
			"faces": {
				"west": { "texture": "#grass", "uv": [ 0.0, 0.0, 16.0, 16.0 ], "autoUv": false, "windMode": [0,0,2,2], "windData": [0,0,1,1] }
			}
		},
		{
			"name": "Face8",
			"from": [ 7.0, 0.0, -3.3 ],
			"to": [ 8.0, 22.6, 19.3 ],
			"shade": false,
			"climateColorMap": "climatePlantTint",
			"seasonColorMap": "seasonalGrass",
			"rotationOrigin": [ 7.0, 0.0, -3.3 ],
			"rotationZ": 22.5,
			"faces": {
				"west": { "texture": "#grass", "uv": [ 0.0, 0.0, 16.0, 16.0 ], "autoUv": false, "windMode": [0,0,2,2], "windData": [0,0,1,1] }
			}
		}
	]}