{
	"editor": {
		"collapsedPaths": "",
		"allAngles": false,
		"entityTextureMode": false
	},
	"textureWidth": 16,
	"textureHeight": 16,
	"textureSizes": {
	},
	"textures": {
	},
	"elements": [
		{
			"name": "Flower1",
			"from": [ -3.3, 0.0, 9.0 ],
			"to": [ 19.3, 22.6, 10.0 ],
			"shade": false,
			"rotationOrigin": [ -3.3, 0.0, 9.0 ],
			"rotationX": 45.0,
			"faces": {
				"north": { "texture": "#flowers", "uv": [ 0.0, 0.0, 16.0, 16.0 ], "autoUv": false, "snapUv": false, "windMode": [0,2,2,0], "windData": [0,1,1,0] }
			},
			"children": [
				{
					"name": "Face1",
					"from": [ 0.0, 0.0, 0.0 ],
					"to": [ 22.6, 22.6, 1.0 ],
					"shade": false,
					"climateColorMap": "climatePlantTint",
					"seasonColorMap": "seasonalGrass",
					"rotationOrigin": [ 0.0, 0.0, 0.0 ],
					"faces": {
						"north": { "texture": "#grass", "uv": [ 0.0, 0.0, 16.0, 16.0 ], "autoUv": false, "windMode": [0,2,2,0], "windData": [0,1,1,0] }
					}
				}
			]
		},
		{
			"name": "Flower2",
			"from": [ -3.3, 0.0, 7.0 ],
			"to": [ 19.3, 22.6, 8.0 ],
			"shade": false,
			"rotationOrigin": [ -3.3, 0.0, 7.0 ],
			"rotationX": -45.0,
			"faces": {
				"north": { "texture": "#flowers", "uv": [ 0.0, 0.0, 16.0, 16.0 ], "autoUv": false, "snapUv": false, "windMode": [0,2,2,0], "windData": [0,1,1,0] }
			},
			"children": [
				{
					"name": "Face2",
					"from": [ 0.0, 0.0, 0.0 ],
					"to": [ 22.6, 22.6, 1.0 ],
					"shade": false,
					"climateColorMap": "climatePlantTint",
					"seasonColorMap": "seasonalGrass",
					"rotationOrigin": [ 0.0, 0.0, 0.0 ],
					"faces": {
						"north": { "texture": "#grass", "uv": [ 0.0, 0.0, 16.0, 16.0 ], "autoUv": false, "windMode": [0,2,2,0], "windData": [0,1,1,0] }
					}
				}
			]
		},
		{
			"name": "Flower3",
			"from": [ 9.0, 0.0, -3.3 ],
			"to": [ 10.0, 22.6, 19.3 ],
			"shade": false,
			"rotationOrigin": [ 9.0, 0.0, 16.0 ],
			"rotationZ": -45.0,
			"faces": {
				"west": { "texture": "#flowers", "uv": [ 0.0, 0.0, 16.0, 16.0 ], "autoUv": false, "snapUv": false, "windMode": [0,0,2,2], "windData": [0,0,1,1] }
			},
			"children": [
				{
					"name": "Face3",
					"from": [ 0.0, 0.0, 0.0 ],
					"to": [ 1.0, 22.6, 22.6 ],
					"shade": false,
					"climateColorMap": "climatePlantTint",
					"seasonColorMap": "seasonalGrass",
					"rotationOrigin": [ 0.0, 0.0, 19.3 ],
					"faces": {
						"west": { "texture": "#grass", "uv": [ 0.0, 0.0, 16.0, 16.0 ], "autoUv": false, "windMode": [0,0,2,2], "windData": [0,0,1,1] }
					}
				}
			]
		},
		{
			"name": "Flower4",
			"from": [ 7.0, 0.0, -3.3 ],
			"to": [ 8.0, 22.6, 19.3 ],
			"shade": false,
			"rotationOrigin": [ 7.0, 0.0, -3.3 ],
			"rotationZ": 45.0,
			"faces": {
				"west": { "texture": "#flowers", "uv": [ 0.0, 0.0, 16.0, 16.0 ], "autoUv": false, "snapUv": false, "windMode": [0,0,2,2], "windData": [0,0,1,1] }
			},
			"children": [
				{
					"name": "Face4",
					"from": [ 0.0, 0.0, 0.0 ],
					"to": [ 1.0, 22.6, 22.6 ],
					"shade": false,
					"climateColorMap": "climatePlantTint",
					"seasonColorMap": "seasonalGrass",
					"rotationOrigin": [ 0.0, 0.0, 0.0 ],
					"faces": {
						"west": { "texture": "#grass", "uv": [ 0.0, 0.0, 16.0, 16.0 ], "autoUv": false, "windMode": [0,0,2,2], "windData": [0,0,1,1] }
					}
				}
			]
		},
		{
			"name": "Flower5",
			"from": [ 0.0, 0.0, 6.0 ],
			"to": [ 22.6, 22.6, 7.0 ],
			"shade": false,
			"rotationOrigin": [ 0.0, 0.0, 6.0 ],
			"rotationX": -22.5,
			"faces": {
				"north": { "texture": "#flowers", "uv": [ 0.0, 0.0, 16.0, 16.0 ], "autoUv": false, "windMode": [0,2,2,0], "windData": [0,1,1,0] }
			},
			"children": [
				{
					"name": "Face5",
					"from": [ -3.3, 0.0, 0.0 ],
					"to": [ 19.3, 22.6, 1.0 ],
					"shade": false,
					"climateColorMap": "climatePlantTint",
					"seasonColorMap": "seasonalGrass",
					"rotationOrigin": [ -3.3, 0.0, 0.0 ],
					"faces": {
						"north": { "texture": "#grass", "uv": [ 0.0, 0.0, 16.0, 16.0 ], "autoUv": false, "windMode": [0,2,2,0], "windData": [0,1,1,0] }
					}
				}
			]
		},
		{
			"name": "Flower6",
			"from": [ -3.3, 0.0, 9.0 ],
			"to": [ 19.3, 22.6, 10.0 ],
			"shade": false,
			"rotationOrigin": [ -3.3, 0.0, 10.0 ],
			"rotationX": 22.5,
			"faces": {
				"south": { "texture": "#flowers", "uv": [ 0.0, 0.0, 16.0, 16.0 ], "autoUv": false, "windMode": [0,0,2,2], "windData": [0,0,1,1] }
			},
			"children": [
				{
					"name": "Face6",
					"from": [ 0.0, 0.0, 0.0 ],
					"to": [ 22.6, 22.6, 1.0 ],
					"shade": false,
					"climateColorMap": "climatePlantTint",
					"seasonColorMap": "seasonalGrass",
					"rotationOrigin": [ 0.0, 0.0, 1.0 ],
					"faces": {
						"south": { "texture": "#grass", "uv": [ 0.0, 0.0, 16.0, 16.0 ], "autoUv": false, "windMode": [0,0,2,2], "windData": [0,0,1,1] }
					}
				}
			]
		},
		{
			"name": "Flower7",
			"from": [ 9.0, 0.0, -3.3 ],
			"to": [ 10.0, 22.6, 19.3 ],
			"shade": false,
			"rotationOrigin": [ 9.0, 0.0, 16.0 ],
			"rotationZ": -22.5,
			"faces": {
				"west": { "texture": "#flowers", "uv": [ 0.0, 0.0, 16.0, 16.0 ], "autoUv": false, "windMode": [0,0,2,2], "windData": [0,0,1,1] }
			},
			"children": [
				{
					"name": "Face7",
					"from": [ 0.0, 0.0, 0.0 ],
					"to": [ 1.0, 22.6, 22.6 ],
					"shade": false,
					"climateColorMap": "climatePlantTint",
					"seasonColorMap": "seasonalGrass",
					"rotationOrigin": [ 0.0, 0.0, 19.3 ],
					"faces": {
						"west": { "texture": "#grass", "uv": [ 0.0, 0.0, 16.0, 16.0 ], "autoUv": false, "windMode": [0,0,2,2], "windData": [0,0,1,1] }
					}
				}
			]
		},
		{
			"name": "Flower8",
			"from": [ 7.0, 0.0, -3.3 ],
			"to": [ 8.0, 22.6, 19.3 ],
			"shade": false,
			"rotationOrigin": [ 7.0, 0.0, -3.3 ],
			"rotationZ": 22.5,
			"faces": {
				"west": { "texture": "#flowers", "uv": [ 0.0, 0.0, 16.0, 16.0 ], "autoUv": false, "windMode": [0,0,2,2], "windData": [0,0,1,1] }
			},
			"children": [
				{
					"name": "Face8",
					"from": [ 0.0, 0.0, 0.0 ],
					"to": [ 1.0, 22.6, 22.6 ],
					"shade": false,
					"climateColorMap": "climatePlantTint",
					"seasonColorMap": "seasonalGrass",
					"rotationOrigin": [ 0.0, 0.0, 0.0 ],
					"faces": {
						"west": { "texture": "#grass", "uv": [ 0.0, 0.0, 16.0, 16.0 ], "autoUv": false, "windMode": [0,0,2,2], "windData": [0,0,1,1] }
					}
				}
			]
		}
	]}