[
    {
        "comment": "Large patches of flowering ryegrass",
        "blockCodes": [ 
            "ryegrass-perennial-3-free",
            "ryegrass-perennial-4-free"
        ],
        
        "quantity": {
            "avg": 48,
            "var": 24
        },
        "offsetX": { "avg": 0, "var": 16 },
        "offsetZ": { "avg": 0, "var": 16 },
        "chance": 0.25,

        "minTemp": -8,
        "maxTemp": 24,
        "minRain": 0.3,
        "maxRain": 0.8,
        "minForest": 0.0,
        "maxForest": 0.8
    },
    {
        "comment": "Medium patches of flowering ryegrass",
        "blockCodes": [ 
            "ryegrass-perennial-3-free",
            "ryegrass-perennial-4-free"
        ],
        
        "quantity": {
            "avg": 24,
            "var": 12
        },
        "offsetX": { "avg": 0, "var": 8 },
        "offsetZ": { "avg": 0, "var": 8 },
        "chance": 0.5,

        "minTemp": -8,
        "maxTemp": 24,
        "minRain": 0.3,
        "maxRain": 0.8,
        "minForest": 0.0,
        "maxForest": 0.8
    },
    {
        "comment": "Large patches of flowering bluegrass",
        "blockCodes": [ 
            "bluegrass-3-free",
            "bluegrass-4-free"
        ],
        
        "quantity": {
            "avg": 48,
            "var": 24
        },
        "offsetX": { "avg": 0, "var": 16 },
        "offsetZ": { "avg": 0, "var": 16 },
        "chance": 0.25,

        "minTemp": -8,
        "maxTemp": 30,
        "minRain": 0.4,
        "maxRain": 0.9,
        "minForest": 0.0,
        "maxForest": 0.7
    },
    {
        "comment": "Medium patches of flowering bluegrass",
        "blockCodes": [ 
            "bluegrass-3-free",
            "bluegrass-4-free"
        ],
        
        "quantity": {
            "avg": 24,
            "var": 12
        },
        "offsetX": { "avg": 0, "var": 8 },
        "offsetZ": { "avg": 0, "var": 8 },
        "chance": 0.5,

        "minTemp": -8,
        "maxTemp": 30,
        "minRain": 0.4,
        "maxRain": 0.9,
        "minForest": 0.0,
        "maxForest": 0.7
    },
    {
        "comment": "Large patches of flowering bushgrass",
        "blockCodes": [ 
            "bushgrass-3-free",
            "bushgrass-4-free"
        ],
        
        "quantity": {
            "avg": 48,
            "var": 24
        },
        "offsetX": { "avg": 0, "var": 16 },
        "offsetZ": { "avg": 0, "var": 16 },
        "chance": 0.25,

        "minTemp": -2,
        "maxTemp": 36,
        "minRain": 0.2,
        "maxRain": 0.7,
        "minForest": 0.0,
        "maxForest": 0.9
    },
    {
        "comment": "Medium patches of flowering bushgrass",
        "blockCodes": [ 
            "bushgrass-3-free",
            "bushgrass-4-free"
        ],
        
        "quantity": {
            "avg": 24,
            "var": 12
        },
        "offsetX": { "avg": 0, "var": 8 },
        "offsetZ": { "avg": 0, "var": 8 },
        "chance": 0.5,

        "minTemp": -2,
        "maxTemp": 36,
        "minRain": 0.2,
        "maxRain": 0.7,
        "minForest": 0.0,
        "maxForest": 0.9
    },
    {
        "comment": "Large patches of flowering meadow fescue",
        "blockCodes": [ 
            "fescue-meadow-3-free",
            "fescue-meadow-4-free"
        ],
        
        "quantity": {
            "avg": 48,
            "var": 24
        },
        "offsetX": { "avg": 0, "var": 16 },
        "offsetZ": { "avg": 0, "var": 16 },
        "chance": 0.25,

        "minTemp": -4,
        "maxTemp": 28,
        "minRain": 0.3,
        "maxRain": 0.9,
        "minForest": 0.0,
        "maxForest": 0.3
    },
    {
        "comment": "Medium patches of flowering meadow fescue",
        "blockCodes": [ 
            "fescue-meadow-3-free",
            "fescue-meadow-4-free"
        ],
        
        "quantity": {
            "avg": 24,
            "var": 12
        },
        "offsetX": { "avg": 0, "var": 8 },
        "offsetZ": { "avg": 0, "var": 8 },
        "chance": 0.5,

        "minTemp": -4,
        "maxTemp": 28,
        "minRain": 0.3,
        "maxRain": 0.9,
        "minForest": 0.0,
        "maxForest": 0.3
    },
    {
        "comment": "Large patches of flowering buttongrass",
        "blockCodes": [ 
            "buttongrass-3-free",
            "buttongrass-4-free"
        ],
        
        "quantity": {
            "avg": 48,
            "var": 24
        },
        "offsetX": { "avg": 0, "var": 16 },
        "offsetZ": { "avg": 0, "var": 16 },
        "chance": 0.25,

        "minTemp": 0,
        "maxTemp": 12,
        "minRain": 0.3,
        "maxRain": 1.0,
        "minForest": 0.0,
        "maxForest": 0.3
    },
    {
        "comment": "Medium patches of flowering buttongrass",
        "blockCodes": [ 
            "buttongrass-3-free",
            "buttongrass-4-free"
        ],
        
        "quantity": {
            "avg": 24,
            "var": 12
        },
        "offsetX": { "avg": 0, "var": 8 },
        "offsetZ": { "avg": 0, "var": 8 },
        "chance": 0.5,

        "minTemp": -3,
        "maxTemp": 18,
        "minRain": 0.2,
        "maxRain": 1.0,
        "minForest": 0.0,
        "maxForest": 0.4
    }
]