[
  {
    "op": "replace",
    "path": "/server/spawnconditions/runtime/chance",
    "value": 0.0,
    "file": "game:entities/land/hooved/moose.json",
    "side": "Server"
  },
  {
    "op": "replace",
    "path": "/server/spawnconditionsByType/*-male-adult/runtime/maxQuantity",
    "value": 0,
    "file": "game:entities/land/hooved/moose.json",
    "side": "Server"
  },
  {
    "op": "replace",
    "path": "/server/spawnconditionsByType/*-male-adult/worldgen/triesPerChunk/avg",
    "value": 0.0,
    "file": "game:entities/land/hooved/moose.json",
    "side": "Server"
  }
]