{
	"editor": {
		"allAngles": false,
		"entityTextureMode": false
	},
	"textureWidth": 16,
	"textureHeight": 32,
	"textureSizes": {
	},
	"textures": {
	},
	"elements": [
		{
			"name": "Flowers",
			"from": [ 3.3, 0.0, 0.0 ],
			"to": [ 19.3, 24.0, 1.0 ],
			"shade": false,
			"renderPass": 2,
			"rotationOrigin": [ 0.0, 0.0, 0.0 ],
			"rotationY": -45.0,
			"faces": {
				"north": { "texture": "#flowers", "uv": [ 0.0, 0.0, 16.0, 32.0 ], "autoUv": false, "windMode": [0,2,2,0], "windData": [0,1,1,0] }
			},
			"children": [
				{
					"name": "Face",
					"from": [ 0.0, 0.0, 0.0 ],
					"to": [ 16.0, 24.0, 1.0 ],
					"shade": false,
					"climateColorMap": "climatePlantTint",
					"seasonColorMap": "seasonalGrass",
					"renderPass": 2,
					"faces": {
						"north": { "texture": "#grass", "uv": [ 0.0, 0.0, 16.0, 32.0 ], "autoUv": false, "windMode": [0,2,2,0], "windData": [0,1,1,0] }
					}
				}
			]
		},
		{
			"name": "Flowers2",
			"from": [ 3.3, 0.0, 15.0 ],
			"to": [ 19.3, 24.0, 16.0 ],
			"shade": false,
			"renderPass": 2,
			"rotationOrigin": [ 0.0, 0.0, 16.0 ],
			"rotationY": 45.0,
			"faces": {
				"south": { "texture": "#flowers", "uv": [ 0.0, 0.0, 16.0, 32.0 ], "autoUv": false, "windMode": [0,0,2,2], "windData": [0,0,1,1] }
			},
			"children": [
				{
					"name": "Face2",
					"from": [ 0.0, 0.0, 0.0 ],
					"to": [ 16.0, 24.0, 1.0 ],
					"shade": false,
					"climateColorMap": "climatePlantTint",
					"seasonColorMap": "seasonalGrass",
					"renderPass": 2,
					"faces": {
						"south": { "texture": "#grass", "uv": [ 0.0, 0.0, 16.0, 32.0 ], "autoUv": false, "windMode": [0,0,2,2], "windData": [0,0,1,1] }
					}
				}
			]
		},
		{
			"name": "Flowers3",
			"from": [ 0.0, 0.0, 8.0 ],
			"to": [ 16.0, 24.0, 9.0 ],
			"shade": false,
			"renderPass": 2,
			"rotationOrigin": [ -3.3, 0.0, 8.0 ],
			"faces": {
				"north": { "texture": "#flowers", "uv": [ 0.0, 0.0, 16.0, 32.0 ], "autoUv": false, "windMode": [0,2,2,0], "windData": [0,1,1,0] }
			},
			"children": [
				{
					"name": "Face3",
					"from": [ 0.0, 0.0, 0.0 ],
					"to": [ 16.0, 24.0, 1.0 ],
					"shade": false,
					"climateColorMap": "climatePlantTint",
					"seasonColorMap": "seasonalGrass",
					"renderPass": 2,
					"faces": {
						"north": { "texture": "#grass", "uv": [ 0.0, 0.0, 16.0, 32.0 ], "autoUv": false, "windMode": [0,2,2,0], "windData": [0,1,1,0] }
					}
				}
			]
		},
		{
			"name": "Flowers4",
			"from": [ 8.0, 0.0, 15.0 ],
			"to": [ 24.0, 24.0, 16.0 ],
			"shade": false,
			"renderPass": 2,
			"rotationOrigin": [ 7.7, 0.0, 16.0 ],
			"rotationY": 90.0,
			"faces": {
				"south": { "texture": "#flowers", "uv": [ 0.0, 0.0, 16.0, 32.0 ], "autoUv": false, "windMode": [0,0,2,2], "windData": [0,0,1,1] }
			},
			"children": [
				{
					"name": "Face4",
					"from": [ 0.0, 0.0, 0.0 ],
					"to": [ 16.0, 24.0, 1.0 ],
					"shade": false,
					"climateColorMap": "climatePlantTint",
					"seasonColorMap": "seasonalGrass",
					"renderPass": 2,
					"faces": {
						"south": { "texture": "#grass", "uv": [ 0.0, 0.0, 16.0, 32.0 ], "autoUv": false, "windMode": [0,0,2,2], "windData": [0,0,1,1] }
					}
				}
			]
		}
	]}