{
	"editor": {
		"allAngles": false,
		"entityTextureMode": false
	},
	"textureWidth": 16,
	"textureHeight": 32,
	"textureSizes": {
	},
	"textures": {
	},
	"elements": [
		{
			"name": "Face",
			"from": [ 0.0, 0.0, 0.0 ],
			"to": [ 22.6, 45.2, 1.0 ],
			"shade": false,
			"climateColorMap": "climatePlantTint",
			"seasonColorMap": "seasonalGrass",
			"rotationOrigin": [ 0.0, 0.0, 0.0 ],
			"rotationY": -45.0,
			"faces": {
				"north": { "texture": "#grass", "uv": [ 0.0, 0.0, 16.0, 32.0 ], "autoUv": false, "snapUv": false, "windMode": [0,2,2,0], "windData": [0,1,1,0] }
			}
		},
		{
			"name": "Face2",
			"from": [ 0.0, 0.0, 15.0 ],
			"to": [ 22.6, 45.2, 16.0 ],
			"shade": false,
			"climateColorMap": "climatePlantTint",
			"seasonColorMap": "seasonalGrass",
			"rotationOrigin": [ 0.0, 0.0, 16.0 ],
			"rotationY": 45.0,
			"faces": {
				"south": { "texture": "#grass", "uv": [ 0.0, 0.0, 16.0, 32.0 ], "autoUv": false, "snapUv": false, "windMode": [0,0,2,2], "windData": [0,0,1,1] }
			}
		}
	]}