{
    "game:sheep-bighorn-male": 50,
    "game:sheep-bighorn-female": 50,
    "game:sheep-bighorn-lamb": 20,
    "game:chicken-rooster": 10,
    "game:chicken-hen": 10,
    "game:chicken-baby": 10,
    "game:pig-wild-male": 30,
    "game:pig-wild-female": 30,
    "game:pig-wild-piglet": 10,
    "game:wolf-male": 40,
    "game:wolf-female": 40,
    "game:wolf-pup": 10,
    "game:hyena-male": 40,
    "game:hyena-female": 40,
    "game:hyena-pup": 10,
    "game:fox-male-red": 20,
    "game:fox-female-red": 20,
    "game:fox-pup": 10,
    "game:fox-pup-red": 20,
    "game:fox-pup-arctic": 20,
    "game:fox-male-arctic": 10,
    "game:fox-female-arctic": 10,
    "game:raccoon-male": 20,
    "game:raccoon-female": 20,
    "game:raccoon-pup": 10,
    "game:hare-male-arctic": 30,
    "game:hare-male-ashgrey": 30,
    "game:hare-male-darkbrown": 30,
    "game:hare-male-desert": 30,
    "game:hare-male-gold": 40,
    "game:hare-male-lightbrown": 40,
    "game:hare-male-lightgrey": 40,
    "game:hare-male-silver": 40,
    "game:hare-male-smokegrey": 50,
    "game:hare-female-arctic": 60,
    "game:hare-female-ashgrey": 60,
    "game:hare-female-gold": 70,
    "game:hare-female-lightbrown": 40,
    "game:hare-female-lightgrey": 40,
    "game:hare-female-silver": 40,
    "game:hare-female-smokegrey": 30,
    "game:hare-baby": 20,
    "game:drifter-normal": 40,
    "game:drifter-deep": 50,
    "game:drifter-tainted": 60,
    "game:drifter-corrupt": 70,
    "game:drifter-nightmare": 80,
    "game:drifter-double-headed": 90,
    "game:locust-bronze": 60,
    "game:locust-corrupt": 60,
    "game:bell-normal": 100,
    "game:salmon": 10,
    "game:bear-female-black": 50,
    "game:bear-female-brown": 50,
    "game:bear-female-sun": 50,
    "game:bear-female-panda": 50,
    "game:bear-female-polar": 50,
    "game:bear-male-black": 50,
    "game:bear-male-brown": 50,
    "game:bear-male-sun": 50,
    "game:bear-male-panda": 50,
    "game:bear-male-polar": 50,
    "game:locust-bronze-hacked": 60,
    "game:locust-corrupt-hacked": 60,
    "game:gazelle-male": 50,
    "game:gazelle-female": 50,
    "game:gazelle-calf": 30,
    "game:deer-moose-male-adult": 30,
    "game:deer-moose-female-adult": 50,
    "game:deer-moose-male-baby": 50,
    "game:deer-moose-female-baby": 30,
    "game:deer-whitetail-male-adult": 30,
    "game:deer-whitetail-female-adult": 30,
    "game:deer-whitetail-male-baby": 30,
    "game:deer-whitetail-female-baby": 10,
    "game:deer-redbrocket-male-adult": 10,
    "game:deer-chital-female-baby": 60,
    "game:deer-guemal-male-adult": 60,
    "game:deer-guemal-female-adult": 20,
    "game:deer-guemal-male-baby": 20,
    "game:deer-guemal-female-baby": 60,
    "game:deer-pampas-male-adult": 60,
    "game:deer-pampas-female-adult": 70,
    "game:deer-pampas-male-baby": 70,
    "game:deer-pampas-female-baby": 40,
    "game:deer-pudu-male-adult": 40,
    "game:deer-pudu-female-adult": 10,
    "game:deer-pudu-male-baby": 10,
    "game:deer-pudu-female-baby": 60,
    "game:deer-elk-male-adult": 60,
    "game:deer-elk-female-adult": 20,
    "game:deer-elk-male-baby": 20,
    "game:deer-elk-female-baby": 50,
    "game:deer-taruca-male-adult": 50,
    "game:deer-taruca-female-adult": 20,
    "game:deer-taruca-male-baby": 20,
    "game:deer-taruca-female-baby": 60,
    "game:deer-chital-male-adult": 60,
    "game:deer-chital-female-adult": 20,
    "game:deer-chital-male-baby": 20,
    "game:deer-fallow-female-baby": 60,
    "game:deer-fallow-male-adult": 60,
    "game:deer-fallow-male-baby": 20,
    "game:deer-fallow-female-adult": 20,
    "game:goat-angora-male-adult": 70,
    "game:goat-angora-female-adult": 70,
    "game:goat-angora-male-baby": 30,
    "game:goat-angora-female-baby": 30,
    "game:goat-ibexalp-male-adult": 70,
    "game:goat-ibexalp-female-adult": 70,
    "game:goat-ibexalp-male-baby": 30,
    "game:goat-ibexalp-female-baby": 30,
    "game:goat-ibexnub-male-adult": 50,
    "game:goat-ibexnub-female-adult": 50,
    "game:goat-ibexnub-male-baby": 20,
    "game:goat-ibexnub-female-baby": 20,
    "game:goat-markhor-male-adult": 60,
    "game:goat-markhor-female-adult": 60,
    "game:goat-markhor-male-baby": 20,
    "game:goat-markhor-female-baby": 20,
    "game:goat-mountain-male-adult": 40,
    "game:goat-mountain-female-adult": 40,
    "game:goat-mountain-male-baby": 20,
    "game:goat-mountain-female-baby": 20,
    "game:goat-muskox-male-adult": 40,
    "game:goat-muskox-female-adult": 40,
    "game:goat-muskox-male-baby": 20,
    "game:goat-muskox-female-baby": 20,
    "game:goat-nubian-male-adult": 40,
    "game:goat-nubian-female-adult": 40,
    "game:goat-nubian-male-baby": 20,
    "game:goat-sirohi-male-adult": 40,
    "game:goat-sirohi-female-adult": 40,
    "game:goat-sirohi-male-baby": 20,
    "game:goat-sirohi-female-baby": 20,
    "game:goat-takingold-male-adult": 40,
    "game:goat-takingold-female-adult": 40,
    "game:goat-takingold-male-baby": 20,
    "game:goat-takingold-female-baby": 20,
    "game:goat-turdag-male-adult": 40,
    "game:goat-turdag-female-adult": 40,
    "game:goat-turdag-male-baby": 20,
    "game:goat-turdag-female-baby": 20,
    "game:goat-valais-male-adult": 40,
    "game:goat-valais-female-adult": 40,
    "game:goat-valais-male-baby": 20,
    "game:goat-valais-female-baby": 20
}