{
	"editor": {
		"allAngles": true,
		"entityTextureMode": true
	},
	"textureWidth": 64,
	"textureHeight": 48,
	"textureSizes": {
		"bottom": [16,16],
		"skin": [64,48]
	},
	"textures": {
	},
	"elements": [
		{
			"name": "Rotation Point",
			"from": [ 0.0, 0.0, 0.0 ],
			"to": [ 0.0, 0.0, 0.0 ],
			"uv": [ 0.0, 0.0 ],
			"faces": {
			},
			"children": [
				{
					"name": "Base",
					"from": [ 0.0, 0.0, 8.0 ],
					"to": [ 0.0, 0.0, 8.0 ],
					"uv": [ 0.0, 0.0 ],
					"rotationOrigin": [ 0.0, 0.0, 8.0 ],
					"faces": {
					},
					"children": [
						{
							"name": "PeltBody",
							"from": [ 0.0, 0.0, -2.4 ],
							"to": [ 7.2, 0.336, 2.4 ],
							"unwrapMode": 5,
							"autoUnwrap": false,
							"uv": [ -10.0, 9.5 ],
							"rotationOrigin": [ 0.0, 0.0, -2.4 ],
							"faces": {
								"north": { "texture": "#skin", "uv": [ 6.0, 5.5, 15.0, 6.0 ], "rotation": 180, "autoUv": false, "windMode": [-1,-1,-1,-1] },
								"east": { "texture": "#skin", "uv": [ 6.0, 0.0, 6.5, 6.0 ], "rotation": 90, "windMode": [-1,-1,-1,-1] },
								"south": { "texture": "#skin", "uv": [ 6.0, 0.0, 15.0, 0.5 ], "windMode": [-1,-1,-1,-1] },
								"west": { "texture": "#skin", "uv": [ 14.5, 0.0, 15.0, 6.0 ], "rotation": 270, "windMode": [-1,-1,-1,-1] },
								"up": { "texture": "#skin", "uv": [ 6.0, 0.0, 15.0, 6.0 ], "windMode": [-1,-1,-1,-1] },
								"down": { "texture": "#bottom", "uv": [ 0.0, 10.0, 9.0, 16.0 ], "windMode": [-1,-1,-1,-1] }
							},
							"children": [
								{
									"name": "LBody",
									"from": [ 0.0, 0.008, 4.0 ],
									"to": [ 7.2, 0.328, 6.8 ],
									"unwrapMode": 5,
									"autoUnwrap": false,
									"uv": [ -3.0, 4.5 ],
									"rotationOrigin": [ 0.0, -0.008, 4.0 ],
									"rotationY": -3.0,
									"faces": {
										"east": { "texture": "#skin", "uv": [ 6.0, 6.0, 6.5, 9.5 ], "rotation": 90, "windMode": [-1,-1,-1,-1] },
										"south": { "texture": "#skin", "uv": [ 6.0, 9.0, 15.0, 9.5 ], "windMode": [-1,-1,-1,-1] },
										"west": { "texture": "#skin", "uv": [ 14.5, 6.0, 15.0, 9.5 ], "rotation": 270, "windMode": [-1,-1,-1,-1] },
										"up": { "texture": "#skin", "uv": [ 6.0, 6.0, 15.0, 9.5 ], "windMode": [-1,-1,-1,-1] },
										"down": { "texture": "#bottom", "uv": [ 7.0, 5.0, 16.0, 8.5 ] }
									},
									"children": [
										{
											"name": "LArm",
											"from": [ 0.0, 0.008, 2.0 ],
											"to": [ 0.8, 0.312, 4.4 ],
											"unwrapMode": 5,
											"autoUnwrap": false,
											"uv": [ 13.0, 12.5 ],
											"rotationOrigin": [ 0.0, 0.008, 2.0 ],
											"rotationY": -30.0,
											"faces": {
												"east": { "texture": "#skin", "uv": [ 35.0, 18.5, 35.5, 21.5 ], "rotation": 90 },
												"south": { "texture": "#skin", "uv": [ 35.5, 21.5, 36.5, 22.0 ], "windMode": [-1,-1,-1,-1] },
												"west": { "texture": "#skin", "uv": [ 36.5, 18.5, 37.0, 21.5 ], "rotation": 270, "windMode": [-1,-1,-1,-1] },
												"up": { "texture": "#skin", "uv": [ 35.5, 18.5, 36.5, 21.5 ], "windMode": [-1,-1,-1,-1] },
												"down": { "texture": "#bottom", "uv": [ 15.0, 13.0, 16.0, 16.0 ], "windMode": [-1,-1,-1,-1] }
											},
											"children": [
												{
													"name": "LArmLower",
													"from": [ 0.8, 0.008, 0.0 ],
													"to": [ 1.6, 0.296, 2.4 ],
													"unwrapMode": 5,
													"autoUnwrap": false,
													"uv": [ 13.0, 11.5 ],
													"rotationOrigin": [ 1.6, 0.008, 0.0 ],
													"rotationY": -10.0,
													"faces": {
														"east": { "texture": "#skin", "uv": [ 38.0, 18.5, 38.5, 21.5 ], "rotation": 90 },
														"south": { "texture": "#skin", "uv": [ 37.0, 21.5, 38.0, 22.0 ], "windMode": [-1,-1,-1,-1] },
														"up": { "texture": "#skin", "uv": [ 37.0, 18.5, 38.0, 21.5 ], "windMode": [-1,-1,-1,-1] },
														"down": { "texture": "#bottom", "uv": [ 15.0, 11.5, 16.0, 14.5 ], "windMode": [-1,-1,-1,-1] }
													}
												}
											]
										}
									]
								},
								{
									"name": "RBody",
									"from": [ 0.0, -0.328, 0.8 ],
									"to": [ 7.2, -0.008, 3.6 ],
									"unwrapMode": 6,
									"autoUnwrap": false,
									"uv": [ -3.0, 8.0 ],
									"rotationOrigin": [ 0.0, 0.0, 0.8 ],
									"rotationX": 180.0,
									"rotationY": -3.0,
									"faces": {
										"east": { "texture": "#skin", "uv": [ 21.0, 6.0, 21.5, 9.5 ], "rotation": 90 },
										"south": { "texture": "#skin", "uv": [ 21.0, 9.0, 30.0, 9.5 ], "rotation": 180, "windMode": [-1,-1,-1,-1] },
										"west": { "texture": "#skin", "uv": [ 29.5, 6.0, 30.0, 9.5 ], "rotation": 270, "windMode": [-1,-1,-1,-1] },
										"up": { "texture": "#bottom", "uv": [ 7.0, 8.5, 16.0, 12.0 ], "windMode": [-1,-1,-1,-1] },
										"down": { "texture": "#skin", "uv": [ 21.0, 6.0, 30.0, 9.5 ], "windMode": [-1,-1,-1,-1] }
									},
									"children": [
										{
											"name": "RArm",
											"from": [ 0.0, 0.008, 2.0 ],
											"to": [ 0.8, 0.312, 4.4 ],
											"unwrapMode": 6,
											"autoUnwrap": false,
											"uv": [ 4.0, 6.5 ],
											"rotationOrigin": [ 0.0, 0.312, 2.0 ],
											"rotationY": -30.0,
											"faces": {
												"east": { "texture": "#skin", "uv": [ 48.0, 18.5, 48.5, 21.5 ], "rotation": 90 },
												"south": { "texture": "#skin", "uv": [ 48.5, 21.5, 49.5, 22.0 ], "rotation": 180, "windMode": [-1,-1,-1,-1] },
												"west": { "texture": "#skin", "uv": [ 49.5, 18.5, 50.0, 21.5 ], "rotation": 270, "windMode": [-1,-1,-1,-1] },
												"up": { "texture": "#bottom", "uv": [ 6.0, 7.0, 7.0, 10.0 ], "windMode": [-1,-1,-1,-1] },
												"down": { "texture": "#skin", "uv": [ 48.5, 18.5, 49.5, 21.5 ], "windMode": [-1,-1,-1,-1] }
											},
											"children": [
												{
													"name": "RArmLower",
													"from": [ 0.8, 0.008, 0.0 ],
													"to": [ 1.6, 0.296, 2.4 ],
													"unwrapMode": 5,
													"autoUnwrap": false,
													"uv": [ 4.5, 6.5 ],
													"rotationOrigin": [ 1.6, 0.296, 0.0 ],
													"rotationY": -10.0,
													"faces": {
														"east": { "texture": "#skin", "uv": [ 51.0, 18.5, 51.5, 21.5 ], "rotation": 90, "windMode": [-1,-1,-1,-1] },
														"south": { "texture": "#skin", "uv": [ 50.0, 21.5, 51.0, 22.0 ], "windMode": [-1,-1,-1,-1] },
														"up": { "texture": "#bottom", "uv": [ 4.5, 6.5, 5.5, 9.5 ], "windMode": [-1,-1,-1,-1] },
														"down": { "texture": "#skin", "uv": [ 50.0, 18.5, 51.0, 21.5 ], "windMode": [-1,-1,-1,-1] }
													}
												}
											]
										}
									]
								},
								{
									"name": "PeltAbdomen",
									"from": [ 7.2, 0.008, 0.2 ],
									"to": [ 15.2, 0.328, 4.6 ],
									"unwrapMode": 5,
									"autoUnwrap": false,
									"uv": [ -11.0, 10.0 ],
									"rotationOrigin": [ 7.2, 0.008, 0.2 ],
									"faces": {
										"north": { "texture": "#skin", "uv": [ 38.5, 5.0, 48.5, 5.5 ], "rotation": 180 },
										"east": { "texture": "#skin", "uv": [ 48.0, 0.0, 48.5, 5.5 ], "rotation": 90, "windMode": [-1,-1,-1,-1] },
										"south": { "texture": "#skin", "uv": [ 38.5, 0.0, 48.5, 0.5 ], "windMode": [-1,-1,-1,-1] },
										"up": { "texture": "#skin", "uv": [ 38.5, 0.0, 48.5, 5.5 ], "windMode": [-1,-1,-1,-1] },
										"down": { "texture": "#bottom", "uv": [ 0.0, 10.5, 10.0, 16.0 ] }
									},
									"children": [
										{
											"name": "LAbdomen",
											"from": [ 0.0, 0.008, 3.92 ],
											"to": [ 8.0, 0.312, 7.12 ],
											"unwrapMode": 5,
											"autoUnwrap": false,
											"uv": [ -5.0, 7.5 ],
											"rotationOrigin": [ 0.0, 0.008, 3.92 ],
											"rotationY": -3.0,
											"faces": {
												"east": { "texture": "#skin", "uv": [ 48.0, 5.5, 48.5, 9.5 ], "rotation": 90 },
												"south": { "texture": "#skin", "uv": [ 38.5, 9.0, 48.5, 9.5 ], "windMode": [-1,-1,-1,-1] },
												"west": { "texture": "#skin", "uv": [ 38.5, 5.5, 39.0, 9.5 ], "rotation": 270, "windMode": [-1,-1,-1,-1] },
												"up": { "texture": "#skin", "uv": [ 38.5, 5.5, 48.5, 9.5 ], "windMode": [-1,-1,-1,-1] },
												"down": { "texture": "#bottom", "uv": [ 6.0, 8.0, 16.0, 12.0 ], "windMode": [-1,-1,-1,-1] }
											},
											"children": [
												{
													"name": "LLeg",
													"from": [ 5.6, 0.008, 3.2 ],
													"to": [ 7.2, 0.296, 6.4 ],
													"unwrapMode": 5,
													"autoUnwrap": false,
													"uv": [ 0.0, 5.5 ],
													"rotationOrigin": [ 5.6, 0.008, 3.2 ],
													"rotationY": 72.0,
													"faces": {
														"east": { "texture": "#skin", "uv": [ 47.5, 35.5, 48.0, 39.5 ], "rotation": 90, "windMode": [-1,-1,-1,-1] },
														"south": { "texture": "#skin", "uv": [ 46.0, 39.0, 48.0, 39.5 ], "windMode": [-1,-1,-1,-1] },
														"west": { "texture": "#skin", "uv": [ 46.0, 35.5, 46.5, 39.5 ], "rotation": 270, "windMode": [-1,-1,-1,-1] },
														"up": { "texture": "#skin", "uv": [ 46.0, 35.5, 48.0, 39.5 ], "windMode": [-1,-1,-1,-1] },
														"down": { "texture": "#bottom", "uv": [ 3.0, 6.0, 5.0, 10.0 ], "windMode": [-1,-1,-1,-1] }
													},
													"children": [
														{
															"name": "LLegEnd",
															"from": [ 0.0, -0.008, 2.8 ],
															"to": [ 1.6, 0.296, 4.4 ],
															"unwrapMode": 5,
															"autoUnwrap": false,
															"uv": [ -2.0, 7.5 ],
															"rotationOrigin": [ 0.8, -0.008, 2.8 ],
															"rotationY": -14.0,
															"faces": {
																"north": { "texture": "#skin", "uv": [ 46.0, 39.5, 48.0, 40.0 ], "rotation": 180 },
																"east": { "texture": "#skin", "uv": [ 47.5, 39.5, 48.0, 41.5 ], "rotation": 90, "windMode": [-1,-1,-1,-1] },
																"south": { "texture": "#skin", "uv": [ 46.0, 41.0, 48.0, 41.5 ], "windMode": [-1,-1,-1,-1] },
																"west": { "texture": "#skin", "uv": [ 46.0, 39.5, 46.5, 41.5 ], "rotation": 270, "windMode": [-1,-1,-1,-1] },
																"up": { "texture": "#skin", "uv": [ 46.0, 39.5, 48.0, 41.5 ], "windMode": [-1,-1,-1,-1] },
																"down": { "texture": "#bottom", "uv": [ 1.0, 8.0, 3.0, 10.0 ], "windMode": [-1,-1,-1,-1] }
															}
														}
													]
												},
												{
													"name": "LLegLower",
													"from": [ 6.8, 0.016, 0.4 ],
													"to": [ 8.0, 0.288, 3.2 ],
													"unwrapMode": 5,
													"autoUnwrap": false,
													"uv": [ 0.5, 6.0 ],
													"rotationOrigin": [ 8.0, 0.016, 0.4 ],
													"rotationY": 26.0,
													"faces": {
														"east": { "texture": "#skin", "uv": [ 49.5, 38.0, 50.0, 41.5 ], "rotation": 90, "windMode": [-1,-1,-1,-1] },
														"up": { "texture": "#skin", "uv": [ 48.0, 38.0, 49.5, 41.5 ], "windMode": [-1,-1,-1,-1] },
														"down": { "texture": "#bottom", "uv": [ 3.0, 6.0, 4.5, 9.5 ], "windMode": [-1,-1,-1,-1] }
													}
												}
											]
										},
										{
											"name": "RAbdomen",
											"from": [ 0.0, -0.296, 0.48 ],
											"to": [ 8.0, 0.008, 3.68 ],
											"unwrapMode": 5,
											"autoUnwrap": false,
											"uv": [ -0.5, 4.5 ],
											"rotationOrigin": [ 0.0, 0.008, 0.48 ],
											"rotationX": 180.0,
											"rotationY": -3.0,
											"faces": {
												"east": { "texture": "#skin", "uv": [ 54.0, 5.5, 54.5, 9.5 ], "rotation": 90, "windMode": [-1,-1,-1,-1] },
												"south": { "texture": "#skin", "uv": [ 54.0, 9.0, 64.0, 9.5 ], "windMode": [-1,-1,-1,-1] },
												"west": { "texture": "#skin", "uv": [ 63.5, 5.5, 64.0, 9.5 ], "rotation": 270, "windMode": [-1,-1,-1,-1] },
												"up": { "texture": "#bottom", "uv": [ 0.0, 5.0, 10.0, 9.0 ], "windMode": [-1,-1,-1,-1] },
												"down": { "texture": "#skin", "uv": [ 54.0, 5.5, 64.0, 9.5 ], "windMode": [-1,-1,-1,-1] }
											},
											"children": [
												{
													"name": "RLeg",
													"from": [ 5.6, 0.008, 3.2 ],
													"to": [ 7.2, 0.296, 6.4 ],
													"unwrapMode": 5,
													"autoUnwrap": false,
													"uv": [ -0.5, 4.5 ],
													"rotationOrigin": [ 5.6, 0.296, 3.2 ],
													"rotationY": 72.0,
													"faces": {
														"east": { "texture": "#skin", "uv": [ 24.5, 34.5, 25.0, 38.5 ], "rotation": 90, "windMode": [-1,-1,-1,-1] },
														"south": { "texture": "#skin", "uv": [ 23.0, 38.0, 25.0, 38.5 ], "windMode": [-1,-1,-1,-1] },
														"west": { "texture": "#skin", "uv": [ 23.0, 34.5, 23.5, 38.5 ], "rotation": 270, "windMode": [-1,-1,-1,-1] },
														"up": { "texture": "#bottom", "uv": [ 0.0, 5.0, 2.0, 9.0 ], "windMode": [-1,-1,-1,-1] },
														"down": { "texture": "#skin", "uv": [ 23.0, 34.5, 25.0, 38.5 ], "windMode": [-1,-1,-1,-1] }
													},
													"children": [
														{
															"name": "RLegEnd",
															"from": [ 0.0, -0.008, 2.8 ],
															"to": [ 1.6, 0.296, 4.4 ],
															"unwrapMode": 5,
															"autoUnwrap": false,
															"uv": [ -0.5, 7.5 ],
															"rotationOrigin": [ 0.8, 0.304, 2.8 ],
															"rotationY": -14.0,
															"faces": {
																"north": { "texture": "#skin", "uv": [ 23.0, 38.5, 25.0, 39.0 ], "rotation": 180 },
																"east": { "texture": "#skin", "uv": [ 24.5, 38.5, 25.0, 40.5 ], "rotation": 90, "windMode": [-1,-1,-1,-1] },
																"south": { "texture": "#skin", "uv": [ 23.0, 40.0, 25.0, 40.5 ], "windMode": [-1,-1,-1,-1] },
																"west": { "texture": "#skin", "uv": [ 23.0, 38.5, 23.5, 40.5 ], "rotation": 270, "windMode": [-1,-1,-1,-1] },
																"up": { "texture": "#bottom", "uv": [ 0.0, 8.0, 2.0, 10.0 ], "windMode": [-1,-1,-1,-1] },
																"down": { "texture": "#skin", "uv": [ 23.0, 38.5, 25.0, 40.5 ], "windMode": [-1,-1,-1,-1] }
															}
														}
													]
												},
												{
													"name": "RLegLower",
													"from": [ 6.8, 0.016, 0.4 ],
													"to": [ 8.0, 0.288, 3.2 ],
													"unwrapMode": 5,
													"autoUnwrap": false,
													"uv": [ 14.0, 4.5 ],
													"rotationOrigin": [ 8.0, 0.288, 0.4 ],
													"rotationY": 26.0,
													"faces": {
														"east": { "texture": "#skin", "uv": [ 26.5, 37.0, 27.0, 40.5 ], "rotation": 90, "windMode": [-1,-1,-1,-1] },
														"up": { "texture": "#bottom", "uv": [ 14.5, 4.5, 16.0, 8.0 ], "windMode": [-1,-1,-1,-1] },
														"down": { "texture": "#skin", "uv": [ 25.0, 37.0, 26.5, 40.5 ], "windMode": [-1,-1,-1,-1] }
													}
												}
											]
										},
										{
											"name": "PeltTail",
											"from": [ 8.0, 0.008, 1.8 ],
											"to": [ 9.6, 0.312, 2.6 ],
											"autoUnwrap": false,
											"uv": [ 0.0, 0.0 ],
											"rotationOrigin": [ 8.0, 0.008, 1.8 ],
											"faces": {
												"north": { "texture": "#skin", "uv": [ 20.0, 2.0, 22.0, 2.5 ] },
												"east": { "texture": "#skin", "uv": [ 22.0, 2.0, 23.0, 2.5 ], "windMode": [-1,-1,-1,-1] },
												"south": { "texture": "#skin", "uv": [ 23.0, 2.0, 25.0, 2.5 ], "windMode": [-1,-1,-1,-1] },
												"west": { "texture": "#skin", "uv": [ 19.0, 2.0, 20.0, 2.5 ], "windMode": [-1,-1,-1,-1] },
												"up": { "texture": "#skin", "uv": [ 20.0, 0.5, 22.0, 1.5 ], "windMode": [-1,-1,-1,-1] },
												"down": { "texture": "#skin", "uv": [ 20.0, 2.5, 22.0, 3.5 ], "windMode": [-1,-1,-1,-1] }
											},
											"children": [
												{
													"name": "PeltTailEnd",
													"from": [ 1.6, -0.008, -0.08 ],
													"to": [ 3.2, 0.304, 0.88 ],
													"autoUnwrap": false,
													"uv": [ 0.0, 0.0 ],
													"rotationOrigin": [ 1.6, -0.008, -0.08 ],
													"faces": {
														"north": { "texture": "#skin", "uv": [ 30.5, 1.0, 32.0, 1.5 ], "autoUv": false },
														"east": { "texture": "#skin", "uv": [ 29.5, 1.0, 30.5, 1.5 ], "windMode": [-1,-1,-1,-1] },
														"south": { "texture": "#skin", "uv": [ 28.0, 1.0, 29.5, 1.5 ], "autoUv": false, "windMode": [-1,-1,-1,-1] },
														"west": { "texture": "#skin", "uv": [ 25.5, 1.0, 26.5, 1.5 ], "windMode": [-1,-1,-1,-1] },
														"up": { "texture": "#skin", "uv": [ 28.0, 0.0, 29.5, 1.0 ], "windMode": [-1,-1,-1,-1] },
														"down": { "texture": "#skin", "uv": [ 28.0, 2.0, 29.5, 3.0 ], "rotation": 180, "windMode": [-1,-1,-1,-1] }
													}
												}
											]
										}
									]
								},
								{
									"name": "LNeck",
									"from": [ -2.4, 0.016, 2.4 ],
									"to": [ 0.0, 0.32, 5.6 ],
									"unwrapMode": 5,
									"autoUnwrap": false,
									"uv": [ 5.0, 11.5 ],
									"rotationOrigin": [ 0.0, 0.016, 2.4 ],
									"rotationY": 22.0,
									"faces": {
										"north": { "texture": "#skin", "uv": [ 0.0, 26.0, 3.0, 26.5 ], "rotation": 180 },
										"south": { "texture": "#skin", "uv": [ 9.5, 26.0, 12.5, 26.5 ], "windMode": [-1,-1,-1,-1] },
										"west": { "texture": "#skin", "uv": [ 6.0, 23.0, 6.5, 27.0 ], "rotation": 270, "windMode": [-1,-1,-1,-1] },
										"up": { "texture": "#skin", "uv": [ 6.5, 23.0, 9.5, 27.0 ], "windMode": [-1,-1,-1,-1] },
										"down": { "texture": "#bottom", "uv": [ 9.0, 12.0, 12.0, 16.0 ], "windMode": [-1,-1,-1,-1] }
									}
								},
								{
									"name": "RNeck",
									"from": [ -2.4, -0.288, 2.4 ],
									"to": [ 0.0, 0.016, 5.6 ],
									"unwrapMode": 6,
									"autoUnwrap": false,
									"uv": [ 8.0, 11.5 ],
									"rotationOrigin": [ 0.0, 0.016, 2.4 ],
									"rotationX": 180.0,
									"rotationY": 22.0,
									"faces": {
										"north": { "texture": "#skin", "uv": [ 0.0, 26.0, 3.0, 26.5 ] },
										"south": { "texture": "#skin", "uv": [ 9.5, 26.0, 12.5, 26.5 ], "rotation": 180, "windMode": [-1,-1,-1,-1] },
										"west": { "texture": "#skin", "uv": [ 6.0, 23.0, 6.5, 27.0 ], "rotation": 270, "windMode": [-1,-1,-1,-1] },
										"up": { "texture": "#bottom", "uv": [ 12.0, 12.0, 15.0, 16.0 ], "windMode": [-1,-1,-1,-1] },
										"down": { "texture": "#skin", "uv": [ 6.5, 23.0, 9.5, 27.0 ], "windMode": [-1,-1,-1,-1] }
									}
								}
							]
						}
					]
				}
			]
		}
	]}