{
	"editor": {
		"allAngles": true,
		"entityTextureMode": true
	},
	"textureWidth": 32,
	"textureHeight": 32,
	"textureSizes": {
		"bottom": [16,16],
		"skin": [32,32]
	},
	"textures": {
	},
	"elements": [
		{
			"name": "Rotation Point",
			"from": [ 0.0, 0.0, 0.0 ],
			"to": [ 0.0, 0.0, 0.0 ],
			"uv": [ 0.0, 0.0 ],
			"faces": {
			},
			"children": [
				{
					"name": "Base",
					"from": [ 4.0, 0.0, 8.0 ],
					"to": [ 4.0, 0.0, 8.0 ],
					"uv": [ 0.0, 0.0 ],
					"rotationOrigin": [ 4.0, 0.0, 8.0 ],
					"faces": {
					},
					"children": [
						{
							"name": "PeltBody",
							"from": [ 0.0, 0.0, -0.96 ],
							"to": [ 3.84, 0.2688, 0.96 ],
							"unwrapMode": 5,
							"autoUnwrap": false,
							"uv": [ -10.0, 9.5 ],
							"rotationOrigin": [ 0.0, 0.0, -0.96 ],
							"faces": {
								"north": { "texture": "#skin", "uv": [ 3.0, 3.0, 3.5, 9.0 ], "rotation": 90, "windMode": [-1,-1,-1,-1] },
								"east": { "texture": "#skin", "uv": [ 0.0, 3.0, 3.0, 3.5 ], "windMode": [-1,-1,-1,-1] },
								"south": { "texture": "#skin", "uv": [ 16.5, 3.0, 17.0, 9.0 ], "rotation": 90, "windMode": [-1,-1,-1,-1] },
								"west": { "texture": "#skin", "uv": [ 0.0, 8.5, 3.0, 9.0 ], "rotation": 180, "windMode": [-1,-1,-1,-1] },
								"up": { "texture": "#skin", "uv": [ 0.0, 3.0, 3.0, 9.0 ], "rotation": 90, "windMode": [-1,-1,-1,-1] },
								"down": { "texture": "#bottom", "uv": [ 0.5, 10.0, 6.5, 13.0 ], "windMode": [-1,-1,-1,-1] }
							},
							"children": [
								{
									"name": "LBody",
									"from": [ 0.0, 0.0064, 1.664 ],
									"to": [ 3.84, 0.2624, 3.904 ],
									"unwrapMode": 5,
									"autoUnwrap": false,
									"uv": [ 1.0, 4.5 ],
									"rotationOrigin": [ 0.0, -0.0064, 1.664 ],
									"rotationY": -3.0,
									"faces": {
										"east": { "texture": "#skin", "uv": [ 3.0, 3.0, 6.5, 3.5 ], "windMode": [-1,-1,-1,-1] },
										"south": { "texture": "#skin", "uv": [ 6.5, 3.0, 7.0, 9.0 ], "rotation": 90, "windMode": [-1,-1,-1,-1] },
										"west": { "texture": "#skin", "uv": [ 3.0, 8.5, 6.5, 9.0 ], "rotation": 180 },
										"up": { "texture": "#skin", "uv": [ 3.0, 3.0, 6.5, 9.0 ], "rotation": 90, "windMode": [-1,-1,-1,-1] },
										"down": { "texture": "#bottom", "uv": [ 8.0, 4.5, 14.0, 8.0 ], "windMode": [-1,-1,-1,-1] }
									},
									"children": [
										{
											"name": "LArm",
											"from": [ 0.0, 0.0064, 1.6 ],
											"to": [ 0.64, 0.2496, 3.52 ],
											"unwrapMode": 5,
											"autoUnwrap": false,
											"uv": [ 13.0, 12.0 ],
											"rotationOrigin": [ 0.0, 0.0064, 1.6 ],
											"rotationY": -30.0,
											"faces": {
												"east": { "texture": "#skin", "uv": [ 26.0, 23.0, 26.5, 26.0 ], "rotation": 90, "windMode": [-1,-1,-1,-1] },
												"south": { "texture": "#skin", "uv": [ 25.0, 26.0, 26.0, 26.5 ], "windMode": [-1,-1,-1,-1] },
												"west": { "texture": "#skin", "uv": [ 24.5, 23.0, 25.0, 26.0 ], "rotation": 270, "windMode": [-1,-1,-1,-1] },
												"up": { "texture": "#skin", "uv": [ 25.0, 23.0, 26.0, 26.0 ], "windMode": [-1,-1,-1,-1] },
												"down": { "texture": "#bottom", "uv": [ 15.0, 12.0, 16.0, 15.0 ], "windMode": [-1,-1,-1,-1] }
											},
											"children": [
												{
													"name": "LArmLower",
													"from": [ 0.64, 0.0064, 0.0 ],
													"to": [ 1.28, 0.2368, 1.92 ],
													"unwrapMode": 5,
													"autoUnwrap": false,
													"uv": [ 13.0, 11.5 ],
													"rotationOrigin": [ 1.28, 0.0064, 0.0 ],
													"rotationY": -10.0,
													"faces": {
														"east": { "texture": "#skin", "uv": [ 27.5, 23.0, 28.0, 26.0 ], "rotation": 90 },
														"south": { "texture": "#skin", "uv": [ 26.0, 26.0, 27.0, 26.5 ], "windMode": [-1,-1,-1,-1] },
														"up": { "texture": "#skin", "uv": [ 26.5, 23.0, 27.5, 26.0 ], "windMode": [-1,-1,-1,-1] },
														"down": { "texture": "#bottom", "uv": [ 15.0, 11.5, 16.0, 14.5 ], "windMode": [-1,-1,-1,-1] }
													}
												}
											]
										}
									]
								},
								{
									"name": "RBody",
									"from": [ 0.0, -0.2624, 0.256 ],
									"to": [ 3.84, -0.0064, 2.496 ],
									"unwrapMode": 6,
									"autoUnwrap": false,
									"uv": [ 0.5, 8.0 ],
									"rotationOrigin": [ 0.0, 0.0, 0.256 ],
									"rotationX": 180.0,
									"rotationY": -3.0,
									"faces": {
										"east": { "texture": "#skin", "uv": [ 13.5, 3.0, 17.0, 3.5 ] },
										"south": { "texture": "#skin", "uv": [ 13.0, 3.0, 13.5, 9.0 ], "rotation": 90, "windMode": [-1,-1,-1,-1] },
										"west": { "texture": "#skin", "uv": [ 13.5, 8.5, 17.0, 9.0 ], "rotation": 180, "windMode": [-1,-1,-1,-1] },
										"up": { "texture": "#bottom", "uv": [ 8.0, 4.5, 14.0, 8.0 ], "rotation": 90, "windMode": [-1,-1,-1,-1] },
										"down": { "texture": "#skin", "uv": [ 13.5, 3.0, 17.0, 9.0 ], "rotation": 270, "windMode": [-1,-1,-1,-1] }
									},
									"children": [
										{
											"name": "RArm",
											"from": [ 0.0, 0.0064, 1.6 ],
											"to": [ 0.64, 0.2496, 3.52 ],
											"unwrapMode": 6,
											"autoUnwrap": false,
											"uv": [ 4.0, 6.5 ],
											"rotationOrigin": [ 0.0, 0.2496, 1.6 ],
											"rotationY": -30.0,
											"faces": {
												"east": { "texture": "#skin", "uv": [ 27.0, 1.0, 27.5, 4.0 ], "rotation": 90 },
												"south": { "texture": "#skin", "uv": [ 26.0, 4.0, 27.0, 4.5 ], "rotation": 180, "windMode": [-1,-1,-1,-1] },
												"west": { "texture": "#skin", "uv": [ 25.5, 1.0, 26.0, 4.0 ], "rotation": 270, "windMode": [-1,-1,-1,-1] },
												"up": { "texture": "#bottom", "uv": [ 6.0, 7.0, 7.0, 10.0 ], "windMode": [-1,-1,-1,-1] },
												"down": { "texture": "#skin", "uv": [ 26.0, 1.0, 27.0, 4.0 ], "windMode": [-1,-1,-1,-1] }
											},
											"children": [
												{
													"name": "RArmLower",
													"from": [ 0.64, 0.0064, 0.0 ],
													"to": [ 1.28, 0.2368, 1.92 ],
													"unwrapMode": 5,
													"autoUnwrap": false,
													"uv": [ 4.5, 6.5 ],
													"rotationOrigin": [ 1.28, 0.2368, 0.0 ],
													"rotationY": -10.0,
													"faces": {
														"east": { "texture": "#skin", "uv": [ 28.5, 1.0, 29.0, 4.0 ], "rotation": 90, "windMode": [-1,-1,-1,-1] },
														"south": { "texture": "#skin", "uv": [ 27.0, 4.0, 28.0, 4.5 ], "windMode": [-1,-1,-1,-1] },
														"up": { "texture": "#bottom", "uv": [ 4.5, 6.5, 5.5, 9.5 ], "windMode": [-1,-1,-1,-1] },
														"down": { "texture": "#skin", "uv": [ 27.5, 1.0, 28.5, 4.0 ], "windMode": [-1,-1,-1,-1] }
													}
												}
											]
										}
									]
								},
								{
									"name": "PeltAbdomen",
									"from": [ 3.84, 0.0064, 0.0 ],
									"to": [ 7.04, 0.2624, 1.92 ],
									"unwrapMode": 5,
									"autoUnwrap": false,
									"uv": [ -11.0, 10.0 ],
									"rotationOrigin": [ 3.84, 0.0064, 0.0 ],
									"faces": {
										"north": { "texture": "#skin", "uv": [ 17.5, 15.5, 18.0, 20.5 ], "rotation": 270 },
										"east": { "texture": "#skin", "uv": [ 0.0, 15.5, 3.5, 16.0 ], "autoUv": false, "windMode": [-1,-1,-1,-1] },
										"south": { "texture": "#skin", "uv": [ 3.5, 15.5, 4.0, 20.5 ], "rotation": 90, "windMode": [-1,-1,-1,-1] },
										"up": { "texture": "#skin", "uv": [ 0.0, 15.5, 3.5, 20.5 ], "rotation": 90, "autoUv": false, "windMode": [-1,-1,-1,-1] },
										"down": { "texture": "#bottom", "uv": [ 0.5, 10.5, 5.5, 13.5 ], "windMode": [-1,-1,-1,-1] }
									},
									"children": [
										{
											"name": "LAbdomen",
											"from": [ 0.0, 0.0064, 1.6 ],
											"to": [ 3.2, 0.2496, 4.16 ],
											"unwrapMode": 5,
											"autoUnwrap": false,
											"uv": [ 1.0, 7.5 ],
											"rotationOrigin": [ 0.0, 0.0064, 1.6 ],
											"rotationY": -3.0,
											"faces": {
												"east": { "texture": "#skin", "uv": [ 3.5, 15.5, 7.5, 16.0 ], "windMode": [-1,-1,-1,-1] },
												"south": { "texture": "#skin", "uv": [ 7.5, 15.5, 8.0, 20.5 ], "rotation": 90, "windMode": [-1,-1,-1,-1] },
												"west": { "texture": "#skin", "uv": [ 3.5, 20.0, 7.5, 20.5 ], "rotation": 180, "windMode": [-1,-1,-1,-1] },
												"up": { "texture": "#skin", "uv": [ 3.5, 15.5, 7.5, 20.5 ], "rotation": 90 },
												"down": { "texture": "#bottom", "uv": [ 7.0, 7.5, 12.0, 11.5 ], "windMode": [-1,-1,-1,-1] }
											},
											"children": [
												{
													"name": "LLeg",
													"from": [ 1.28, 0.0064, 2.56 ],
													"to": [ 2.56, 0.2368, 5.12 ],
													"unwrapMode": 5,
													"autoUnwrap": false,
													"uv": [ 0.5, 5.5 ],
													"rotationOrigin": [ 1.28, 0.0064, 2.56 ],
													"rotationY": 72.0,
													"faces": {
														"east": { "texture": "#skin", "uv": [ 23.5, 17.5, 24.0, 21.5 ], "rotation": 90, "windMode": [-1,-1,-1,-1] },
														"south": { "texture": "#skin", "uv": [ 21.5, 21.0, 23.5, 21.5 ], "windMode": [-1,-1,-1,-1] },
														"west": { "texture": "#skin", "uv": [ 21.0, 17.5, 21.5, 21.5 ], "rotation": 270, "windMode": [-1,-1,-1,-1] },
														"up": { "texture": "#skin", "uv": [ 21.5, 17.5, 23.5, 21.5 ], "windMode": [-1,-1,-1,-1] },
														"down": { "texture": "#bottom", "uv": [ 3.5, 5.5, 5.5, 9.5 ], "windMode": [-1,-1,-1,-1] }
													},
													"children": [
														{
															"name": "LLegEnd",
															"from": [ 0.0, -0.0064, 2.24 ],
															"to": [ 1.28, 0.2368, 3.52 ],
															"unwrapMode": 5,
															"autoUnwrap": false,
															"uv": [ 2.0, 7.5 ],
															"rotationOrigin": [ 0.64, -0.0064, 2.24 ],
															"rotationY": -14.0,
															"faces": {
																"north": { "texture": "#skin", "uv": [ 21.5, 21.0, 23.5, 21.5 ], "rotation": 180, "windMode": [-1,-1,-1,-1] },
																"east": { "texture": "#skin", "uv": [ 23.0, 21.0, 23.5, 23.0 ], "rotation": 90, "windMode": [-1,-1,-1,-1] },
																"south": { "texture": "#skin", "uv": [ 21.5, 22.5, 23.5, 23.0 ], "windMode": [-1,-1,-1,-1] },
																"west": { "texture": "#skin", "uv": [ 21.5, 21.0, 22.0, 23.0 ], "rotation": 270, "windMode": [-1,-1,-1,-1] },
																"up": { "texture": "#skin", "uv": [ 21.5, 21.0, 23.5, 23.0 ] },
																"down": { "texture": "#bottom", "uv": [ 5.0, 8.0, 7.0, 10.0 ], "windMode": [-1,-1,-1,-1] }
															}
														}
													]
												},
												{
													"name": "LLegLower",
													"from": [ 2.24, 0.0128, 0.32 ],
													"to": [ 3.2, 0.2304, 2.56 ],
													"unwrapMode": 5,
													"autoUnwrap": false,
													"uv": [ 0.5, 6.0 ],
													"rotationOrigin": [ 3.2, 0.0128, 0.32 ],
													"rotationY": 26.0,
													"faces": {
														"east": { "texture": "#skin", "uv": [ 25.5, 17.5, 26.0, 21.0 ], "rotation": 90 },
														"up": { "texture": "#skin", "uv": [ 24.0, 17.5, 25.5, 21.0 ], "windMode": [-1,-1,-1,-1] },
														"down": { "texture": "#bottom", "uv": [ 2.5, 6.0, 4.0, 9.5 ], "windMode": [-1,-1,-1,-1] }
													}
												}
											]
										},
										{
											"name": "RAbdomen",
											"from": [ 0.0, -0.2368, 0.32 ],
											"to": [ 3.2, 0.0064, 2.88 ],
											"unwrapMode": 5,
											"autoUnwrap": false,
											"uv": [ 0.5, 4.5 ],
											"rotationOrigin": [ 0.0, 0.0064, 0.32 ],
											"rotationX": 180.0,
											"rotationY": -3.0,
											"faces": {
												"east": { "texture": "#skin", "uv": [ 14.0, 15.5, 18.0, 16.0 ], "windMode": [-1,-1,-1,-1] },
												"south": { "texture": "#skin", "uv": [ 13.5, 15.5, 14.0, 20.5 ], "rotation": 90, "windMode": [-1,-1,-1,-1] },
												"west": { "texture": "#skin", "uv": [ 14.0, 20.0, 18.0, 20.5 ], "rotation": 180, "windMode": [-1,-1,-1,-1] },
												"up": { "texture": "#bottom", "uv": [ 1.0, 4.5, 6.0, 8.5 ], "windMode": [-1,-1,-1,-1] },
												"down": { "texture": "#skin", "uv": [ 14.0, 15.5, 18.0, 20.5 ], "rotation": 270, "windMode": [-1,-1,-1,-1] }
											},
											"children": [
												{
													"name": "RLeg",
													"from": [ 1.28, 0.0064, 2.56 ],
													"to": [ 2.56, 0.2368, 5.12 ],
													"unwrapMode": 5,
													"autoUnwrap": false,
													"uv": [ 1.5, 4.5 ],
													"rotationOrigin": [ 1.28, 0.2368, 2.56 ],
													"rotationY": 72.0,
													"faces": {
														"east": { "texture": "#skin", "uv": [ 22.0, 6.0, 22.5, 10.0 ], "rotation": 90, "windMode": [-1,-1,-1,-1] },
														"south": { "texture": "#skin", "uv": [ 22.5, 9.5, 24.5, 10.0 ], "windMode": [-1,-1,-1,-1] },
														"west": { "texture": "#skin", "uv": [ 24.5, 6.0, 25.0, 10.0 ], "rotation": 270, "windMode": [-1,-1,-1,-1] },
														"up": { "texture": "#bottom", "uv": [ 2.0, 4.5, 4.0, 8.5 ], "windMode": [-1,-1,-1,-1] },
														"down": { "texture": "#skin", "uv": [ 22.5, 6.0, 24.5, 10.0 ], "windMode": [-1,-1,-1,-1] }
													},
													"children": [
														{
															"name": "RLegEnd",
															"from": [ 0.0, -0.0064, 2.24 ],
															"to": [ 1.28, 0.2368, 3.52 ],
															"unwrapMode": 5,
															"autoUnwrap": false,
															"uv": [ 0.5, 7.5 ],
															"rotationOrigin": [ 0.64, 0.2432, 2.24 ],
															"rotationY": -14.0,
															"faces": {
																"north": { "texture": "#skin", "uv": [ 22.5, 9.5, 24.5, 10.0 ], "rotation": 180, "windMode": [-1,-1,-1,-1] },
																"east": { "texture": "#skin", "uv": [ 22.5, 9.5, 23.0, 11.5 ], "rotation": 270, "windMode": [-1,-1,-1,-1] },
																"south": { "texture": "#skin", "uv": [ 22.5, 11.0, 24.5, 11.5 ], "rotation": 180, "windMode": [-1,-1,-1,-1] },
																"west": { "texture": "#skin", "uv": [ 24.0, 9.5, 24.5, 11.5 ], "rotation": 90, "windMode": [-1,-1,-1,-1] },
																"up": { "texture": "#bottom", "uv": [ 1.0, 8.0, 3.0, 10.0 ], "windMode": [-1,-1,-1,-1] },
																"down": { "texture": "#skin", "uv": [ 22.5, 9.5, 24.5, 11.5 ], "rotation": 180, "windMode": [-1,-1,-1,-1] }
															}
														}
													]
												},
												{
													"name": "RLegLower",
													"from": [ 2.24, 0.0128, 0.32 ],
													"to": [ 3.2, 0.2304, 2.56 ],
													"unwrapMode": 5,
													"autoUnwrap": false,
													"uv": [ 12.5, 4.5 ],
													"rotationOrigin": [ 3.2, 0.2304, 0.32 ],
													"rotationY": 26.0,
													"faces": {
														"east": { "texture": "#skin", "uv": [ 26.5, 6.0, 27.0, 9.5 ], "rotation": 90, "windMode": [-1,-1,-1,-1] },
														"up": { "texture": "#bottom", "uv": [ 12.5, 4.5, 14.0, 8.0 ], "windMode": [-1,-1,-1,-1] },
														"down": { "texture": "#skin", "uv": [ 25.0, 6.0, 26.5, 9.5 ], "windMode": [-1,-1,-1,-1] }
													}
												}
											]
										},
										{
											"name": "PeltTail",
											"from": [ 3.2, 0.0064, 0.0 ],
											"to": [ 4.48, 0.2496, 1.92 ],
											"autoUnwrap": false,
											"uv": [ 0.5, 1.0 ],
											"rotationOrigin": [ 3.2, 0.0064, 0.0 ],
											"faces": {
												"north": { "texture": "#skin", "uv": [ 23.0, 14.0, 25.0, 14.5 ], "windMode": [-1,-1,-1,-1] },
												"east": { "texture": "#skin", "uv": [ 20.0, 14.0, 23.0, 14.5 ], "windMode": [-1,-1,-1,-1] },
												"south": { "texture": "#skin", "uv": [ 18.0, 14.0, 20.0, 14.5 ], "windMode": [-1,-1,-1,-1] },
												"west": { "texture": "#skin", "uv": [ 15.0, 14.0, 18.0, 14.5 ], "windMode": [-1,-1,-1,-1] },
												"up": { "texture": "#skin", "uv": [ 18.0, 11.0, 20.0, 14.0 ] },
												"down": { "texture": "#skin", "uv": [ 18.0, 15.5, 20.0, 18.5 ], "windMode": [-1,-1,-1,-1] }
											},
											"children": [
												{
													"name": "PeltTailEnd",
													"from": [ 0.64, -0.0064, 0.576 ],
													"to": [ 1.92, 0.224, 1.344 ],
													"autoUnwrap": false,
													"uv": [ 0.0, 0.5 ],
													"rotationOrigin": [ 0.64, -0.0064, 0.576 ],
													"faces": {
														"north": { "texture": "#skin", "uv": [ 23.0, 11.5, 25.0, 12.0 ], "windMode": [-1,-1,-1,-1] },
														"east": { "texture": "#skin", "uv": [ 22.5, 11.5, 23.0, 12.0 ], "autoUv": false, "windMode": [-1,-1,-1,-1] },
														"south": { "texture": "#skin", "uv": [ 20.5, 11.5, 22.5, 12.0 ], "windMode": [-1,-1,-1,-1] },
														"west": { "texture": "#skin", "uv": [ 20.0, 11.5, 20.5, 12.0 ], "autoUv": false, "windMode": [-1,-1,-1,-1] },
														"up": { "texture": "#skin", "uv": [ 20.5, 11.0, 22.5, 12.0 ], "windMode": [-1,-1,-1,-1] },
														"down": { "texture": "#skin", "uv": [ 20.5, 13.5, 22.5, 14.0 ], "autoUv": false, "windMode": [-1,-1,-1,-1] }
													}
												}
											]
										}
									]
								},
								{
									"name": "LNeck",
									"from": [ -1.28, 0.0128, 0.96 ],
									"to": [ 0.0, 0.256, 2.88 ],
									"unwrapMode": 5,
									"autoUnwrap": false,
									"uv": [ 5.0, 11.5 ],
									"rotationOrigin": [ 0.0, 0.0128, 0.96 ],
									"rotationY": 22.0,
									"faces": {
										"north": { "texture": "#skin", "uv": [ 15.0, 26.5, 17.0, 27.0 ], "rotation": 180 },
										"south": { "texture": "#skin", "uv": [ 15.0, 30.0, 17.0, 30.5 ], "windMode": [-1,-1,-1,-1] },
										"west": { "texture": "#skin", "uv": [ 14.5, 27.0, 15.0, 30.0 ], "rotation": 270, "windMode": [-1,-1,-1,-1] },
										"up": { "texture": "#skin", "uv": [ 15.0, 27.0, 17.0, 30.0 ], "windMode": [-1,-1,-1,-1] },
										"down": { "texture": "#bottom", "uv": [ 7.5, 12.0, 9.5, 15.0 ], "windMode": [-1,-1,-1,-1] }
									}
								},
								{
									"name": "RNeck",
									"from": [ -1.28, -0.2304, 0.96 ],
									"to": [ 0.0, 0.0128, 2.88 ],
									"unwrapMode": 6,
									"autoUnwrap": false,
									"uv": [ 8.0, 11.5 ],
									"rotationOrigin": [ 0.0, 0.0128, 0.96 ],
									"rotationX": 180.0,
									"rotationY": 22.0,
									"faces": {
										"north": { "texture": "#skin", "uv": [ 15.0, 25.5, 17.0, 26.0 ] },
										"south": { "texture": "#skin", "uv": [ 17.0, 30.0, 19.0, 30.5 ], "rotation": 180, "windMode": [-1,-1,-1,-1] },
										"west": { "texture": "#skin", "uv": [ 19.0, 27.0, 19.5, 30.0 ], "rotation": 270, "windMode": [-1,-1,-1,-1] },
										"up": { "texture": "#bottom", "uv": [ 10.5, 12.0, 12.5, 15.0 ], "windMode": [-1,-1,-1,-1] },
										"down": { "texture": "#skin", "uv": [ 17.0, 27.0, 19.0, 30.0 ], "windMode": [-1,-1,-1,-1] }
									}
								}
							]
						}
					]
				}
			]
		}
	]}