[
  {
    "file": "casuariidae:entities/land/anatidae.json",
    "op": "addmerge",
    "path": "/attributesByType",
    "side": "Server",
    "value": {
      "*-cereopsisnovaehollandiae": {
        "biorealm": [
          "australasian"
        ]
      }
    },
    "dependsOn": [
      {
        "modid": "biomes"
      }
    ]
  },
  {
    "file": "casuariidae:entities/land/anatidae-nest.json",
    "op": "addmerge",
    "path": "/attributesByType",
    "side": "Server",
    "value": {
      "*-cereopsisnovaehollandiae": {
        "biorealm": [
          "australasian"
        ]
      }
    },
    "dependsOn": [
      {
        "modid": "biomes"
      }
    ]
  },
  {
    "file": "casuariidae:entities/land/casuariidae-carcass.json",
    "op": "addmerge",
    "path": "/attributesByType",
    "side": "Server",
    "value": {
      "*": {
        "biorealm": [
          "australasian"
        ]
      }
    },
    "dependsOn": [
      {
        "modid": "biomes"
      }
    ]
  },
  {
    "file": "casuariidae:entities/land/casuariidae.json",
    "op": "addmerge",
    "path": "/attributesByType",
    "side": "Server",
    "value": {
      "*-bennetti": {
        "biorealm": [
          "australasian"
        ]
      },
      "*-casuarius": {
        "biorealm": [
          "australasian"
        ]
      },
      "*-novaehollandiae": {
        "biorealm": [
          "australasian"
        ]
      },
      "*-unappendiculatus": {
        "biorealm": [
          "australasian"
        ]
      }
    },
    "dependsOn": [
      {
        "modid": "biomes"
      }
    ]
  },
  {
    "file": "casuariidae:entities/land/casuariidae-nest.json",
    "op": "addmerge",
    "path": "/attributesByType",
    "side": "Server",
    "value": {
      "*": {
        "biorealm": [
          "australasian"
        ]
      }
    },
    "dependsOn": [
      {
        "modid": "biomes"
      }
    ]
  }
]