{
	"editor": {
		"collapsedPaths": "Root/Body/abdomen/L back Thigh,Root/Body/abdomen/R back Thigh",
		"allAngles": true,
		"entityTextureMode": true
	},
	"textureWidth": 84,
	"textureHeight": 124,
	"textureSizes": {
		"skin": [84,124],
		"moose-antlers": [16,16],
		"leather": [16,16]
	},
	"textures": {
		"moose-antlers": "game:entity/hooved/deer/moose-antlers"
	},
	"elements": [
		{
			"name": "neck",
			"from": [ 9.48, 3.85, 5.6 ],
			"to": [ 16.98, 12.85, 10.6 ],
			"unwrapMode": 7,
			"unwrapRotation": 1,
			"autoUnwrap": false,
			"uv": [ 6.5, 15.5 ],
			"rotationOrigin": [ 16.9793, 10.3457, 8.1 ],
			"rotationZ": -3.0,
			"faces": {
				"north": { "texture": "#skin", "uv": [ 20.5, 24.5, 29.5, 32.0 ], "rotation": 90 },
				"south": { "texture": "#skin", "uv": [ 6.5, 24.5, 15.5, 32.0 ], "rotation": 270 },
				"west": { "texture": "#skin", "uv": [ 15.5, 15.5, 20.5, 24.5 ], "windMode": [-1,-1,-1,-1], "windData": [1,1,1,1] },
				"up": { "texture": "#skin", "uv": [ 15.5, 24.5, 20.5, 32.0 ], "rotation": 270 },
				"down": { "texture": "#skin", "uv": [ 29.5, 24.5, 34.5, 32.0 ], "rotation": 90 }
			},
			"children": [
				{
					"name": "neck2",
					"from": [ -4.9, 1.5, 0.5 ],
					"to": [ 1.6, 8.8, 4.5 ],
					"unwrapMode": 7,
					"unwrapRotation": 1,
					"uv": [ 9.0, 1.0 ],
					"rotationOrigin": [ 1.6, 7.1, 2.6 ],
					"faces": {
						"north": { "texture": "#skin", "uv": [ 20.0, 8.0, 27.0, 14.5 ], "rotation": 90 },
						"south": { "texture": "#skin", "uv": [ 9.0, 8.0, 16.0, 14.5 ], "rotation": 270 },
						"west": { "texture": "#skin", "uv": [ 16.0, 1.0, 20.0, 8.0 ], "rotation": 180 },
						"up": { "texture": "#skin", "uv": [ 16.0, 8.0, 20.0, 14.5 ], "rotation": 270 },
						"down": { "texture": "#skin", "uv": [ 27.0, 8.0, 31.0, 14.5 ], "rotation": 90 }
					},
					"children": [
						{
							"name": "head",
							"from": [ -5.1, 0.9, -0.8 ],
							"to": [ 1.0, 6.9, 4.8 ],
							"unwrapMode": 4,
							"uv": [ 50.5, 104.0 ],
							"rotationOrigin": [ -0.1, 5.7, 2.1 ],
							"rotationZ": 30.0,
							"faces": {
								"north": { "texture": "#skin", "uv": [ 50.5, 110.0, 56.5, 116.0 ] },
								"east": { "texture": "#skin", "uv": [ 68.0, 110.0, 73.5, 116.0 ] },
								"south": { "texture": "#skin", "uv": [ 62.0, 110.0, 68.0, 116.0 ] },
								"west": { "texture": "#skin", "uv": [ 56.5, 110.0, 62.0, 116.0 ] },
								"up": { "texture": "#skin", "uv": [ 56.5, 104.0, 62.0, 110.0 ], "rotation": 90 },
								"down": { "texture": "#skin", "uv": [ 56.5, 116.0, 62.0, 122.0 ], "rotation": 90 }
							},
							"children": [
								{
									"name": "mouth up",
									"from": [ -4.0, 2.2, 1.2 ],
									"to": [ 1.7, 5.0, 4.4 ],
									"unwrapMode": 7,
									"unwrapRotation": 1,
									"uv": [ 55.5, 85.0 ],
									"rotationOrigin": [ 0.3, 4.4, 2.8 ],
									"rotationZ": 10.0,
									"faces": {
										"north": { "texture": "#skin", "uv": [ 61.0, 87.5, 63.5, 93.0 ], "rotation": 90 },
										"south": { "texture": "#skin", "uv": [ 55.5, 87.5, 58.0, 93.0 ], "rotation": 270 },
										"west": { "texture": "#skin", "uv": [ 58.0, 85.0, 61.0, 87.5 ], "rotation": 180 },
										"up": { "texture": "#skin", "uv": [ 58.0, 87.5, 61.0, 93.0 ], "rotation": 270 },
										"down": { "texture": "#skin", "uv": [ 63.5, 87.5, 66.5, 93.0 ], "rotation": 90 }
									},
									"children": [
										{
											"name": "nose bridge",
											"from": [ 0.0, 2.0, 0.3 ],
											"to": [ 5.0, 3.5, 2.9 ],
											"unwrapMode": 7,
											"unwrapRotation": 1,
											"uv": [ 57.0, 78.5 ],
											"rotationOrigin": [ 4.9, 2.0, 1.1 ],
											"rotationZ": 8.0,
											"faces": {
												"north": { "texture": "#skin", "uv": [ 61.0, 78.5, 62.5, 83.5 ], "rotation": 90 },
												"south": { "texture": "#skin", "uv": [ 57.0, 78.5, 58.5, 83.5 ], "rotation": 270 },
												"up": { "texture": "#skin", "uv": [ 58.5, 78.5, 61.0, 83.5 ], "rotation": 270 }
											}
										},
										{
											"name": "nose",
											"from": [ -2.1, 0.7, -0.2 ],
											"to": [ 1.1, 3.3, 3.4 ],
											"unwrapMode": 4,
											"uv": [ 54.5, 94.0 ],
											"rotationOrigin": [ 1.1, 0.7, 1.6 ],
											"rotationZ": 25.0,
											"faces": {
												"north": { "texture": "#skin", "uv": [ 54.5, 97.0, 57.5, 99.5 ] },
												"east": { "texture": "#skin", "uv": [ 64.0, 97.0, 67.5, 99.5 ] },
												"south": { "texture": "#skin", "uv": [ 61.0, 97.0, 64.0, 99.5 ] },
												"west": { "texture": "#skin", "uv": [ 57.5, 97.0, 61.0, 99.5 ] },
												"up": { "texture": "#skin", "uv": [ 57.5, 94.0, 61.0, 97.0 ], "rotation": 90 },
												"down": { "texture": "#skin", "uv": [ 57.5, 99.5, 61.0, 102.5 ], "rotation": 90 }
											}
										}
									]
								},
								{
									"name": "R ear",
									"from": [ 4.9, 3.2, -4.4 ],
									"to": [ 5.7, 5.6, 0.7 ],
									"unwrapMode": 4,
									"unwrapRotation": 1,
									"uv": [ 70.5, 103.0 ],
									"rotationOrigin": [ 5.2, 4.4, 0.7 ],
									"rotationX": 45.0,
									"rotationY": -22.0,
									"rotationZ": 22.0,
									"faces": {
										"north": { "texture": "#skin", "uv": [ 71.0, 108.0, 73.0, 108.5 ], "rotation": 90 },
										"east": { "texture": "#skin", "uv": [ 73.5, 103.0, 75.5, 108.0 ], "rotation": 270 },
										"west": { "texture": "#skin", "uv": [ 71.0, 103.0, 73.0, 108.0 ], "rotation": 90 },
										"up": { "texture": "#skin", "uv": [ 70.5, 103.0, 71.0, 108.0 ], "rotation": 180 },
										"down": { "texture": "#skin", "uv": [ 73.0, 103.0, 73.5, 108.0 ], "rotation": 180 }
									}
								},
								{
									"name": "L ear",
									"from": [ 4.9, 3.2, 5.0 ],
									"to": [ 5.7, 5.6, 10.0 ],
									"unwrapMode": 4,
									"unwrapRotation": 1,
									"uv": [ 64.5, 102.5 ],
									"rotationOrigin": [ 5.2, 4.4, 5.0 ],
									"rotationX": -45.0,
									"rotationY": 22.0,
									"rotationZ": 22.0,
									"faces": {
										"east": { "texture": "#skin", "uv": [ 67.5, 103.0, 69.5, 108.0 ], "rotation": 270 },
										"south": { "texture": "#skin", "uv": [ 65.0, 102.5, 67.0, 103.0 ], "rotation": 90 },
										"west": { "texture": "#skin", "uv": [ 65.0, 103.0, 67.0, 108.0 ], "rotation": 90 },
										"up": { "texture": "#skin", "uv": [ 64.5, 103.0, 65.0, 108.0 ], "rotation": 180 },
										"down": { "texture": "#skin", "uv": [ 67.0, 103.0, 67.5, 108.0 ], "rotation": 180 }
									}
								},
								{
									"name": "jaw",
									"from": [ -3.2, 0.9, 1.6 ],
									"to": [ 1.0, 2.5, 4.2 ],
									"unwrapMode": 7,
									"unwrapRotation": 1,
									"uv": [ 44.0, 103.5 ],
									"rotationOrigin": [ 0.8, 2.3, 2.9 ],
									"rotationZ": 2.0,
									"faces": {
										"north": { "texture": "#skin", "uv": [ 48.0, 105.0, 49.5, 109.0 ], "rotation": 90 },
										"south": { "texture": "#skin", "uv": [ 44.0, 105.0, 45.5, 109.0 ], "rotation": 270 },
										"west": { "texture": "#skin", "uv": [ 45.5, 103.5, 48.0, 105.0 ], "rotation": 180 },
										"up": { "texture": "#skin", "uv": [ 45.5, 105.0, 48.0, 109.0 ], "rotation": 270 },
										"down": { "texture": "#skin", "uv": [ 49.5, 105.0, 52.0, 109.0 ], "rotation": 90 }
									},
									"children": [
										{
											"name": "jaw2",
											"from": [ -1.9, 0.0, -0.1 ],
											"to": [ 0.5, 1.9, 2.7 ],
											"unwrapMode": 7,
											"unwrapRotation": 1,
											"uv": [ 44.0, 99.0 ],
											"rotationOrigin": [ 0.8, 1.5, 1.4 ],
											"rotationZ": 20.0,
											"faces": {
												"north": { "texture": "#skin", "uv": [ 48.0, 100.5, 49.5, 102.5 ], "rotation": 90 },
												"south": { "texture": "#skin", "uv": [ 44.0, 100.5, 45.5, 102.5 ], "rotation": 270 },
												"west": { "texture": "#skin", "uv": [ 45.5, 99.0, 48.0, 100.5 ], "rotation": 180, "windMode": [-1,-1,-1,-1], "windData": [1,1,1,1] },
												"up": { "texture": "#skin", "uv": [ 45.5, 100.5, 48.0, 102.5 ], "rotation": 270, "windMode": [-1,-1,-1,-1], "windData": [1,1,1,1] },
												"down": { "texture": "#skin", "uv": [ 49.5, 100.5, 52.0, 102.5 ], "rotation": 90, "windMode": [-1,-1,-1,-1], "windData": [1,1,1,1] }
											}
										}
									]
								},
								{
									"name": "wattle",
									"from": [ -1.4, -2.8, 2.6 ],
									"to": [ 0.8, 0.7, 3.2 ],
									"unwrapMode": 4,
									"uv": [ 34.0, 98.5 ],
									"rotationOrigin": [ 1.9, 0.7, 2.9 ],
									"rotationZ": -10.0,
									"faces": {
										"north": { "texture": "#skin", "uv": [ 34.0, 100.5, 36.0, 104.0 ] },
										"south": { "texture": "#skin", "uv": [ 36.5, 100.5, 38.5, 104.0 ], "windMode": [-1,-1,-1,-1], "windData": [1,1,1,1] },
										"west": { "texture": "#skin", "uv": [ 36.0, 100.5, 36.5, 104.0 ], "windMode": [-1,-1,-1,-1], "windData": [1,1,1,1] },
										"up": { "texture": "#skin", "uv": [ 36.0, 98.5, 36.5, 100.5 ], "rotation": 90, "windMode": [-1,-1,-1,-1], "windData": [1,1,1,1] },
										"down": { "texture": "#skin", "uv": [ 36.0, 104.0, 36.5, 106.0 ], "rotation": 90, "windMode": [-1,-1,-1,-1], "windData": [1,1,1,1] }
									}
								},
								{
									"name": "eyes",
									"from": [ 0.6, 4.1, -0.01 ],
									"to": [ 1.4, 4.4, 5.61 ],
									"unwrapMode": 5,
									"uv": [ 82.5, 88.5 ],
									"rotationOrigin": [ 0.6, 4.1, 0.0 ],
									"faces": {
										"north": { "texture": "#skin", "uv": [ 82.5, 88.5, 83.0, 89.0 ], "rotation": 180 },
										"south": { "texture": "#skin", "uv": [ 82.5, 94.5, 83.0, 95.0 ], "windMode": [-1,-1,-1,-1], "windData": [1,1,1,1] }
									},
									"children": [
										{
											"name": "eyeR",
											"from": [ 0.0, 0.3, 0.0 ],
											"to": [ 0.8, 0.8, 2.62 ],
											"unwrapMode": 5,
											"uv": [ 82.5, 88.5 ],
											"rotationOrigin": [ 0.0, 0.3, 0.01 ],
											"faces": {
												"north": { "texture": "#skin", "uv": [ 82.5, 88.5, 83.0, 89.0 ], "rotation": 180 },
												"south": { "texture": "#skin", "uv": [ 82.5, 91.5, 83.0, 92.0 ] }
											}
										},
										{
											"name": "eyeL",
											"from": [ 0.0, 0.3, 3.0 ],
											"to": [ 0.8, 0.8, 5.62 ],
											"unwrapMode": 5,
											"uv": [ 82.5, 88.5 ],
											"rotationOrigin": [ 0.0, 0.3, 3.01 ],
											"faces": {
												"north": { "texture": "#skin", "uv": [ 82.5, 88.5, 83.0, 89.0 ], "rotation": 180 },
												"south": { "texture": "#skin", "uv": [ 82.5, 91.5, 83.0, 92.0 ] }
											}
										}
									]
								},
								{
									"name": "Horn attachment",
									"from": [ 2.7, 5.6, 2.8 ],
									"to": [ 3.7, 6.6, 3.8 ],
									"uv": [ 999.0, 999.0 ],
									"rotationOrigin": [ 2.7, 5.6, 2.8 ],
									"faces": {
									},
									"children": [
										{
											"name": "R antler base",
											"from": [ 0.5, 0.3, -3.2 ],
											"to": [ 1.7, 1.3, -2.0 ],
											"uv": [ 14.5, 14.5 ],
											"rotationOrigin": [ 0.5, 0.3, -2.4 ],
											"rotationX": -65.0,
											"rotationY": -10.0,
											"rotationZ": -5.0,
											"faces": {
												"north": { "texture": "#moose-antlers", "uv": [ 14.5, 14.5, 15.5, 15.5 ], "windMode": [-1,-1,-1,-1] },
												"east": { "texture": "#moose-antlers", "uv": [ 15.0, 15.0, 16.0, 16.0 ], "windMode": [-1,-1,-1,-1] },
												"south": { "texture": "#moose-antlers", "uv": [ 14.5, 14.5, 15.5, 15.5 ], "windMode": [-1,-1,-1,-1] },
												"west": { "texture": "#moose-antlers", "uv": [ 14.5, 15.0, 15.5, 16.0 ], "windMode": [-1,-1,-1,-1], "windData": [0,1,1,1] },
												"up": { "texture": "#moose-antlers", "uv": [ 15.0, 15.0, 16.0, 16.0 ], "rotation": 90 }
											},
											"children": [
												{
													"name": "R antler base 2",
													"from": [ 0.1, 0.9, 0.1 ],
													"to": [ 1.1, 3.4, 1.1 ],
													"uv": [ 0.5, 0.0 ],
													"rotationOrigin": [ 0.1, 0.9, 1.1 ],
													"rotationX": -7.0,
													"faces": {
														"north": { "texture": "#moose-antlers", "uv": [ 1.5, 4.0, 2.5, 6.5 ] },
														"east": { "texture": "#moose-antlers", "uv": [ 10.5, 13.0, 11.5, 15.5 ] },
														"south": { "texture": "#moose-antlers", "uv": [ 0.5, 3.0, 1.5, 5.5 ] },
														"west": { "texture": "#moose-antlers", "uv": [ 13.5, 2.5, 14.5, 5.0 ] },
														"up": { "texture": "#moose-antlers", "uv": [ 8.0, 1.0, 9.0, 2.0 ], "rotation": 90 },
														"down": { "texture": "#moose-antlers", "uv": [ 5.0, 0.0, 6.0, 1.0 ], "rotation": 90, "windMode": [-1,-1,-1,-1] }
													},
													"children": [
														{
															"name": "R antler HAND1",
															"from": [ -3.2, 2.6, 0.2 ],
															"to": [ 0.8, 6.6, 1.0 ],
															"uv": [ 0.0, 1.5 ],
															"rotationOrigin": [ 0.1, 2.6, 0.2 ],
															"rotationX": 25.0,
															"rotationZ": -50.0,
															"faces": {
																"north": { "texture": "#moose-antlers", "uv": [ 7.0, 7.5, 11.0, 11.5 ] },
																"east": { "texture": "#moose-antlers", "uv": [ 13.5, 1.5, 14.0, 5.5 ] },
																"south": { "texture": "#moose-antlers", "uv": [ 7.5, 9.0, 11.5, 13.0 ] },
																"west": { "texture": "#moose-antlers", "uv": [ 10.0, 2.5, 10.5, 6.5 ] },
																"up": { "texture": "#moose-antlers", "uv": [ 0.0, 2.0, 0.5, 6.0 ], "rotation": 270 },
																"down": { "texture": "#moose-antlers", "uv": [ 5.0, 7.0, 5.5, 11.0 ], "rotation": 270 }
															},
															"children": [
																{
																	"name": "RantlerThumb",
																	"from": [ -1.2, -0.1, 0.1 ],
																	"to": [ 0.3, 0.6, 0.8 ],
																	"uv": [ 1.5, 2.5 ],
																	"rotationOrigin": [ 0.3, 0.4, 0.1 ],
																	"rotationX": -20.0,
																	"rotationY": 20.0,
																	"rotationZ": 40.0,
																	"faces": {
																		"north": { "texture": "#moose-antlers", "uv": [ 1.5, 14.0, 3.0, 14.5 ] },
																		"east": { "texture": "#moose-antlers", "uv": [ 12.5, 7.0, 13.0, 7.5 ], "windMode": [-1,-1,-1,-1] },
																		"south": { "texture": "#moose-antlers", "uv": [ 4.0, 6.0, 5.5, 6.5 ] },
																		"west": { "texture": "#moose-antlers", "uv": [ 8.5, 5.5, 9.0, 6.0 ] },
																		"up": { "texture": "#moose-antlers", "uv": [ 11.5, 4.0, 13.0, 4.5 ] },
																		"down": { "texture": "#moose-antlers", "uv": [ 13.0, 2.5, 14.5, 3.0 ] }
																	},
																	"children": [
																		{
																			"name": "RTine01",
																			"from": [ -1.5, 0.1, 0.0 ],
																			"to": [ 0.0, 0.6, 0.5 ],
																			"uv": [ 1.0, 0.0 ],
																			"rotationOrigin": [ 0.0, 0.6, 0.0 ],
																			"rotationY": 20.0,
																			"faces": {
																				"north": { "texture": "#moose-antlers", "uv": [ 4.5, 9.0, 6.0, 9.5 ] },
																				"east": { "texture": "#moose-antlers", "uv": [ 14.5, 1.0, 15.0, 1.5 ] },
																				"south": { "texture": "#moose-antlers", "uv": [ 6.5, 2.5, 8.0, 3.0 ] },
																				"west": { "texture": "#moose-antlers", "uv": [ 1.0, 4.0, 1.5, 4.5 ] },
																				"up": { "texture": "#moose-antlers", "uv": [ 7.5, 0.0, 9.0, 0.5 ] },
																				"down": { "texture": "#moose-antlers", "uv": [ 6.5, 14.5, 8.0, 15.0 ] }
																			}
																		}
																	]
																},
																{
																	"name": "RAntler HAND2",
																	"from": [ 0.5, 4.0, 0.0 ],
																	"to": [ 4.0, 6.5, 0.8 ],
																	"uv": [ 2.5, 0.5 ],
																	"rotationOrigin": [ 0.5, 4.0, 0.0 ],
																	"rotationX": 15.0,
																	"rotationZ": -10.0,
																	"faces": {
																		"north": { "texture": "#moose-antlers", "uv": [ 10.5, 5.0, 14.0, 7.5 ] },
																		"east": { "texture": "#moose-antlers", "uv": [ 8.0, 0.5, 8.5, 3.0 ] },
																		"south": { "texture": "#moose-antlers", "uv": [ 2.5, 9.5, 6.0, 12.0 ] },
																		"west": { "texture": "#moose-antlers", "uv": [ 6.0, 7.5, 6.5, 10.0 ] },
																		"up": { "texture": "#moose-antlers", "uv": [ 5.0, 8.0, 8.5, 8.5 ] },
																		"down": { "texture": "#moose-antlers", "uv": [ 3.5, 6.0, 7.0, 6.5 ] }
																	},
																	"children": [
																		{
																			"name": "RAntler HAND3",
																			"from": [ 0.5, 2.5, 0.0 ],
																			"to": [ 3.5, 5.0, 0.8 ],
																			"uv": [ 5.0, 2.0 ],
																			"rotationOrigin": [ 0.5, 2.5, 0.0 ],
																			"rotationX": 15.0,
																			"rotationY": -2.0,
																			"rotationZ": -10.0,
																			"faces": {
																				"north": { "texture": "#moose-antlers", "uv": [ 7.5, 2.5, 10.5, 5.0 ] },
																				"east": { "texture": "#moose-antlers", "uv": [ 11.5, 2.0, 12.0, 4.5 ] },
																				"south": { "texture": "#moose-antlers", "uv": [ 6.5, 2.5, 9.5, 5.0 ] },
																				"west": { "texture": "#moose-antlers", "uv": [ 9.0, 3.0, 9.5, 5.5 ] },
																				"up": { "texture": "#moose-antlers", "uv": [ 5.0, 7.5, 8.0, 8.0 ] },
																				"down": { "texture": "#moose-antlers", "uv": [ 7.5, 7.5, 10.5, 8.0 ] }
																			},
																			"children": [
																				{
																					"name": "RHorn10",
																					"from": [ 2.5, 2.2, 0.2 ],
																					"to": [ 2.9, 3.2, 0.6 ],
																					"uv": [ 5.5, 4.0 ],
																					"rotationOrigin": [ 2.5, 2.2, 0.2 ],
																					"rotationX": 15.0,
																					"rotationZ": -20.0,
																					"faces": {
																						"north": { "texture": "#moose-antlers", "uv": [ 7.0, 4.0, 7.5, 5.0 ] },
																						"east": { "texture": "#moose-antlers", "uv": [ 14.5, 14.0, 15.0, 15.0 ] },
																						"south": { "texture": "#moose-antlers", "uv": [ 13.5, 12.5, 14.0, 13.5 ] },
																						"west": { "texture": "#moose-antlers", "uv": [ 5.5, 7.5, 6.0, 8.5 ] },
																						"up": { "texture": "#moose-antlers", "uv": [ 8.0, 11.5, 8.5, 12.0 ] },
																						"down": { "texture": "#moose-antlers", "uv": [ 7.0, 6.0, 7.5, 6.5 ] }
																					}
																				},
																				{
																					"name": "RHorn08",
																					"from": [ 0.0, 2.4, 0.2 ],
																					"to": [ 0.4, 3.4, 0.6 ],
																					"uv": [ 0.5, 2.0 ],
																					"rotationOrigin": [ 0.6, 2.4, 0.2 ],
																					"rotationX": 15.0,
																					"rotationZ": 25.0,
																					"faces": {
																						"north": { "texture": "#moose-antlers", "uv": [ 14.5, 4.0, 15.0, 5.0 ] },
																						"east": { "texture": "#moose-antlers", "uv": [ 7.0, 2.0, 7.5, 3.0 ] },
																						"south": { "texture": "#moose-antlers", "uv": [ 12.5, 2.0, 13.0, 3.0 ] },
																						"west": { "texture": "#moose-antlers", "uv": [ 0.5, 10.0, 1.0, 11.0 ] },
																						"up": { "texture": "#moose-antlers", "uv": [ 8.5, 12.0, 9.0, 12.5 ] },
																						"down": { "texture": "#moose-antlers", "uv": [ 6.0, 9.5, 6.5, 10.0 ] }
																					}
																				}
																			]
																		},
																		{
																			"name": "RTine05",
																			"from": [ -1.5, 2.1, 0.1 ],
																			"to": [ 0.0, 2.6, 0.6 ],
																			"uv": [ 1.0, 1.5 ],
																			"rotationOrigin": [ 0.0, 2.1, 0.1 ],
																			"rotationY": 15.0,
																			"rotationZ": -25.0,
																			"faces": {
																				"north": { "texture": "#moose-antlers", "uv": [ 1.0, 7.5, 2.5, 8.0 ] },
																				"east": { "texture": "#moose-antlers", "uv": [ 8.5, 10.0, 9.0, 10.5 ] },
																				"south": { "texture": "#moose-antlers", "uv": [ 13.5, 6.0, 15.0, 6.5 ] },
																				"west": { "texture": "#moose-antlers", "uv": [ 1.0, 14.0, 1.5, 14.5 ] },
																				"up": { "texture": "#moose-antlers", "uv": [ 10.5, 1.5, 12.0, 2.0 ] },
																				"down": { "texture": "#moose-antlers", "uv": [ 11.5, 8.5, 13.0, 9.0 ] }
																			}
																		},
																		{
																			"name": "RTine04",
																			"from": [ -2.1, -0.5, 0.1 ],
																			"to": [ -0.1, 0.0, 0.6 ],
																			"uv": [ 1.0, 1.5 ],
																			"rotationOrigin": [ 0.4, -0.5, 0.1 ],
																			"rotationY": 15.0,
																			"rotationZ": -20.0,
																			"faces": {
																				"north": { "texture": "#moose-antlers", "uv": [ 1.0, 7.5, 3.0, 8.0 ] },
																				"east": { "texture": "#moose-antlers", "uv": [ 8.5, 10.0, 9.0, 10.5 ] },
																				"south": { "texture": "#moose-antlers", "uv": [ 13.5, 6.0, 15.5, 6.5 ] },
																				"west": { "texture": "#moose-antlers", "uv": [ 1.0, 14.0, 1.5, 14.5 ] },
																				"up": { "texture": "#moose-antlers", "uv": [ 10.5, 1.5, 12.5, 2.0 ] },
																				"down": { "texture": "#moose-antlers", "uv": [ 11.5, 8.5, 13.5, 9.0 ] }
																			}
																		}
																	]
																},
																{
																	"name": "Rtine03",
																	"from": [ -2.0, 1.9, 0.1 ],
																	"to": [ 0.0, 2.5, 0.7 ],
																	"uv": [ 1.0, 3.0 ],
																	"rotationOrigin": [ 0.0, 1.9, 0.1 ],
																	"rotationY": 20.0,
																	"faces": {
																		"north": { "texture": "#moose-antlers", "uv": [ 10.5, 8.5, 12.5, 9.0 ] },
																		"east": { "texture": "#moose-antlers", "uv": [ 10.5, 5.0, 11.0, 5.5 ] },
																		"south": { "texture": "#moose-antlers", "uv": [ 10.5, 7.0, 12.5, 7.5 ] },
																		"west": { "texture": "#moose-antlers", "uv": [ 8.0, 3.0, 8.5, 3.5 ] },
																		"up": { "texture": "#moose-antlers", "uv": [ 1.0, 8.0, 3.0, 8.5 ] },
																		"down": { "texture": "#moose-antlers", "uv": [ 13.0, 5.5, 15.0, 6.0 ] }
																	}
																}
															]
														}
													]
												}
											]
										},
										{
											"name": "L antler base",
											"from": [ 0.5, 0.5, 2.3 ],
											"to": [ 1.7, 1.5, 3.5 ],
											"uv": [ 14.5, 14.5 ],
											"rotationOrigin": [ 0.5, 0.5, 2.3 ],
											"rotationX": 65.0,
											"rotationY": 10.0,
											"rotationZ": -5.0,
											"faces": {
												"north": { "texture": "#moose-antlers", "uv": [ 15.0, 14.5, 16.0, 15.5 ], "windMode": [-1,-1,-1,-1] },
												"east": { "texture": "#moose-antlers", "uv": [ 14.5, 15.0, 15.5, 16.0 ], "windMode": [-1,-1,-1,-1] },
												"south": { "texture": "#moose-antlers", "uv": [ 15.0, 15.0, 16.0, 16.0 ], "windMode": [-1,-1,-1,-1] },
												"west": { "texture": "#moose-antlers", "uv": [ 14.5, 14.5, 15.5, 15.5 ], "rotation": 90, "windMode": [-1,-1,-1,-1], "windData": [0,0,0,0] },
												"up": { "texture": "#moose-antlers", "uv": [ 15.0, 14.5, 16.0, 15.5 ], "rotation": 90, "windMode": [-1,-1,-1,-1] }
											},
											"children": [
												{
													"name": "L antler base 2",
													"from": [ 0.1, 0.9, 0.1 ],
													"to": [ 1.1, 3.4, 1.1 ],
													"uv": [ 1.0, 3.0 ],
													"rotationOrigin": [ 0.1, 0.9, 0.1 ],
													"rotationX": 7.0,
													"faces": {
														"north": { "texture": "#moose-antlers", "uv": [ 5.5, 3.0, 6.5, 5.5 ] },
														"east": { "texture": "#moose-antlers", "uv": [ 1.5, 13.0, 2.5, 15.5 ] },
														"south": { "texture": "#moose-antlers", "uv": [ 11.0, 7.0, 12.0, 9.5 ] },
														"west": { "texture": "#moose-antlers", "uv": [ 9.5, 3.0, 10.5, 5.5 ] },
														"up": { "texture": "#moose-antlers", "uv": [ 1.0, 5.0, 2.0, 6.0 ], "rotation": 90 },
														"down": { "texture": "#moose-antlers", "uv": [ 3.0, 5.0, 4.0, 6.0 ], "rotation": 90 }
													},
													"children": [
														{
															"name": "LAntler HAND1",
															"from": [ -2.2, 4.1, -0.9 ],
															"to": [ 1.8, 8.1, -0.1 ],
															"uv": [ 0.0, 0.0 ],
															"rotationOrigin": [ -1.7, 4.2, -0.5 ],
															"rotationX": -25.0,
															"rotationY": -1.0,
															"rotationZ": -50.0,
															"faces": {
																"north": { "texture": "#moose-antlers", "uv": [ 10.0, 2.5, 14.0, 6.5 ] },
																"east": { "texture": "#moose-antlers", "uv": [ 4.0, 8.5, 4.5, 12.5 ] },
																"south": { "texture": "#moose-antlers", "uv": [ 4.5, 8.0, 8.5, 12.0 ] },
																"west": { "texture": "#moose-antlers", "uv": [ 0.0, 0.0, 0.5, 4.0 ] },
																"up": { "texture": "#moose-antlers", "uv": [ 7.5, 10.5, 11.5, 11.0 ], "rotation": 180 },
																"down": { "texture": "#moose-antlers", "uv": [ 3.5, 5.0, 7.5, 5.5 ] }
															},
															"children": [
																{
																	"name": "LAntlerThumb",
																	"from": [ -2.0, 0.0, 0.0 ],
																	"to": [ 0.5, 0.7, 0.7 ],
																	"uv": [ 0.0, 3.5 ],
																	"rotationOrigin": [ 0.5, 0.5, 0.8 ],
																	"rotationX": 20.0,
																	"rotationY": -30.0,
																	"rotationZ": 40.0,
																	"faces": {
																		"north": { "texture": "#moose-antlers", "uv": [ 12.0, 10.5, 14.5, 11.0 ] },
																		"south": { "texture": "#moose-antlers", "uv": [ 13.0, 9.5, 15.5, 10.0 ] },
																		"west": { "texture": "#moose-antlers", "uv": [ 14.0, 3.5, 14.5, 4.0 ] },
																		"up": { "texture": "#moose-antlers", "uv": [ 0.0, 15.0, 2.5, 15.5 ] },
																		"down": { "texture": "#moose-antlers", "uv": [ 12.0, 8.5, 14.5, 9.0 ] }
																	},
																	"children": [
																		{
																			"name": "LTine01",
																			"from": [ -1.5, 0.1, 0.1 ],
																			"to": [ 0.0, 0.6, 0.6 ],
																			"uv": [ 2.0, 4.0 ],
																			"rotationOrigin": [ 0.0, 0.6, 0.6 ],
																			"rotationY": -20.0,
																			"faces": {
																				"north": { "texture": "#moose-antlers", "uv": [ 4.5, 7.5, 6.0, 8.0 ] },
																				"east": { "texture": "#moose-antlers", "uv": [ 5.0, 14.5, 5.5, 15.0 ] },
																				"south": { "texture": "#moose-antlers", "uv": [ 2.0, 5.0, 3.5, 5.5 ] },
																				"west": { "texture": "#moose-antlers", "uv": [ 2.0, 4.0, 2.5, 4.5 ] },
																				"up": { "texture": "#moose-antlers", "uv": [ 12.5, 13.0, 14.0, 13.5 ] },
																				"down": { "texture": "#moose-antlers", "uv": [ 8.0, 13.0, 9.5, 13.5 ] }
																			}
																		}
																	]
																},
																{
																	"name": "LAntler HAND2",
																	"from": [ 0.5, 4.0, 0.0 ],
																	"to": [ 4.5, 7.0, 0.8 ],
																	"uv": [ 1.0, 1.5 ],
																	"rotationOrigin": [ 0.5, 4.0, 0.8 ],
																	"rotationX": -15.0,
																	"rotationZ": -10.0,
																	"faces": {
																		"north": { "texture": "#moose-antlers", "uv": [ 6.5, 9.0, 10.5, 12.0 ] },
																		"east": { "texture": "#moose-antlers", "uv": [ 7.5, 11.0, 8.0, 14.0 ] },
																		"south": { "texture": "#moose-antlers", "uv": [ 4.5, 3.5, 8.5, 6.5 ] },
																		"west": { "texture": "#moose-antlers", "uv": [ 11.0, 1.5, 11.5, 4.5 ] },
																		"up": { "texture": "#moose-antlers", "uv": [ 3.0, 11.0, 7.0, 11.5 ] },
																		"down": { "texture": "#moose-antlers", "uv": [ 1.0, 13.0, 5.0, 13.5 ] }
																	},
																	"children": [
																		{
																			"name": "LAntler HAND3",
																			"from": [ 0.5, 3.0, 0.0 ],
																			"to": [ 4.0, 5.5, 0.8 ],
																			"uv": [ 2.0, 1.5 ],
																			"rotationOrigin": [ 0.5, 3.0, 0.8 ],
																			"rotationX": -15.0,
																			"rotationY": 2.0,
																			"rotationZ": -10.0,
																			"faces": {
																				"north": { "texture": "#moose-antlers", "uv": [ 10.5, 3.5, 14.0, 6.0 ] },
																				"east": { "texture": "#moose-antlers", "uv": [ 11.5, 1.5, 12.0, 4.0 ] },
																				"south": { "texture": "#moose-antlers", "uv": [ 9.0, 7.5, 12.5, 10.0 ] },
																				"west": { "texture": "#moose-antlers", "uv": [ 2.0, 5.0, 2.5, 7.5 ] },
																				"up": { "texture": "#moose-antlers", "uv": [ 10.5, 4.0, 14.0, 4.5 ] },
																				"down": { "texture": "#moose-antlers", "uv": [ 6.5, 8.0, 10.0, 8.5 ] }
																			},
																			"children": [
																				{
																					"name": "LTine08",
																					"from": [ -0.1, 2.4, 0.1 ],
																					"to": [ 0.3, 3.4, 0.5 ],
																					"uv": [ 0.5, 4.0 ],
																					"rotationOrigin": [ 0.5, 2.4, 0.7 ],
																					"rotationX": -15.0,
																					"rotationZ": 25.0,
																					"faces": {
																						"north": { "texture": "#moose-antlers", "uv": [ 6.0, 13.5, 6.5, 14.5 ] },
																						"east": { "texture": "#moose-antlers", "uv": [ 2.5, 6.5, 3.0, 7.5 ] },
																						"south": { "texture": "#moose-antlers", "uv": [ 14.5, 4.0, 15.0, 5.0 ] },
																						"west": { "texture": "#moose-antlers", "uv": [ 0.5, 6.5, 1.0, 7.5 ] },
																						"up": { "texture": "#moose-antlers", "uv": [ 9.5, 12.5, 10.0, 13.0 ] },
																						"down": { "texture": "#moose-antlers", "uv": [ 3.5, 8.5, 4.0, 9.0 ] }
																					}
																				},
																				{
																					"name": "LTine10",
																					"from": [ 3.0, 2.2, 0.1 ],
																					"to": [ 3.4, 3.2, 0.5 ],
																					"uv": [ 0.0, 4.0 ],
																					"rotationOrigin": [ 3.0, 2.2, 0.7 ],
																					"rotationX": -15.0,
																					"rotationZ": -20.0,
																					"faces": {
																						"north": { "texture": "#moose-antlers", "uv": [ 4.0, 10.0, 4.5, 11.0 ] },
																						"east": { "texture": "#moose-antlers", "uv": [ 0.0, 11.5, 0.5, 12.5 ] },
																						"south": { "texture": "#moose-antlers", "uv": [ 11.0, 4.0, 11.5, 5.0 ] },
																						"west": { "texture": "#moose-antlers", "uv": [ 6.5, 5.0, 7.0, 6.0 ] },
																						"up": { "texture": "#moose-antlers", "uv": [ 5.5, 14.0, 6.0, 14.5 ] },
																						"down": { "texture": "#moose-antlers", "uv": [ 2.5, 13.5, 3.0, 14.0 ] }
																					}
																				}
																			]
																		},
																		{
																			"name": "LTine05",
																			"from": [ -1.5, 2.5, 0.2 ],
																			"to": [ 0.0, 3.0, 0.7 ],
																			"uv": [ 0.0, 0.0 ],
																			"rotationOrigin": [ 0.0, 2.5, 0.8 ],
																			"rotationY": -15.0,
																			"rotationZ": -25.0,
																			"faces": {
																				"north": { "texture": "#moose-antlers", "uv": [ 7.5, 0.0, 9.0, 0.5 ] },
																				"east": { "texture": "#moose-antlers", "uv": [ 3.0, 2.5, 3.5, 3.0 ] },
																				"south": { "texture": "#moose-antlers", "uv": [ 3.0, 2.0, 4.5, 2.5 ] },
																				"west": { "texture": "#moose-antlers", "uv": [ 3.5, 3.5, 4.0, 4.0 ] },
																				"up": { "texture": "#moose-antlers", "uv": [ 13.0, 12.0, 14.5, 12.5 ] },
																				"down": { "texture": "#moose-antlers", "uv": [ 0.0, 5.0, 1.5, 5.5 ] }
																			}
																		},
																		{
																			"name": "LTine04",
																			"from": [ -2.1, -0.5, 0.2 ],
																			"to": [ -0.1, 0.0, 0.7 ],
																			"uv": [ 0.0, 0.0 ],
																			"rotationOrigin": [ -0.1, -0.5, 0.8 ],
																			"rotationY": -15.0,
																			"rotationZ": -25.0,
																			"faces": {
																				"north": { "texture": "#moose-antlers", "uv": [ 7.5, 0.0, 9.5, 0.5 ] },
																				"east": { "texture": "#moose-antlers", "uv": [ 3.0, 2.5, 3.5, 3.0 ] },
																				"south": { "texture": "#moose-antlers", "uv": [ 3.0, 2.0, 5.0, 2.5 ] },
																				"west": { "texture": "#moose-antlers", "uv": [ 3.5, 3.5, 4.0, 4.0 ] },
																				"up": { "texture": "#moose-antlers", "uv": [ 13.0, 12.0, 15.0, 12.5 ] },
																				"down": { "texture": "#moose-antlers", "uv": [ 0.0, 5.0, 2.0, 5.5 ] }
																			}
																		}
																	]
																},
																{
																	"name": "LTine03",
																	"from": [ -1.5, 1.9, 0.1 ],
																	"to": [ 0.0, 2.5, 0.7 ],
																	"uv": [ 3.5, 7.0 ],
																	"rotationOrigin": [ 0.0, 1.9, 0.7 ],
																	"rotationY": -20.0,
																	"faces": {
																		"north": { "texture": "#moose-antlers", "uv": [ 3.5, 14.0, 5.0, 14.5 ] },
																		"east": { "texture": "#moose-antlers", "uv": [ 7.0, 9.5, 7.5, 10.0 ] },
																		"south": { "texture": "#moose-antlers", "uv": [ 6.5, 7.0, 8.0, 7.5 ] },
																		"west": { "texture": "#moose-antlers", "uv": [ 4.5, 14.0, 5.0, 14.5 ] },
																		"up": { "texture": "#moose-antlers", "uv": [ 6.0, 7.5, 7.5, 8.0 ] },
																		"down": { "texture": "#moose-antlers", "uv": [ 9.0, 7.5, 10.5, 8.0 ] }
																	}
																}
															]
														}
													]
												}
											]
										}
									]
								}
							]
						}
					]
				}
			]
		}
	]}