{
	"editor": {
		"collapsedPaths": "Root/Body/abdomen/L back Thigh,Root/Body/abdomen/R back Thigh",
		"allAngles": true,
		"entityTextureMode": true
	},
	"textureWidth": 84,
	"textureHeight": 124,
	"textureSizes": {
		"skin": [84,124],
		"moose-antlers": [16,16],
		"leather": [16,16]
	},
	"textures": {
		"moose-antlers": "game:entity/hooved/deer/moose-antlers"
	},
	"elements": [
		{
			"name": "Body",
			"from": [ -0.5, 1.8, -1.76 ],
			"to": [ 9.5, 13.8, 8.24 ],
			"unwrapMode": 7,
			"unwrapRotation": 1,
			"autoUnwrap": false,
			"uv": [ 0.5, 52.0 ],
			"rotationOrigin": [ 12.4, 23.7, 8.0 ],
			"rotationX": -20.0,
			"rotationZ": -3.0,
			"faces": {
				"north": { "texture": "#skin", "uv": [ 22.5, 64.0, 34.5, 74.0 ], "rotation": 90 },
				"east": { "texture": "#skin", "uv": [ 2.0, 108.5, 12.0, 120.5 ] },
				"south": { "texture": "#skin", "uv": [ 0.5, 64.0, 12.5, 74.0 ], "rotation": 270 },
				"west": { "texture": "#skin", "uv": [ 12.5, 52.0, 22.5, 64.0 ], "rotation": 180 },
				"up": { "texture": "#skin", "uv": [ 12.5, 64.0, 22.5, 74.0 ], "rotation": 270 },
				"down": { "texture": "#skin", "uv": [ 34.5, 64.0, 44.5, 74.0 ], "rotation": 90 }
			},
			"children": [
				{
					"name": "L front Thigh",
					"from": [ -0.08, -0.09, 7.8 ],
					"to": [ 5.42, 6.91, 10.8 ],
					"unwrapMode": 3,
					"uv": [ 44.5, 1.0 ],
					"rotationOrigin": [ 0.7, 4.0, 9.4 ],
					"rotationX": -2.0,
					"rotationY": -4.0,
					"rotationZ": 13.0,
					"faces": {
						"north": { "texture": "#skin", "uv": [ 56.0, 4.0, 61.5, 11.0 ] },
						"east": { "texture": "#skin", "uv": [ 53.0, 4.0, 56.0, 11.0 ] },
						"south": { "texture": "#skin", "uv": [ 47.5, 4.0, 53.0, 11.0 ] },
						"west": { "texture": "#skin", "uv": [ 44.5, 4.0, 47.5, 11.0 ] },
						"up": { "texture": "#skin", "uv": [ 47.5, 1.0, 53.0, 4.0 ], "windMode": [-1,-1,-1,-1] },
						"down": { "texture": "#skin", "uv": [ 47.5, 11.0, 53.0, 14.0 ], "rotation": 180 }
					},
					"children": [
						{
							"name": "L front Upper Arm",
							"from": [ 0.8, -5.78, 0.3 ],
							"to": [ 3.8, 3.22, 2.9 ],
							"unwrapMode": 3,
							"uv": [ 46.0, 15.0 ],
							"rotationOrigin": [ 2.4, 1.5, 1.6 ],
							"rotationX": 1.0,
							"rotationZ": -72.0,
							"faces": {
								"north": { "texture": "#skin", "uv": [ 54.0, 15.0, 57.0, 24.0 ] },
								"east": { "texture": "#skin", "uv": [ 51.5, 15.0, 54.0, 24.0 ] },
								"south": { "texture": "#skin", "uv": [ 48.5, 15.0, 51.5, 24.0 ] },
								"west": { "texture": "#skin", "uv": [ 46.0, 15.0, 48.5, 24.0 ] },
								"down": { "texture": "#skin", "uv": [ 48.5, 24.0, 51.5, 26.5 ], "rotation": 180 }
							},
							"children": [
								{
									"name": "L front lower arm",
									"from": [ 0.5, -8.586, 0.2 ],
									"to": [ 2.5, 0.914, 2.2 ],
									"unwrapMode": 3,
									"uv": [ 47.0, 27.5 ],
									"rotationOrigin": [ 1.6, 0.8, 1.1 ],
									"rotationX": -3.0,
									"rotationZ": 151.0,
									"faces": {
										"north": { "texture": "#skin", "uv": [ 53.0, 27.5, 55.0, 37.0 ] },
										"east": { "texture": "#skin", "uv": [ 51.0, 27.5, 53.0, 37.0 ] },
										"south": { "texture": "#skin", "uv": [ 49.0, 27.5, 51.0, 37.0 ] },
										"west": { "texture": "#skin", "uv": [ 47.0, 27.5, 49.0, 37.0 ] },
										"down": { "texture": "#skin", "uv": [ 49.0, 37.0, 51.0, 39.0 ], "rotation": 180 }
									},
									"children": [
										{
											"name": "L front pastern",
											"from": [ 0.3, -2.9, 0.2 ],
											"to": [ 1.8, 1.1, 1.8 ],
											"unwrapMode": 3,
											"uv": [ 47.5, 40.5 ],
											"rotationOrigin": [ 1.1, 1.0, 1.0 ],
											"rotationX": -1.0,
											"rotationZ": -30.0,
											"faces": {
												"north": { "texture": "#skin", "uv": [ 52.0, 40.5, 53.5, 44.5 ] },
												"east": { "texture": "#skin", "uv": [ 50.5, 40.5, 52.0, 44.5 ] },
												"south": { "texture": "#skin", "uv": [ 49.0, 40.5, 50.5, 44.5 ] },
												"west": { "texture": "#skin", "uv": [ 47.5, 40.5, 49.0, 44.5 ] },
												"down": { "texture": "#skin", "uv": [ 49.0, 44.5, 50.5, 46.0 ], "rotation": 180 }
											},
											"children": [
												{
													"name": "L origin hoof",
													"from": [ 1.0, 1.3, 0.95 ],
													"to": [ 1.0, 1.3, 0.95 ],
													"uv": [ 0.0, 0.0 ],
													"rotationOrigin": [ 1.0, 1.3, 0.95 ],
													"rotationZ": 25.0,
													"faces": {
													},
													"children": [
														{
															"name": "L front hoof 1",
															"from": [ -2.8, -0.9, -0.9 ],
															"to": [ -0.5, -0.1, 0.6 ],
															"unwrapMode": 5,
															"uv": [ 79.0, 117.0 ],
															"rotationOrigin": [ -0.5, -0.1, 0.6 ],
															"rotationZ": 55.0,
															"faces": {
																"north": { "texture": "#skin", "uv": [ 79.5, 117.0, 81.5, 117.5 ], "rotation": 180 },
																"east": { "texture": "#skin", "uv": [ 81.5, 117.5, 82.0, 119.0 ], "rotation": 90 },
																"south": { "texture": "#skin", "uv": [ 79.5, 119.0, 81.5, 119.5 ] },
																"west": { "texture": "#skin", "uv": [ 79.0, 117.5, 79.5, 119.0 ], "rotation": 270 },
																"up": { "texture": "#skin", "uv": [ 79.5, 117.5, 81.5, 119.0 ] },
																"down": { "texture": "#skin", "uv": [ 82.0, 117.5, 84.0, 119.0 ] }
															},
															"children": [
																{
																	"name": "L front hoof 2",
																	"from": [ 0.15, -1.0, 0.0 ],
																	"to": [ 2.35, -0.2, 1.5 ],
																	"unwrapMode": 5,
																	"uv": [ 79.0, 119.5 ],
																	"rotationOrigin": [ 2.3493, -0.1, 1.4 ],
																	"rotationZ": -23.0,
																	"faces": {
																		"north": { "texture": "#skin", "uv": [ 79.5, 119.5, 81.5, 120.0 ], "rotation": 180 },
																		"east": { "texture": "#skin", "uv": [ 81.5, 120.0, 82.0, 121.5 ], "rotation": 90 },
																		"south": { "texture": "#skin", "uv": [ 79.5, 121.5, 81.5, 122.0 ] },
																		"west": { "texture": "#skin", "uv": [ 79.0, 120.0, 79.5, 121.5 ], "rotation": 270 },
																		"up": { "texture": "#skin", "uv": [ 79.5, 120.0, 81.5, 121.5 ] },
																		"down": { "texture": "#skin", "uv": [ 82.0, 120.0, 84.0, 121.5 ] }
																	}
																}
															]
														}
													]
												}
											]
										}
									]
								}
							]
						}
					]
				},
				{
					"name": "R front Thigh",
					"from": [ -1.7, 0.72, -0.9 ],
					"to": [ 3.8, 7.72, 2.1 ],
					"unwrapMode": 1,
					"uv": [ 64.5, 1.0 ],
					"rotationOrigin": [ 0.7, 4.0, 0.7 ],
					"rotationX": -3.0,
					"rotationZ": 22.0,
					"faces": {
						"north": { "texture": "#skin", "uv": [ 67.5, 4.0, 73.0, 11.0 ] },
						"east": { "texture": "#skin", "uv": [ 64.5, 4.0, 67.5, 11.0 ] },
						"south": { "texture": "#skin", "uv": [ 76.0, 4.0, 81.5, 11.0 ] },
						"west": { "texture": "#skin", "uv": [ 73.0, 4.0, 76.0, 11.0 ] },
						"up": { "texture": "#skin", "uv": [ 67.5, 1.0, 73.0, 4.0 ], "rotation": 180 },
						"down": { "texture": "#skin", "uv": [ 67.5, 11.0, 73.0, 14.0 ] }
					},
					"children": [
						{
							"name": "R front Upper Arm",
							"from": [ 0.8, -7.4, 0.1 ],
							"to": [ 3.8, 1.6, 2.7 ],
							"unwrapMode": 1,
							"uv": [ 67.0, 15.0 ],
							"rotationOrigin": [ 2.4, 1.5, 1.6 ],
							"rotationX": -26.0,
							"rotationZ": -94.0,
							"faces": {
								"north": { "texture": "#skin", "uv": [ 69.5, 15.0, 72.5, 24.0 ] },
								"east": { "texture": "#skin", "uv": [ 67.0, 15.0, 69.5, 24.0 ] },
								"south": { "texture": "#skin", "uv": [ 75.0, 15.0, 78.0, 24.0 ] },
								"west": { "texture": "#skin", "uv": [ 72.5, 15.0, 75.0, 24.0 ] },
								"down": { "texture": "#skin", "uv": [ 69.5, 24.0, 72.5, 26.5 ] }
							},
							"children": [
								{
									"name": "R front lower arm",
									"from": [ 0.5, -8.748, 0.4 ],
									"to": [ 2.5, 0.752, 2.4 ],
									"unwrapMode": 1,
									"uv": [ 67.5, 27.5 ],
									"rotationOrigin": [ 1.6, 0.8, 1.5 ],
									"rotationX": 3.0,
									"rotationZ": 162.0,
									"faces": {
										"north": { "texture": "#skin", "uv": [ 69.5, 27.5, 71.5, 37.0 ] },
										"east": { "texture": "#skin", "uv": [ 67.5, 27.5, 69.5, 37.0 ] },
										"south": { "texture": "#skin", "uv": [ 73.5, 27.5, 75.5, 37.0 ] },
										"west": { "texture": "#skin", "uv": [ 71.5, 27.5, 73.5, 37.0 ] },
										"down": { "texture": "#skin", "uv": [ 69.5, 37.0, 71.5, 39.0 ] }
									},
									"children": [
										{
											"name": "R front pastern",
											"from": [ 0.3, -2.9, 0.2 ],
											"to": [ 1.8, 1.1, 1.8 ],
											"unwrapMode": 1,
											"uv": [ 68.0, 40.5 ],
											"rotationOrigin": [ 1.1, 1.0, 1.0 ],
											"rotationX": -1.0,
											"rotationZ": -30.0,
											"faces": {
												"north": { "texture": "#skin", "uv": [ 69.5, 40.5, 71.0, 44.5 ] },
												"east": { "texture": "#skin", "uv": [ 68.0, 40.5, 69.5, 44.5 ] },
												"south": { "texture": "#skin", "uv": [ 72.5, 40.5, 74.0, 44.5 ] },
												"west": { "texture": "#skin", "uv": [ 71.0, 40.5, 72.5, 44.5 ] },
												"down": { "texture": "#skin", "uv": [ 69.5, 44.5, 71.0, 46.0 ] }
											},
											"children": [
												{
													"name": "R origin hoof",
													"from": [ 1.0, 1.3, 0.95 ],
													"to": [ 1.0, 1.3, 0.95 ],
													"uv": [ 0.0, 0.0 ],
													"rotationOrigin": [ 1.0, 1.3, 0.95 ],
													"faces": {
													},
													"children": [
														{
															"name": "R front hoof 1",
															"from": [ -2.8, -0.9, -0.9 ],
															"to": [ -0.5, -0.1, 0.6 ],
															"unwrapMode": 5,
															"uv": [ 78.5, 113.0 ],
															"rotationOrigin": [ -0.5, -0.1, 0.6 ],
															"rotationZ": 55.0,
															"faces": {
																"north": { "texture": "#skin", "uv": [ 79.0, 113.0, 81.0, 113.5 ], "rotation": 180 },
																"east": { "texture": "#skin", "uv": [ 81.0, 113.5, 81.5, 115.0 ], "rotation": 90 },
																"south": { "texture": "#skin", "uv": [ 79.0, 115.0, 81.0, 115.5 ] },
																"west": { "texture": "#skin", "uv": [ 78.5, 113.5, 79.0, 115.0 ], "rotation": 270 },
																"up": { "texture": "#skin", "uv": [ 79.0, 113.5, 81.0, 115.0 ] },
																"down": { "texture": "#skin", "uv": [ 81.5, 113.5, 83.5, 115.0 ] }
															},
															"children": [
																{
																	"name": "R front hoof 2",
																	"from": [ 0.1493, -1.0, 0.0 ],
																	"to": [ 2.3493, -0.2, 1.5 ],
																	"unwrapMode": 5,
																	"uv": [ 78.5, 110.5 ],
																	"rotationOrigin": [ 2.3493, -0.1, 1.4 ],
																	"rotationZ": -23.0,
																	"faces": {
																		"north": { "texture": "#skin", "uv": [ 79.0, 110.5, 81.0, 111.0 ], "rotation": 180 },
																		"east": { "texture": "#skin", "uv": [ 81.0, 111.0, 81.5, 112.5 ], "rotation": 90 },
																		"south": { "texture": "#skin", "uv": [ 79.0, 112.5, 81.0, 113.0 ] },
																		"west": { "texture": "#skin", "uv": [ 78.5, 111.0, 79.0, 112.5 ], "rotation": 270 },
																		"up": { "texture": "#skin", "uv": [ 79.0, 111.0, 81.0, 112.5 ] },
																		"down": { "texture": "#skin", "uv": [ 81.5, 111.0, 83.5, 112.5 ] }
																	}
																}
															]
														}
													]
												}
											]
										}
									]
								}
							]
						}
					]
				},
				{
					"name": "hump",
					"from": [ 0.0, 9.0, 2.0 ],
					"to": [ 5.0, 12.0, 8.0 ],
					"unwrapMode": 7,
					"unwrapRotation": 1,
					"uv": [ 12.0, 40.0 ],
					"rotationOrigin": [ 0.0, 12.0, 5.0 ],
					"rotationZ": 12.0,
					"faces": {
						"north": { "texture": "#skin", "uv": [ 21.0, 43.0, 24.0, 48.0 ], "rotation": 90 },
						"east": { "texture": "#skin", "uv": [ 15.0, 48.0, 21.0, 51.0 ] },
						"south": { "texture": "#skin", "uv": [ 12.0, 43.0, 15.0, 48.0 ], "rotation": 270 },
						"west": { "texture": "#skin", "uv": [ 15.0, 40.0, 21.0, 43.0 ], "rotation": 180 },
						"up": { "texture": "#skin", "uv": [ 15.0, 43.0, 21.0, 48.0 ], "rotation": 270 }
					},
					"children": [
						{
							"name": "back hump",
							"from": [ 4.8, 1.5, 0.05 ],
							"to": [ 9.8, 3.0, 5.95 ],
							"unwrapMode": 7,
							"unwrapRotation": 1,
							"uv": [ 14.0, 33.5 ],
							"rotationOrigin": [ 4.8, 3.0, 3.0 ],
							"rotationZ": -24.0,
							"faces": {
								"north": { "texture": "#skin", "uv": [ 21.0, 33.5, 22.5, 38.5 ], "rotation": 90 },
								"south": { "texture": "#skin", "uv": [ 14.0, 33.5, 15.5, 38.5 ], "rotation": 270 },
								"up": { "texture": "#skin", "uv": [ 15.5, 33.5, 21.0, 38.5 ], "rotation": 270 }
							}
						}
					]
				},
				{
					"name": "Midsection",
					"from": [ 8.0, -0.6, 0.5 ],
					"to": [ 18.0, 11.4, 9.5 ],
					"unwrapMode": 7,
					"unwrapRotation": 1,
					"autoUnwrap": false,
					"uv": [ 1.0, 75.0 ],
					"rotationOrigin": [ 8.0, 5.9, 5.0 ],
					"rotationZ": 1.0,
					"faces": {
						"north": { "texture": "#skin", "uv": [ 22.0, 75.0, 34.0, 85.0 ], "rotation": 90 },
						"east": { "texture": "#skin", "uv": [ 13.0, 108.5, 22.0, 120.5 ], "windMode": [-1,-1,-1,-1], "windData": [1,1,1,1] },
						"south": { "texture": "#skin", "uv": [ 1.0, 75.0, 13.0, 85.0 ], "rotation": 270 },
						"west": { "texture": "#skin", "uv": [ 23.0, 108.5, 32.0, 120.5 ], "rotation": 180, "windMode": [-1,-1,-1,-1], "windData": [1,1,1,1] },
						"up": { "texture": "#skin", "uv": [ 13.0, 75.0, 22.0, 85.0 ], "rotation": 270 },
						"down": { "texture": "#skin", "uv": [ 34.0, 75.0, 43.0, 85.0 ], "rotation": 90 }
					},
					"children": [
						{
							"name": "abdomen",
							"from": [ 6.704, 0.4, 0.5 ],
							"to": [ 16.704, 11.4, 8.5 ],
							"unwrapMode": 7,
							"unwrapRotation": 1,
							"autoUnwrap": false,
							"uv": [ 2.5, 86.0 ],
							"rotationOrigin": [ 8.0, 6.1, 4.6 ],
							"rotationX": 3.0,
							"rotationY": -11.0,
							"rotationZ": -10.0,
							"faces": {
								"north": { "texture": "#skin", "uv": [ 21.5, 86.0, 32.5, 96.0 ], "rotation": 90 },
								"east": { "texture": "#skin", "uv": [ 13.5, 96.0, 21.5, 107.0 ] },
								"south": { "texture": "#skin", "uv": [ 2.5, 86.0, 13.5, 96.0 ], "rotation": 270 },
								"west": { "texture": "#skin", "uv": [ 33.5, 108.5, 41.5, 119.5 ], "rotation": 180, "windMode": [-1,-1,-1,-1], "windData": [1,1,1,1] },
								"up": { "texture": "#skin", "uv": [ 13.5, 86.0, 21.5, 96.0 ], "rotation": 270 },
								"down": { "texture": "#skin", "uv": [ 32.5, 86.0, 40.5, 96.0 ], "rotation": 90 }
							},
							"children": [
								{
									"name": "L back Thigh",
									"from": [ 4.0, 0.972, 6.0 ],
									"to": [ 10.5, 10.472, 9.0 ],
									"unwrapMode": 3,
									"uv": [ 44.0, 47.5 ],
									"rotationOrigin": [ 7.3, 8.9, 7.6 ],
									"rotationX": -15.0,
									"rotationY": 1.0,
									"rotationZ": -16.0,
									"faces": {
										"north": { "texture": "#skin", "uv": [ 56.5, 50.5, 63.0, 60.0 ] },
										"east": { "texture": "#skin", "uv": [ 53.5, 50.5, 56.5, 60.0 ] },
										"south": { "texture": "#skin", "uv": [ 47.0, 50.5, 53.5, 60.0 ] },
										"west": { "texture": "#skin", "uv": [ 44.0, 50.5, 47.0, 60.0 ] },
										"up": { "texture": "#skin", "uv": [ 47.0, 47.5, 53.5, 50.5 ], "windMode": [-1,-1,-1,-1], "windData": [0,0,1,1] },
										"down": { "texture": "#skin", "uv": [ 47.0, 60.0, 53.5, 63.0 ], "rotation": 180 }
									},
									"children": [
										{
											"name": "L back Upper Arm",
											"from": [ 0.924, -7.1, 0.2 ],
											"to": [ 3.924, 1.9, 2.8 ],
											"unwrapMode": 3,
											"uv": [ 46.0, 64.5 ],
											"rotationOrigin": [ 2.3, 1.8, 1.5 ],
											"rotationX": -12.0,
											"rotationZ": 75.0,
											"faces": {
												"north": { "texture": "#skin", "uv": [ 54.0, 64.5, 57.0, 73.5 ] },
												"east": { "texture": "#skin", "uv": [ 51.5, 64.5, 54.0, 73.5 ] },
												"south": { "texture": "#skin", "uv": [ 48.5, 64.5, 51.5, 73.5 ] },
												"west": { "texture": "#skin", "uv": [ 46.0, 64.5, 48.5, 73.5 ] },
												"down": { "texture": "#skin", "uv": [ 48.5, 73.5, 51.5, 76.0 ], "rotation": 180 }
											},
											"children": [
												{
													"name": "L back lower arm",
													"from": [ 0.6, -10.024, 0.3 ],
													"to": [ 2.6, 0.476, 2.3 ],
													"unwrapMode": 3,
													"uv": [ 47.0, 77.0 ],
													"rotationOrigin": [ 1.8, 0.8, 1.3 ],
													"rotationX": -4.0,
													"rotationZ": -134.0,
													"faces": {
														"north": { "texture": "#skin", "uv": [ 53.0, 77.0, 55.0, 87.5 ] },
														"east": { "texture": "#skin", "uv": [ 51.0, 77.0, 53.0, 87.5 ] },
														"south": { "texture": "#skin", "uv": [ 49.0, 77.0, 51.0, 87.5 ] },
														"west": { "texture": "#skin", "uv": [ 47.0, 77.0, 49.0, 87.5 ] },
														"down": { "texture": "#skin", "uv": [ 49.0, 87.5, 51.0, 89.5 ], "rotation": 180 }
													},
													"children": [
														{
															"name": "L back pastern",
															"from": [ 0.2, -1.9, 0.2 ],
															"to": [ 1.7, 2.2, 1.8 ],
															"unwrapMode": 3,
															"uv": [ 47.5, 92.0 ],
															"rotationOrigin": [ 1.1, 2.1, 1.0 ],
															"rotationZ": -7.0,
															"faces": {
																"north": { "texture": "#skin", "uv": [ 52.0, 92.0, 53.5, 96.0 ] },
																"east": { "texture": "#skin", "uv": [ 50.5, 92.0, 52.0, 96.0 ] },
																"south": { "texture": "#skin", "uv": [ 49.0, 92.0, 50.5, 96.0 ] },
																"west": { "texture": "#skin", "uv": [ 47.5, 92.0, 49.0, 96.0 ] },
																"down": { "texture": "#skin", "uv": [ 49.0, 96.0, 50.5, 97.5 ], "rotation": 180 }
															},
															"children": [
																{
																	"name": "L origin hind hoof",
																	"from": [ 1.0, 1.3, 0.95 ],
																	"to": [ 1.0, 1.3, 0.95 ],
																	"uv": [ 0.0, 0.0 ],
																	"rotationOrigin": [ 1.0, 1.3, 0.95 ],
																	"rotationZ": 30.0,
																	"faces": {
																	},
																	"children": [
																		{
																			"name": "L hind hoof 1",
																			"from": [ -2.8, -0.9, -0.9 ],
																			"to": [ -0.5, -0.1, 0.6 ],
																			"unwrapMode": 5,
																			"uv": [ 79.0, 97.5 ],
																			"rotationOrigin": [ -0.5, -0.1, 0.6 ],
																			"rotationZ": 45.0,
																			"faces": {
																				"north": { "texture": "#skin", "uv": [ 79.5, 97.5, 81.5, 98.0 ], "rotation": 180 },
																				"east": { "texture": "#skin", "uv": [ 81.5, 98.0, 82.0, 99.5 ], "rotation": 90 },
																				"south": { "texture": "#skin", "uv": [ 79.5, 99.5, 81.5, 100.0 ] },
																				"west": { "texture": "#skin", "uv": [ 79.0, 98.0, 79.5, 99.5 ], "rotation": 270 },
																				"up": { "texture": "#skin", "uv": [ 79.5, 98.0, 81.5, 99.5 ] },
																				"down": { "texture": "#skin", "uv": [ 82.0, 98.0, 84.0, 99.5 ] }
																			},
																			"children": [
																				{
																					"name": "L hind hoof 2",
																					"from": [ 0.1121, -1.0, 0.0 ],
																					"to": [ 2.6121, -0.2, 1.5 ],
																					"unwrapMode": 5,
																					"uv": [ 78.5, 100.0 ],
																					"rotationOrigin": [ 2.5121, -0.1, 1.4 ],
																					"rotationZ": -22.0,
																					"faces": {
																						"north": { "texture": "#skin", "uv": [ 79.0, 100.0, 81.5, 100.5 ], "rotation": 180 },
																						"east": { "texture": "#skin", "uv": [ 81.5, 100.5, 82.0, 102.0 ], "rotation": 90 },
																						"south": { "texture": "#skin", "uv": [ 79.0, 102.0, 81.5, 102.5 ] },
																						"west": { "texture": "#skin", "uv": [ 78.5, 100.5, 79.0, 102.0 ], "rotation": 270 },
																						"up": { "texture": "#skin", "uv": [ 79.0, 100.5, 81.5, 102.0 ] },
																						"down": { "texture": "#skin", "uv": [ 82.0, 100.5, 84.5, 102.0 ] }
																					}
																				}
																			]
																		}
																	]
																}
															]
														}
													]
												}
											]
										}
									]
								},
								{
									"name": "tail",
									"from": [ 10.0, 9.5, 3.1 ],
									"to": [ 12.5, 11.0, 5.1 ],
									"unwrapMode": 3,
									"unwrapRotation": 1,
									"uv": [ 24.5, 98.5 ],
									"rotationOrigin": [ 10.0, 10.5, 3.9 ],
									"rotationZ": -60.0,
									"faces": {
										"north": { "texture": "#skin", "uv": [ 30.0, 100.5, 31.5, 103.0 ], "rotation": 270, "windMode": [-1,-1,-1,-1], "windData": [0,1,1,0] },
										"east": { "texture": "#skin", "uv": [ 26.5, 98.5, 28.0, 100.5 ], "rotation": 90, "windMode": [-1,-1,-1,-1], "windData": [0,1,1,0] },
										"south": { "texture": "#skin", "uv": [ 26.5, 100.5, 28.0, 103.0 ], "rotation": 90 },
										"west": { "texture": "#skin", "uv": [ 26.5, 103.0, 28.0, 105.0 ], "rotation": 90, "windMode": [-1,-1,-1,-1], "windData": [0,0,1,1] },
										"up": { "texture": "#skin", "uv": [ 24.5, 100.5, 26.5, 103.0 ], "rotation": 90, "windMode": [-1,-1,-1,-1], "windData": [1,1,1,1] },
										"down": { "texture": "#skin", "uv": [ 28.0, 100.5, 30.0, 103.0 ], "rotation": 270, "windMode": [-1,-1,-1,-1] }
									}
								},
								{
									"name": "R back Thigh",
									"from": [ 4.0, 0.972, -1.0 ],
									"to": [ 10.5, 10.472, 2.0 ],
									"unwrapMode": 1,
									"uv": [ 64.0, 47.5 ],
									"rotationOrigin": [ 7.3, 8.9, 0.8 ],
									"rotationX": 27.0,
									"rotationZ": -5.0,
									"faces": {
										"north": { "texture": "#skin", "uv": [ 67.0, 50.5, 73.5, 60.0 ] },
										"east": { "texture": "#skin", "uv": [ 64.0, 50.5, 67.0, 60.0 ] },
										"south": { "texture": "#skin", "uv": [ 76.5, 50.5, 83.0, 60.0 ] },
										"west": { "texture": "#skin", "uv": [ 73.5, 50.5, 76.5, 60.0 ] },
										"up": { "texture": "#skin", "uv": [ 67.0, 47.5, 73.5, 50.5 ], "rotation": 180 },
										"down": { "texture": "#skin", "uv": [ 67.0, 60.0, 73.5, 63.0 ] }
									},
									"children": [
										{
											"name": "R back Upper Arm",
											"from": [ 1.734, -7.1, -0.286 ],
											"to": [ 4.734, 1.9, 2.314 ],
											"unwrapMode": 1,
											"uv": [ 66.5, 64.5 ],
											"rotationOrigin": [ 2.3, 1.8, 1.5 ],
											"rotationX": 7.0,
											"rotationZ": 84.0,
											"faces": {
												"north": { "texture": "#skin", "uv": [ 69.0, 64.5, 72.0, 73.5 ] },
												"east": { "texture": "#skin", "uv": [ 66.5, 64.5, 69.0, 73.5 ] },
												"south": { "texture": "#skin", "uv": [ 74.5, 64.5, 77.5, 73.5 ] },
												"west": { "texture": "#skin", "uv": [ 72.0, 64.5, 74.5, 73.5 ] },
												"down": { "texture": "#skin", "uv": [ 69.0, 73.5, 72.0, 76.0 ] }
											},
											"children": [
												{
													"name": "R back lower arm",
													"from": [ 1.086, -9.7, 0.3 ],
													"to": [ 3.086, 0.8, 2.3 ],
													"unwrapMode": 1,
													"uv": [ 67.5, 77.0 ],
													"rotationOrigin": [ 1.8, 0.8, 1.3 ],
													"rotationX": 1.0,
													"rotationY": -19.0,
													"rotationZ": -159.0,
													"faces": {
														"north": { "texture": "#skin", "uv": [ 69.5, 77.0, 71.5, 87.5 ] },
														"east": { "texture": "#skin", "uv": [ 67.5, 77.0, 69.5, 87.5 ] },
														"south": { "texture": "#skin", "uv": [ 73.5, 77.0, 75.5, 87.5 ] },
														"west": { "texture": "#skin", "uv": [ 71.5, 77.0, 73.5, 87.5 ] },
														"down": { "texture": "#skin", "uv": [ 69.5, 87.5, 71.5, 89.5 ] }
													},
													"children": [
														{
															"name": "R back pastern",
															"from": [ 0.2, -1.9, 0.2 ],
															"to": [ 1.7, 2.2, 1.8 ],
															"unwrapMode": 1,
															"uv": [ 68.0, 92.0 ],
															"rotationOrigin": [ 1.1, 2.1, 1.0 ],
															"rotationZ": -10.0,
															"faces": {
																"north": { "texture": "#skin", "uv": [ 69.5, 92.0, 71.0, 96.0 ] },
																"east": { "texture": "#skin", "uv": [ 68.0, 92.0, 69.5, 96.0 ] },
																"south": { "texture": "#skin", "uv": [ 72.5, 92.0, 74.0, 96.0 ] },
																"west": { "texture": "#skin", "uv": [ 71.0, 92.0, 72.5, 96.0 ] },
																"down": { "texture": "#skin", "uv": [ 69.5, 96.0, 71.0, 97.5 ] }
															},
															"children": [
																{
																	"name": "R origin hind hoof",
																	"from": [ 1.0, 1.3, 0.95 ],
																	"to": [ 1.0, 1.3, 0.95 ],
																	"uv": [ 0.0, 0.0 ],
																	"rotationOrigin": [ 1.0, 1.3, 0.95 ],
																	"rotationZ": 30.0,
																	"faces": {
																	},
																	"children": [
																		{
																			"name": "R hind hoof 1",
																			"from": [ -2.8, -0.9, -0.9 ],
																			"to": [ -0.5, -0.1, 0.6 ],
																			"unwrapMode": 5,
																			"uv": [ 79.0, 104.5 ],
																			"rotationOrigin": [ -0.5, -0.1, 0.6 ],
																			"rotationZ": 45.0,
																			"faces": {
																				"north": { "texture": "#skin", "uv": [ 79.5, 104.5, 81.5, 105.0 ], "rotation": 180 },
																				"east": { "texture": "#skin", "uv": [ 81.5, 105.0, 82.0, 106.5 ], "rotation": 90 },
																				"south": { "texture": "#skin", "uv": [ 79.5, 106.5, 81.5, 107.0 ] },
																				"west": { "texture": "#skin", "uv": [ 79.0, 105.0, 79.5, 106.5 ], "rotation": 270 },
																				"up": { "texture": "#skin", "uv": [ 79.5, 105.0, 81.5, 106.5 ] },
																				"down": { "texture": "#skin", "uv": [ 82.0, 105.0, 84.0, 106.5 ] }
																			},
																			"children": [
																				{
																					"name": "R hind hoof 2",
																					"from": [ 0.1121, -1.0, 0.0 ],
																					"to": [ 2.6121, -0.2, 1.5 ],
																					"unwrapMode": 5,
																					"uv": [ 78.0, 107.0 ],
																					"rotationOrigin": [ 2.5121, -0.1, 1.4 ],
																					"rotationZ": -21.0,
																					"faces": {
																						"north": { "texture": "#skin", "uv": [ 78.5, 107.0, 81.0, 107.5 ], "rotation": 180 },
																						"east": { "texture": "#skin", "uv": [ 81.0, 107.5, 81.5, 109.0 ], "rotation": 90 },
																						"south": { "texture": "#skin", "uv": [ 78.5, 109.0, 81.0, 109.5 ] },
																						"west": { "texture": "#skin", "uv": [ 78.0, 107.5, 78.5, 109.0 ], "rotation": 270 },
																						"up": { "texture": "#skin", "uv": [ 78.5, 107.5, 81.0, 109.0 ] },
																						"down": { "texture": "#skin", "uv": [ 81.5, 107.5, 84.0, 109.0 ] }
																					}
																				}
																			]
																		}
																	]
																}
															]
														}
													]
												}
											]
										}
									]
								}
							]
						}
					]
				},
				{
					"name": "neck",
					"from": [ -3.2, 2.4, 2.5 ],
					"to": [ 4.3, 11.4, 7.5 ],
					"unwrapMode": 7,
					"unwrapRotation": 1,
					"uv": [ 6.5, 15.5 ],
					"rotationOrigin": [ 4.3, 8.9, 5.0 ],
					"rotationX": 12.0,
					"faces": {
						"north": { "texture": "#skin", "uv": [ 20.5, 24.5, 29.5, 32.0 ], "rotation": 90 },
						"south": { "texture": "#skin", "uv": [ 6.5, 24.5, 15.5, 32.0 ], "rotation": 270 },
						"west": { "texture": "#skin", "uv": [ 15.5, 15.5, 20.5, 24.5 ], "rotation": 180 },
						"up": { "texture": "#skin", "uv": [ 15.5, 24.5, 20.5, 32.0 ], "rotation": 270 },
						"down": { "texture": "#skin", "uv": [ 29.5, 24.5, 34.5, 32.0 ], "rotation": 90 }
					},
					"children": [
						{
							"name": "neck2",
							"from": [ -4.9, 1.5, 0.5 ],
							"to": [ 1.6, 8.8, 4.5 ],
							"unwrapMode": 7,
							"unwrapRotation": 1,
							"uv": [ 9.0, 1.0 ],
							"rotationOrigin": [ 1.6, 7.1, 2.6 ],
							"rotationX": 8.0,
							"rotationZ": -14.0,
							"faces": {
								"north": { "texture": "#skin", "uv": [ 20.0, 8.0, 27.0, 14.5 ], "rotation": 90 },
								"south": { "texture": "#skin", "uv": [ 9.0, 8.0, 16.0, 14.5 ], "rotation": 270 },
								"west": { "texture": "#skin", "uv": [ 16.0, 1.0, 20.0, 8.0 ], "rotation": 180 },
								"up": { "texture": "#skin", "uv": [ 16.0, 8.0, 20.0, 14.5 ], "rotation": 270 },
								"down": { "texture": "#skin", "uv": [ 27.0, 8.0, 31.0, 14.5 ], "rotation": 90 }
							},
							"children": [
								{
									"name": "head",
									"from": [ -5.1, 1.548, -1.124 ],
									"to": [ 1.0, 7.548, 4.476 ],
									"unwrapMode": 4,
									"uv": [ 50.5, 104.0 ],
									"rotationOrigin": [ -0.1, 5.7, 2.1 ],
									"rotationX": 6.0,
									"rotationY": -3.0,
									"rotationZ": 30.0,
									"faces": {
										"north": { "texture": "#skin", "uv": [ 50.5, 110.0, 56.5, 116.0 ] },
										"east": { "texture": "#skin", "uv": [ 68.0, 110.0, 73.5, 116.0 ] },
										"south": { "texture": "#skin", "uv": [ 62.0, 110.0, 68.0, 116.0 ] },
										"west": { "texture": "#skin", "uv": [ 56.5, 110.0, 62.0, 116.0 ] },
										"up": { "texture": "#skin", "uv": [ 56.5, 104.0, 62.0, 110.0 ], "rotation": 90 },
										"down": { "texture": "#skin", "uv": [ 56.5, 116.0, 62.0, 122.0 ], "rotation": 90 }
									},
									"children": [
										{
											"name": "mouth up",
											"from": [ -4.0, 2.2, 1.2 ],
											"to": [ 1.7, 5.0, 4.4 ],
											"unwrapMode": 7,
											"unwrapRotation": 1,
											"uv": [ 55.5, 85.0 ],
											"rotationOrigin": [ 0.3, 4.4, 2.8 ],
											"rotationZ": 10.0,
											"faces": {
												"north": { "texture": "#skin", "uv": [ 61.0, 87.5, 63.5, 93.0 ], "rotation": 90 },
												"south": { "texture": "#skin", "uv": [ 55.5, 87.5, 58.0, 93.0 ], "rotation": 270 },
												"west": { "texture": "#skin", "uv": [ 58.0, 85.0, 61.0, 87.5 ], "rotation": 180 },
												"up": { "texture": "#skin", "uv": [ 58.0, 87.5, 61.0, 93.0 ], "rotation": 270 },
												"down": { "texture": "#skin", "uv": [ 63.5, 87.5, 66.5, 93.0 ], "rotation": 90 }
											},
											"children": [
												{
													"name": "nose bridge",
													"from": [ 0.0, 2.0, 0.3 ],
													"to": [ 5.0, 3.5, 2.9 ],
													"unwrapMode": 7,
													"unwrapRotation": 1,
													"uv": [ 57.0, 78.5 ],
													"rotationOrigin": [ 4.9, 2.0, 1.1 ],
													"rotationZ": 8.0,
													"faces": {
														"north": { "texture": "#skin", "uv": [ 61.0, 78.5, 62.5, 83.5 ], "rotation": 90 },
														"south": { "texture": "#skin", "uv": [ 57.0, 78.5, 58.5, 83.5 ], "rotation": 270 },
														"up": { "texture": "#skin", "uv": [ 58.5, 78.5, 61.0, 83.5 ], "rotation": 270 }
													}
												},
												{
													"name": "nose",
													"from": [ -2.1, 0.7, -0.2 ],
													"to": [ 1.1, 3.3, 3.4 ],
													"unwrapMode": 4,
													"uv": [ 54.5, 94.0 ],
													"rotationOrigin": [ 1.1, 0.7, 1.6 ],
													"rotationZ": 25.0,
													"faces": {
														"north": { "texture": "#skin", "uv": [ 54.5, 97.0, 57.5, 99.5 ] },
														"east": { "texture": "#skin", "uv": [ 64.0, 97.0, 67.5, 99.5 ] },
														"south": { "texture": "#skin", "uv": [ 61.0, 97.0, 64.0, 99.5 ] },
														"west": { "texture": "#skin", "uv": [ 57.5, 97.0, 61.0, 99.5 ] },
														"up": { "texture": "#skin", "uv": [ 57.5, 94.0, 61.0, 97.0 ], "rotation": 90 },
														"down": { "texture": "#skin", "uv": [ 57.5, 99.5, 61.0, 102.5 ], "rotation": 90 }
													}
												}
											]
										},
										{
											"name": "R ear",
											"from": [ 4.9, 3.2, -4.4 ],
											"to": [ 5.7, 5.6, 0.7 ],
											"unwrapMode": 4,
											"unwrapRotation": 1,
											"uv": [ 70.5, 103.0 ],
											"rotationOrigin": [ 5.2, 4.4, 0.7 ],
											"rotationX": 45.0,
											"rotationY": -22.0,
											"rotationZ": 22.0,
											"faces": {
												"north": { "texture": "#skin", "uv": [ 71.0, 108.0, 73.0, 108.5 ], "rotation": 90 },
												"east": { "texture": "#skin", "uv": [ 73.5, 103.0, 75.5, 108.0 ], "rotation": 270 },
												"west": { "texture": "#skin", "uv": [ 71.0, 103.0, 73.0, 108.0 ], "rotation": 90 },
												"up": { "texture": "#skin", "uv": [ 70.5, 103.0, 71.0, 108.0 ], "rotation": 180 },
												"down": { "texture": "#skin", "uv": [ 73.0, 103.0, 73.5, 108.0 ], "rotation": 180 }
											}
										},
										{
											"name": "L ear",
											"from": [ 4.9, 3.2, 5.0 ],
											"to": [ 5.7, 5.6, 10.0 ],
											"unwrapMode": 4,
											"unwrapRotation": 1,
											"uv": [ 64.5, 102.5 ],
											"rotationOrigin": [ 5.2, 4.4, 5.0 ],
											"rotationX": -45.0,
											"rotationY": 22.0,
											"rotationZ": 22.0,
											"faces": {
												"east": { "texture": "#skin", "uv": [ 67.5, 103.0, 69.5, 108.0 ], "rotation": 270 },
												"south": { "texture": "#skin", "uv": [ 65.0, 102.5, 67.0, 103.0 ], "rotation": 90 },
												"west": { "texture": "#skin", "uv": [ 65.0, 103.0, 67.0, 108.0 ], "rotation": 90 },
												"up": { "texture": "#skin", "uv": [ 64.5, 103.0, 65.0, 108.0 ], "rotation": 180 },
												"down": { "texture": "#skin", "uv": [ 67.0, 103.0, 67.5, 108.0 ], "rotation": 180 }
											}
										},
										{
											"name": "jaw",
											"from": [ -3.2, 0.9, 1.6 ],
											"to": [ 1.0, 2.5, 4.2 ],
											"unwrapMode": 7,
											"unwrapRotation": 1,
											"uv": [ 44.0, 103.5 ],
											"rotationOrigin": [ 0.8, 2.3, 2.9 ],
											"rotationZ": 2.0,
											"faces": {
												"north": { "texture": "#skin", "uv": [ 48.0, 105.0, 49.5, 109.0 ], "rotation": 90 },
												"south": { "texture": "#skin", "uv": [ 44.0, 105.0, 45.5, 109.0 ], "rotation": 270 },
												"west": { "texture": "#skin", "uv": [ 45.5, 103.5, 48.0, 105.0 ], "rotation": 180 },
												"up": { "texture": "#skin", "uv": [ 45.5, 105.0, 48.0, 109.0 ], "rotation": 270 },
												"down": { "texture": "#skin", "uv": [ 49.5, 105.0, 52.0, 109.0 ], "rotation": 90 }
											},
											"children": [
												{
													"name": "jaw2",
													"from": [ -1.9, 0.0, -0.1 ],
													"to": [ 0.5, 1.9, 2.7 ],
													"unwrapMode": 7,
													"unwrapRotation": 1,
													"uv": [ 44.0, 99.0 ],
													"rotationOrigin": [ 0.8, 1.5, 1.4 ],
													"rotationZ": 20.0,
													"faces": {
														"north": { "texture": "#skin", "uv": [ 48.0, 100.5, 49.5, 102.5 ], "rotation": 90 },
														"south": { "texture": "#skin", "uv": [ 44.0, 100.5, 45.5, 102.5 ], "rotation": 270 },
														"west": { "texture": "#skin", "uv": [ 45.5, 99.0, 48.0, 100.5 ], "rotation": 180, "windMode": [-1,-1,-1,-1], "windData": [1,1,1,1] },
														"up": { "texture": "#skin", "uv": [ 45.5, 100.5, 48.0, 102.5 ], "rotation": 270, "windMode": [-1,-1,-1,-1], "windData": [1,1,1,1] },
														"down": { "texture": "#skin", "uv": [ 49.5, 100.5, 52.0, 102.5 ], "rotation": 90, "windMode": [-1,-1,-1,-1], "windData": [1,1,1,1] }
													}
												}
											]
										},
										{
											"name": "wattle",
											"from": [ -1.4, -2.8, 2.6 ],
											"to": [ 0.8, 0.7, 3.2 ],
											"unwrapMode": 4,
											"uv": [ 34.0, 98.5 ],
											"rotationOrigin": [ 1.9, 0.7, 2.9 ],
											"rotationZ": -10.0,
											"faces": {
												"north": { "texture": "#skin", "uv": [ 34.0, 100.5, 36.0, 104.0 ] },
												"south": { "texture": "#skin", "uv": [ 36.5, 100.5, 38.5, 104.0 ], "windMode": [-1,-1,-1,-1], "windData": [1,1,1,1] },
												"west": { "texture": "#skin", "uv": [ 36.0, 100.5, 36.5, 104.0 ], "windMode": [-1,-1,-1,-1], "windData": [1,1,1,1] },
												"up": { "texture": "#skin", "uv": [ 36.0, 98.5, 36.5, 100.5 ], "rotation": 90, "windMode": [-1,-1,-1,-1], "windData": [1,1,1,1] },
												"down": { "texture": "#skin", "uv": [ 36.0, 104.0, 36.5, 106.0 ], "rotation": 90, "windMode": [-1,-1,-1,-1], "windData": [1,1,1,1] }
											}
										},
										{
											"name": "eyes",
											"from": [ 0.6, 4.1, -0.01 ],
											"to": [ 1.4, 4.4, 5.61 ],
											"unwrapMode": 5,
											"uv": [ 82.5, 88.5 ],
											"rotationOrigin": [ 0.6, 4.1, 0.0 ],
											"faces": {
												"north": { "texture": "#skin", "uv": [ 82.5, 88.5, 83.0, 89.0 ], "rotation": 180 },
												"south": { "texture": "#skin", "uv": [ 82.5, 94.5, 83.0, 95.0 ], "windMode": [-1,-1,-1,-1], "windData": [1,1,1,1] }
											},
											"children": [
												{
													"name": "eyeR",
													"from": [ 0.0, 0.3, 0.0 ],
													"to": [ 0.8, 0.8, 2.62 ],
													"unwrapMode": 5,
													"uv": [ 82.5, 88.5 ],
													"rotationOrigin": [ 0.0, 0.3, 0.01 ],
													"faces": {
														"north": { "texture": "#skin", "uv": [ 82.5, 88.5, 83.0, 89.0 ], "rotation": 180 },
														"south": { "texture": "#skin", "uv": [ 82.5, 91.5, 83.0, 92.0 ] }
													}
												},
												{
													"name": "eyeL",
													"from": [ 0.0, 0.3, 3.0 ],
													"to": [ 0.8, 0.8, 5.62 ],
													"unwrapMode": 5,
													"uv": [ 82.5, 88.5 ],
													"rotationOrigin": [ 0.0, 0.3, 3.01 ],
													"faces": {
														"north": { "texture": "#skin", "uv": [ 82.5, 88.5, 83.0, 89.0 ], "rotation": 180 },
														"south": { "texture": "#skin", "uv": [ 82.5, 91.5, 83.0, 92.0 ] }
													}
												}
											]
										},
										{
											"name": "Horn attachment",
											"from": [ 2.0, 5.3, 2.8 ],
											"to": [ 3.0, 6.3, 3.8 ],
											"uv": [ 999.0, 999.0 ],
											"rotationOrigin": [ 2.0, 5.3, 2.8 ],
											"rotationZ": 8.0,
											"faces": {
											},
											"children": [
												{
													"name": "R antler base",
													"from": [ 0.5, 0.4, -3.2 ],
													"to": [ 1.5, 1.4, -2.2 ],
													"uv": [ 14.5, 14.5 ],
													"rotationOrigin": [ 0.5, 0.4, -2.4 ],
													"rotationX": -65.0,
													"rotationY": -15.0,
													"rotationZ": -5.0,
													"faces": {
														"north": { "texture": "#moose-antlers", "uv": [ 14.5, 14.5, 15.5, 15.5 ], "windMode": [-1,-1,-1,-1] },
														"east": { "texture": "#moose-antlers", "uv": [ 15.0, 15.0, 16.0, 16.0 ], "windMode": [-1,-1,-1,-1] },
														"south": { "texture": "#moose-antlers", "uv": [ 14.5, 14.5, 15.5, 15.5 ], "windMode": [-1,-1,-1,-1] },
														"west": { "texture": "#moose-antlers", "uv": [ 14.5, 15.0, 15.5, 16.0 ], "windMode": [-1,-1,-1,-1], "windData": [0,1,1,1] },
														"up": { "texture": "#moose-antlers", "uv": [ 15.0, 15.0, 16.0, 16.0 ], "rotation": 90 }
													},
													"children": [
														{
															"name": "R antler base 2",
															"from": [ 0.1, 0.9, 0.1 ],
															"to": [ 0.9, 2.9, 0.9 ],
															"uv": [ 0.5, 0.0 ],
															"rotationOrigin": [ 0.1, 0.9, 1.1 ],
															"rotationX": -7.0,
															"faces": {
																"north": { "texture": "#moose-antlers", "uv": [ 1.5, 4.0, 2.0, 6.0 ] },
																"east": { "texture": "#moose-antlers", "uv": [ 10.5, 13.0, 11.0, 15.0 ] },
																"south": { "texture": "#moose-antlers", "uv": [ 0.5, 3.0, 1.0, 5.0 ] },
																"west": { "texture": "#moose-antlers", "uv": [ 13.5, 2.5, 14.0, 4.5 ] },
																"up": { "texture": "#moose-antlers", "uv": [ 8.0, 1.0, 8.5, 1.5 ], "rotation": 90 },
																"down": { "texture": "#moose-antlers", "uv": [ 5.0, 0.0, 5.5, 0.5 ], "rotation": 90, "windMode": [-1,-1,-1,-1] }
															},
															"children": [
																{
																	"name": "R antler Hand1",
																	"from": [ -1.4, 1.4, 0.0 ],
																	"to": [ 0.6, 6.4, 0.7 ],
																	"uv": [ 0.0, 0.5 ],
																	"rotationOrigin": [ -0.1, 1.4, 0.0 ],
																	"rotationX": 25.0,
																	"rotationZ": -50.0,
																	"faces": {
																		"north": { "texture": "#moose-antlers", "uv": [ 0.5, 10.5, 2.5, 15.5 ] },
																		"east": { "texture": "#moose-antlers", "uv": [ 9.0, 2.5, 9.5, 7.5 ] },
																		"south": { "texture": "#moose-antlers", "uv": [ 9.5, 4.0, 11.5, 9.0 ] },
																		"west": { "texture": "#moose-antlers", "uv": [ 2.5, 5.0, 3.0, 10.0 ] },
																		"up": { "texture": "#moose-antlers", "uv": [ 5.5, 12.0, 6.0, 14.0 ], "rotation": 270 },
																		"down": { "texture": "#moose-antlers", "uv": [ 0.0, 0.5, 0.5, 2.5 ], "rotation": 270 }
																	},
																	"children": [
																		{
																			"name": "R antler point 2",
																			"from": [ 0.1, 0.0, 0.05 ],
																			"to": [ 0.7, 1.5, 0.65 ],
																			"uv": [ 1.0, 4.5 ],
																			"rotationOrigin": [ 0.1, 0.0, 0.65 ],
																			"rotationZ": 90.0,
																			"faces": {
																				"north": { "texture": "#moose-antlers", "uv": [ 11.5, 12.0, 12.0, 13.5 ] },
																				"east": { "texture": "#moose-antlers", "uv": [ 9.0, 6.0, 9.5, 7.5 ] },
																				"south": { "texture": "#moose-antlers", "uv": [ 9.5, 6.0, 10.0, 7.5 ] },
																				"west": { "texture": "#moose-antlers", "uv": [ 1.5, 4.5, 2.0, 6.0 ] },
																				"up": { "texture": "#moose-antlers", "uv": [ 1.0, 15.0, 1.5, 15.5 ], "rotation": 270 },
																				"down": { "texture": "#moose-antlers", "uv": [ 3.0, 9.5, 3.5, 10.0 ], "rotation": 270 }
																			},
																			"children": [
																				{
																					"name": "R antler point 3",
																					"from": [ 0.0, 1.5, 0.0 ],
																					"to": [ 0.5, 3.0, 0.5 ],
																					"uv": [ 8.0, 0.0 ],
																					"rotationOrigin": [ 0.0, 1.5, 0.0 ],
																					"rotationX": 20.0,
																					"rotationY": 1.0,
																					"rotationZ": -20.0,
																					"faces": {
																						"north": { "texture": "#moose-antlers", "uv": [ 12.0, 6.5, 12.5, 8.0 ] },
																						"east": { "texture": "#moose-antlers", "uv": [ 10.0, 8.5, 10.5, 10.0 ] },
																						"south": { "texture": "#moose-antlers", "uv": [ 8.0, 3.5, 8.5, 5.0 ] },
																						"west": { "texture": "#moose-antlers", "uv": [ 15.0, 9.5, 15.5, 11.0 ] },
																						"up": { "texture": "#moose-antlers", "uv": [ 9.0, 12.5, 9.5, 13.0 ], "rotation": 270 },
																						"down": { "texture": "#moose-antlers", "uv": [ 9.5, 0.0, 10.0, 0.5 ], "rotation": 270 }
																					}
																				}
																			]
																		},
																		{
																			"name": "RHorn1",
																			"from": [ 1.5, 5.0, 0.0 ],
																			"to": [ 2.0, 7.0, 0.5 ],
																			"uv": [ 0.0, 0.5 ],
																			"rotationOrigin": [ 1.5, 5.0, 0.3 ],
																			"rotationZ": -20.0,
																			"faces": {
																				"north": { "texture": "#moose-antlers", "uv": [ 3.5, 9.5, 4.0, 11.5 ] },
																				"east": { "texture": "#moose-antlers", "uv": [ 0.0, 0.5, 0.5, 2.5 ] },
																				"south": { "texture": "#moose-antlers", "uv": [ 1.5, 8.0, 2.0, 10.0 ] },
																				"west": { "texture": "#moose-antlers", "uv": [ 10.0, 4.5, 10.5, 6.5 ] },
																				"up": { "texture": "#moose-antlers", "uv": [ 13.0, 8.5, 13.5, 9.0 ] },
																				"down": { "texture": "#moose-antlers", "uv": [ 7.5, 10.0, 8.0, 10.5 ] }
																			}
																		},
																		{
																			"name": "RHorn2",
																			"from": [ 0.0, 5.0, 0.0 ],
																			"to": [ 0.5, 6.5, 0.5 ],
																			"uv": [ 2.0, 1.0 ],
																			"rotationOrigin": [ 0.6, 5.0, 0.3 ],
																			"rotationZ": 25.0,
																			"faces": {
																				"north": { "texture": "#moose-antlers", "uv": [ 15.0, 10.5, 15.5, 12.0 ] },
																				"east": { "texture": "#moose-antlers", "uv": [ 6.5, 1.0, 7.0, 2.5 ] },
																				"south": { "texture": "#moose-antlers", "uv": [ 2.0, 6.5, 2.5, 8.0 ] },
																				"west": { "texture": "#moose-antlers", "uv": [ 12.0, 2.5, 12.5, 4.0 ] },
																				"up": { "texture": "#moose-antlers", "uv": [ 8.5, 12.0, 9.0, 12.5 ] },
																				"down": { "texture": "#moose-antlers", "uv": [ 14.5, 1.0, 15.0, 1.5 ] }
																			}
																		},
																		{
																			"name": "RHorn4",
																			"from": [ 0.0, 2.0, 0.0 ],
																			"to": [ 0.5, 4.0, 0.5 ],
																			"uv": [ 2.0, 1.0 ],
																			"rotationOrigin": [ 0.0, 2.0, 0.3 ],
																			"rotationZ": 70.0,
																			"faces": {
																				"north": { "texture": "#moose-antlers", "uv": [ 15.0, 10.5, 15.5, 12.5 ] },
																				"east": { "texture": "#moose-antlers", "uv": [ 6.5, 1.0, 7.0, 3.0 ] },
																				"south": { "texture": "#moose-antlers", "uv": [ 2.0, 6.5, 2.5, 8.5 ] },
																				"west": { "texture": "#moose-antlers", "uv": [ 12.0, 2.5, 12.5, 4.5 ] },
																				"up": { "texture": "#moose-antlers", "uv": [ 8.5, 12.0, 9.0, 12.5 ] },
																				"down": { "texture": "#moose-antlers", "uv": [ 14.5, 1.0, 15.0, 1.5 ] }
																			}
																		}
																	]
																}
															]
														}
													]
												},
												{
													"name": "L antler base",
													"from": [ 0.5, 0.6, 2.3 ],
													"to": [ 1.5, 1.6, 3.3 ],
													"uv": [ 14.5, 14.5 ],
													"rotationOrigin": [ 0.5, 0.6, 2.3 ],
													"rotationX": 65.0,
													"rotationY": 15.0,
													"rotationZ": -5.0,
													"faces": {
														"north": { "texture": "#moose-antlers", "uv": [ 15.0, 14.5, 16.0, 15.5 ], "windMode": [-1,-1,-1,-1] },
														"east": { "texture": "#moose-antlers", "uv": [ 14.5, 15.0, 15.5, 16.0 ], "windMode": [-1,-1,-1,-1] },
														"south": { "texture": "#moose-antlers", "uv": [ 15.0, 15.0, 16.0, 16.0 ], "windMode": [-1,-1,-1,-1] },
														"west": { "texture": "#moose-antlers", "uv": [ 14.5, 14.5, 15.5, 15.5 ], "rotation": 90, "windMode": [-1,-1,-1,-1], "windData": [0,0,0,0] },
														"up": { "texture": "#moose-antlers", "uv": [ 15.0, 14.5, 16.0, 15.5 ], "rotation": 90, "windMode": [-1,-1,-1,-1] }
													},
													"children": [
														{
															"name": "L antler base 2",
															"from": [ 0.1, 0.9, 0.1 ],
															"to": [ 0.9, 2.9, 0.9 ],
															"uv": [ 1.0, 3.0 ],
															"rotationOrigin": [ 0.1, 0.9, 0.1 ],
															"rotationX": 7.0,
															"faces": {
																"north": { "texture": "#moose-antlers", "uv": [ 5.5, 3.0, 6.0, 5.0 ] },
																"east": { "texture": "#moose-antlers", "uv": [ 1.5, 13.0, 2.0, 15.0 ] },
																"south": { "texture": "#moose-antlers", "uv": [ 11.0, 7.0, 11.5, 9.0 ] },
																"west": { "texture": "#moose-antlers", "uv": [ 9.5, 3.0, 10.0, 5.0 ] },
																"up": { "texture": "#moose-antlers", "uv": [ 1.0, 5.0, 1.5, 5.5 ], "rotation": 90 },
																"down": { "texture": "#moose-antlers", "uv": [ 3.0, 5.0, 3.5, 5.5 ], "rotation": 90 }
															},
															"children": [
																{
																	"name": "L antler base 3",
																	"from": [ -1.1, 1.6, -0.1 ],
																	"to": [ 0.9, 5.6, 0.6 ],
																	"uv": [ 2.0, 0.0 ],
																	"rotationOrigin": [ -0.6, 1.7, 0.3 ],
																	"rotationX": -25.0,
																	"rotationY": -1.0,
																	"rotationZ": -50.0,
																	"faces": {
																		"north": { "texture": "#moose-antlers", "uv": [ 2.0, 1.0, 4.0, 5.0 ] },
																		"east": { "texture": "#moose-antlers", "uv": [ 7.0, 8.0, 7.5, 12.0 ] },
																		"south": { "texture": "#moose-antlers", "uv": [ 2.5, 8.5, 4.5, 12.5 ] },
																		"west": { "texture": "#moose-antlers", "uv": [ 9.5, 9.0, 10.0, 13.0 ] },
																		"up": { "texture": "#moose-antlers", "uv": [ 8.0, 3.5, 10.0, 4.0 ], "rotation": 180 },
																		"down": { "texture": "#moose-antlers", "uv": [ 9.5, 0.0, 11.5, 0.5 ] }
																	},
																	"children": [
																		{
																			"name": "L antler point 2",
																			"from": [ 0.0, 0.0, 0.05 ],
																			"to": [ 0.6, 1.5, 0.65 ],
																			"uv": [ 1.0, 0.5 ],
																			"rotationOrigin": [ 0.0, 0.0, 0.05 ],
																			"rotationY": -1.0,
																			"rotationZ": 90.0,
																			"faces": {
																				"north": { "texture": "#moose-antlers", "uv": [ 4.5, 1.5, 5.0, 3.0 ] },
																				"east": { "texture": "#moose-antlers", "uv": [ 15.0, 6.5, 15.5, 8.0 ] },
																				"south": { "texture": "#moose-antlers", "uv": [ 5.0, 0.5, 5.5, 2.0 ] },
																				"west": { "texture": "#moose-antlers", "uv": [ 14.5, 9.0, 15.0, 10.5 ] },
																				"up": { "texture": "#moose-antlers", "uv": [ 12.0, 11.5, 12.5, 12.0 ], "rotation": 270 },
																				"down": { "texture": "#moose-antlers", "uv": [ 1.0, 4.0, 1.5, 4.5 ], "rotation": 270 }
																			},
																			"children": [
																				{
																					"name": "L antler point 3",
																					"from": [ 0.0, 1.5, 0.0 ],
																					"to": [ 0.5, 3.0, 0.5 ],
																					"uv": [ 0.5, 5.0 ],
																					"rotationOrigin": [ 0.0, 1.5, 0.4 ],
																					"rotationX": -20.0,
																					"rotationY": 1.0,
																					"rotationZ": -20.0,
																					"faces": {
																						"north": { "texture": "#moose-antlers", "uv": [ 10.0, 13.0, 10.5, 14.5 ] },
																						"east": { "texture": "#moose-antlers", "uv": [ 7.5, 11.0, 8.0, 12.5 ] },
																						"south": { "texture": "#moose-antlers", "uv": [ 12.5, 5.0, 13.0, 6.5 ] },
																						"west": { "texture": "#moose-antlers", "uv": [ 3.0, 12.0, 3.5, 13.5 ] },
																						"up": { "texture": "#moose-antlers", "uv": [ 8.0, 12.5, 8.5, 13.0 ], "rotation": 270 },
																						"down": { "texture": "#moose-antlers", "uv": [ 0.5, 7.0, 1.0, 7.5 ], "rotation": 270 }
																					}
																				}
																			]
																		},
																		{
																			"name": "LHorn3",
																			"from": [ 1.6, 4.0, 0.0 ],
																			"to": [ 2.1, 6.0, 0.5 ],
																			"uv": [ 1.5, 1.0 ],
																			"rotationOrigin": [ 1.6, 4.0, 0.0 ],
																			"rotationZ": -20.0,
																			"faces": {
																				"north": { "texture": "#moose-antlers", "uv": [ 13.5, 12.0, 14.0, 14.0 ] },
																				"east": { "texture": "#moose-antlers", "uv": [ 4.0, 11.5, 4.5, 13.5 ] },
																				"south": { "texture": "#moose-antlers", "uv": [ 10.5, 3.5, 11.0, 5.5 ] },
																				"west": { "texture": "#moose-antlers", "uv": [ 1.5, 7.0, 2.0, 9.0 ] },
																				"up": { "texture": "#moose-antlers", "uv": [ 1.5, 9.5, 2.0, 10.0 ] },
																				"down": { "texture": "#moose-antlers", "uv": [ 3.5, 1.0, 4.0, 1.5 ] }
																			}
																		},
																		{
																			"name": "LHorn4",
																			"from": [ -0.1, 2.0, 0.0 ],
																			"to": [ 0.4, 4.0, 0.5 ],
																			"uv": [ 1.0, 1.0 ],
																			"rotationOrigin": [ 0.5, 2.0, 0.0 ],
																			"rotationZ": 70.0,
																			"faces": {
																				"north": { "texture": "#moose-antlers", "uv": [ 10.5, 1.5, 11.0, 3.5 ] },
																				"east": { "texture": "#moose-antlers", "uv": [ 14.0, 2.5, 14.5, 4.5 ] },
																				"south": { "texture": "#moose-antlers", "uv": [ 6.0, 5.5, 6.5, 7.5 ] },
																				"west": { "texture": "#moose-antlers", "uv": [ 2.0, 1.0, 2.5, 3.0 ] },
																				"up": { "texture": "#moose-antlers", "uv": [ 9.0, 14.0, 9.5, 14.5 ] },
																				"down": { "texture": "#moose-antlers", "uv": [ 1.0, 13.0, 1.5, 13.5 ] }
																			}
																		},
																		{
																			"name": "LHorn5",
																			"from": [ -0.1, 4.0, 0.0 ],
																			"to": [ 0.4, 5.5, 0.5 ],
																			"uv": [ 1.0, 1.0 ],
																			"rotationOrigin": [ 0.5, 4.0, 0.0 ],
																			"rotationZ": 25.0,
																			"faces": {
																				"north": { "texture": "#moose-antlers", "uv": [ 10.5, 1.5, 11.0, 3.0 ] },
																				"east": { "texture": "#moose-antlers", "uv": [ 14.0, 2.5, 14.5, 4.0 ] },
																				"south": { "texture": "#moose-antlers", "uv": [ 6.0, 5.5, 6.5, 7.0 ] },
																				"west": { "texture": "#moose-antlers", "uv": [ 2.0, 1.0, 2.5, 2.5 ] },
																				"up": { "texture": "#moose-antlers", "uv": [ 9.0, 14.0, 9.5, 14.5 ] },
																				"down": { "texture": "#moose-antlers", "uv": [ 1.0, 13.0, 1.5, 13.5 ] }
																			}
																		}
																	]
																}
															]
														}
													]
												}
											]
										}
									]
								}
							]
						}
					]
				}
			],
			"attachmentpoints": [
				{
					"code": "Center",
					"posX": "12.0","posY": "6.0","posZ": "5.0",
					"rotationX": "0.0","rotationY": "0.0","rotationZ": "0.0"
				}
			]
		}
	]}