{
  "code": "amaranth",
  "variantgroups": [
    {
      "code": "type",
      "states": [ "amaranth" ]
    },
    {
      "code": "stage",
      "states": [ "1", "2", "3", "4", "5", "6", "7", "8", "9" ]
    }
  ],
  "creativeinventory": {
    "general": [ "*" ],
    "flora": [ "*" ],
    "ornamentals": [ "*" ]
  },
  "renderpass": "OpaqueNoCull",
  "shapeByType": {
    "*-9": { "base": "game:block/plant/crop/tallcrossdense" },
    "*-8": { "base": "game:block/plant/crop/tallcrossdense" },
    "*-7": { "base": "game:block/plant/crop/tallcrossdense" },
    "*-6": { "base": "game:block/plant/crop/tallcrossdense" },
    "*": { "base": "game:block/plant/crop/crossdense" }
  },
  "blockmaterial": "Plant",
  "randomizeRotations": true,
  "randomDrawOffset": true,
  "textures": {
    "0": { "base": "game:block/plant/crop/{type}/e{stage}" },
    "1": { "base": "game:block/plant/crop/{type}/w{stage}" }
  },
  "attributes": {
    "sitHeightByType": {
      "*-4": 0.7,
      "*-5": 0.9,
      "*-6": 1.1,
      "*-7": 1.3,
      "*-8": 1.5,
      "*-9": 1.7
    },
    "overrideRandomDrawOffset": 14
  },
  "sideopaque": {
    "all": false
  },
  "sidesolid": {
    "all": false
  },
  "replaceable": 3000,
  "lightAbsorption": 0,
  "resistance": 0.5,
  "sounds": {
    "place": "game:block/plant",
    "break": "game:block/plant",
    "hit": "game:block/plant"
  },
  "collisionbox": null,
  "selectionBoxByType": {
    "*-1": {
      "x1": 0.125,
      "y1": -0.0625,
      "z1": 0.125,
      "x2": 0.875,
      "y2": 0.175,
      "z2": 0.875
    },
    "*-2": {
      "x1": 0.125,
      "y1": -0.0625,
      "z1": 0.125,
      "x2": 0.875,
      "y2": 0.3,
      "z2": 0.875
    },
    "*-3": {
      "x1": 0.125,
      "y1": -0.0625,
      "z1": 0.125,
      "x2": 0.875,
      "y2": 0.45,
      "z2": 0.875
    },
    "*-4": {
      "x1": 0.125,
      "y1": -0.0625,
      "z1": 0.125,
      "x2": 0.875,
      "y2": 0.625,
      "z2": 0.875
    },
    "*-5": {
      "x1": 0.125,
      "y1": -0.0625,
      "z1": 0.125,
      "x2": 0.875,
      "y2": 0.875,
      "z2": 0.875
    },
    "*-6": {
      "x1": 0.125,
      "y1": -0.0625,
      "z1": 0.125,
      "x2": 0.875,
      "y2": 1.0,
      "z2": 0.875
    },
    "*-7": {
      "x1": 0.125,
      "y1": -0.0625,
      "z1": 0.125,
      "x2": 0.875,
      "y2": 1.25,
      "z2": 0.875
    },
    "*-8": {
      "x1": 0.125,
      "y1": -0.0625,
      "z1": 0.125,
      "x2": 0.875,
      "y2": 1.5,
      "z2": 0.875
    },
    "*-9": {
      "x1": 0.115,
      "y1": -0.0625,
      "z1": 0.115,
      "x2": 0.885,
      "y2": 1.75,
      "z2": 0.885
    }
  },
  "materialDensity": 200,
  "combustibleProps": {
    "burnDuration": 10,
    "burnTemperature": 600
  }
}