{
  "code": "deadcrop",
  "creativeinventory": {
    "general": [ "*" ],
    "flora": [ "*" ],
    "ornamentals": [ "*" ]
  },
  "renderpass": "OpaqueNoCull",
  "shape": { "base": "game:block/basic/cross" },
  "randomizeRotations": true,
  "blockmaterial": "Plant",
  "textures": {
    "north": { "base": "game:block/plant/crop/dead-generic-e" },
    "south": { "base": "game:block/plant/crop/dead-generic-w" }
  },
  "sideopaque": {
    "all": false
  },
  "sidesolid": {
    "all": false
  },
  "replaceable": 3000,
  "lightAbsorption": 0,
  "resistance": 0.5,
  "sounds": {
    "place": "game:block/plant",
    "break": "game:block/plant",
    "hit": "game:block/plant"
  },
  "collisionbox": null,
  "selectionbox": {
    "x1": 0.0625,
    "y1": 0,
    "z1": 0.0625,
    "x2": 0.9375,
    "y2": 0.25,
    "z2": 0.9375
  },
  "materialDensity": 200,
  "combustibleProps": {
    "burnTemperature": 600,
    "burnDuration": 10
  }
}
