{
  "code": "crop",
  "variantgroups": [
    {
      "code": "type",
      "states": [ "onion" ]
    },
    {
      "code": "stage",
      "states": [ "1", "2", "3", "4", "5", "6", "7" ]
    }
  ],
  "creativeinventory": {
    "general": [ "*" ],
    "flora": [ "*" ],
    "ornamentals": [ "*" ]
  },
  "renderpass": "OpaqueNoCull",
  "shapeByType": {
    "*-5": { "base": "game:block/plant/crop/onion/stage5" },
    "*-6": { "base": "game:block/plant/crop/onion/stage6" },
    "*-7": { "base": "game:block/plant/crop/onion/stage7" },
    "*": { "base": "game:block/plant/crop/onion/stage1to4" }
  },
  "blockmaterial": "Plant",
  "textures": {
    "s": { "base": "game:block/plant/crop/onion/s{stage}" },
    "e": { "base": "game:block/plant/crop/onion/e{stage}" }
  },
  "sideopaque": {
    "all": false
  },
  "sidesolid": {
    "all": false
  },
  "replaceable": 3000,
  "lightAbsorption": 0,
  "resistance": 0.5,
  "sounds": {
    "place": "game:block/plant",
    "break": "game:block/plant",
    "hit": "game:block/plant"
  },
  "collisionbox": null,
  "selectionbox": {
    "x1": 0.0625,
    "y1": 0,
    "z1": 0.0625,
    "x2": 0.9375,
    "y2": 0.25,
    "z2": 0.9375
  },
  "materialDensity": 200,
  "combustibleProps": {
    "burnTemperature": 600,
    "burnDuration": 10
  }
}