{
  "code": "crop",
  "variantgroups": [
    {
      "code": "type",
      "states": [ "pineapple" ]
    },
    {
      "code": "stage",
      "states": [ "1", "2", "3", "4", "5", "6", "7", "8", "9", "10", "11", "12", "13", "14", "15", "16" ]
    }
  ],
  "creativeinventory": {
    "general": [ "*" ],
    "flora": [ "*" ],
    "ornamentals": [ "*" ]
  },
  "renderpass": "OpaqueNoCull",
  "randomizeRotations": true,
  "randomSizeAdjust": 0.03,
  "shape": { "base": "game:block/plant/crop/pineapple/stage{stage}" },
  "blockmaterial": "Plant",
  "sideopaque": {
    "all": false
  },
  "sidesolid": {
    "all": false
  },
  "replaceable": 3000,
  "lightAbsorption": 0,
  "resistance": 0.5,
  "sounds": {
    "place": "game:block/plant",
    "break": "game:block/plant",
    "hit": "game:block/plant"
  },
  "collisionbox": null,
  "selectionBoxByType": {
    "*-1": {
      "x1": 0.375,
      "y1": -0.0625,
      "z1": 0.375,
      "x2": 0.625,
      "y2": 0.125,
      "z2": 0.625
    },
    "*-2": {
      "x1": 0.325,
      "y1": -0.0625,
      "z1": 0.325,
      "x2": 0.675,
      "y2": 0.175,
      "z2": 0.675
    },
    "*-3": {
      "x1": 0.275,
      "y1": -0.0625,
      "z1": 0.275,
      "x2": 0.725,
      "y2": 0.225,
      "z2": 0.725
    },
    "*-4": {
      "x1": 0.225,
      "y1": -0.0625,
      "z1": 0.225,
      "x2": 0.775,
      "y2": 0.275,
      "z2": 0.775
    },
    "*-5": {
      "x1": 0.175,
      "y1": -0.0625,
      "z1": 0.175,
      "x2": 0.825,
      "y2": 0.325,
      "z2": 0.825
    },
    "*-6": {
      "x1": 0.125,
      "y1": -0.0625,
      "z1": 0.125,
      "x2": 0.875,
      "y2": 0.375,
      "z2": 0.875
    },
    "*-7": {
      "x1": 0.125,
      "y1": -0.0625,
      "z1": 0.125,
      "x2": 0.875,
      "y2": 0.425,
      "z2": 0.875
    },
    "*-8": {
      "x1": 0.125,
      "y1": -0.0625,
      "z1": 0.125,
      "x2": 0.875,
      "y2": 0.475,
      "z2": 0.875
    },
    "*-9": {
      "x1": 0.125,
      "y1": -0.0625,
      "z1": 0.125,
      "x2": 0.875,
      "y2": 0.525,
      "z2": 0.875
    },
    "*-10": {
      "x1": 0.125,
      "y1": -0.0625,
      "z1": 0.125,
      "x2": 0.875,
      "y2": 0.6,
      "z2": 0.875
    },
    "*-11": {
      "x1": 0.125,
      "y1": -0.0625,
      "z1": 0.125,
      "x2": 0.875,
      "y2": 0.65,
      "z2": 0.875
    },
    "*-12": {
      "x1": 0.125,
      "y1": -0.0625,
      "z1": 0.125,
      "x2": 0.875,
      "y2": 0.7,
      "z2": 0.875
    },
    "*-13": {
      "x1": 0.125,
      "y1": -0.0625,
      "z1": 0.125,
      "x2": 0.875,
      "y2": 0.75,
      "z2": 0.875
    },
    "*-14": {
      "x1": 0.125,
      "y1": -0.0625,
      "z1": 0.125,
      "x2": 0.875,
      "y2": 0.8,
      "z2": 0.985
    },
    "*-15": {
      "x1": 0.125,
      "y1": -0.0625,
      "z1": 0.125,
      "x2": 0.875,
      "y2": 0.85,
      "z2": 0.875
    },
    "*-16": {
      "x1": 0.125,
      "y1": -0.0625,
      "z1": 0.125,
      "x2": 0.875,
      "y2": 0.9,
      "z2": 0.875
    }
  },
  "materialDensity": 200,
  "combustibleProps": {
    "burnTemperature": 600,
    "burnDuration": 10
  }
}
