{
	"editor": {
		"allAngles": false,
		"entityTextureMode": false
	},
	"textureWidth": 16,
	"textureHeight": 16,
	"textureSizes": {
	},
	"textures": {
	},
	"elements": [
		{
			"name": "Flower2",
			"from": [ 9.0, 0.0, -3.3 ],
			"to": [ 10.0, 22.6, 19.3 ],
			"shade": false,
			"rotationOrigin": [ 9.0, 0.0, -3.3 ],
			"rotationZ": -11.25,
			"faces": {
				"east": { "texture": "#flowers", "uv": [ 0.0, 0.0, 16.0, 16.0 ], "windMode": [0,2,2,0], "windData": [0,1,1,0] }
			},
			"children": [
				{
					"name": "Stem2",
					"from": [ 0.0, 0.0, 0.0 ],
					"to": [ 1.0, 22.6, 22.6 ],
					"shade": false,
					"climateColorMap": "climatePlantTint",
					"seasonColorMap": "seasonalGrass",
					"faces": {
						"east": { "texture": "#grass", "uv": [ 0.0, 0.0, 16.0, 16.0 ], "windMode": [0,2,2,0], "windData": [0,1,1,0] }
					}
				}
			]
		},
		{
			"name": "Flower3",
			"from": [ -3.3, 0.0, 7.0 ],
			"to": [ 19.3, 22.6, 8.0 ],
			"shade": false,
			"rotationOrigin": [ -3.3, 0.0, 7.0 ],
			"rotationX": -11.25,
			"faces": {
				"north": { "texture": "#flowers", "uv": [ 0.0, 0.0, 16.0, 16.0 ], "windMode": [0,2,2,0], "windData": [0,1,1,0] }
			},
			"children": [
				{
					"name": "Stem3",
					"from": [ 0.0, 0.0, 0.0 ],
					"to": [ 22.6, 22.6, 1.0 ],
					"shade": false,
					"climateColorMap": "climatePlantTint",
					"seasonColorMap": "seasonalGrass",
					"faces": {
						"north": { "texture": "#grass", "uv": [ 0.0, 0.0, 16.0, 16.0 ], "windMode": [0,2,2,0], "windData": [0,1,1,0] }
					}
				}
			]
		},
		{
			"name": "Flower4",
			"from": [ -3.3, 0.0, 9.0 ],
			"to": [ 19.3, 22.6, 10.0 ],
			"shade": false,
			"rotationOrigin": [ -3.3, 0.0, 10.0 ],
			"rotationX": 11.25,
			"faces": {
				"south": { "texture": "#flowers", "uv": [ 0.0, 0.0, 16.0, 16.0 ], "windMode": [0,0,2,2], "windData": [0,0,1,1] }
			},
			"children": [
				{
					"name": "Stem4",
					"from": [ 0.0, 0.0, 0.0 ],
					"to": [ 22.6, 22.6, 1.0 ],
					"shade": false,
					"climateColorMap": "climatePlantTint",
					"seasonColorMap": "seasonalGrass",
					"rotationOrigin": [ 0.0, 0.0, 1.0 ],
					"faces": {
						"south": { "texture": "#grass", "uv": [ 0.0, 0.0, 16.0, 16.0 ], "windMode": [0,0,2,2], "windData": [0,0,1,1] }
					}
				}
			]
		},
		{
			"name": "Flower1",
			"from": [ 7.0, 0.0, -3.3 ],
			"to": [ 8.0, 22.6, 19.3 ],
			"shade": false,
			"rotationOrigin": [ 7.0, 0.0, -3.3 ],
			"rotationZ": 11.2,
			"faces": {
				"west": { "texture": "#flowers", "uv": [ 0.0, 0.0, 16.0, 16.0 ], "windMode": [0,0,2,2], "windData": [0,0,1,1] }
			},
			"children": [
				{
					"name": "Stem1",
					"from": [ 0.0, 0.0, 0.0 ],
					"to": [ 1.0, 22.6, 22.6 ],
					"shade": false,
					"climateColorMap": "climatePlantTint",
					"seasonColorMap": "seasonalGrass",
					"faces": {
						"west": { "texture": "#grass", "uv": [ 0.0, 0.0, 16.0, 16.0 ], "windMode": [0,0,2,2], "windData": [0,0,1,1] }
					}
				}
			]
		}
	]}