{
    "code": "chisel-rock",
    "class": "rockchisel.ItemRockChisel",
    "attributes": {
        "heldItemPitchFollow": 1,
        "alwaysPlayHeldReady": 1,
        "handbook": {
            "groupBy": [ "chisel-rock-*" ]
        },
        "toolrackTransform": {
			"translation": { x: 0, y: 0.61, z: 0 },
			"rotation": { x: 5, y: 180, z: -1 },
			"scale": 1.25
		},
		"groundStorageTransform": {
			"translation": { x: 0, y: -0.06, z: 0.015 },
			"rotation": { x: 26, y: 88, z: -87 },
			"scale": 0.88
		}
    },
    "behaviors": [{ 
		"name": "GroundStorable",
		"properties": {
			"layout": "WallHalves",
			"wallOffY": 1,
			"sprintKey": true,
			"selectionBox": { x1: 0, y1: 0, z1: 0, x2: 1, y2: 0.1, z2: 1 },
			"collisionBox": { x1: 0, y1: 0, z1: 0, x2: 0, y2: 0, z2: 0 },
		}
	}],
	"variantgroups": [
		{ "code": "material", "states": ["copper", "tinbronze", "bismuthbronze", "blackbronze", "iron", "meteoriciron", "steel" ] },
	],
    "damagedby": [ "blockbreaking" ],
	"shape": { "base": "item/rockchisel" },
    "heldRightReadyAnimation": "chiselready",
	"heldTpHitAnimation": "chiselhit",
	"heldTpUseAnimation": "chiselhit",
	"creativeinventory": { "general": ["*"], "items": ["*"], "tools": ["*"] },
	"textures": {
		"metal": { "base": "game:block/metal/ingot/{material}" }
	},
	"guiTransform": {
		"translation": { x: 0, y: 0, z: 0 },
		"rotation": { x: 9, y: 137, z: -53 },
		"origin": { x: 0.44, y: 0, z: 0.38 },
		"scale": 2.92
	},
	"fpHandTransform": {
		"translation": { x: -0.1, y: 0.2, z: 0 },
		"rotation": { x: 90, y: 99, z: -42 },
		"origin": { x: 0.5, y: 0, z: 0.5 },
		"scale": 2.15
	},
	"groundTransform": {
		"translation": { x: 0, y: 0, z: 0 },
		"rotation": { x: 0, y: 0, z: 0 },
		"origin": { x: 0.5, y: 0, z: 0.5 },
		"scale": 4.31
	},
	"tpHandTransform": {
		"translation": { x: -0.5599, y: 0.04, z: -0.65 },
		"rotation": { x: -3, y: 0, z: -170 },
		"origin": { x: 0.5, y: 0, z: 0.5 },
		"scale": 0.76
	},
    "tooltierbytype": {
		"*-copper": 2,
		"*-gold": 2,
		"*-silver": 2,
		"*-bismuthbronze": 3,
		"*-tinbronze": 3,
		"*-blackbronze": 3,
		"*-iron": 4,
		"*-meteoriciron": 4,
		"*-steel": 5
	},
	"miningspeedbytype": {
		"*-copper": {
			"ceramic": 0.75,
			"stone": 2,
			"ore": 2,
			"metal": 2,
			"ice": 1.75
		},
		"*-bismuthbronze": {
			"ceramic": 1,
			"stone": 2.75,
			"ore": 2.75,
			"metal": 2.75,
			"ice": 2.2
		},
		"*-tinbronze": {
			"ceramic": 1.125,
			"stone": 3,
			"ore": 3,
			"metal": 3,
			"ice": 2.3
		},
		"*-gold": {
			"ceramic": 1,
			"stone": 2.5,
			"ore": 2.5,
			"metal": 2.5,
			"ice": 2
		},
		"*-silver": {
			"ceramic": 1,
			"stone": 2.5,
			"ore": 2.5,
			"metal": 2.5,
			"ice": 2
		},
		"*-blackbronze": {
			"ceramic": 1.25,
			"stone": 3.25,
			"ore": 3.25,
			"metal": 3.25,
			"ice": 2.8
		},
		"*-iron": {
			"ceramic": 1.5,
			"stone": 3.75,
			"ore": 3.75,
			"metal": 3.75,
			"ice": 3.5
		},
		"*-meteoriciron": {
			"ceramic": 1.5,
			"stone": 4,
			"ore": 4,
			"metal": 4,
			"ice": 3.75
		},
		"*-steel": {
			"ceramic": 1.625,
			"stone": 4.5,
			"ore": 4.5,
			"metal": 4.5,
			"ice": 4.25
		}
	},
	"durabilitybytype": {
		"*-copper": 300,
		"*-tinbronze": 500,
		"*-bismuthbronze": 600,
		"*-blackbronze": 700,
		"*-iron": 1000,
		"*-meteoriciron": 1400,
		"*-steel": 3000
	}
}