{
	"editor": {
		"allAngles": false,
		"entityTextureMode": false
	},
	"textureWidth": 16,
	"textureHeight": 32,
	"textureSizes": {
		"flowers": [16,32],
		"grass": [16,16],
		"culm": [16,32]
	},
	"textures": {
	},
	"elements": [
		{
			"name": "Face",
			"from": [ -3.3, 0.0, 9.0 ],
			"to": [ 19.3, 22.6, 10.0 ],
			"shade": false,
			"climateColorMap": "climatePlantTint",
			"seasonColorMap": "seasonalGrass",
			"rotationOrigin": [ -3.3, 0.0, 9.0 ],
			"rotationX": 22.5,
			"faces": {
				"north": { "texture": "#grass", "uv": [ 0.0, 0.0, 16.0, 16.0 ], "autoUv": false, "snapUv": false, "windMode": [0,2,2,0], "windData": [0,1,1,0] }
			}
		},
		{
			"name": "Face2",
			"from": [ -3.3, 0.0, 7.0 ],
			"to": [ 19.3, 22.6, 8.0 ],
			"shade": false,
			"climateColorMap": "climatePlantTint",
			"seasonColorMap": "seasonalGrass",
			"rotationOrigin": [ -3.3, 0.0, 7.0 ],
			"rotationX": -22.5,
			"faces": {
				"north": { "texture": "#grass", "uv": [ 0.0, 0.0, 16.0, 16.0 ], "autoUv": false, "snapUv": false, "windMode": [0,2,2,0], "windData": [0,1,1,0] }
			}
		},
		{
			"name": "Face3",
			"from": [ 9.0, 0.0, -3.3 ],
			"to": [ 10.0, 22.6, 19.3 ],
			"shade": false,
			"climateColorMap": "climatePlantTint",
			"seasonColorMap": "seasonalGrass",
			"rotationOrigin": [ 9.0, 0.0, 16.0 ],
			"rotationZ": -22.5,
			"faces": {
				"west": { "texture": "#grass", "uv": [ 0.0, 0.0, 16.0, 16.0 ], "autoUv": false, "snapUv": false, "windMode": [0,2,2,0], "windData": [0,1,1,0] }
			}
		},
		{
			"name": "Face4",
			"from": [ 7.0, 0.0, -3.3 ],
			"to": [ 8.0, 22.6, 19.3 ],
			"shade": false,
			"climateColorMap": "climatePlantTint",
			"seasonColorMap": "seasonalGrass",
			"rotationOrigin": [ 7.0, 0.0, -3.3 ],
			"rotationZ": 22.5,
			"faces": {
				"west": { "texture": "#grass", "uv": [ 0.0, 0.0, 16.0, 16.0 ], "autoUv": false, "snapUv": false, "windMode": [0,2,2,0], "windData": [0,1,1,0] }
			}
		},
		{
			"name": "Flower1",
			"from": [ 0.0, 0.0, 0.0 ],
			"to": [ 22.6, 45.2, 1.0 ],
			"shade": false,
			"rotationOrigin": [ 0.0, 0.0, 0.0 ],
			"rotationY": -45.0,
			"faces": {
				"north": { "texture": "#flowers", "uv": [ 0.0, 0.0, 16.0, 32.0 ], "autoUv": false, "snapUv": false, "windMode": [0,2,2,0], "windData": [0,2,2,0] }
			},
			"children": [
				{
					"name": "Stem1",
					"from": [ 0.0, 0.0, 0.0 ],
					"to": [ 22.6, 45.2, 1.0 ],
					"shade": false,
					"climateColorMap": "climatePlantTint",
					"seasonColorMap": "seasonalGrass",
					"rotationOrigin": [ 0.0, -6.0, 0.0 ],
					"faces": {
						"north": { "texture": "#culm", "uv": [ 0.0, 0.0, 16.0, 32.0 ], "autoUv": false, "windMode": [0,2,2,0], "windData": [0,2,2,0] }
					}
				}
			]
		},
		{
			"name": "Flower2",
			"from": [ 0.0, 0.0, 15.0 ],
			"to": [ 22.6, 45.2, 16.0 ],
			"shade": false,
			"rotationOrigin": [ 0.0, 0.0, 16.0 ],
			"rotationY": 45.0,
			"faces": {
				"south": { "texture": "#flowers", "uv": [ 0.0, 0.0, 16.0, 32.0 ], "autoUv": false, "snapUv": false, "windMode": [0,0,2,2], "windData": [0,0,2,2] }
			},
			"children": [
				{
					"name": "Stem2",
					"from": [ 0.0, 0.0, 0.0 ],
					"to": [ 22.6, 45.2, 1.0 ],
					"shade": false,
					"climateColorMap": "climatePlantTint",
					"seasonColorMap": "seasonalGrass",
					"rotationOrigin": [ 0.0, 1.0, 0.0 ],
					"faces": {
						"south": { "texture": "#culm", "uv": [ 0.0, 0.0, 16.0, 32.0 ], "autoUv": false, "snapUv": false, "windMode": [0,0,2,2], "windData": [0,0,2,2] }
					}
				}
			]
		}
	]}