{
	"code": "creature",
	"class": "ItemCreature",
	"maxstacksize": 64,
	"variantgroups": [
		{
			"code": "type",
			"states": [
				"machairodontinae-carcass",
				"machairodontinae-adult-female-homotherium-serum","machairodontinae-adult-male-homotherium-serum","machairodontinae-baby-female-homotherium-serum", "machairodontinae-baby-male-homotherium-serum",
				"machairodontinae-adult-female-smilodon-fatalis","machairodontinae-adult-male-smilodon-fatalis","machairodontinae-baby-female-smilodon-fatalis", "machairodontinae-baby-male-smilodon-fatalis",
				"machairodontinae-adult-female-smilodon-populator","machairodontinae-adult-male-smilodon-populator","machairodontinae-baby-female-smilodon-populator", "machairodontinae-baby-male-smilodon-populator"

			]
		},
		
		],

	"shapeByType": {
		"*-carcass": {
			"base": "game:block/bone/carcass/medium"
		},
		"*-adult-male-homotherium-serum": {"base": "entity/land/homotherium"},
		"*-adult-female-homotherium-serum": {"base": "entity/land/homotherium"},
		"*-baby-female-homotherium-serum": {"base": "entity/land/smilodon-baby"},
		"*-baby-male-homotherium-serum": {"base": "entity/land/smilodon-baby"},

		"*-adult-male-smilodon-fatalis": {"base": "entity/land/smilodon"},
		"*-adult-female-smilodon-fatalis": {"base": "entity/land/smilodon"},
		"*-baby-female-smilodon-fatalis": {"base": "entity/land/smilodon-baby"},
		"*-baby-male-smilodon-fatalis": {"base": "entity/land/smilodon-baby"},

		"*-adult-male-smilodon-populator": {"base": "entity/land/smilodon"},
		"*-adult-female-smilodon-populator": {"base": "entity/land/smilodon"},
		"*-baby-female-smilodon-populator": {"base": "entity/land/smilodon-baby"},
		"*-baby-male-smilodon-populator": {"base": "entity/land/smilodon-baby"}
	},
	"texturesByType": {
		"*-carcass": {
			"skin": { "base": "game:block/creature/bone" }
		},
		"*adult-male-homotherium-serum": {"skin": { "base": "entity/machairodontinae/serum" }},
		"*adult-female-homotherium-serum": {"skin": { "base": "entity/machairodontinae/serum" }},
		"*-baby-female-homotherium-serum": {"skin": { "base": "entity/machairodontinae/serum-baby" }},
		"*-baby-male-homotherium-serum": {"skin": { "base": "entity/machairodontinae/serum-baby" }},
		
		"*adult-male-smilodon-fatalis": {"skin": { "base": "entity/machairodontinae/fatalis" }},
		"*adult-female-smilodon-fatalis": {"skin": { "base": "entity/machairodontinae/fatalis" }}, 
		"*-baby-female-smilodon-fatalis": {"skin": { "base": "entity/machairodontinae/fatalis-baby" }},
		"*-baby-male-smilodon-fatalis": {"skin": { "base": "entity/machairodontinae/fatalis-baby" }},
		
		"*adult-male-smilodon-populator": {"skin": { "base": "entity/machairodontinae/populator" }},
		"*adult-female-smilodon-populator": {"skin": { "base": "entity/machairodontinae/populator" }}, 
		"*-baby-female-smilodon-populator": {"skin": { "base": "entity/machairodontinae/populator-baby" }},
		"*-baby-male-smilodon-populator": {"skin": { "base": "entity/machairodontinae/populator-baby" }}
	},
	
	
	
	
	"creativeinventory": { "general": ["*"], "items": ["*"], "creatures": ["*"] },
	"materialDensity": 600,
	"guiTransformByType": {
		
		"creature-machairodontinae-*": {
			"rotate": true,
			"translation": { x: 3, y: 0, z: 0 },
			"rotation": { x: -11, y: -52, z: -180 },
			"origin": { x: 0.5, y: 0.5, z: 0.5 },
			"scale": 0.75
		}				
	},
	
	"tpHandTransformByType": {
		"creature-machairodontinae-*": {
			"translation": { x: -0.9, y: -0.9, z: -0.7 },
			"rotation": { x: -180, y: 0, z: -156 },
			"scale": 0.45
		}		
	},
	
	"fpHandTransformByType": {
		"creature-machairodontinae-*": {
			"translation": { x: 0.2, y: 0, z: 0 },
			"rotation": { x: -8, y: -63, z: -7 }
		}
	}
	

	
	
	
	




