{
	"editor": {
		"allAngles": false,
		"entityTextureMode": false
	},
	"textureWidth": 16,
	"textureHeight": 16,
	"textureSizes": {
		"metal": [8,8],
		"wood": [8,8],
		"rubble": [4,4],
		"screen": [4,4]
	},
	"textures": {
		"metal": "game:block/metal/plate/iron",
		"button": "game:block/stone/rubble",
		"wood": "game:block/wood/debarked/oak",
		"screen": "storagecontroller:item/screen"
	},
	"elements": [
		{
			"name": "Cube2",
			"from": [ 5.0, 0.0, 6.5 ],
			"to": [ 10.0, 1.0, 9.5 ],
			"rotationOrigin": [ 5.0, 0.0, 7.0 ],
			"faces": {
				"north": { "texture": "#metal", "uv": [ 0.0, 0.0, 5.0, 1.0 ] },
				"east": { "texture": "#metal", "uv": [ 0.0, 0.0, 3.0, 1.0 ] },
				"south": { "texture": "#metal", "uv": [ 0.0, 0.0, 5.0, 1.0 ] },
				"west": { "texture": "#metal", "uv": [ 0.0, 0.0, 3.0, 1.0 ] },
				"up": { "texture": "#metal", "uv": [ 0.0, 0.0, 5.0, 3.0 ] },
				"down": { "texture": "#metal", "uv": [ 0.0, 0.0, 5.0, 3.0 ] }
			},
			"children": [
				{
					"name": "Cube9",
					"from": [ -4.0, 0.0, 1.25 ],
					"to": [ 0.0, 1.0, 1.75 ],
					"rotationOrigin": [ -4.0, 0.0, 1.0 ],
					"faces": {
						"north": { "texture": "#metal", "uv": [ 0.0, 0.0, 4.0, 1.0 ] },
						"east": { "texture": "#metal", "uv": [ 0.0, 0.0, 0.5, 1.0 ] },
						"south": { "texture": "#metal", "uv": [ 0.0, 0.0, 4.0, 1.0 ] },
						"west": { "texture": "#metal", "uv": [ 0.0, 0.0, 0.5, 1.0 ] },
						"up": { "texture": "#metal", "uv": [ 0.0, 0.0, 4.0, 0.5 ] },
						"down": { "texture": "#metal", "uv": [ 0.0, 0.0, 4.0, 0.5 ] }
					},
					"children": [
						{
							"name": "Cube10",
							"from": [ 2.0, 0.1, 0.5 ],
							"to": [ 3.25, 0.3, 0.75 ],
							"rotationOrigin": [ 3.0, 0.0, 2.0 ],
							"rotationY": -45.0,
							"faces": {
								"north": { "texture": "#metal", "uv": [ 0.0, 0.0, 1.0, 0.5 ] },
								"east": { "texture": "#metal", "uv": [ 0.0, 0.0, 0.5, 0.5 ] },
								"south": { "texture": "#metal", "uv": [ 0.0, 0.0, 1.0, 0.5 ] },
								"west": { "texture": "#metal", "uv": [ 0.0, 0.0, 0.5, 0.5 ] },
								"up": { "texture": "#metal", "uv": [ 0.0, 0.0, 1.0, 0.5 ] },
								"down": { "texture": "#metal", "uv": [ 0.0, 0.0, 1.0, 0.5 ] }
							}
						},
						{
							"name": "Cube11",
							"from": [ 3.0, 0.1, 0.2 ],
							"to": [ 4.25, 0.3, 0.45 ],
							"rotationOrigin": [ 3.0, 0.0, 0.0 ],
							"rotationY": 45.0,
							"faces": {
								"north": { "texture": "#metal", "uv": [ 0.0, 0.0, 1.0, 0.5 ] },
								"east": { "texture": "#metal", "uv": [ 0.0, 0.0, 0.5, 0.5 ] },
								"south": { "texture": "#metal", "uv": [ 0.0, 0.0, 1.0, 0.5 ] },
								"west": { "texture": "#metal", "uv": [ 0.0, 0.0, 0.5, 0.5 ] },
								"up": { "texture": "#metal", "uv": [ 0.0, 0.0, 1.0, 0.5 ] },
								"down": { "texture": "#metal", "uv": [ 0.0, 0.0, 1.0, 0.5 ] }
							}
						},
						{
							"name": "Cube12",
							"from": [ 2.0, 0.7, 0.5 ],
							"to": [ 3.25, 0.9, 0.75 ],
							"rotationOrigin": [ 3.0, 1.0, 2.0 ],
							"rotationY": -45.0,
							"faces": {
								"north": { "texture": "#metal", "uv": [ 0.0, 0.0, 1.0, 0.5 ] },
								"east": { "texture": "#metal", "uv": [ 0.0, 0.0, 0.5, 0.5 ] },
								"south": { "texture": "#metal", "uv": [ 0.0, 0.0, 1.0, 0.5 ] },
								"west": { "texture": "#metal", "uv": [ 0.0, 0.0, 0.5, 0.5 ] },
								"up": { "texture": "#metal", "uv": [ 0.0, 0.0, 1.0, 0.5 ] },
								"down": { "texture": "#metal", "uv": [ 0.0, 0.0, 1.0, 0.5 ] }
							}
						},
						{
							"name": "Cube13",
							"from": [ 3.0, 0.7, 0.2 ],
							"to": [ 4.25, 0.9, 0.45 ],
							"rotationOrigin": [ 3.0, 1.0, 0.0 ],
							"rotationY": 45.0,
							"faces": {
								"north": { "texture": "#metal", "uv": [ 0.0, 0.0, 1.0, 0.5 ] },
								"east": { "texture": "#metal", "uv": [ 0.0, 0.0, 0.5, 0.5 ] },
								"south": { "texture": "#metal", "uv": [ 0.0, 0.0, 1.0, 0.5 ] },
								"west": { "texture": "#metal", "uv": [ 0.0, 0.0, 0.5, 0.5 ] },
								"up": { "texture": "#metal", "uv": [ 0.0, 0.0, 1.0, 0.5 ] },
								"down": { "texture": "#metal", "uv": [ 0.0, 0.0, 1.0, 0.5 ] }
							}
						},
						{
							"name": "Cube19",
							"from": [ -1.0, -0.1, -0.25 ],
							"to": [ 3.0, 1.1, 0.75 ],
							"rotationOrigin": [ -1.0, 0.0, 0.0 ],
							"faces": {
								"north": { "texture": "#wood", "uv": [ 0.0, 0.0, 4.0, 1.0 ] },
								"east": { "texture": "#wood", "uv": [ 0.0, 0.0, 1.0, 1.0 ] },
								"south": { "texture": "#wood", "uv": [ 0.0, 0.0, 4.0, 1.0 ] },
								"west": { "texture": "#wood", "uv": [ 0.0, 0.0, 1.0, 1.0 ] },
								"up": { "texture": "#wood", "uv": [ 0.0, 0.0, 4.0, 1.0 ] },
								"down": { "texture": "#wood", "uv": [ 0.0, 0.0, 4.0, 1.0 ] }
							}
						}
					]
				},
				{
					"name": "BigButtom1",
					"from": [ 1.0, 0.15, -0.4 ],
					"to": [ 1.7, 0.85, 0.0 ],
					"rotationOrigin": [ 1.0, 0.0, -1.0 ],
					"faces": {
						"north": { "texture": "#button", "uv": [ 1.25, 0.75, 1.875, 1.375 ] },
						"east": { "texture": "#button", "uv": [ 1.0, 1.125, 1.375, 1.75 ] },
						"south": { "texture": "#button", "uv": [ 1.75, 0.875, 2.375, 1.5 ] },
						"west": { "texture": "#button", "uv": [ 1.5, 1.375, 1.875, 2.0 ] },
						"up": { "texture": "#button", "uv": [ 1.0, 0.875, 1.625, 1.25 ] },
						"down": { "texture": "#button", "uv": [ 0.5, 0.75, 1.125, 1.125 ] }
					},
					"children": [
						{
							"name": "BigButtomPart",
							"from": [ -0.025, -0.025, 0.3 ],
							"to": [ 0.725, 0.725, 0.4 ],
							"rotationOrigin": [ 0.0, -0.15, -0.6 ],
							"faces": {
								"north": { "texture": "#button", "uv": [ 1.0, 0.5, 1.75, 1.25 ] },
								"east": { "texture": "#button", "uv": [ 0.5, 0.625, 0.625, 1.375 ] },
								"south": { "texture": "#button", "uv": [ 1.625, 1.25, 2.375, 2.0 ] },
								"west": { "texture": "#button", "uv": [ 1.625, 1.625, 1.75, 2.375 ] },
								"up": { "texture": "#button", "uv": [ 1.5, 1.5, 2.25, 1.625 ] },
								"down": { "texture": "#button", "uv": [ 1.75, 0.75, 2.5, 0.875 ] }
							}
						}
					]
				},
				{
					"name": "Buttom1",
					"from": [ 2.5, 0.25, -0.4 ],
					"to": [ 3.0, 0.75, 0.1 ],
					"rotationOrigin": [ 3.0, 0.0, -1.0 ],
					"faces": {
						"north": { "texture": "#button", "uv": [ 1.625, 1.25, 2.125, 1.75 ] },
						"east": { "texture": "#button", "uv": [ 1.25, 0.75, 1.75, 1.25 ] },
						"south": { "texture": "#button", "uv": [ 1.25, 1.375, 1.75, 1.875 ] },
						"west": { "texture": "#button", "uv": [ 1.0, 1.25, 1.5, 1.75 ] },
						"up": { "texture": "#button", "uv": [ 1.625, 1.375, 2.125, 1.875 ] },
						"down": { "texture": "#button", "uv": [ 1.125, 1.125, 1.625, 1.625 ] }
					},
					"children": [
						{
							"name": "ButtomPart",
							"from": [ -0.05, -0.05, 0.2 ],
							"to": [ 0.55, 0.55, 0.4 ],
							"rotationOrigin": [ 0.5, -0.25, -0.6 ],
							"faces": {
								"north": { "texture": "#button", "uv": [ 1.0, 0.75, 1.5, 1.25 ] },
								"east": { "texture": "#button", "uv": [ 1.5, 0.75, 1.625, 1.25 ] },
								"south": { "texture": "#button", "uv": [ 0.75, 2.0, 1.25, 2.5 ] },
								"west": { "texture": "#button", "uv": [ 0.5, 0.75, 0.625, 1.25 ] },
								"up": { "texture": "#button", "uv": [ 1.125, 1.0, 1.625, 1.125 ] },
								"down": { "texture": "#button", "uv": [ 0.625, 0.625, 1.125, 0.75 ] }
							}
						}
					]
				},
				{
					"name": "Cube17",
					"from": [ 4.7, -0.1, -0.1 ],
					"to": [ 4.9, 1.1, 3.1 ],
					"rotationOrigin": [ 5.0, 0.0, 0.0 ],
					"faces": {
						"north": { "texture": "#wood", "uv": [ 4.25, 4.5, 5.25, 4.75 ], "rotation": 90 },
						"east": { "texture": "#wood", "uv": [ 0.0, 0.0, 3.0, 1.0 ] },
						"south": { "texture": "#wood", "uv": [ 1.75, 0.75, 2.75, 1.0 ], "rotation": 90 },
						"west": { "texture": "#wood", "uv": [ 0.0, 0.0, 3.0, 1.0 ] },
						"up": { "texture": "#wood", "uv": [ 1.5, 2.0, 4.5, 2.25 ], "rotation": 90 },
						"down": { "texture": "#wood", "uv": [ 2.0, 1.75, 5.0, 2.0 ], "rotation": 90 }
					}
				},
				{
					"name": "Cube18",
					"from": [ 0.1, -0.1, -0.1 ],
					"to": [ 0.3, 1.1, 3.1 ],
					"faces": {
						"north": { "texture": "#wood", "uv": [ 1.75, 2.25, 2.75, 2.5 ], "rotation": 90 },
						"east": { "texture": "#wood", "uv": [ 0.0, 0.0, 3.0, 1.0 ] },
						"south": { "texture": "#wood", "uv": [ 2.0, 3.0, 3.0, 3.25 ], "rotation": 90 },
						"west": { "texture": "#wood", "uv": [ 0.0, 0.0, 3.0, 1.0 ] },
						"up": { "texture": "#wood", "uv": [ 2.25, 2.25, 5.25, 2.5 ], "rotation": 90 },
						"down": { "texture": "#wood", "uv": [ 3.25, 3.0, 6.25, 3.25 ], "rotation": 90 }
					}
				},
				{
					"name": "Buttom2",
					"from": [ 3.5, 0.25, -0.4 ],
					"to": [ 4.0, 0.75, 0.1 ],
					"rotationOrigin": [ 4.0, 0.0, -1.0 ],
					"faces": {
						"north": { "texture": "#button", "uv": [ 1.625, 1.0, 2.125, 1.5 ] },
						"east": { "texture": "#button", "uv": [ 1.375, 1.0, 1.875, 1.5 ] },
						"south": { "texture": "#button", "uv": [ 1.5, 1.125, 2.0, 1.625 ] },
						"west": { "texture": "#button", "uv": [ 0.875, 0.875, 1.375, 1.375 ] },
						"up": { "texture": "#button", "uv": [ 1.0, 1.0, 1.5, 1.5 ] },
						"down": { "texture": "#button", "uv": [ 0.75, 1.125, 1.25, 1.625 ] }
					},
					"children": [
						{
							"name": "ButtomPart2",
							"from": [ -0.05, -0.05, 0.2 ],
							"to": [ 0.55, 0.55, 0.4 ],
							"rotationOrigin": [ 0.5, -0.25, -0.6 ],
							"faces": {
								"north": { "texture": "#button", "uv": [ 1.75, 1.375, 2.25, 1.875 ] },
								"east": { "texture": "#button", "uv": [ 2.25, 1.375, 2.375, 1.875 ] },
								"south": { "texture": "#button", "uv": [ 1.375, 1.75, 1.875, 2.25 ] },
								"west": { "texture": "#button", "uv": [ 2.0, 1.375, 2.125, 1.875 ] },
								"up": { "texture": "#button", "uv": [ 1.5, 1.25, 2.0, 1.375 ] },
								"down": { "texture": "#button", "uv": [ 1.375, 0.375, 1.875, 0.5 ] }
							}
						}
					]
				}
			]
		},
		{
			"name": "Screen",
			"from": [ 5.5, 0.91, 6.7 ],
			"to": [ 9.5, 1.01, 9.3 ],
			"rotationOrigin": [ 5.0, 0.0, 7.0 ],
			"faces": {
				"up": { "texture": "#screen", "uv": [ 0.0, 0.375, 4.0, 2.875 ], "glow": 50 }
			}
		}
	]}