{
	"editor": {
		"collapsedPaths": "Root/Body/abdomen,Root/Body/abdomen/R back Thigh",
		"allAngles": true,
		"entityTextureMode": true
	},
	"textureWidth": 44,
	"textureHeight": 72,
	"textureSizes": {
		"skin": [44,72]
	},
	"textures": {
	},
	"elements": [
		{
			"name": "Body",
			"from": [ 1.7, 10.7, 5.1 ],
			"to": [ 6.7, 16.5, 10.9 ],
			"unwrapMode": 7,
			"unwrapRotation": 1,
			"autoUnwrap": false,
			"uv": [ 0.5, 29.0 ],
			"rotationOrigin": [ 7.5, 14.1, 8.0 ],
			"rotationY": 3.0,
			"rotationZ": 1.0,
			"faces": {
				"north": { "texture": "#skin", "uv": [ 11.5, 34.5, 17.0, 39.5 ], "rotation": 90 },
				"east": { "texture": "#skin", "uv": [ 0.5, 59.5, 6.0, 65.0 ] },
				"south": { "texture": "#skin", "uv": [ 0.5, 34.5, 6.0, 39.5 ], "rotation": 270 },
				"west": { "texture": "#skin", "uv": [ 6.0, 29.0, 11.5, 34.5 ], "rotation": 180 },
				"up": { "texture": "#skin", "uv": [ 6.0, 34.5, 11.5, 39.5 ], "rotation": 270 },
				"down": { "texture": "#skin", "uv": [ 17.0, 34.5, 22.5, 39.5 ], "rotation": 90 }
			},
			"children": [
				{
					"name": "rear",
					"from": [ 8.4, -0.2972, 0.5 ],
					"to": [ 13.4, 5.7028, 5.4 ],
					"unwrapMode": 7,
					"unwrapRotation": 1,
					"autoUnwrap": false,
					"uv": [ 0.5, 41.5 ],
					"rotationOrigin": [ 8.4, 3.2, 2.9 ],
					"rotationX": -1.0,
					"rotationY": -3.0,
					"rotationZ": -2.0,
					"faces": {
						"north": { "texture": "#skin", "uv": [ 11.0, 47.5, 17.0, 52.5 ], "rotation": 90 },
						"east": { "texture": "#skin", "uv": [ 6.5, 52.5, 11.0, 58.5 ] },
						"south": { "texture": "#skin", "uv": [ 0.5, 47.5, 6.5, 52.5 ], "rotation": 270 },
						"west": { "texture": "#skin", "uv": [ 19.0, 59.5, 23.5, 65.5 ], "rotation": 180 },
						"up": { "texture": "#skin", "uv": [ 6.5, 47.5, 11.0, 52.5 ], "rotation": 270 },
						"down": { "texture": "#skin", "uv": [ 17.0, 47.5, 21.5, 52.5 ], "rotation": 90 }
					},
					"children": [
						{
							"name": "L back Thigh",
							"from": [ 2.1, -0.4776, 3.6 ],
							"to": [ 5.1, 4.5224, 5.6 ],
							"unwrapMode": 3,
							"uv": [ 23.0, 30.0 ],
							"rotationOrigin": [ 4.0, 5.6, 4.6 ],
							"rotationX": 2.0,
							"rotationZ": -23.0,
							"faces": {
								"north": { "texture": "#skin", "uv": [ 30.0, 32.0, 33.0, 37.0 ] },
								"east": { "texture": "#skin", "uv": [ 28.0, 32.0, 30.0, 37.0 ] },
								"south": { "texture": "#skin", "uv": [ 25.0, 32.0, 28.0, 37.0 ] },
								"west": { "texture": "#skin", "uv": [ 23.0, 32.0, 25.0, 37.0 ] },
								"up": { "texture": "#skin", "uv": [ 25.0, 30.0, 28.0, 32.0 ], "windMode": [-1,-1,-1,-1], "windData": [0,0,1,1] },
								"down": { "texture": "#skin", "uv": [ 25.0, 37.0, 28.0, 39.0 ], "rotation": 180 }
							},
							"children": [
								{
									"name": "L back Upper Arm",
									"from": [ 0.4, -4.3, 0.2 ],
									"to": [ 2.4, 1.2, 1.8 ],
									"unwrapMode": 3,
									"uv": [ 24.0, 40.0 ],
									"rotationOrigin": [ 1.4, 1.2, 1.0 ],
									"rotationX": 1.0,
									"rotationZ": 41.0,
									"faces": {
										"north": { "texture": "#skin", "uv": [ 29.0, 40.0, 31.0, 45.5 ] },
										"east": { "texture": "#skin", "uv": [ 27.5, 40.0, 29.0, 45.5 ] },
										"south": { "texture": "#skin", "uv": [ 25.5, 40.0, 27.5, 45.5 ] },
										"west": { "texture": "#skin", "uv": [ 24.0, 40.0, 25.5, 45.5 ] },
										"down": { "texture": "#skin", "uv": [ 25.5, 45.5, 27.5, 47.0 ], "rotation": 180 }
									},
									"children": [
										{
											"name": "L back lower arm",
											"from": [ 0.4, -5.8, 0.2 ],
											"to": [ 1.6, 0.7, 1.4 ],
											"unwrapMode": 3,
											"uv": [ 25.0, 48.0 ],
											"rotationOrigin": [ 1.1, 0.5, 0.8 ],
											"rotationX": -4.0,
											"rotationZ": -37.0,
											"faces": {
												"north": { "texture": "#skin", "uv": [ 28.0, 48.0, 29.0, 54.5 ] },
												"east": { "texture": "#skin", "uv": [ 27.0, 48.0, 28.0, 54.5 ] },
												"south": { "texture": "#skin", "uv": [ 26.0, 48.0, 27.0, 54.5 ] },
												"west": { "texture": "#skin", "uv": [ 25.0, 48.0, 26.0, 54.5 ] },
												"down": { "texture": "#skin", "uv": [ 26.0, 54.5, 27.0, 55.5 ], "rotation": 180 }
											},
											"children": [
												{
													"name": "L back pastern",
													"from": [ 0.1, -1.2, 0.1 ],
													"to": [ 1.1, 1.3, 1.1 ],
													"unwrapMode": 3,
													"uv": [ 25.0, 56.0 ],
													"rotationOrigin": [ 0.7, 1.3, 0.6 ],
													"rotationZ": -20.0,
													"faces": {
														"north": { "texture": "#skin", "uv": [ 28.0, 56.0, 29.0, 58.5 ] },
														"east": { "texture": "#skin", "uv": [ 27.0, 56.0, 28.0, 58.5 ] },
														"south": { "texture": "#skin", "uv": [ 26.0, 56.0, 27.0, 58.5 ] },
														"west": { "texture": "#skin", "uv": [ 25.0, 56.0, 26.0, 58.5 ] },
														"down": { "texture": "#skin", "uv": [ 26.0, 58.5, 27.0, 59.5 ], "rotation": 180 }
													},
													"children": [
														{
															"name": "L origin hind hoof",
															"from": [ 0.6, 0.8, 0.55 ],
															"to": [ 0.6, 0.8, 0.55 ],
															"uv": [ 0.0, 0.0 ],
															"rotationOrigin": [ 0.6, 0.8, 0.5 ],
															"rotationZ": 10.0,
															"faces": {
															},
															"children": [
																{
																	"name": "L hind hoof 1",
																	"from": [ -1.7, -0.6, -0.5 ],
																	"to": [ -0.3, -0.1, 0.4 ],
																	"unwrapMode": 5,
																	"uv": [ 0.0, 23.5 ],
																	"rotationOrigin": [ -0.3, -0.1, 0.4 ],
																	"rotationZ": 45.0,
																	"faces": {
																		"north": { "texture": "#skin", "uv": [ 0.5, 23.5, 1.5, 24.0 ], "rotation": 180 },
																		"east": { "texture": "#skin", "uv": [ 1.5, 24.0, 2.0, 24.5 ], "rotation": 90 },
																		"south": { "texture": "#skin", "uv": [ 0.5, 24.5, 1.5, 25.0 ] },
																		"west": { "texture": "#skin", "uv": [ 0.0, 24.0, 0.5, 24.5 ], "rotation": 270 },
																		"up": { "texture": "#skin", "uv": [ 0.5, 24.0, 1.5, 24.5 ] },
																		"down": { "texture": "#skin", "uv": [ 2.0, 24.0, 3.0, 24.5 ] }
																	}
																},
																{
																	"name": "L hind hoof 2",
																	"from": [ -1.2, -0.9, -0.5 ],
																	"to": [ 0.3, -0.4, 0.4 ],
																	"unwrapMode": 5,
																	"uv": [ 0.5, 25.5 ],
																	"rotationOrigin": [ 0.2, -0.4, 0.3 ],
																	"rotationZ": 23.0,
																	"faces": {
																		"north": { "texture": "#skin", "uv": [ 1.0, 25.5, 2.5, 26.0 ], "rotation": 180 },
																		"east": { "texture": "#skin", "uv": [ 2.5, 26.0, 3.0, 26.5 ], "rotation": 90 },
																		"south": { "texture": "#skin", "uv": [ 1.0, 26.5, 2.5, 27.0 ] },
																		"west": { "texture": "#skin", "uv": [ 0.5, 26.0, 1.0, 26.5 ], "rotation": 270 },
																		"up": { "texture": "#skin", "uv": [ 1.0, 26.0, 2.5, 26.5 ] },
																		"down": { "texture": "#skin", "uv": [ 3.0, 26.0, 4.5, 26.5 ] }
																	}
																}
															]
														}
													]
												}
											]
										}
									]
								}
							]
						},
						{
							"name": "tail",
							"from": [ 4.2, 3.7, 1.9 ],
							"to": [ 5.2, 5.7, 2.9 ],
							"unwrapMode": 2,
							"uv": [ 1.0, 54.0 ],
							"rotationOrigin": [ 5.1, 5.7, 2.4 ],
							"rotationZ": 28.0,
							"faces": {
								"north": { "texture": "#skin", "uv": [ 3.0, 55.0, 4.0, 57.0 ], "windMode": [-1,-1,-1,-1], "windData": [0,1,1,0] },
								"east": { "texture": "#skin", "uv": [ 2.0, 55.0, 3.0, 57.0 ], "windMode": [-1,-1,-1,-1], "windData": [0,1,1,0] },
								"south": { "texture": "#skin", "uv": [ 1.0, 55.0, 2.0, 57.0 ] },
								"west": { "texture": "#skin", "uv": [ 4.0, 55.0, 5.0, 57.0 ], "windMode": [-1,-1,-1,-1], "windData": [0,0,1,1] },
								"up": { "texture": "#skin", "uv": [ 2.0, 54.0, 3.0, 55.0 ], "rotation": 270, "windMode": [-1,-1,-1,-1], "windData": [1,1,1,1] },
								"down": { "texture": "#skin", "uv": [ 2.0, 57.0, 3.0, 58.0 ], "rotation": 270, "windMode": [-1,-1,-1,-1] }
							}
						},
						{
							"name": "R back Thigh",
							"from": [ 1.3224, 0.786, -0.8 ],
							"to": [ 4.3224, 5.786, 1.2 ],
							"unwrapMode": 1,
							"uv": [ 33.5, 30.0 ],
							"rotationOrigin": [ 4.0, 5.6, 0.3 ],
							"rotationX": 2.0,
							"rotationZ": 2.0,
							"faces": {
								"north": { "texture": "#skin", "uv": [ 35.5, 32.0, 38.5, 37.0 ] },
								"east": { "texture": "#skin", "uv": [ 33.5, 32.0, 35.5, 37.0 ] },
								"south": { "texture": "#skin", "uv": [ 40.5, 32.0, 43.5, 37.0 ] },
								"west": { "texture": "#skin", "uv": [ 38.5, 32.0, 40.5, 37.0 ] },
								"up": { "texture": "#skin", "uv": [ 35.5, 30.0, 38.5, 32.0 ], "rotation": 180 },
								"down": { "texture": "#skin", "uv": [ 35.5, 37.0, 38.5, 39.0 ] }
							},
							"children": [
								{
									"name": "R back Upper Arm",
									"from": [ 0.5944, -3.9112, 0.2 ],
									"to": [ 2.5944, 1.5888, 1.8 ],
									"unwrapMode": 1,
									"uv": [ 34.5, 40.0 ],
									"rotationOrigin": [ 1.4, 1.2, 1.0 ],
									"rotationX": -1.0,
									"rotationZ": 18.0,
									"faces": {
										"north": { "texture": "#skin", "uv": [ 36.0, 40.0, 38.0, 45.5 ] },
										"east": { "texture": "#skin", "uv": [ 34.5, 40.0, 36.0, 45.5 ] },
										"south": { "texture": "#skin", "uv": [ 39.5, 40.0, 41.5, 45.5 ] },
										"west": { "texture": "#skin", "uv": [ 38.0, 40.0, 39.5, 45.5 ] },
										"down": { "texture": "#skin", "uv": [ 36.0, 45.5, 38.0, 47.0 ] }
									},
									"children": [
										{
											"name": "R back lower arm",
											"from": [ 0.4, -5.5084, 0.2 ],
											"to": [ 1.6, 0.9916, 1.4 ],
											"unwrapMode": 1,
											"uv": [ 35.5, 48.0 ],
											"rotationOrigin": [ 1.1, 0.5, 0.8 ],
											"rotationX": 4.0,
											"rotationZ": -52.0,
											"faces": {
												"north": { "texture": "#skin", "uv": [ 36.5, 48.0, 37.5, 54.5 ] },
												"east": { "texture": "#skin", "uv": [ 35.5, 48.0, 36.5, 54.5 ] },
												"south": { "texture": "#skin", "uv": [ 38.5, 48.0, 39.5, 54.5 ] },
												"west": { "texture": "#skin", "uv": [ 37.5, 48.0, 38.5, 54.5 ] },
												"down": { "texture": "#skin", "uv": [ 36.5, 54.5, 37.5, 55.5 ] }
											},
											"children": [
												{
													"name": "R back pastern",
													"from": [ 0.1, -1.2, 0.1 ],
													"to": [ 1.1, 1.3, 1.1 ],
													"unwrapMode": 1,
													"uv": [ 35.5, 56.0 ],
													"rotationOrigin": [ 0.7, 1.3, 0.6 ],
													"rotationZ": -7.0,
													"faces": {
														"north": { "texture": "#skin", "uv": [ 36.5, 56.0, 37.5, 58.5 ] },
														"east": { "texture": "#skin", "uv": [ 35.5, 56.0, 36.5, 58.5 ] },
														"south": { "texture": "#skin", "uv": [ 38.5, 56.0, 39.5, 58.5 ] },
														"west": { "texture": "#skin", "uv": [ 37.5, 56.0, 38.5, 58.5 ] },
														"down": { "texture": "#skin", "uv": [ 36.5, 58.5, 37.5, 59.5 ] }
													},
													"children": [
														{
															"name": "R origin hind hoof",
															"from": [ 0.6, 0.7028, 0.55 ],
															"to": [ 0.6, 0.7028, 0.55 ],
															"uv": [ 0.0, 0.0 ],
															"rotationOrigin": [ 0.6, 0.8, 0.5 ],
															"rotationZ": 30.0,
															"faces": {
															},
															"children": [
																{
																	"name": "R hind hoof 1",
																	"from": [ -1.7, -0.6, -0.5 ],
																	"to": [ -0.3, -0.1, 0.4 ],
																	"unwrapMode": 5,
																	"uv": [ 0.0, 27.5 ],
																	"rotationOrigin": [ -0.3, -0.1, 0.4 ],
																	"rotationZ": 45.0,
																	"faces": {
																		"north": { "texture": "#skin", "uv": [ 0.5, 27.5, 1.5, 28.0 ], "rotation": 180 },
																		"east": { "texture": "#skin", "uv": [ 1.5, 28.0, 2.0, 28.5 ], "rotation": 90 },
																		"south": { "texture": "#skin", "uv": [ 0.5, 28.5, 1.5, 29.0 ] },
																		"west": { "texture": "#skin", "uv": [ 0.0, 28.0, 0.5, 28.5 ], "rotation": 270 },
																		"up": { "texture": "#skin", "uv": [ 0.5, 28.0, 1.5, 28.5 ] },
																		"down": { "texture": "#skin", "uv": [ 2.0, 28.0, 3.0, 28.5 ] }
																	}
																},
																{
																	"name": "R hind hoof 2",
																	"from": [ -1.2, -0.9, -0.5 ],
																	"to": [ 0.3, -0.4, 0.4 ],
																	"unwrapMode": 5,
																	"uv": [ 0.5, 29.5 ],
																	"rotationOrigin": [ 0.2, -0.4, 0.3 ],
																	"rotationZ": 24.0,
																	"faces": {
																		"north": { "texture": "#skin", "uv": [ 1.0, 29.5, 2.5, 30.0 ], "rotation": 180 },
																		"east": { "texture": "#skin", "uv": [ 2.5, 30.0, 3.0, 30.5 ], "rotation": 90 },
																		"south": { "texture": "#skin", "uv": [ 1.0, 30.5, 2.5, 31.0 ] },
																		"west": { "texture": "#skin", "uv": [ 0.5, 30.0, 1.0, 30.5 ], "rotation": 270 },
																		"up": { "texture": "#skin", "uv": [ 1.0, 30.0, 2.5, 30.5 ] },
																		"down": { "texture": "#skin", "uv": [ 3.0, 30.0, 4.5, 30.5 ] }
																	}
																}
															]
														}
													]
												}
											]
										}
									]
								}
							]
						}
					]
				},
				{
					"name": "L front Thigh",
					"from": [ -0.5972, -0.5972, 4.7 ],
					"to": [ 2.9028, 3.4028, 6.7 ],
					"unwrapMode": 3,
					"uv": [ 20.5, 1.0 ],
					"rotationOrigin": [ 0.9, 2.4, 5.6 ],
					"rotationX": 5.0,
					"rotationY": -6.0,
					"rotationZ": 9.0,
					"faces": {
						"north": { "texture": "#skin", "uv": [ 28.0, 3.0, 31.5, 7.0 ] },
						"east": { "texture": "#skin", "uv": [ 26.0, 3.0, 28.0, 7.0 ] },
						"south": { "texture": "#skin", "uv": [ 22.5, 3.0, 26.0, 7.0 ] },
						"west": { "texture": "#skin", "uv": [ 20.5, 3.0, 22.5, 7.0 ] },
						"up": { "texture": "#skin", "uv": [ 22.5, 1.0, 26.0, 3.0 ], "windMode": [-1,-1,-1,-1] },
						"down": { "texture": "#skin", "uv": [ 22.5, 7.0, 26.0, 9.0 ], "rotation": 180 }
					},
					"children": [
						{
							"name": "L front Upper Arm",
							"from": [ 0.5, -4.4, 0.2 ],
							"to": [ 2.5, 1.1, 1.8 ],
							"unwrapMode": 3,
							"uv": [ 22.0, 10.0 ],
							"rotationOrigin": [ 1.5, 0.9, 1.0 ],
							"rotationX": 1.0,
							"rotationZ": -38.0,
							"faces": {
								"north": { "texture": "#skin", "uv": [ 27.0, 10.0, 29.0, 15.5 ] },
								"east": { "texture": "#skin", "uv": [ 25.5, 10.0, 27.0, 15.5 ] },
								"south": { "texture": "#skin", "uv": [ 23.5, 10.0, 25.5, 15.5 ] },
								"west": { "texture": "#skin", "uv": [ 22.0, 10.0, 23.5, 15.5 ] },
								"down": { "texture": "#skin", "uv": [ 23.5, 15.5, 25.5, 17.0 ], "rotation": 180 }
							},
							"children": [
								{
									"name": "L front lower arm",
									"from": [ 0.3, -4.9, 0.1 ],
									"to": [ 1.5, 1.1, 1.3 ],
									"unwrapMode": 3,
									"uv": [ 23.0, 18.0 ],
									"rotationOrigin": [ 1.0, 0.5, 0.7 ],
									"rotationX": -3.0,
									"rotationZ": 4.0,
									"faces": {
										"north": { "texture": "#skin", "uv": [ 26.0, 18.0, 27.0, 24.0 ], "windMode": [-1,-1,-1,-1] },
										"east": { "texture": "#skin", "uv": [ 25.0, 18.0, 26.0, 24.0 ] },
										"south": { "texture": "#skin", "uv": [ 24.0, 18.0, 25.0, 24.0 ], "windMode": [-1,-1,-1,-1] },
										"west": { "texture": "#skin", "uv": [ 23.0, 18.0, 24.0, 24.0 ] },
										"down": { "texture": "#skin", "uv": [ 24.0, 24.0, 25.0, 25.0 ], "rotation": 180 }
									},
									"children": [
										{
											"name": "L front pastern",
											"from": [ 0.2, -1.7, 0.1 ],
											"to": [ 1.2, 0.8, 1.1 ],
											"unwrapMode": 3,
											"uv": [ 23.0, 26.0 ],
											"rotationOrigin": [ 0.7, 0.7, 0.6 ],
											"rotationX": -1.0,
											"rotationZ": -15.0,
											"faces": {
												"north": { "texture": "#skin", "uv": [ 26.0, 26.0, 27.0, 28.5 ] },
												"east": { "texture": "#skin", "uv": [ 25.0, 26.0, 26.0, 28.5 ] },
												"south": { "texture": "#skin", "uv": [ 24.0, 26.0, 25.0, 28.5 ] },
												"west": { "texture": "#skin", "uv": [ 23.0, 26.0, 24.0, 28.5 ] },
												"down": { "texture": "#skin", "uv": [ 24.0, 28.5, 25.0, 29.5 ], "rotation": 180 }
											},
											"children": [
												{
													"name": "L origin hoof",
													"from": [ 0.6, 0.8, 0.55 ],
													"to": [ 0.6, 0.8, 0.55 ],
													"uv": [ 0.0, 0.0 ],
													"rotationOrigin": [ 0.6, 0.8, 0.5 ],
													"faces": {
													},
													"children": [
														{
															"name": "L front hoof 1",
															"from": [ -1.7, -0.6, -0.5 ],
															"to": [ -0.3, -0.1, 0.4 ],
															"unwrapMode": 5,
															"uv": [ 0.0, 18.0 ],
															"rotationOrigin": [ -0.3, -0.1, 0.4 ],
															"rotationZ": 55.0,
															"faces": {
																"north": { "texture": "#skin", "uv": [ 0.5, 18.0, 1.5, 18.5 ], "rotation": 180 },
																"east": { "texture": "#skin", "uv": [ 1.5, 18.5, 2.0, 19.0 ], "rotation": 90 },
																"south": { "texture": "#skin", "uv": [ 0.5, 19.0, 1.5, 19.5 ] },
																"west": { "texture": "#skin", "uv": [ 0.0, 18.5, 0.5, 19.0 ], "rotation": 270 },
																"up": { "texture": "#skin", "uv": [ 0.5, 18.5, 1.5, 19.0 ] },
																"down": { "texture": "#skin", "uv": [ 2.0, 18.5, 3.0, 19.0 ] }
															}
														},
														{
															"name": "L front hoof 2",
															"from": [ -1.1, -0.9, -0.5 ],
															"to": [ 0.2, -0.4, 0.4 ],
															"unwrapMode": 5,
															"uv": [ 1.5, 19.0 ],
															"rotationOrigin": [ 0.2, -0.4, 0.3 ],
															"rotationZ": 32.0,
															"faces": {
																"north": { "texture": "#skin", "uv": [ 2.0, 19.0, 3.0, 19.5 ], "rotation": 180 },
																"east": { "texture": "#skin", "uv": [ 3.0, 19.5, 3.5, 20.0 ], "rotation": 90 },
																"south": { "texture": "#skin", "uv": [ 2.0, 20.0, 3.0, 20.5 ] },
																"west": { "texture": "#skin", "uv": [ 1.5, 19.5, 2.0, 20.0 ], "rotation": 270 },
																"up": { "texture": "#skin", "uv": [ 2.0, 19.5, 3.0, 20.0 ] },
																"down": { "texture": "#skin", "uv": [ 3.5, 19.5, 4.5, 20.0 ] }
															}
														}
													]
												}
											]
										}
									]
								}
							]
						}
					]
				},
				{
					"name": "R front Thigh",
					"from": [ 0.1804, -0.7916, -0.6 ],
					"to": [ 3.6804, 3.2084, 1.4 ],
					"unwrapMode": 1,
					"uv": [ 32.0, 1.0 ],
					"rotationOrigin": [ 0.9, 2.4, 0.4 ],
					"rotationX": -1.0,
					"rotationY": 1.0,
					"rotationZ": 36.0,
					"faces": {
						"north": { "texture": "#skin", "uv": [ 34.0, 3.0, 37.5, 7.0 ] },
						"east": { "texture": "#skin", "uv": [ 32.0, 3.0, 34.0, 7.0 ] },
						"south": { "texture": "#skin", "uv": [ 39.5, 3.0, 43.0, 7.0 ] },
						"west": { "texture": "#skin", "uv": [ 37.5, 3.0, 39.5, 7.0 ] },
						"up": { "texture": "#skin", "uv": [ 34.0, 1.0, 37.5, 3.0 ], "rotation": 180 },
						"down": { "texture": "#skin", "uv": [ 34.0, 7.0, 37.5, 9.0 ] }
					},
					"children": [
						{
							"name": "R front Upper Arm",
							"from": [ 0.5, -4.4, 0.1 ],
							"to": [ 2.5, 1.1, 1.7 ],
							"unwrapMode": 1,
							"uv": [ 33.5, 10.0 ],
							"rotationOrigin": [ 1.5, 0.9, 1.0 ],
							"rotationX": -1.0,
							"rotationZ": -23.0,
							"faces": {
								"north": { "texture": "#skin", "uv": [ 35.0, 10.0, 37.0, 15.5 ] },
								"east": { "texture": "#skin", "uv": [ 33.5, 10.0, 35.0, 15.5 ] },
								"south": { "texture": "#skin", "uv": [ 38.5, 10.0, 40.5, 15.5 ], "windMode": [-1,-1,-1,-1] },
								"west": { "texture": "#skin", "uv": [ 37.0, 10.0, 38.5, 15.5 ] },
								"down": { "texture": "#skin", "uv": [ 35.0, 15.5, 37.0, 17.0 ] }
							},
							"children": [
								{
									"name": "R front lower arm",
									"from": [ 0.3, -4.9, 0.3 ],
									"to": [ 1.5, 1.1, 1.5 ],
									"unwrapMode": 1,
									"uv": [ 34.5, 18.0 ],
									"rotationOrigin": [ 1.0, 0.5, 1.0 ],
									"rotationX": 3.0,
									"rotationZ": -4.0,
									"faces": {
										"north": { "texture": "#skin", "uv": [ 35.5, 18.0, 36.5, 24.0 ] },
										"east": { "texture": "#skin", "uv": [ 34.5, 18.0, 35.5, 24.0 ] },
										"south": { "texture": "#skin", "uv": [ 37.5, 18.0, 38.5, 24.0 ] },
										"west": { "texture": "#skin", "uv": [ 36.5, 18.0, 37.5, 24.0 ] },
										"down": { "texture": "#skin", "uv": [ 35.5, 24.0, 36.5, 25.0 ] }
									},
									"children": [
										{
											"name": "R front pastern",
											"from": [ 0.2, -1.7, 0.1 ],
											"to": [ 1.2, 0.8, 1.1 ],
											"unwrapMode": 1,
											"uv": [ 34.5, 26.0 ],
											"rotationOrigin": [ 0.7, 0.7, 0.6 ],
											"rotationX": -1.0,
											"rotationZ": 6.0,
											"faces": {
												"north": { "texture": "#skin", "uv": [ 35.5, 26.0, 36.5, 28.5 ] },
												"east": { "texture": "#skin", "uv": [ 34.5, 26.0, 35.5, 28.5 ] },
												"south": { "texture": "#skin", "uv": [ 37.5, 26.0, 38.5, 28.5 ] },
												"west": { "texture": "#skin", "uv": [ 36.5, 26.0, 37.5, 28.5 ] },
												"down": { "texture": "#skin", "uv": [ 35.5, 28.5, 36.5, 29.5 ] }
											},
											"children": [
												{
													"name": "R origin hoof",
													"from": [ 0.6, 0.8972, 0.55 ],
													"to": [ 0.6, 0.8972, 0.55 ],
													"uv": [ 0.0, 0.0 ],
													"rotationOrigin": [ 0.6, 0.8, 0.5 ],
													"rotationZ": -45.0,
													"faces": {
													},
													"children": [
														{
															"name": "R front hoof 1",
															"from": [ -1.7, -0.6, -0.5 ],
															"to": [ -0.3, -0.1, 0.4 ],
															"unwrapMode": 5,
															"uv": [ 0.0, 20.5 ],
															"rotationOrigin": [ -0.3, -0.1, 0.4 ],
															"rotationZ": 55.0,
															"faces": {
																"north": { "texture": "#skin", "uv": [ 0.5, 20.5, 1.5, 21.0 ], "rotation": 180 },
																"east": { "texture": "#skin", "uv": [ 1.5, 21.0, 2.0, 21.5 ], "rotation": 90 },
																"south": { "texture": "#skin", "uv": [ 0.5, 21.5, 1.5, 22.0 ] },
																"west": { "texture": "#skin", "uv": [ 0.0, 21.0, 0.5, 21.5 ], "rotation": 270 },
																"up": { "texture": "#skin", "uv": [ 0.5, 21.0, 1.5, 21.5 ] },
																"down": { "texture": "#skin", "uv": [ 2.0, 21.0, 3.0, 21.5 ] }
															}
														},
														{
															"name": "R front hoof 2",
															"from": [ -1.1, -0.9, -0.5 ],
															"to": [ 0.2, -0.4, 0.4 ],
															"unwrapMode": 5,
															"uv": [ 1.5, 22.0 ],
															"rotationOrigin": [ 0.2, -0.4, 0.3 ],
															"rotationZ": 32.0,
															"faces": {
																"north": { "texture": "#skin", "uv": [ 2.0, 22.0, 3.0, 22.5 ], "rotation": 180 },
																"east": { "texture": "#skin", "uv": [ 3.0, 22.5, 3.5, 23.0 ], "rotation": 90 },
																"south": { "texture": "#skin", "uv": [ 2.0, 23.0, 3.0, 23.5 ] },
																"west": { "texture": "#skin", "uv": [ 1.5, 22.5, 2.0, 23.0 ], "rotation": 270 },
																"up": { "texture": "#skin", "uv": [ 2.0, 22.5, 3.0, 23.0 ] },
																"down": { "texture": "#skin", "uv": [ 3.5, 22.5, 4.5, 23.0 ] }
															}
														}
													]
												}
											]
										}
									]
								}
							]
						}
					]
				},
				{
					"name": "hump",
					"from": [ 0.0, 5.0, 1.15 ],
					"to": [ 3.0, 7.0, 4.75 ],
					"unwrapMode": 7,
					"unwrapRotation": 1,
					"uv": [ 5.0, 18.0 ],
					"rotationOrigin": [ 1.9, 5.0, 2.8 ],
					"rotationZ": 15.0,
					"faces": {
						"north": { "texture": "#skin", "uv": [ 10.5, 20.0, 12.5, 23.0 ], "rotation": 90 },
						"east": { "texture": "#skin", "uv": [ 7.0, 23.0, 10.5, 25.0 ] },
						"south": { "texture": "#skin", "uv": [ 5.0, 20.0, 7.0, 23.0 ], "rotation": 270 },
						"west": { "texture": "#skin", "uv": [ 7.0, 18.0, 10.5, 20.0 ], "rotation": 180 },
						"up": { "texture": "#skin", "uv": [ 7.0, 20.0, 10.5, 23.0 ], "rotation": 270 }
					},
					"children": [
						{
							"name": "back hump",
							"from": [ 3.0, 1.0, 0.05 ],
							"to": [ 5.6, 2.0, 3.55 ],
							"unwrapMode": 5,
							"unwrapRotation": 1,
							"uv": [ 6.0, 25.5 ],
							"rotationOrigin": [ 3.0, 2.0, 1.8 ],
							"rotationZ": -50.0,
							"faces": {
								"north": { "texture": "#skin", "uv": [ 6.0, 25.5, 7.0, 28.0 ], "rotation": 270 },
								"south": { "texture": "#skin", "uv": [ 10.5, 25.5, 11.5, 28.0 ], "rotation": 90 },
								"up": { "texture": "#skin", "uv": [ 7.0, 25.5, 10.5, 28.0 ], "rotation": 90 }
							}
						}
					]
				},
				{
					"name": "Midsection",
					"from": [ 4.0, 0.1, 0.0 ],
					"to": [ 9.5, 5.6, 5.0 ],
					"unwrapMode": 7,
					"unwrapRotation": 1,
					"autoUnwrap": false,
					"uv": [ 0.5, 35.5 ],
					"rotationOrigin": [ 4.0, 3.1, 0.0 ],
					"faces": {
						"north": { "texture": "#skin", "uv": [ 11.0, 41.0, 16.5, 46.5 ], "rotation": 90 },
						"east": { "texture": "#skin", "uv": [ 13.0, 59.5, 18.0, 65.0 ], "windMode": [-1,-1,-1,-1], "windData": [0,1,1,0] },
						"south": { "texture": "#skin", "uv": [ 0.5, 41.0, 6.0, 46.5 ], "rotation": 270 },
						"west": { "texture": "#skin", "uv": [ 7.0, 59.5, 12.0, 65.0 ], "rotation": 180, "windMode": [-1,-1,-1,-1], "windData": [0,0,1,1] },
						"up": { "texture": "#skin", "uv": [ 6.0, 41.0, 11.0, 46.5 ], "rotation": 270 },
						"down": { "texture": "#skin", "uv": [ 16.5, 41.0, 21.5, 46.5 ], "rotation": 90 }
					}
				},
				{
					"name": "neck",
					"from": [ -2.1, 1.9, 1.5 ],
					"to": [ 1.9, 6.4, 4.5 ],
					"unwrapMode": 7,
					"unwrapRotation": 1,
					"uv": [ 2.5, 9.0 ],
					"rotationOrigin": [ 1.8, 5.2, 4.4 ],
					"rotationY": -3.0,
					"rotationZ": 12.0,
					"faces": {
						"north": { "texture": "#skin", "uv": [ 10.0, 13.5, 14.5, 17.5 ], "rotation": 90 },
						"south": { "texture": "#skin", "uv": [ 2.5, 13.5, 7.0, 17.5 ], "rotation": 270 },
						"west": { "texture": "#skin", "uv": [ 7.0, 9.0, 10.0, 13.5 ], "rotation": 180 },
						"up": { "texture": "#skin", "uv": [ 7.0, 13.5, 10.0, 17.5 ], "rotation": 270 },
						"down": { "texture": "#skin", "uv": [ 14.5, 13.5, 17.5, 17.5 ], "rotation": 90 }
					},
					"children": [
						{
							"name": "neck2",
							"from": [ -2.7, 0.4, 0.25 ],
							"to": [ 1.3, 4.4, 2.75 ],
							"unwrapMode": 7,
							"unwrapRotation": 1,
							"uv": [ 3.0, 0.5 ],
							"rotationOrigin": [ 1.3, 3.8, 1.7 ],
							"rotationY": -1.0,
							"rotationZ": 11.0,
							"faces": {
								"north": { "texture": "#skin", "uv": [ 9.5, 4.5, 13.5, 8.5 ], "rotation": 90 },
								"south": { "texture": "#skin", "uv": [ 3.0, 4.5, 7.0, 8.5 ], "rotation": 270 },
								"west": { "texture": "#skin", "uv": [ 7.0, 0.5, 9.5, 4.5 ], "rotation": 180 },
								"up": { "texture": "#skin", "uv": [ 7.0, 4.5, 9.5, 8.5 ], "rotation": 270 },
								"down": { "texture": "#skin", "uv": [ 13.5, 4.5, 16.0, 8.5 ], "rotation": 90 }
							},
							"children": [
								{
									"name": "head",
									"from": [ -2.8, 0.5, -0.5 ],
									"to": [ 0.9, 4.0, 3.0 ],
									"unwrapMode": 4,
									"uv": [ 27.5, 58.0 ],
									"rotationOrigin": [ 0.2, 3.4, 1.3 ],
									"rotationX": -1.0,
									"rotationY": 1.0,
									"rotationZ": 29.0,
									"faces": {
										"north": { "texture": "#skin", "uv": [ 27.5, 61.5, 31.0, 65.0 ] },
										"east": { "texture": "#skin", "uv": [ 38.0, 61.5, 41.5, 65.0 ] },
										"south": { "texture": "#skin", "uv": [ 34.5, 61.5, 38.0, 65.0 ] },
										"west": { "texture": "#skin", "uv": [ 31.0, 61.5, 34.5, 65.0 ] },
										"up": { "texture": "#skin", "uv": [ 31.0, 58.0, 34.5, 61.5 ], "rotation": 90 },
										"down": { "texture": "#skin", "uv": [ 31.0, 65.0, 34.5, 68.5 ], "rotation": 90 }
									},
									"children": [
										{
											"name": "mouth up",
											"from": [ -1.9, 1.2, 0.7 ],
											"to": [ 0.5, 2.9, 2.7 ],
											"unwrapMode": 5,
											"unwrapRotation": 1,
											"uv": [ 14.0, 29.0 ],
											"rotationOrigin": [ 0.2, 2.5, 1.6 ],
											"rotationZ": 10.0,
											"faces": {
												"north": { "texture": "#skin", "uv": [ 14.0, 29.0, 15.5, 31.0 ], "rotation": 270 },
												"south": { "texture": "#skin", "uv": [ 17.5, 29.0, 19.0, 31.0 ], "rotation": 90 },
												"west": { "texture": "#skin", "uv": [ 15.5, 31.0, 17.5, 32.5 ] },
												"up": { "texture": "#skin", "uv": [ 15.5, 29.0, 17.5, 31.0 ], "rotation": 90 },
												"down": { "texture": "#skin", "uv": [ 19.0, 29.0, 21.0, 31.0 ], "rotation": 270 }
											},
											"children": [
												{
													"name": "nose bridge",
													"from": [ 0.2, 1.0, 0.2 ],
													"to": [ 2.2, 2.0, 1.8 ],
													"unwrapMode": 5,
													"unwrapRotation": 1,
													"uv": [ 30.5, 54.5 ],
													"rotationOrigin": [ 2.2, 1.0, 0.7 ],
													"rotationZ": 7.0,
													"faces": {
														"north": { "texture": "#skin", "uv": [ 30.5, 54.5, 31.5, 56.5 ], "rotation": 270 },
														"south": { "texture": "#skin", "uv": [ 33.0, 54.5, 34.0, 56.5 ], "rotation": 90 },
														"up": { "texture": "#skin", "uv": [ 31.5, 54.5, 33.0, 56.5 ], "rotation": 90 }
													}
												},
												{
													"name": "nose",
													"from": [ -1.4, -0.1, -0.05 ],
													"to": [ 0.6, 1.9, 2.05 ],
													"unwrapMode": 4,
													"uv": [ 13.5, 22.0 ],
													"rotationOrigin": [ 0.6, -0.1, 0.8 ],
													"rotationZ": 15.0,
													"faces": {
														"north": { "texture": "#skin", "uv": [ 13.5, 24.0, 15.5, 26.0 ] },
														"east": { "texture": "#skin", "uv": [ 19.5, 24.0, 21.5, 26.0 ] },
														"south": { "texture": "#skin", "uv": [ 17.5, 24.0, 19.5, 26.0 ] },
														"west": { "texture": "#skin", "uv": [ 15.5, 24.0, 17.5, 26.0 ] },
														"up": { "texture": "#skin", "uv": [ 15.5, 22.0, 17.5, 24.0 ], "rotation": 90 },
														"down": { "texture": "#skin", "uv": [ 15.5, 26.0, 17.5, 28.0 ], "rotation": 90 }
													}
												}
											]
										},
										{
											"name": "R ear",
											"from": [ 2.9, 1.9, -2.6 ],
											"to": [ 3.4, 3.4, 0.4 ],
											"unwrapMode": 4,
											"unwrapRotation": 1,
											"uv": [ 18.0, 54.0 ],
											"rotationOrigin": [ 3.1, 2.6, 0.4 ],
											"rotationX": 45.0,
											"rotationY": -47.0,
											"rotationZ": 108.0,
											"faces": {
												"north": { "texture": "#skin", "uv": [ 18.5, 57.0, 20.0, 57.5 ], "rotation": 90, "windMode": [-1,-1,-1,-1], "windData": [1,1,1,1] },
												"east": { "texture": "#skin", "uv": [ 20.5, 54.0, 22.0, 57.0 ], "rotation": 270, "windMode": [-1,-1,-1,-1], "windData": [1,1,1,1] },
												"west": { "texture": "#skin", "uv": [ 18.5, 54.0, 20.0, 57.0 ], "rotation": 90 },
												"up": { "texture": "#skin", "uv": [ 18.0, 54.0, 18.5, 57.0 ], "rotation": 180 },
												"down": { "texture": "#skin", "uv": [ 20.0, 54.0, 20.5, 57.0 ], "rotation": 180 }
											}
										},
										{
											"name": "L ear",
											"from": [ 2.9, 1.9, 3.0 ],
											"to": [ 3.4, 3.4, 6.0 ],
											"unwrapMode": 4,
											"unwrapRotation": 1,
											"uv": [ 13.5, 54.0 ],
											"rotationOrigin": [ 3.1, 2.6, 3.0 ],
											"rotationX": -45.0,
											"rotationY": 47.0,
											"rotationZ": 108.0,
											"faces": {
												"east": { "texture": "#skin", "uv": [ 16.0, 54.5, 17.5, 57.5 ], "rotation": 270, "windMode": [-1,-1,-1,-1], "windData": [1,1,1,1] },
												"south": { "texture": "#skin", "uv": [ 14.0, 54.0, 15.5, 54.5 ], "rotation": 90, "windMode": [-1,-1,-1,-1], "windData": [1,1,1,1] },
												"west": { "texture": "#skin", "uv": [ 14.0, 54.5, 15.5, 57.5 ], "rotation": 90, "windMode": [-1,-1,-1,-1], "windData": [1,1,1,1] },
												"up": { "texture": "#skin", "uv": [ 13.5, 54.5, 14.0, 57.5 ], "rotation": 180, "windMode": [-1,-1,-1,-1], "windData": [1,1,1,1] },
												"down": { "texture": "#skin", "uv": [ 15.5, 54.5, 16.0, 57.5 ], "rotation": 180, "windMode": [-1,-1,-1,-1], "windData": [1,1,1,1] }
											}
										},
										{
											"name": "jaw",
											"from": [ -1.4, 0.4, 1.0 ],
											"to": [ 0.6, 1.4, 2.6 ],
											"unwrapMode": 5,
											"unwrapRotation": 1,
											"uv": [ 30.0, 50.5 ],
											"rotationOrigin": [ 0.5, 1.3, 1.7 ],
											"rotationZ": 2.0,
											"faces": {
												"north": { "texture": "#skin", "uv": [ 30.0, 50.5, 31.0, 52.5 ], "rotation": 270 },
												"south": { "texture": "#skin", "uv": [ 32.5, 50.5, 33.5, 52.5 ], "rotation": 90 },
												"west": { "texture": "#skin", "uv": [ 31.0, 52.5, 32.5, 53.5 ] },
												"up": { "texture": "#skin", "uv": [ 31.0, 50.5, 32.5, 52.5 ], "rotation": 90 },
												"down": { "texture": "#skin", "uv": [ 33.5, 50.5, 35.0, 52.5 ], "rotation": 270 }
											},
											"children": [
												{
													"name": "lower lip",
													"from": [ -1.5, -0.2, -0.05 ],
													"to": [ 0.0, 1.0, 1.65 ],
													"unwrapMode": 7,
													"unwrapRotation": 1,
													"uv": [ 30.0, 47.0 ],
													"rotationOrigin": [ 0.0, 1.0, 0.8 ],
													"rotationZ": 15.0,
													"faces": {
														"north": { "texture": "#skin", "uv": [ 32.5, 48.0, 33.5, 49.5 ], "rotation": 90 },
														"south": { "texture": "#skin", "uv": [ 30.0, 48.0, 31.0, 49.5 ], "rotation": 270 },
														"west": { "texture": "#skin", "uv": [ 31.0, 47.0, 32.5, 48.0 ], "rotation": 180 },
														"up": { "texture": "#skin", "uv": [ 31.0, 48.0, 32.5, 49.5 ], "rotation": 270 },
														"down": { "texture": "#skin", "uv": [ 33.5, 48.0, 35.0, 49.5 ], "rotation": 90 }
													}
												}
											]
										},
										{
											"name": "Eyes",
											"from": [ 0.2, 2.2, -0.01 ],
											"to": [ 0.8, 2.4, 3.51 ],
											"unwrapMode": 5,
											"uv": [ 4.0, 29.0 ],
											"rotationOrigin": [ 0.2, 2.2, 0.0 ],
											"faces": {
												"north": { "texture": "#skin", "uv": [ 4.0, 29.0, 4.5, 29.5 ], "rotation": 180 },
												"south": { "texture": "#skin", "uv": [ 4.0, 33.0, 4.5, 33.5 ] }
											},
											"children": [
												{
													"name": "EyeL",
													"from": [ 0.0, 0.2, 2.0 ],
													"to": [ 0.6, 0.6, 3.52 ],
													"unwrapMode": 5,
													"uv": [ 4.0, 29.0 ],
													"rotationOrigin": [ 0.0, 0.2, 2.01 ],
													"faces": {
														"north": { "texture": "#skin", "uv": [ 4.0, 29.0, 4.5, 29.5 ], "rotation": 180 },
														"south": { "texture": "#skin", "uv": [ 4.0, 31.0, 4.5, 31.5 ] }
													}
												},
												{
													"name": "EyeR",
													"from": [ 0.0, 0.2, 0.0 ],
													"to": [ 0.6, 0.6, 1.52 ],
													"unwrapMode": 5,
													"uv": [ 4.0, 29.0 ],
													"rotationOrigin": [ 0.0, 0.2, 0.01 ],
													"faces": {
														"north": { "texture": "#skin", "uv": [ 4.0, 29.0, 4.5, 29.5 ], "rotation": 180 },
														"south": { "texture": "#skin", "uv": [ 4.0, 31.0, 4.5, 31.5 ] }
													}
												}
											]
										}
									]
								}
							]
						}
					]
				}
			],
			"attachmentpoints": [
				{
					"code": "Center",
					"posX": "6.0","posY": "0.0","posZ": "5.0",
					"rotationX": "0.0","rotationY": "0.0","rotationZ": "0.0"
				}
			]
		}
	]}