[
  {
    "side": "Server",
    "dependsOn": [{ "modid": "combatoverhaul" }],
    "file": "rhinocerotidae:entities/land/rhinocerotidae",
    "op": "add",
    "path": "/client/behaviors/-",
    "value": {
      "code": "CombatOverhaul:EntityColliders",
      "elements": {
        "Torso": ["neck2", "neck", "Body2", "Body", "Midsection", "abdomen", "R Shoulder", "L Shoulder"],
        "Head": ["Face", "head", "mouth up", "nose bridge", "Nose"],
        "Arm": ["L Upperarm", "L Lowerarm", "L Front Foot", "R Upperarm", "R Lowerarm", "R Front Foot"],
        "Leg": ["L Thigh", "L Upper Leg", "L Lower Leg", "R Thigh", "R Upper Leg", "R Lower Leg"],
        "Critical": [],
        "Resistant": []
      }
    }
  },
  {
    "side": "Server",
    "dependsOn": [{ "modid": "combatoverhaul" }],
    "file": "rhinocerotidae:entities/land/rhinocerotidae",
    "op": "add",
    "path": "/server/behaviors/-",
    "value": {
      "code": "CombatOverhaul:EntityColliders",
      "elements": {
        "Torso": ["neck2", "neck", "Body2", "Body", "Midsection", "abdomen", "R Shoulder", "L Shoulder"],
        "Head": ["Face", "head", "mouth up", "nose bridge", "Nose"],
        "Arm": ["L Upperarm", "L Lowerarm", "L Front Foot", "R Upperarm", "R Lowerarm", "R Front Foot"],
        "Leg": ["L Thigh", "L Upper Leg", "L Lower Leg", "R Thigh", "R Upper Leg", "R Lower Leg"],
        "Critical": [],
        "Resistant": []
      }
    }
  },
  {
    "side": "Server",
    "dependsOn": [{ "modid": "combatoverhaul" }],
    "file": "rhinocerotidae:entities/land/rhinocerotidae",
    "op": "add",
    "path": "/server/behaviors/-",
    "value": {
      "code": "CombatOverhaul:EntityDamageModel",
      "damageModel": {
        "TorsoDamageMultiplier": 1,
        "LimbsDamageMultiplier": 0.75,
        "HeadDamageMultiplier": 1.25,
        "CriticalDamageMultiplier": 2,
        "DefaultResists": {"BluntAttack": 7, "SlashingAttack": 6, "PiercingAttack": 4}
      }
    }
  },
  {
    "side": "Server",
    "dependsOn": [{ "modid": "combatoverhaul" }],
    "file": "rhinocerotidae:entities/land/rhinocerotidae",
    "op": "add",
    "path": "/client/behaviors/-",
    "value": {
      "code": "CombatOverhaul:EntityDamageModel",
      "damageModel": {
        "TorsoDamageMultiplier": 1,
        "LimbsDamageMultiplier": 0.75,
        "HeadDamageMultiplier": 1.25,
        "CriticalDamageMultiplier": 2,
        "DefaultResists": {"BluntAttack": 7, "SlashingAttack": 6, "PiercingAttack": 4}
      }
    }
  },
  {"side": "Server", "dependsOn": [{ "modid": "combatoverhaul" }], "file": "rhinocerotidae:entities/land/rhinocerotidae", "op": "add", "path": "/server/behaviors/11/aitasks/0/damageType", "value": "BluntAttack"},
  {"side": "Server", "dependsOn": [{ "modid": "combatoverhaul" }], "file": "rhinocerotidae:entities/land/rhinocerotidae", "op": "replace", "path": "/server/behaviors/11/aitasks/0/damageTierByType", "value": {"*-dicerorhinussumatrensis":3,"*":5}}
]