{
    "classHunterLevelMultiply": 0.7,
    "classBowLevelMultiply": 1.8,
    "classKnifeLevelMultiply": 1.8,
    "classAxeLevelMultiply": 1.7,
    "classPickaxeLevelMultiply": 1.4,
    "classShovelLevelMultiply": 1.6,
    "classSpearLevelMultiply": 1.0,
    "classHammerLevelMultiply": 1.0,
    "classSwordLevelMultiply": 0.6,
    "classShieldLevelMultiply": 0.6,
    "classHandLevelMultiply": 0.4,
    "classFarmingLevelMultiply": 2.0,
    "classCookingLevelMultiply": 2.0,
    "classPanningLevelMultiply": 2.5,
    "classVitalityLevelMultiply": 0.3,
    "classLeatherArmorLevelMultiply": 2.0,
    "classChainArmorLevelMultiply": 2.0,
    "classBrigandineArmorLevelMultiply": 1.0,
    "classPlateArmorLevelMultiply": 1.0,
    "classScaleArmorLevelMultiply": 1.0
}