[
    {
        "op": "replace",
        "path": "/server/behaviors/9/dropsByType/*-surface",
        "value": [
          {
            "type": "item",
            "code": "gear-temporal",
            "quantity": {
              "avg": 0.03,
              "var": 0
            }
          },
          {
            "type": "item",
            "code": "flint",
            "quantity": {
              "avg": 0.1,
              "var": 0
            }
          },
          {
            "type": "item",
            "code": "clay-red",
            "quantity": {
              "avg": 0.25,
              "var": 0
            }
          },
          {
            "type": "item",
            "code": "gear-rusty",
            "dropModbyStat": "rustyGearDropRate",
            "quantity": {
              "avg": 0.01,
              "var": 0
            }
          },
          {
            "type": "item",
            "code": "flaxfibers",
            "quantity": {
              "avg": 0.4,
              "var": 0
            }
          },
          {
            "type": "item",
            "code": "betterloot:gearpart",
            "quantity": {
              "avg": 0.25,
              "var": 0
            }
          },
          {
            "type": "item",
            "code": "game:metalbit-copper",
            "quantity": {
              "avg": 0.6,
              "var": 0
            }
          },
          {
            "type": "item",
            "code": "game:stone-limestone",
            "quantity": {
              "avg": 0.33,
              "var": 0
            }
          },
          {
            "type": "item",
            "code": "game:stick",
            "quantity": {
              "avg": 0.2,
              "var": 0
            }
          },
          {
            "type": "item",
            "code": "game:cattailtops",
            "quantity": {
              "avg": 0.3,
              "var": 0
            }
          }
        ],
        "file": "entities/land/bowtorn.json"
    },
    {
        "op": "replace",
        "path": "/server/behaviors/9/dropsByType/*-deep",
        "value": [
          {
            "type": "item",
            "code": "gear-temporal",
            "quantity": {
              "avg": 0.04,
              "var": 0
            }
          },
          {
            "type": "item",
            "code": "game:salt",
            "quantity": {
              "avg": 0.15,
              "var": 0
            }
          },
          {
            "type": "item",
            "code": "clay-blue",
            "quantity": {
              "avg": 0.4,
              "var": 0
            }
          },
          {
            "type": "item",
            "code": "gear-rusty",
            "dropModbyStat": "rustyGearDropRate",
            "quantity": {
              "avg": 0.06,
              "var": 0
            }
          },
          {
            "type": "item",
            "code": "flaxfibers",
            "quantity": {
              "avg": 0.6,
              "var": 0
            }
          },
          {
            "type": "block",
            "code": "game:metal-scraps",
            "quantity": {
              "avg": 0.2,
              "var": 0
            }
          },
          {
            "type": "item",
            "code": "betterloot:gearpart",
            "quantity": {
              "avg": 1,
              "var": 0
            }
          },
          {
            "type": "item",
            "code": "game:metalbit-tin",
            "quantity": {
              "avg": 0.6,
              "var": 0
            }
          }
        ],
        "file": "entities/land/bowtorn.json"
    },
    {
        "op": "replace",
        "path": "/server/behaviors/9/dropsByType/*-tainted",
        "value": [
              {
                "type": "item",
                "code": "gear-temporal",
                "quantity": { "avg": 0.05, "var": 0 }
              },
              {
                "type": "item",
                "code": "gear-rusty",
                "dropModbyStat": "rustyGearDropRate",
                "quantity": { "avg": 0.09, "var": 0 }
              },
              {
                "type": "item",
                "code": "clay-fire",
                "quantity": {
                  "avg": 0.25,
                  "var": 0
                }
              },
              {
                "type": "item",
                "code": "flaxfibers",
                "quantity": { "avg": 0.9, "var": 0 }
              },
              {
                "type": "item",
                "code": "betterloot:gearpart",
                "quantity": {
                  "avg": 1.5,
                  "var": 0
                }
              },
              {
                "type": "item",
                "code": "game:metalbit-bismuthbronze",
                "quantity": {
                  "avg": 0.8,
                  "var": 0
                }
              }
        ],
        "file": "entities/land/bowtorn.json"
    },
    {
        "op": "replace",
        "path": "/server/behaviors/9/dropsByType/*-corrupt",
        "value": [
              {
                "type": "item",
                "code": "gear-temporal",
                "quantity": { "avg": 0.06, "var": 0 }
              },
              {
                "type": "item",
                "code": "gear-rusty",
                "dropModbyStat": "rustyGearDropRate",
                "quantity": { "avg": 0.15, "var": 0 }
              },
              {
                "type": "item",
                "code": "clay-fire",
                "quantity": {
                  "avg": 0.4,
                  "var": 0
                }
              },
              {
                "type": "item",
                "code": "flaxtwine",
                "quantity": { "avg": 0.8, "var": 0 }
              },
              {
                "type": "item",
                "code": "betterloot:gearpart",
                "quantity": {
                  "avg": 2,
                  "var": 0
                }
              },
              {
                "type": "item",
                "code": "game:metalbit-iron",
                "quantity": {
                  "avg": 2,
                  "var": 0.5
                }
              }
        ],
        "file": "entities/land/bowtorn.json"
    },
    {
        "op": "replace",
        "path": "/server/behaviors/9/dropsByType/*-nightmare",
        "value": [
              {
                "type": "item",
                "code": "gear-temporal",
                "quantity": { "avg": 0.08, "var": 0 }
              },
              {
                "type": "item",
                "code": "gear-rusty",
                "dropModbyStat": "rustyGearDropRate",
                "quantity": { "avg": 0.4, "var": 0 }
              },
              {
                "type": "item",
                "code": "flaxtwine",
                "quantity": { "avg": 1, "var": 0 }
              },
              {
                "type": "item",
                "code": "betterloot:gearpart",
                "quantity": {
                  "avg": 3,
                  "var": 0
                }
              },
              {
                "type": "item",
                "code": "game:metalbit-iron",
                "quantity": {
                  "avg": 3,
                  "var": 0.5
                }
              }
        ],
        "file": "entities/land/bowtorn.json"
    },
    {
        "op": "replace",
        "path": "/server/behaviors/9/dropsByType/*-gearfoot",
        "value": [
              {
                "type": "item",
                "code": "gear-temporal",
                "quantity": { "avg": 2, "var": 0.4 }
              },
              {
                "type": "item",
                "code": "gear-rusty",
                "dropModbyStat": "rustyGearDropRate",
                "quantity": { "avg": 7, "var": 2.5 }
              },
              {
                "type": "item",
                "code": "flaxtwine",
                "quantity": { "avg": 2, "var": 0 }
              },
              {
                "type": "item",
                "code": "game:metalbit-iron",
                "quantity": {
                  "avg": 4,
                  "var": 0.5
                }
              }
        ],
        "file": "entities/land/bowtorn.json"
    },
    {
        "op": "addmerge",
        "path": "/client/behaviors/4/quantitySlots",
        "value": 8,
        "file": "entities/land/bowtorn.json"
    }
]