{
  "code": "taxidermy",
	"maxstacksize": 4,
  "variantgroups": [
    {"code": "type","states": [ "baby","female","male" ]},
    {"code": "genus","states": [ "homotherium","smilodon"]},
    {"code": "species","states": [ "fatalis","populator","serum"]}
  ],
	"allowedVariants": [
		"*-homotherium-serum",
		"*-smilodon-fatalis",
		"*-smilodon-populator"
	],
  "attributes": {
    "handbook": {
      "groupBy": [ "taxidermy-*" ]
    }
  },
  "shapebytype": {
    "*": {
      "base": "block/{genus}/taxidermy-{species}-{type}"
    }
  },
  "creativeinventory": {"general": [ "*" ], "decorative": [ "*" ]
  },
  "texturesByType": {
    "*-baby-*": {"skin": {"base": "entity/machairodontinae/{species}-baby"}},
    "*-female-*": {"skin": {"base": "entity/machairodontinae/{species}"}},
    "*-male-*": {"skin": {"base": "entity/machairodontinae/{species}"}}
  },
  "combustibleProps": {
    "burnTemperature": 400,
    "burnDuration": 10
  },
  "sounds": {
    "place": "game:block/cloth",
    "walk": "game:walk/cloth"
  },
	"guiTransformByType": {
		"*": {
			"rotate": true,
			"translation": { "x": 0, "y": 0, "z": 0 },
    "rotation": {"x": -180,"y": -110,"z": 0},
			"origin": { "x": 0.5, "y": 0.4, "z": 0.5 },
			"scale": 1.25
		}			
	},
  "groundTransform": {
    "translation": {"x": 0.5,"y": 0,"z": 0},
    "rotation": {"x": 0,"y": 135,"z": 0},
    "origin": {"x": 0.5,"y": -0.02,"z": 0.5},
    "scale": 0.5
  },
  "tpHandTransform": {
    "translation": {"x": -1,"y": -0.8,"z": -1},
    "rotation": {"x": -46,"y": 300,"z": -2},
    "origin": {"x": 0.5,"y": 1,"z": 0.5},
    "scale": 0.5
  },
  "fpHandTransform": {
		"translation": { "x": 0.4, "y": 0, "z": 0 },
		"rotation": { "x": -8, "y": -63, "z": -7 },
    "origin": {"x": 0.5,"y": 0.1,"z": 0.5},
    "scale": 0.5
  },
  "materialDensity": 200
}