{
	"editor": {
		"allAngles": true,
		"entityTextureMode": true
	},
	"textureWidth": 32,
	"textureHeight": 32,
	"textureSizes": {
		"skin": [32,32]
	},
	"textures": {
	},
	"elements": [
		{
			"name": "neck",
			"from": [ 15.4, 8.09, 7.11 ], 
			"to": [ 17.8063, 11.6513, 8.8425 ], 
			"unwrapMode": 3,
			"unwrapRotation": 1,
			"uv": [ 10.5, 26.5 ],
			"rotationOrigin": [ 17.8016, 8.0887, 7.9738 ],
			"rotationZ": 45.0,
			"faces": {
						"north": { "texture": "#skin", "uv": [ 16.0, 28.0, 20.0, 30.5 ], "rotation": 270, "windMode": [-1,-1,-1,-1], "windData": [0,0,1,0] },
						"east": { "texture": "#skin", "uv": [ 12.0, 26.5, 16.0, 28.0 ], "rotation": 90, "windMode": [-1,-1,-1,-1], "windData": [1,0,0,1] },
						"south": { "texture": "#skin", "uv": [ 12.0, 28.0, 16.0, 30.5 ], "rotation": 90 },
						"west": { "texture": "#skin", "uv": [ 12.0, 30.5, 16.0, 32.0 ], "rotation": 90 },
						"up": { "texture": "#skin", "uv": [ 10.5, 28.0, 12.0, 30.5 ], "rotation": 90 },
						"down": { "texture": "#skin", "uv": [ 16.0, 28.0, 17.5, 30.5 ], "rotation": 270, "enabled": false, "windMode": [-1,-1,-1,-1], "windData": [0,1,1,0] }
			},
			"children": [
				{
					"name": "neck2",
					"from": [ 0.2888, 2.1175, 0.0963 ], 
					"to": [ 2.205, 5.39, 1.6363 ], 
					"unwrapMode": 3,
					"uv": [ 25.0, 0.0 ],
					"rotationOrigin": [ 2.1175, 3.1763, 0.9625 ],
					"rotationZ": -25.0,
					"faces": {
						"north": { "texture": "#skin", "uv": [ 30.0, 1.5, 32.0, 5.0 ], "windMode": [-1,-1,-1,-1], "windData": [1,1,1,1] },
						"east": { "texture": "#skin", "uv": [ 28.5, 1.5, 30.0, 5.0 ], "windMode": [-1,-1,-1,-1], "windData": [1,1,1,1] },
						"south": { "texture": "#skin", "uv": [ 26.5, 1.5, 28.5, 5.0 ], "windMode": [-1,-1,-1,-1], "windData": [1,1,1,1] },
						"west": { "texture": "#skin", "uv": [ 25.0, 1.5, 26.5, 5.0 ], "windMode": [-1,-1,-1,-1], "windData": [1,1,1,1] },
						"up": { "texture": "#skin", "uv": [ 26.5, 0.0, 28.5, 1.5 ], "windMode": [-1,-1,-1,-1], "windData": [1,1,1,1] },
						"down": { "texture": "#skin", "uv": [ 26.5, 5.0, 28.5, 6.5 ], "rotation": 180, "enabled": false, "windMode": [-1,-1,-1,-1], "windData": [1,1,1,1] }
					},
					"children": [
						{
							"name": "head",
							"from": [ 0.4813, 1.0587, -0.0962 ], 
							"to": [ 1.925, 3.2725, 1.6363 ], 
							"unwrapMode": 4,
							"uv": [ 9.0, 9.0 ],
							"rotationOrigin": [ 1.925, 3.2725, 0.77 ],
							"rotationZ": -60.0,
							"faces": {
								"north": { "texture": "#skin", "uv": [ 9.0, 10.5, 10.5, 13.0 ] },
								"east": { "texture": "#skin", "uv": [ 13.5, 10.5, 15.0, 13.0 ] },
								"south": { "texture": "#skin", "uv": [ 12.0, 10.5, 13.5, 13.0 ] },
								"west": { "texture": "#skin", "uv": [ 10.5, 10.5, 12.0, 13.0 ] },
								"up": { "texture": "#skin", "uv": [ 10.5, 9.0, 12.0, 10.5 ], "rotation": 90 },
								"down": { "texture": "#skin", "uv": [ 10.5, 13.0, 12.0, 14.5 ], "rotation": 90 }
							},
							"children": [
								{
									"name": "mouth up",
									"from": [ -1.7325, 0.0963, 0.385 ], 
									"to": [ 0.5775, 0.5337, 1.3475 ], 
									"unwrapMode": 5,
									"unwrapRotation": 1,
									"uv": [ 0.0, 0.0 ],
									"rotationOrigin": [ 0.4813, 0.4813, 0.8663 ],
									"rotationZ": 55.0,
									"faces": {
										"north": { "texture": "#skin", "uv": [ 0.0, 0.0, 0.5, 2.5 ], "rotation": 270 },
										"east": { "texture": "#skin", "uv": [ 0.5, 0.0, 1.5, 0.5 ], "rotation": 180, "enabled": false },
										"south": { "texture": "#skin", "uv": [ 1.5, 0.0, 2.0, 2.5 ], "rotation": 90 },
										"west": { "texture": "#skin", "uv": [ 0.5, 2.5, 1.5, 3.0 ] },
										"up": { "texture": "#skin", "uv": [ 0.5, 0.0, 1.5, 2.5 ], "rotation": 90 },
										"down": { "texture": "#skin", "uv": [ 2.0, 0.0, 3.0, 2.5 ], "rotation": 270 }
									},
									"children": [
										{
											"name": "nose",
											"from": [ -0.1925, 0.0963, 0.175 ], 
											"to": [ 0.4813, 0.6738, 0.7963 ], 
											"unwrapMode": 4,
											"uv": [ 9.0, 14.0 ],
											"rotationOrigin": [ -0.1925, 0.6738, 0.4638 ],
											"rotationZ": 14.0,
											"faces": {
												"north": { "texture": "#skin", "uv": [ 9.0, 14.5, 9.5, 15.0 ], "windMode": [-1,-1,-1,-1], "windData": [1,1,1,1] },
												"east": { "texture": "#skin", "uv": [ 10.5, 14.5, 11.0, 15.0 ], "windMode": [-1,-1,-1,-1], "windData": [1,1,1,1] },
												"south": { "texture": "#skin", "uv": [ 10.0, 14.5, 10.5, 15.0 ], "windMode": [-1,-1,-1,-1], "windData": [1,1,1,1] },
												"west": { "texture": "#skin", "uv": [ 9.5, 14.5, 10.0, 15.0 ], "windMode": [-1,-1,-1,-1], "windData": [1,1,1,1] },
												"up": { "texture": "#skin", "uv": [ 9.5, 14.0, 10.0, 14.5 ], "rotation": 90, "windMode": [-1,-1,-1,-1], "windData": [1,1,1,1] },
												"down": { "texture": "#skin", "uv": [ 9.5, 15.0, 10.0, 15.5 ], "rotation": 90, "windMode": [-1,-1,-1,-1], "windData": [1,1,1,1] }
											}
										},
										{
											"name": "nose bridge",
											"from": [ 0.6738, 0.0, 0.0481 ], 
											"to": [ 3.4738, 0.875, 0.9231 ], 
											"unwrapMode": 5,
											"unwrapRotation": 1,
											"uv": [ 18.0, 13.5 ],
											"rotationOrigin": [ 0.6738, 0.0, 0.2888 ],
											"rotationZ": 24.0,
											"faces": {
												"north": { "texture": "#skin", "uv": [ 18.0, 14.5, 19.0, 17.5 ], "rotation": 270 },
												"east": { "texture": "#skin", "uv": [ 19.0, 13.5, 20.0, 14.5 ], "rotation": 180, "windMode": [-1,-1,-1,-1], "windData": [0,0,0,0] },
												"south": { "texture": "#skin", "uv": [ 20.0, 14.5, 21.0, 17.5 ], "rotation": 90 },
												"west": { "texture": "#skin", "uv": [ 19.0, 17.5, 20.0, 18.5 ], "windMode": [-1,-1,-1,-1], "windData": [0,0,0,0] },
												"up": { "texture": "#skin", "uv": [ 19.0, 14.5, 20.0, 17.5 ], "rotation": 90 },
												"down": { "texture": "#skin", "uv": [ 21.0, 14.5, 22.0, 17.5 ], "rotation": 270, "enabled": false }
											}
										}
									]
								},
								{
									"name": "R ear",
									"from": [ 0.4813, 1.33, -1.1375 ], 
									"to": [ 0.6738, 2.2925, 0.6125 ], 
									"unwrapMode": 4,
									"uv": [ 12.0, 13.0 ],
									"rotationOrigin": [ 0.6738, 2.1, 0.4463 ],
									"rotationX": 55.0,
									"rotationZ": 22.0,
									"faces": {
										"north": { "texture": "#skin", "uv": [ 12.0, 13.5, 12.5, 14.5 ] },
										"east": { "texture": "#skin", "uv": [ 15.0, 13.5, 17.0, 14.5 ] },
										"south": { "texture": "#skin", "uv": [ 14.5, 13.5, 15.0, 14.5 ], "windMode": [-1,-1,-1,-1], "windData": [0,0,0,0] },
										"west": { "texture": "#skin", "uv": [ 12.5, 13.5, 14.5, 14.5 ] },
										"up": { "texture": "#skin", "uv": [ 12.5, 13.0, 14.5, 13.5 ], "rotation": 90 },
										"down": { "texture": "#skin", "uv": [ 12.5, 14.5, 14.5, 15.0 ], "rotation": 90 }
									}
								},
								{
									"name": "L ear",
									"from": [ 0.4813, 1.33, 1.1988 ], 
									"to": [ 0.6738, 2.2925, 2.9488 ], 
									"unwrapMode": 4,
									"uv": [ 11.5, 0.0 ],
									"rotationOrigin": [ 0.6738, 2.1, 1.1988 ],
									"rotationX": -55.0,
									"rotationZ": 22.0,
									"faces": {
										"north": { "texture": "#skin", "uv": [ 11.5, 0.5, 12.0, 1.5 ], "windMode": [-1,-1,-1,-1] },
										"east": { "texture": "#skin", "uv": [ 14.5, 0.5, 16.5, 1.5 ] },
										"south": { "texture": "#skin", "uv": [ 14.0, 0.5, 14.5, 1.5 ], "windMode": [-1,-1,-1,-1] },
										"west": { "texture": "#skin", "uv": [ 12.0, 0.5, 14.0, 1.5 ] },
										"up": { "texture": "#skin", "uv": [ 12.0, 0.0, 14.0, 0.5 ], "rotation": 90 },
										"down": { "texture": "#skin", "uv": [ 12.0, 1.5, 14.0, 2.0 ], "rotation": 90 }
									}
								},
								{
									"name": "jaw",
									"from": [ -1.33, -0.0875, 0.4813 ], 
									"to": [ 1.295, 0.35, 1.2513 ], 
									"unwrapMode": 5,
									"unwrapRotation": 1,
									"uv": [ 0.0, 9.0 ],
									"rotationOrigin": [ 0.9625, 0.2888, 0.9625 ],
									"rotationZ": 48.0,
									"faces": {
										"north": { "texture": "#skin", "uv": [ 0.0, 9.0, 0.5, 12.0 ], "rotation": 270 },
										"east": { "texture": "#skin", "uv": [ 0.5, 9.0, 1.0, 9.5 ], "rotation": 180, "enabled": false },
										"south": { "texture": "#skin", "uv": [ 1.0, 9.0, 1.5, 12.0 ], "rotation": 90 },
										"west": { "texture": "#skin", "uv": [ 0.5, 12.0, 1.0, 12.5 ] },
										"up": { "texture": "#skin", "uv": [ 0.5, 9.0, 1.0, 12.0 ], "rotation": 90 },
										"down": { "texture": "#skin", "uv": [ 1.5, 9.0, 2.0, 12.0 ], "rotation": 270 }
									}
								}
							]
						}
					]
				}
			]
		}
	]}