{
	"editor": {
		"allAngles": true,
		"entityTextureMode": true
	},
	"textureWidth": 32,
	"textureHeight": 32,
	"textureSizes": {
		"skin": [32,32]
	},
	"textures": {
	},
	"elements": [
		{
			"name": "neck",
			"from": [ 15.66, 7.51, 7.26 ], 
			"to": [ 17.8412, 10.3872, 8.6521 ], 
			"unwrapMode": 3,
			"unwrapRotation": 1,
			"uv": [ 17.0, 0.0 ],
			"rotationOrigin": [ 17.7009, 7.5103, 7.9625 ],
			"rotationZ": 44.0,
			"faces": {
						"north": { "texture": "#skin", "uv": [ 22.0, 1.5, 25.5, 4.0 ], "rotation": 270, "windMode": [-1,-1,-1,-1], "windData": [0,0,1,0] },
						"east": { "texture": "#skin", "uv": [ 18.5, 0.0, 22.0, 1.5 ], "rotation": 90, "windMode": [-1,-1,-1,-1], "windData": [1,0,0,1] },
						"south": { "texture": "#skin", "uv": [ 18.5, 1.5, 22.0, 4.0 ], "rotation": 90 },
						"west": { "texture": "#skin", "uv": [ 18.5, 4.0, 22.0, 5.5 ], "rotation": 90 },
						"up": { "texture": "#skin", "uv": [ 17.0, 1.5, 18.5, 4.0 ], "rotation": 90 },
						"down": { "texture": "#skin", "uv": [ 22.0, 1.5, 23.5, 4.0 ], "rotation": 270, "enabled": false, "windMode": [-1,-1,-1,-1], "windData": [0,1,1,0] }
			},
			"children": [
				{
					"name": "neck2",
					"from": [ 0.1856, 1.6242, 0.0464 ], 
					"to": [ 2.1347, 4.4086, 1.3458 ], 
					"unwrapMode": 3,
					"uv": [ 24.0, 3.0 ],
					"rotationOrigin": [ 2.0419, 2.5523, 0.6961 ],
					"rotationZ": -15.0,
					"faces": {
						"north": { "texture": "#skin", "uv": [ 29.5, 4.5, 32.0, 8.0 ], "windMode": [-1,-1,-1,-1], "windData": [1,1,1,1] },
						"east": { "texture": "#skin", "uv": [ 28.0, 4.5, 29.5, 8.0 ], "windMode": [-1,-1,-1,-1], "windData": [1,1,1,1] },
						"south": { "texture": "#skin", "uv": [ 25.5, 4.5, 28.0, 8.0 ], "windMode": [-1,-1,-1,-1], "windData": [1,1,1,1] },
						"west": { "texture": "#skin", "uv": [ 24.0, 4.5, 25.5, 8.0 ], "windMode": [-1,-1,-1,-1], "windData": [1,1,1,1] },
						"up": { "texture": "#skin", "uv": [ 25.5, 3.0, 28.0, 4.5 ], "windMode": [-1,-1,-1,-1], "windData": [1,1,1,1] },
						"down": { "texture": "#skin", "uv": [ 25.5, 8.0, 28.0, 9.5 ], "rotation": 180, "enabled": false, "windMode": [-1,-1,-1,-1], "windData": [1,1,1,1] }
					},
					"children": [
						{
							"name": "head",
							"from": [ 0.9281, 0.7425, -0.1856 ], 
							"to": [ 1.9491, 2.8308, 1.485 ], 
							"unwrapMode": 4,
							"uv": [ 8.5, 9.0 ],
							"rotationOrigin": [ 1.9491, 2.7844, 0.6961 ],
							"rotationZ": -60.0,
							"faces": {
								"north": { "texture": "#skin", "uv": [ 8.5, 10.0, 9.5, 12.5 ] },
								"east": { "texture": "#skin", "uv": [ 12.5, 10.0, 14.5, 12.5 ] },
								"south": { "texture": "#skin", "uv": [ 11.5, 10.0, 12.5, 12.5 ] },
								"west": { "texture": "#skin", "uv": [ 9.5, 10.0, 11.5, 12.5 ] },
								"up": { "texture": "#skin", "uv": [ 9.5, 9.0, 11.5, 10.0 ], "rotation": 90 },
								"down": { "texture": "#skin", "uv": [ 9.5, 12.5, 11.5, 13.5 ], "rotation": 90 }
							},
							"children": [
								{
									"name": "mouth up",
									"from": [ -1.1137, 0.2785, 0.3712 ], 
									"to": [ 0.2785, 0.6033, 1.2994 ], 
									"unwrapMode": 5,
									"unwrapRotation": 1,
									"uv": [ 0.0, 0.0 ],
									"rotationOrigin": [ 0.2321, 0.6033, 0.8354 ],
									"rotationZ": 55.0,
									"faces": {
										"north": { "texture": "#skin", "uv": [ 0.0, 0.0, 0.5, 1.5 ], "rotation": 270 },
										"east": { "texture": "#skin", "uv": [ 0.5, 0.0, 1.5, 0.5 ], "rotation": 180, "enabled": false },
										"south": { "texture": "#skin", "uv": [ 1.5, 0.0, 2.0, 1.5 ], "rotation": 90 },
										"west": { "texture": "#skin", "uv": [ 0.5, 1.5, 1.5, 2.0 ] },
										"up": { "texture": "#skin", "uv": [ 0.5, 0.0, 1.5, 1.5 ], "rotation": 90 },
										"down": { "texture": "#skin", "uv": [ 2.0, 0.0, 3.0, 1.5 ], "rotation": 270 }
									},
									"children": [
										{
											"name": "nose",
											"from": [ -0.1856, 0.0928, 0.1181 ], 
											"to": [ 0.4331, 0.5569, 0.8072 ], 
											"unwrapMode": 4,
											"uv": [ 0.0, 2.0 ],
											"rotationOrigin": [ -0.1856, 0.5569, 0.5231 ],
											"rotationZ": 16.0,
											"faces": {
												"north": { "texture": "#skin", "uv": [ 0.0, 2.5, 0.5, 3.0 ], "windMode": [-1,-1,-1,-1], "windData": [1,1,1,1] },
												"east": { "texture": "#skin", "uv": [ 1.5, 2.5, 2.0, 3.0 ], "windMode": [-1,-1,-1,-1], "windData": [1,1,1,1] },
												"south": { "texture": "#skin", "uv": [ 1.0, 2.5, 1.5, 3.0 ], "windMode": [-1,-1,-1,-1], "windData": [1,1,1,1] },
												"west": { "texture": "#skin", "uv": [ 0.5, 2.5, 1.0, 3.0 ], "windMode": [-1,-1,-1,-1], "windData": [1,1,1,1] },
												"up": { "texture": "#skin", "uv": [ 0.5, 2.0, 1.0, 2.5 ], "rotation": 90, "windMode": [-1,-1,-1,-1], "windData": [1,1,1,1] },
												"down": { "texture": "#skin", "uv": [ 0.5, 3.0, 1.0, 3.5 ], "rotation": 90, "windMode": [-1,-1,-1,-1], "windData": [1,1,1,1] }
											}
										},
										{
											"name": "nose bridge",
											"from": [ 0.2785, 0.0, 0.1519 ], 
											"to": [ 2.5523, 0.6961, 0.7819 ], 
											"unwrapMode": 5,
											"unwrapRotation": 1,
											"uv": [ 1.5, 10.5 ],
											"rotationOrigin": [ 0.2785, 0.0, 0.4275 ],
											"rotationZ": 16.0,
											"faces": {
												"north": { "texture": "#skin", "uv": [ 1.5, 10.5, 2.0, 13.5 ], "rotation": 270 },
												"east": { "texture": "#skin", "uv": [ 2.0, 10.5, 2.5, 11.0 ], "rotation": 180, "enabled": false, "windMode": [-1,-1,-1,-1], "windData": [1,1,1,1] },
												"south": { "texture": "#skin", "uv": [ 2.5, 10.5, 3.0, 13.5 ], "rotation": 90 },
												"west": { "texture": "#skin", "uv": [ 2.0, 13.5, 2.5, 14.0 ], "windMode": [-1,-1,-1,-1], "windData": [1,1,1,1] },
												"up": { "texture": "#skin", "uv": [ 2.0, 10.5, 2.5, 13.5 ], "rotation": 90 },
												"down": { "texture": "#skin", "uv": [ 3.0, 10.5, 3.5, 13.5 ], "rotation": 270, "enabled": false }
											}
										}
									]
								},
								{
									"name": "R ear",
									"from": [ 0.5569, 1.4386, -1.3922 ], 
									"to": [ 0.7425, 2.2739, 0.2785 ], 
									"unwrapMode": 4,
									"uv": [ 11.5, 12.5 ],
									"rotationOrigin": [ 0.6961, 1.7635, 0.2785 ],
									"rotationX": 45.0,
									"rotationZ": 22.0,
									"faces": {
										"north": { "texture": "#skin", "uv": [ 11.5, 13.0, 12.0, 14.0 ] },
										"east": { "texture": "#skin", "uv": [ 14.0, 13.0, 16.0, 14.0 ] },
										"south": { "texture": "#skin", "uv": [ 14.0, 13.0, 14.5, 14.0 ], "enabled": false, "windMode": [-1,-1,-1,-1], "windData": [1,1,1,1] },
										"west": { "texture": "#skin", "uv": [ 12.0, 13.0, 14.0, 14.0 ] },
										"up": { "texture": "#skin", "uv": [ 12.0, 12.5, 14.0, 13.0 ], "rotation": 90 },
										"down": { "texture": "#skin", "uv": [ 12.0, 14.0, 14.0, 14.5 ], "rotation": 90 }
									}
								},
								{
									"name": "L ear",
									"from": [ 0.5569, 1.4386, 1.3922 ], 
									"to": [ 0.7425, 2.2739, 3.0629 ], 
									"unwrapMode": 4,
									"uv": [ 8.5, 14.0 ],
									"rotationOrigin": [ 0.6961, 1.7635, 1.3922 ],
									"rotationX": -45.0,
									"rotationZ": 22.0,
									"faces": {
										"north": { "texture": "#skin", "uv": [ 8.5, 14.5, 9.0, 15.5 ], "enabled": false },
										"east": { "texture": "#skin", "uv": [ 11.0, 14.5, 13.0, 15.5 ] },
										"south": { "texture": "#skin", "uv": [ 10.5, 14.5, 11.0, 15.5 ] },
										"west": { "texture": "#skin", "uv": [ 8.5, 14.5, 10.5, 15.5 ] },
										"up": { "texture": "#skin", "uv": [ 8.5, 14.0, 10.5, 14.5 ], "rotation": 90 },
										"down": { "texture": "#skin", "uv": [ 8.5, 15.5, 10.5, 16.0 ], "rotation": 90 }
									}
								},
								{
									"name": "jaw",
									"from": [ -0.6961, 0.0, 0.4177 ], 
									"to": [ 0.6961, 0.2785, 1.253 ], 
									"unwrapMode": 5,
									"unwrapRotation": 1,
									"uv": [ 0.0, 9.0 ],
									"rotationOrigin": [ 0.5105, 0.2785, 0.8354 ],
									"rotationZ": 42.0,
									"faces": {
										"north": { "texture": "#skin", "uv": [ 0.0, 9.0, 0.5, 10.5 ], "rotation": 270 },
										"east": { "texture": "#skin", "uv": [ 0.5, 9.0, 1.5, 9.5 ], "rotation": 180, "enabled": false },
										"south": { "texture": "#skin", "uv": [ 1.5, 9.0, 2.0, 10.5 ], "rotation": 90 },
										"west": { "texture": "#skin", "uv": [ 0.5, 10.5, 1.5, 11.0 ] },
										"up": { "texture": "#skin", "uv": [ 0.5, 9.0, 1.5, 10.5 ], "rotation": 90 },
										"down": { "texture": "#skin", "uv": [ 2.0, 9.0, 3.0, 10.5 ], "rotation": 270 }
									}
								}
							]
						}
					]
				}
			]
		}
	]}