{
	"editor": {
		"allAngles": true,
		"entityTextureMode": true
	},
	"textureWidth": 32,
	"textureHeight": 32,
	"textureSizes": {
		"skin": [32,32]
	},
	"textures": {
	},
	"elements": [
		{
			"name": "neck",
			"from": [ 15.14, 8.61, 7.16 ], 
			"to": [ 17.44, 12.014, 8.816 ], 
			"unwrapMode": 3,
			"unwrapRotation": 1,
			"uv": [ 16.0, 0.0 ],
			"rotationOrigin": [ 17.439, 8.6069, 7.984 ],
			"rotationZ": 49.0,
			"faces": {
						"north": { "texture": "#skin", "uv": [ 21.0, 1.5, 24.5, 4.0 ], "rotation": 270, "windMode": [-1,-1,-1,-1], "windData": [0,0,1,0] },
						"east": { "texture": "#skin", "uv": [ 17.5, 0.0, 21.0, 1.5 ], "rotation": 90, "windMode": [-1,-1,-1,-1], "windData": [1,0,0,1] },
						"south": { "texture": "#skin", "uv": [ 17.5, 1.5, 21.0, 4.0 ], "rotation": 90 },
						"west": { "texture": "#skin", "uv": [ 17.5, 4.0, 21.0, 5.5 ], "rotation": 90 },
						"up": { "texture": "#skin", "uv": [ 16.0, 1.5, 17.5, 4.0 ], "rotation": 90 },
						"down": { "texture": "#skin", "uv": [ 21.0, 1.5, 22.5, 4.0 ], "rotation": 270, "enabled": false, "windMode": [-1,-1,-1,-1], "windData": [0,1,1,0] }
			},
			"children": [
				{
					"name": "neck2",
					"from": [ 0.276, 2.024, 0.092 ], 
					"to": [ 2.208, 5.152, 1.564 ], 
					"unwrapMode": 3,
					"uv": [ 24.5, 0.0 ],
					"rotationOrigin": [ 2.208, 3.036, 0.92 ],
					"rotationZ": -25.0,
					"faces": {
						"north": { "texture": "#skin", "uv": [ 29.5, 1.5, 31.5, 4.5 ], "windMode": [-1,-1,-1,-1], "windData": [1,1,1,1] },
						"east": { "texture": "#skin", "uv": [ 28.0, 1.5, 29.5, 4.5 ], "windMode": [-1,-1,-1,-1], "windData": [1,1,1,1] },
						"south": { "texture": "#skin", "uv": [ 26.0, 1.5, 28.0, 4.5 ], "windMode": [-1,-1,-1,-1], "windData": [1,1,1,1] },
						"west": { "texture": "#skin", "uv": [ 24.5, 1.5, 26.0, 4.5 ], "windMode": [-1,-1,-1,-1], "windData": [1,1,1,1] },
						"up": { "texture": "#skin", "uv": [ 26.0, 0.0, 28.0, 1.5 ], "windMode": [-1,-1,-1,-1], "windData": [1,1,1,1] },
						"down": { "texture": "#skin", "uv": [ 26.0, 4.5, 28.0, 6.0 ], "rotation": 180, "enabled": false, "windMode": [-1,-1,-1,-1], "windData": [1,1,1,1] }
					},
					"children": [
						{
							"name": "head",
							"from": [ 0.736, 0.828, -0.092 ], 
							"to": [ 1.932, 3.128, 1.564 ], 
							"unwrapMode": 4,
							"uv": [ 8.0, 8.5 ],
							"rotationOrigin": [ 1.932, 3.128, 0.736 ],
							"rotationZ": -60.0,
							"faces": {
								"north": { "texture": "#skin", "uv": [ 8.0, 9.5, 9.0, 12.0 ] },
								"east": { "texture": "#skin", "uv": [ 11.5, 9.5, 13.0, 12.0 ] },
								"south": { "texture": "#skin", "uv": [ 10.5, 9.5, 11.5, 12.0 ] },
								"west": { "texture": "#skin", "uv": [ 9.0, 9.5, 10.5, 12.0 ] },
								"up": { "texture": "#skin", "uv": [ 9.0, 8.5, 10.5, 9.5 ], "rotation": 90 },
								"down": { "texture": "#skin", "uv": [ 9.0, 12.0, 10.5, 13.0 ], "rotation": 90 }
							},
							"children": [
								{
									"name": "mouth up",
									"from": [ -1.472, 0.276, 0.276 ], 
									"to": [ 0.276, 0.644, 1.38 ], 
									"unwrapMode": 5,
									"unwrapRotation": 1,
									"uv": [ 0.0, 0.0 ],
									"rotationOrigin": [ 0.184, 0.644, 0.828 ],
									"rotationZ": 55.0,
									"faces": {
										"north": { "texture": "#skin", "uv": [ 0.0, 0.0, 0.5, 1.5 ], "rotation": 270 },
										"east": { "texture": "#skin", "uv": [ 0.5, 0.0, 1.5, 0.5 ], "rotation": 180, "enabled": false },
										"south": { "texture": "#skin", "uv": [ 1.5, 0.0, 2.0, 1.5 ], "rotation": 90 },
										"west": { "texture": "#skin", "uv": [ 0.5, 1.5, 1.5, 2.0 ] },
										"up": { "texture": "#skin", "uv": [ 0.5, 0.0, 1.5, 1.5 ], "rotation": 90 },
										"down": { "texture": "#skin", "uv": [ 2.0, 0.0, 3.0, 1.5 ], "rotation": 270 }
									},
									"children": [
										{
											"name": "nose",
											"from": [ -0.184, 0.184, 0.276 ], 
											"to": [ 0.46, 0.736, 0.828 ], 
											"unwrapMode": 4,
											"uv": [ 1.0, 1.5 ],
											"rotationOrigin": [ -0.184, 0.736, 0.552 ],
											"rotationZ": 16.0,
											"faces": {
												"north": { "texture": "#skin", "uv": [ 1.0, 2.0, 1.5, 2.5 ], "windMode": [-1,-1,-1,-1], "windData": [1,1,1,1] },
												"east": { "texture": "#skin", "uv": [ 2.5, 2.0, 3.0, 2.5 ], "windMode": [-1,-1,-1,-1], "windData": [1,1,1,1] },
												"south": { "texture": "#skin", "uv": [ 2.0, 2.0, 2.5, 2.5 ], "windMode": [-1,-1,-1,-1], "windData": [1,1,1,1] },
												"west": { "texture": "#skin", "uv": [ 1.5, 2.0, 2.0, 2.5 ], "windMode": [-1,-1,-1,-1], "windData": [1,1,1,1] },
												"up": { "texture": "#skin", "uv": [ 1.5, 1.5, 2.0, 2.0 ], "rotation": 90, "windMode": [-1,-1,-1,-1], "windData": [1,1,1,1] },
												"down": { "texture": "#skin", "uv": [ 1.5, 2.5, 2.0, 3.0 ], "rotation": 90, "windMode": [-1,-1,-1,-1], "windData": [1,1,1,1] }
											}
										},
										{
											"name": "nose bridge",
											"from": [ 0.276, 0.0, 0.138 ], 
											"to": [ 3.128, 0.828, 0.966 ], 
											"unwrapMode": 5,
											"unwrapRotation": 1,
											"uv": [ 1.0, 10.5 ],
											"rotationOrigin": [ 0.276, 0.0, 0.368 ],
											"rotationZ": 13.0,
											"faces": {
												"north": { "texture": "#skin", "uv": [ 1.0, 10.5, 1.5, 13.5 ], "rotation": 270 },
												"east": { "texture": "#skin", "uv": [ 1.5, 10.5, 2.0, 11.0 ], "rotation": 180, "enabled": false, "windMode": [-1,-1,-1,-1], "windData": [1,1,1,1] },
												"south": { "texture": "#skin", "uv": [ 2.0, 10.5, 2.5, 13.5 ], "rotation": 90 },
												"west": { "texture": "#skin", "uv": [ 1.5, 13.5, 2.0, 14.0 ], "windMode": [-1,-1,-1,-1], "windData": [1,1,1,1] },
												"up": { "texture": "#skin", "uv": [ 1.5, 10.5, 2.0, 13.5 ], "rotation": 90 },
												"down": { "texture": "#skin", "uv": [ 2.5, 10.5, 3.0, 13.5 ], "rotation": 270, "enabled": false }
											}
										}
									]
								},
								{
									"name": "R ear",
									"from": [ 0.644, 1.656, -1.472 ], 
									"to": [ 0.828, 2.576, 0.368 ], 
									"unwrapMode": 4,
									"uv": [ 7.5, 19.5 ],
									"rotationOrigin": [ 0.828, 2.024, 0.276 ],
									"rotationX": 45.0,
									"rotationZ": 22.0,
									"faces": {
										"north": { "texture": "#skin", "uv": [ 7.5, 20.0, 8.0, 21.0 ] },
										"east": { "texture": "#skin", "uv": [ 10.0, 20.0, 12.0, 21.0 ] },
										"south": { "texture": "#skin", "uv": [ 10.0, 20.0, 10.5, 21.0 ], "enabled": false, "windMode": [-1,-1,-1,-1], "windData": [1,1,1,1] },
										"west": { "texture": "#skin", "uv": [ 8.0, 20.0, 10.0, 21.0 ] },
										"up": { "texture": "#skin", "uv": [ 8.0, 19.5, 10.0, 20.0 ], "rotation": 90 },
										"down": { "texture": "#skin", "uv": [ 8.0, 21.0, 10.0, 21.5 ], "rotation": 90 }
									}
								},
								{
									"name": "L ear",
									"from": [ 0.644, 1.656, 1.38 ], 
									"to": [ 0.828, 2.576, 3.22 ], 
									"unwrapMode": 4,
									"uv": [ 12.0, 19.5 ],
									"rotationOrigin": [ 0.828, 2.024, 1.38 ],
									"rotationX": -45.0,
									"rotationZ": 22.0,
									"faces": {
										"north": { "texture": "#skin", "uv": [ 12.0, 20.0, 12.5, 21.0 ], "enabled": false },
										"east": { "texture": "#skin", "uv": [ 14.5, 20.0, 16.5, 21.0 ] },
										"south": { "texture": "#skin", "uv": [ 14.0, 20.0, 14.5, 21.0 ] },
										"west": { "texture": "#skin", "uv": [ 12.0, 20.0, 14.0, 21.0 ] },
										"up": { "texture": "#skin", "uv": [ 12.0, 19.5, 14.0, 20.0 ], "rotation": 90 },
										"down": { "texture": "#skin", "uv": [ 12.0, 21.0, 14.0, 21.5 ], "rotation": 90 }
									}
								},
								{
									"name": "jaw",
									"from": [ -0.92, 0.0, 0.368 ], 
									"to": [ 0.828, 0.322, 1.288 ], 
									"unwrapMode": 5,
									"unwrapRotation": 1,
									"uv": [ 0.0, 8.5 ],
									"rotationOrigin": [ 0.552, 0.276, 0.92 ],
									"rotationZ": 42.0,
									"faces": {
										"north": { "texture": "#skin", "uv": [ 0.0, 8.5, 0.5, 10.0 ], "rotation": 270 },
										"east": { "texture": "#skin", "uv": [ 0.5, 8.5, 1.5, 9.0 ], "rotation": 180, "enabled": false },
										"south": { "texture": "#skin", "uv": [ 1.5, 8.5, 2.0, 10.0 ], "rotation": 90 },
										"west": { "texture": "#skin", "uv": [ 0.5, 10.0, 1.5, 10.5 ] },
										"up": { "texture": "#skin", "uv": [ 0.5, 8.5, 1.5, 10.0 ], "rotation": 90 },
										"down": { "texture": "#skin", "uv": [ 2.0, 8.5, 3.0, 10.0 ], "rotation": 270 }
									}
								}
							]
						}
					]
				}
			]
		}
	]}