{
	"editor": {
		"allAngles": true,
		"entityTextureMode": true
	},
	"textureWidth": 64,
	"textureHeight": 64,
	"textureSizes": {
		"skin": [64,64]
	},
	"textures": {
	},
	"elements": [
		{
			"name": "neck",
			"from": [ 14.5, 6.69, 6.78 ], 
			"to": [ 19.2, 12.89, 9.78 ], 
			"unwrapMode": 3,
			"unwrapRotation": 1,
			"uv": [ 28.5, 0.0 ],
			"rotationOrigin": [ 18.9022, 6.6915, 8.2756 ],
			"rotationX": -0.64,
			"rotationY": -11.97,
			"rotationZ": 53.9,
			"faces": {
				"north": { "texture": "#skin", "uv": [ 37.5, 3.0, 43.5, 7.5 ], "rotation": 270, "windMode": [-1,-1,-1,-1], "windData": [0,0,1,0] },
				"east": { "texture": "#skin", "uv": [ 31.5, 0.0, 37.5, 3.0 ], "rotation": 90, "windMode": [-1,-1,-1,-1], "windData": [1,0,0,1] },
				"south": { "texture": "#skin", "uv": [ 31.5, 3.0, 37.5, 7.5 ], "rotation": 90 },
				"west": { "texture": "#skin", "uv": [ 31.5, 7.5, 37.5, 10.5 ], "rotation": 90 },
				"up": { "texture": "#skin", "uv": [ 28.5, 3.0, 31.5, 7.5 ], "rotation": 90 },
				"down": { "texture": "#skin", "uv": [ 37.5, 3.0, 40.5, 7.5 ], "rotation": 270, "enabled": false, "windMode": [-1,-1,-1,-1], "windData": [0,1,1,0] }
			},
			"children": [
				{
					"name": "neck2",
					"from": [ 0.6, 3.3, 0.2 ], 
					"to": [ 4.4, 9.3, 3.0 ], 
					"unwrapMode": 3,
					"uv": [ 29.5, 11.0 ],
					"rotationOrigin": [ 4.2, 5.3, 1.6 ],
					"rotationX": 6.0,
					"rotationZ": -35.0,
					"faces": {
						"north": { "texture": "#skin", "uv": [ 38.0, 13.5, 41.5, 19.5 ], "windMode": [-1,-1,-1,-1], "windData": [1,1,1,1] },
						"east": { "texture": "#skin", "uv": [ 35.5, 13.5, 38.0, 19.5 ], "windMode": [-1,-1,-1,-1], "windData": [1,1,1,1] },
						"south": { "texture": "#skin", "uv": [ 32.0, 13.5, 35.5, 19.5 ], "windMode": [-1,-1,-1,-1], "windData": [1,1,1,1] },
						"west": { "texture": "#skin", "uv": [ 29.5, 13.5, 32.0, 19.5 ], "windMode": [-1,-1,-1,-1], "windData": [1,1,1,1] },
						"up": { "texture": "#skin", "uv": [ 32.0, 11.0, 35.5, 13.5 ], "windMode": [-1,-1,-1,-1], "windData": [1,1,1,1] },
						"down": { "texture": "#skin", "uv": [ 32.0, 19.5, 35.5, 22.0 ], "rotation": 180, "enabled": false, "windMode": [-1,-1,-1,-1], "windData": [1,1,1,1] }
					},
					"children": [
						{
							"name": "head",
							"from": [ 0.6, 1.6, -0.4 ], 
							"to": [ 3.8, 6.1, 3.2 ], 
							"unwrapMode": 4,
							"uv": [ 14.5, 16.0 ],
							"rotationOrigin": [ 3.8, 6.0, 1.5 ],
							"rotationY": 6.0,
							"rotationZ": -35.0,
							"faces": {
								"north": { "texture": "#skin", "uv": [ 14.5, 19.0, 17.5, 23.5 ] },
								"east": { "texture": "#skin", "uv": [ 24.0, 19.0, 27.5, 23.5 ] },
								"south": { "texture": "#skin", "uv": [ 21.0, 19.0, 24.0, 23.5 ] },
								"west": { "texture": "#skin", "uv": [ 17.5, 19.0, 21.0, 23.5 ] },
								"up": { "texture": "#skin", "uv": [ 17.5, 16.0, 21.0, 19.0 ], "rotation": 90 },
								"down": { "texture": "#skin", "uv": [ 17.5, 23.5, 21.0, 26.5 ], "rotation": 90 }
							},
							"children": [
								{
									"name": "mouth up",
									"from": [ -3.0, 0.5, 0.8 ], 
									"to": [ 0.6, 1.2, 2.8 ], 
									"unwrapMode": 5,
									"unwrapRotation": 1,
									"uv": [ 0.5, 16.0 ],
									"rotationOrigin": [ 0.5, 1.2, 1.8 ],
									"rotationZ": 45.0,
									"faces": {
										"north": { "texture": "#skin", "uv": [ 0.5, 16.0, 1.0, 19.5 ], "rotation": 270 },
										"east": { "texture": "#skin", "uv": [ 1.0, 16.0, 3.0, 16.5 ], "rotation": 180, "enabled": false },
										"south": { "texture": "#skin", "uv": [ 3.0, 16.0, 3.5, 19.5 ], "rotation": 90 },
										"west": { "texture": "#skin", "uv": [ 1.0, 19.5, 3.0, 20.0 ] },
										"up": { "texture": "#skin", "uv": [ 1.0, 16.0, 3.0, 19.5 ], "rotation": 90 },
										"down": { "texture": "#skin", "uv": [ 3.5, 16.0, 5.5, 19.5 ], "rotation": 270 }
									},
									"children": [
										{
											"name": "nose",
											"from": [ -0.4, 0.3, 0.3 ], 
											"to": [ 0.8, 1.3, 1.7 ], 
											"unwrapMode": 4,
											"uv": [ 19.5, 39.0 ],
											"rotationOrigin": [ -0.4, 1.3, 1.0 ],
											"rotationZ": 16.0,
											"faces": {
												"north": { "texture": "#skin", "uv": [ 19.5, 40.0, 20.5, 41.0 ], "windMode": [-1,-1,-1,-1], "windData": [1,1,1,1] },
												"east": { "texture": "#skin", "uv": [ 22.5, 40.0, 23.5, 41.0 ], "windMode": [-1,-1,-1,-1], "windData": [1,1,1,1] },
												"south": { "texture": "#skin", "uv": [ 21.5, 40.0, 22.5, 41.0 ], "windMode": [-1,-1,-1,-1], "windData": [1,1,1,1] },
												"west": { "texture": "#skin", "uv": [ 20.5, 40.0, 21.5, 41.0 ], "windMode": [-1,-1,-1,-1], "windData": [1,1,1,1] },
												"up": { "texture": "#skin", "uv": [ 20.5, 39.0, 21.5, 40.0 ], "rotation": 90, "windMode": [-1,-1,-1,-1], "windData": [1,1,1,1] },
												"down": { "texture": "#skin", "uv": [ 20.5, 41.0, 21.5, 42.0 ], "rotation": 90, "windMode": [-1,-1,-1,-1], "windData": [1,1,1,1] }
											}
										},
										{
											"name": "nose bridge",
											"from": [ 0.6, 0.0, 0.2 ], 
											"to": [ 5.5, 1.5, 1.8 ], 
											"unwrapMode": 5,
											"unwrapRotation": 1,
											"uv": [ 14.5, 39.0 ],
											"rotationOrigin": [ 0.6, 0.0, 0.8 ],
											"rotationZ": 16.0,
											"faces": {
												"north": { "texture": "#skin", "uv": [ 14.5, 39.0, 16.0, 43.5 ], "rotation": 270 },
												"east": { "texture": "#skin", "uv": [ 16.0, 39.0, 17.5, 40.5 ], "rotation": 180, "enabled": false, "windMode": [-1,-1,-1,-1], "windData": [1,1,1,1] },
												"south": { "texture": "#skin", "uv": [ 17.5, 39.0, 19.0, 43.5 ], "rotation": 90 },
												"west": { "texture": "#skin", "uv": [ 16.0, 43.5, 17.5, 45.0 ], "windMode": [-1,-1,-1,-1], "windData": [1,1,1,1] },
												"up": { "texture": "#skin", "uv": [ 16.0, 39.0, 17.5, 43.5 ], "rotation": 90 },
												"down": { "texture": "#skin", "uv": [ 19.0, 39.0, 20.5, 43.5 ], "rotation": 270, "enabled": false }
											}
										}
									]
								},
								{
									"name": "R ear",
									"from": [ 2.2, 2.7, -3.0 ], 
									"to": [ 2.8, 4.9, 0.6 ], 
									"unwrapMode": 4,
									"uv": [ 0.5, 48.0 ],
									"rotationOrigin": [ 2.5, 3.8, 0.6 ],
									"rotationX": 45.0,
									"rotationZ": 22.0,
									"faces": {
										"north": { "texture": "#skin", "uv": [ 0.5, 48.5, 1.0, 50.5 ] },
										"east": { "texture": "#skin", "uv": [ 4.5, 48.5, 8.0, 50.5 ] },
										"south": { "texture": "#skin", "uv": [ 4.5, 48.5, 5.0, 50.5 ], "enabled": false, "windMode": [-1,-1,-1,-1], "windData": [1,1,1,1] },
										"west": { "texture": "#skin", "uv": [ 1.0, 48.5, 4.5, 50.5 ] },
										"up": { "texture": "#skin", "uv": [ 1.0, 48.0, 4.5, 48.5 ], "rotation": 90 },
										"down": { "texture": "#skin", "uv": [ 1.0, 50.5, 4.5, 51.0 ], "rotation": 90 }
									}
								},
								{
									"name": "L ear",
									"from": [ 2.2, 2.7, 3.0 ], 
									"to": [ 2.8, 4.9, 6.6 ], 
									"unwrapMode": 4,
									"uv": [ 0.5, 44.5 ],
									"rotationOrigin": [ 2.5, 3.8, 3.0 ],
									"rotationX": -45.0,
									"rotationZ": 22.0,
									"faces": {
										"north": { "texture": "#skin", "uv": [ 0.5, 45.0, 1.0, 47.0 ], "enabled": false },
										"east": { "texture": "#skin", "uv": [ 4.5, 45.0, 8.0, 47.0 ] },
										"south": { "texture": "#skin", "uv": [ 4.0, 45.0, 4.5, 47.0 ] },
										"west": { "texture": "#skin", "uv": [ 0.5, 45.0, 4.0, 47.0 ] },
										"up": { "texture": "#skin", "uv": [ 0.5, 44.5, 4.0, 45.0 ], "rotation": 90 },
										"down": { "texture": "#skin", "uv": [ 0.5, 47.0, 4.0, 47.5 ], "rotation": 90 }
									}
								},
								{
									"name": "jaw",
									"from": [ -2.2, 0.0, 0.9 ], 
									"to": [ 1.4, 0.6, 2.7 ], 
									"unwrapMode": 5,
									"unwrapRotation": 1,
									"uv": [ 0.5, 20.5 ],
									"rotationOrigin": [ 1.1, 0.6, 1.8 ],
									"rotationZ": 35.0,
									"faces": {
										"north": { "texture": "#skin", "uv": [ 0.5, 20.5, 1.0, 24.0 ], "rotation": 270 },
										"east": { "texture": "#skin", "uv": [ 1.0, 20.5, 2.5, 21.0 ], "rotation": 180, "enabled": false },
										"south": { "texture": "#skin", "uv": [ 2.5, 20.5, 3.0, 24.0 ], "rotation": 90 },
										"west": { "texture": "#skin", "uv": [ 1.0, 24.0, 2.5, 24.5 ] },
										"up": { "texture": "#skin", "uv": [ 1.0, 20.5, 2.5, 24.0 ], "rotation": 90 },
										"down": { "texture": "#skin", "uv": [ 3.0, 20.5, 4.5, 24.0 ], "rotation": 270 }
									}
								},
								{
									"name": "Horn attachment",
									"from": [ 0.0, 3.6, 1.8 ], 
									"to": [ 1.2, 4.8, 3.0 ], 
									"uv": [ 0.0, 0.0 ],
									"rotationOrigin": [ 0.0, 3.6, 1.8 ],
									"faces": {
										"north": { "texture": "#skin", "uv": [ 0.0, 1.0, 1.2, 2.2 ], "enabled": false },
										"east": { "texture": "#skin", "uv": [ 1.0, 1.0, 2.2, 2.2 ], "enabled": false, "windMode": [-1,-1,-1,-1], "windData": [1,1,1,1] },
										"south": { "texture": "#skin", "uv": [ 1.0, 1.0, 2.2, 2.2 ], "enabled": false, "windMode": [-1,-1,-1,-1], "windData": [1,1,1,1] },
										"west": { "texture": "#skin", "uv": [ 1.0, 1.0, 2.2, 2.2 ], "enabled": false, "windMode": [-1,-1,-1,-1], "windData": [1,1,1,1] },
										"up": { "texture": "#skin", "uv": [ 0.0, 0.0, 1.2, 1.2 ], "enabled": false, "windMode": [-1,-1,-1,-1], "windData": [1,1,1,1] },
										"down": { "texture": "#skin", "uv": [ 1.0, 0.0, 2.2, 1.2 ], "enabled": false, "windMode": [-1,-1,-1,-1], "windData": [1,1,1,1] }
									},
									"children": [
										{
											"name": "R antler base",
											"from": [ 0.1, 1.1, -1.7 ], 
											"to": [ 1.3, 4.5, -0.5 ], 
											"unwrapMode": 4,
											"uv": [ 22.0, 58.0 ],
											"rotationOrigin": [ 0.1, 1.1, -0.5 ],
											"rotationX": -45.0,
											"faces": {
												"north": { "texture": "#skin", "uv": [ 22.0, 59.0, 23.0, 62.0 ] },
												"east": { "texture": "#skin", "uv": [ 25.0, 59.0, 26.0, 62.0 ] },
												"south": { "texture": "#skin", "uv": [ 24.0, 59.0, 25.0, 62.0 ] },
												"west": { "texture": "#skin", "uv": [ 23.0, 59.0, 24.0, 62.0 ] },
												"up": { "texture": "#skin", "uv": [ 23.0, 58.0, 24.0, 59.0 ], "rotation": 90 },
												"down": { "texture": "#skin", "uv": [ 23.0, 62.0, 24.0, 63.0 ], "rotation": 90 }
											},
											"children": [
												{
													"name": "R antler point 1",
													"from": [ 0.3, 2.9, 0.1 ], 
													"to": [ 1.2, 5.9, 1.0 ], 
													"unwrapMode": 4,
													"uv": [ 21.5, 54.0 ],
													"rotationOrigin": [ 0.3, 2.9, 1.0 ],
													"rotationX": 35.0,
													"rotationZ": -25.0,
													"faces": {
														"north": { "texture": "#skin", "uv": [ 21.5, 54.5, 22.0, 57.5 ] },
														"east": { "texture": "#skin", "uv": [ 23.0, 54.5, 23.5, 57.5 ] },
														"south": { "texture": "#skin", "uv": [ 22.5, 54.5, 23.0, 57.5 ] },
														"west": { "texture": "#skin", "uv": [ 22.0, 54.5, 22.5, 57.5 ] },
														"up": { "texture": "#skin", "uv": [ 22.0, 54.0, 22.5, 54.5 ], "rotation": 90 },
														"down": { "texture": "#skin", "uv": [ 22.0, 57.5, 22.5, 58.0 ], "rotation": 90 }
													},
													"children": [
														{
															"name": "R antler point 2",
															"from": [ 0.0, -0.5, 0.3 ], 
															"to": [ 0.7, 2.5, 1.0 ], 
															"unwrapMode": 4,
															"uv": [ 22.5, 50.0 ],
															"rotationOrigin": [ 0.0, -0.5, 0.3 ],
															"rotationZ": 85.0,
															"faces": {
																"north": { "texture": "#skin", "uv": [ 22.5, 50.5, 23.0, 53.5 ] },
																"east": { "texture": "#skin", "uv": [ 24.0, 50.5, 24.5, 53.5 ] },
																"south": { "texture": "#skin", "uv": [ 23.5, 50.5, 24.0, 53.5 ] },
																"west": { "texture": "#skin", "uv": [ 23.0, 50.5, 23.5, 53.5 ] },
																"up": { "texture": "#skin", "uv": [ 23.0, 50.0, 23.5, 50.5 ], "rotation": 90 },
																"down": { "texture": "#skin", "uv": [ 23.0, 53.5, 23.5, 54.0 ], "rotation": 90 }
															}
														},
														{
															"name": "R antler point 3",
															"from": [ 0.1, 2.8, 0.1 ], 
															"to": [ 0.8, 4.2, 0.8 ], 
															"unwrapMode": 4,
															"uv": [ 20.0, 44.0 ],
															"rotationOrigin": [ 0.1, 2.8, 0.1 ],
															"rotationZ": 5.0,
															"faces": {
																"north": { "texture": "#skin", "uv": [ 20.0, 44.5, 20.5, 45.5 ] },
																"east": { "texture": "#skin", "uv": [ 21.5, 44.5, 22.0, 45.5 ] },
																"south": { "texture": "#skin", "uv": [ 21.0, 44.5, 21.5, 45.5 ] },
																"west": { "texture": "#skin", "uv": [ 20.5, 44.5, 21.0, 45.5 ] },
																"up": { "texture": "#skin", "uv": [ 20.5, 44.0, 21.0, 44.5 ], "rotation": 90 },
																"down": { "texture": "#skin", "uv": [ 20.5, 45.5, 21.0, 46.0 ], "rotation": 90 }
															},
															"children": [
																{
																	"name": "R antler point 5",
																	"from": [ 0.1, 1.4, 0.1 ], 
																	"to": [ 0.5, 3.8, 0.5 ], 
																	"unwrapMode": 4,
																	"uv": [ 22.5, 43.0 ],
																	"rotationOrigin": [ 0.1, 1.3, 0.1 ],
																	"rotationZ": 5.0,
																	"faces": {
																		"north": { "texture": "#skin", "uv": [ 22.5, 43.5, 23.0, 45.5 ] },
																		"east": { "texture": "#skin", "uv": [ 24.0, 43.5, 24.5, 45.5 ] },
																		"south": { "texture": "#skin", "uv": [ 23.5, 43.5, 24.0, 45.5 ] },
																		"west": { "texture": "#skin", "uv": [ 23.0, 43.5, 23.5, 45.5 ] },
																		"up": { "texture": "#skin", "uv": [ 23.0, 43.0, 23.5, 43.5 ], "rotation": 90 },
																		"down": { "texture": "#skin", "uv": [ 23.0, 45.5, 23.5, 46.0 ], "rotation": 90 }
																	}
																}
															]
														},
														{
															"name": "R antler point 4",
															"from": [ 0.4, 2.2, 0.2 ], 
															"to": [ 0.8, 5.6, 0.6 ], 
															"unwrapMode": 4,
															"uv": [ 21.5, 46.0 ],
															"rotationOrigin": [ 0.4, 2.2, 0.2 ],
															"rotationY": 22.0,
															"rotationZ": 60.0,
															"faces": {
																"north": { "texture": "#skin", "uv": [ 21.5, 46.5, 22.0, 49.5 ] },
																"east": { "texture": "#skin", "uv": [ 23.0, 46.5, 23.5, 49.5 ] },
																"south": { "texture": "#skin", "uv": [ 22.5, 46.5, 23.0, 49.5 ] },
																"west": { "texture": "#skin", "uv": [ 22.0, 46.5, 22.5, 49.5 ] },
																"up": { "texture": "#skin", "uv": [ 22.0, 46.0, 22.5, 46.5 ], "rotation": 90 },
																"down": { "texture": "#skin", "uv": [ 22.0, 49.5, 22.5, 50.0 ], "rotation": 90 }
															}
														}
													]
												}
											]
										},
										{
											"name": "L antler base",
											"from": [ 0.1, 1.1, 0.5 ], 
											"to": [ 1.3, 4.5, 1.7 ], 
											"unwrapMode": 4,
											"uv": [ 26.5, 58.0 ],
											"rotationOrigin": [ 0.1, 1.1, 0.5 ],
											"rotationX": 45.0,
											"faces": {
												"north": { "texture": "#skin", "uv": [ 26.5, 59.0, 27.5, 62.0 ] },
												"east": { "texture": "#skin", "uv": [ 29.5, 59.0, 30.5, 62.0 ] },
												"south": { "texture": "#skin", "uv": [ 28.5, 59.0, 29.5, 62.0 ] },
												"west": { "texture": "#skin", "uv": [ 27.5, 59.0, 28.5, 62.0 ] },
												"up": { "texture": "#skin", "uv": [ 27.5, 58.0, 28.5, 59.0 ], "rotation": 90, "windMode": [-1,-1,-1,-1], "windData": [1,1,1,1] },
												"down": { "texture": "#skin", "uv": [ 27.5, 62.0, 28.5, 63.0 ], "rotation": 90, "windMode": [-1,-1,-1,-1], "windData": [1,1,1,1] }
											},
											"children": [
												{
													"name": "L antler point 1",
													"from": [ 0.1, 2.9, 0.1 ], 
													"to": [ 1.0, 5.9, 1.0 ], 
													"unwrapMode": 4,
													"uv": [ 28.5, 54.0 ],
													"rotationOrigin": [ 0.1, 2.9, 0.1 ],
													"rotationX": -35.0,
													"rotationZ": -25.0,
													"faces": {
														"north": { "texture": "#skin", "uv": [ 28.5, 54.5, 29.0, 57.5 ] },
														"east": { "texture": "#skin", "uv": [ 30.0, 54.5, 30.5, 57.5 ] },
														"south": { "texture": "#skin", "uv": [ 29.5, 54.5, 30.0, 57.5 ] },
														"west": { "texture": "#skin", "uv": [ 29.0, 54.5, 29.5, 57.5 ] },
														"up": { "texture": "#skin", "uv": [ 29.0, 54.0, 29.5, 54.5 ], "rotation": 90 },
														"down": { "texture": "#skin", "uv": [ 29.0, 57.5, 29.5, 58.0 ], "rotation": 90 }
													},
													"children": [
														{
															"name": "L antler point 2",
															"from": [ 0.1, -0.5, -0.1 ], 
															"to": [ 0.8, 2.5, 0.6 ], 
															"unwrapMode": 4,
															"uv": [ 27.5, 50.0 ],
															"rotationOrigin": [ 0.1, -0.5, 0.6 ],
															"rotationZ": 85.0,
															"faces": {
																"north": { "texture": "#skin", "uv": [ 27.5, 50.5, 28.0, 53.5 ] },
																"east": { "texture": "#skin", "uv": [ 29.0, 50.5, 29.5, 53.5 ] },
																"south": { "texture": "#skin", "uv": [ 28.5, 50.5, 29.0, 53.5 ] },
																"west": { "texture": "#skin", "uv": [ 28.0, 50.5, 28.5, 53.5 ] },
																"up": { "texture": "#skin", "uv": [ 28.0, 50.0, 28.5, 50.5 ], "rotation": 90 },
																"down": { "texture": "#skin", "uv": [ 28.0, 53.5, 28.5, 54.0 ], "rotation": 90 }
															}
														},
														{
															"name": "L antler point 3",
															"from": [ 0.1, 2.8, 0.1 ], 
															"to": [ 0.8, 4.2, 0.8 ], 
															"unwrapMode": 4,
															"uv": [ 30.0, 44.0 ],
															"rotationOrigin": [ 0.1, 2.8, 0.8 ],
															"rotationZ": 5.0,
															"faces": {
																"north": { "texture": "#skin", "uv": [ 30.0, 44.5, 30.5, 45.5 ] },
																"east": { "texture": "#skin", "uv": [ 31.5, 44.5, 32.0, 45.5 ] },
																"south": { "texture": "#skin", "uv": [ 31.0, 44.5, 31.5, 45.5 ] },
																"west": { "texture": "#skin", "uv": [ 30.5, 44.5, 31.0, 45.5 ] },
																"up": { "texture": "#skin", "uv": [ 30.5, 44.0, 31.0, 44.5 ], "rotation": 90 },
																"down": { "texture": "#skin", "uv": [ 30.5, 45.5, 31.0, 46.0 ], "rotation": 90 }
															},
															"children": [
																{
																	"name": "L antler point 5",
																	"from": [ 0.1, 1.4, 0.1 ], 
																	"to": [ 0.5, 3.8, 0.5 ], 
																	"unwrapMode": 4,
																	"uv": [ 27.5, 43.0 ],
																	"rotationOrigin": [ 0.1, 1.3, 0.5 ],
																	"rotationZ": 5.0,
																	"faces": {
																		"north": { "texture": "#skin", "uv": [ 27.5, 43.5, 28.0, 45.5 ] },
																		"east": { "texture": "#skin", "uv": [ 29.0, 43.5, 29.5, 45.5 ] },
																		"south": { "texture": "#skin", "uv": [ 28.5, 43.5, 29.0, 45.5 ] },
																		"west": { "texture": "#skin", "uv": [ 28.0, 43.5, 28.5, 45.5 ] },
																		"up": { "texture": "#skin", "uv": [ 28.0, 43.0, 28.5, 43.5 ], "rotation": 90 },
																		"down": { "texture": "#skin", "uv": [ 28.0, 45.5, 28.5, 46.0 ], "rotation": 90 }
																	}
																}
															]
														},
														{
															"name": "L antler point 4",
															"from": [ 0.4, 2.2, 0.2 ], 
															"to": [ 0.8, 5.6, 0.6 ], 
															"unwrapMode": 4,
															"uv": [ 28.5, 46.0 ],
															"rotationOrigin": [ 0.4, 2.2, 0.6 ],
															"rotationY": -22.0,
															"rotationZ": 60.0,
															"faces": {
																"north": { "texture": "#skin", "uv": [ 28.5, 46.5, 29.0, 49.5 ] },
																"east": { "texture": "#skin", "uv": [ 30.0, 46.5, 30.5, 49.5 ] },
																"south": { "texture": "#skin", "uv": [ 29.5, 46.5, 30.0, 49.5 ] },
																"west": { "texture": "#skin", "uv": [ 29.0, 46.5, 29.5, 49.5 ] },
																"up": { "texture": "#skin", "uv": [ 29.0, 46.0, 29.5, 46.5 ], "rotation": 90 },
																"down": { "texture": "#skin", "uv": [ 29.0, 49.5, 29.5, 50.0 ], "rotation": 90 }
															}
														}
													]
												}
											]
										}
									]
								}
							]
						}
					]
				}
			]
		}
	]}