{
	"editor": {
		"allAngles": true,
		"entityTextureMode": true
	},
	"textureWidth": 64,
	"textureHeight": 48,
	"textureSizes": {
		"skin": [64,48]
	},
	"textures": {
	},
	"elements": [
		{
			"name": "neck",
			"from": [ 14.64, 7.77, 6.68 ], 
			"to": [ 18.64, 13.17, 9.38 ], 
			"unwrapMode": 3,
			"unwrapRotation": 1,
			"uv": [ 0.0, 23.0 ],
			"rotationOrigin": [ 18.2415, 7.7718, 8.026 ],
			"rotationZ": 54.0,
			"faces": {
						"north": { "texture": "#skin", "uv": [ 9.5, 26.0, 16.0, 31.0 ], "rotation": 270, "windMode": [-1,-1,-1,-1], "windData": [0,0,1,0] },
						"east": { "texture": "#skin", "uv": [ 3.0, 23.0, 9.5, 26.0 ], "rotation": 90, "windMode": [-1,-1,-1,-1], "windData": [1,0,0,1] },
						"south": { "texture": "#skin", "uv": [ 3.0, 26.0, 9.5, 31.0 ], "rotation": 90 },
						"west": { "texture": "#skin", "uv": [ 3.0, 31.0, 9.5, 34.0 ], "rotation": 90 },
						"up": { "texture": "#skin", "uv": [ 0.0, 26.0, 3.0, 31.0 ], "rotation": 90 },
						"down": { "texture": "#skin", "uv": [ 9.5, 26.0, 12.5, 31.0 ], "rotation": 270, "enabled": false, "windMode": [-1,-1,-1,-1] }
			},
			"children": [
				{
					"name": "neck2",
					"from": [ 0.408, 2.576, 0.04 ], 
					"to": [ 4.008, 7.976, 2.64 ], 
					"unwrapMode": 3,
					"uv": [ 6.5, 31.0 ],
					"rotationOrigin": [ 3.888, 4.352, 1.27 ],
					"rotationZ": -30.0,
					"faces": {
						"north": { "texture": "#skin", "uv": [ 17.0, 34.0, 21.5, 40.5 ] },
						"east": { "texture": "#skin", "uv": [ 14.0, 34.0, 17.0, 40.5 ] },
						"south": { "texture": "#skin", "uv": [ 9.5, 34.0, 14.0, 40.5 ] },
						"west": { "texture": "#skin", "uv": [ 6.5, 34.0, 9.5, 40.5 ] },
						"up": { "texture": "#skin", "uv": [ 9.5, 31.0, 14.0, 34.0 ] },
						"down": { "texture": "#skin", "uv": [ 9.5, 40.5, 14.0, 43.5 ], "rotation": 180, "enabled": false, "windMode": [-1,-1,-1,-1] }
					},
					"children": [
						{
							"name": "head",
							"from": [ 0.264, 2.072, -0.16 ], 
							"to": [ 3.414, 5.492, 2.72 ], 
							"unwrapMode": 4,
							"uv": [ 15.0, 13.5 ],
							"rotationOrigin": [ 3.312, 5.312, 1.432 ],
							"rotationZ": -45.0,
							"faces": {
								"north": { "texture": "#skin", "uv": [ 15.0, 17.0, 18.5, 21.0 ] },
								"east": { "texture": "#skin", "uv": [ 25.5, 17.0, 29.0, 21.0 ] },
								"south": { "texture": "#skin", "uv": [ 22.0, 17.0, 25.5, 21.0 ] },
								"west": { "texture": "#skin", "uv": [ 18.5, 17.0, 22.0, 21.0 ] },
								"up": { "texture": "#skin", "uv": [ 18.5, 13.5, 22.0, 17.0 ], "rotation": 90 },
								"down": { "texture": "#skin", "uv": [ 18.5, 21.0, 22.0, 24.5 ], "rotation": 90 }
							},
							"children": [
								{
									"name": "mouth up",
									"from": [ -2.43, 0.54, 0.64 ], 
									"to": [ 0.27, 1.32, 2.24 ], 
									"unwrapMode": 5,
									"unwrapRotation": 1,
									"uv": [ 0.0, 13.5 ],
									"rotationOrigin": [ 0.27, 1.5, 1.464 ],
									"rotationZ": 45.0,
									"faces": {
										"north": { "texture": "#skin", "uv": [ 0.0, 13.5, 0.5, 16.5 ], "rotation": 270 },
										"east": { "texture": "#skin", "uv": [ 0.5, 13.5, 2.5, 14.0 ], "rotation": 180, "enabled": false },
										"south": { "texture": "#skin", "uv": [ 2.5, 13.5, 3.0, 16.5 ], "rotation": 90 },
										"west": { "texture": "#skin", "uv": [ 0.5, 16.5, 2.5, 17.0 ] },
										"up": { "texture": "#skin", "uv": [ 0.5, 13.5, 2.5, 16.5 ], "rotation": 90 },
										"down": { "texture": "#skin", "uv": [ 3.0, 13.5, 5.0, 16.5 ], "rotation": 270 }
									},
									"children": [
										{
											"name": "nose",
											"from": [ -0.09, 0.132, 0.28 ], 
											"to": [ 0.81, 0.942, 1.36 ], 
											"unwrapMode": 4,
											"uv": [ 1.0, 20.0 ],
											"rotationOrigin": [ -0.09, 0.99, 0.82 ],
											"faces": {
												"north": { "texture": "#skin", "uv": [ 1.0, 21.0, 2.0, 22.0 ], "windMode": [-1,-1,-1,-1], "windData": [1,1,1,1] },
												"east": { "texture": "#skin", "uv": [ 4.0, 21.0, 5.0, 22.0 ], "windMode": [-1,-1,-1,-1], "windData": [1,1,1,1] },
												"south": { "texture": "#skin", "uv": [ 3.0, 21.0, 4.0, 22.0 ], "windMode": [-1,-1,-1,-1], "windData": [1,1,1,1] },
												"west": { "texture": "#skin", "uv": [ 2.0, 21.0, 3.0, 22.0 ], "windMode": [-1,-1,-1,-1], "windData": [1,1,1,1] },
												"up": { "texture": "#skin", "uv": [ 2.0, 20.0, 3.0, 21.0 ], "rotation": 90, "windMode": [-1,-1,-1,-1], "windData": [1,1,1,1] },
												"down": { "texture": "#skin", "uv": [ 2.0, 22.0, 3.0, 23.0 ], "rotation": 90, "windMode": [-1,-1,-1,-1], "windData": [1,1,1,1] }
											}
										},
										{
											"name": "nose bridge",
											"from": [ 0.45, 0.008, 0.096 ], 
											"to": [ 3.72, 0.808, 1.536 ], 
											"unwrapMode": 5,
											"unwrapRotation": 1,
											"uv": [ 15.0, 0.0 ],
											"rotationOrigin": [ 0.45, 0.204, 0.55 ],
											"rotationZ": 18.0,
											"faces": {
												"north": { "texture": "#skin", "uv": [ 15.0, 0.0, 16.0, 4.0 ], "rotation": 270 },
												"east": { "texture": "#skin", "uv": [ 16.0, 0.0, 17.5, 1.0 ], "rotation": 180, "enabled": false, "windMode": [-1,-1,-1,-1], "windData": [1,1,1,1] },
												"south": { "texture": "#skin", "uv": [ 17.5, 0.0, 18.5, 4.0 ], "rotation": 90 },
												"west": { "texture": "#skin", "uv": [ 16.0, 4.0, 17.5, 5.0 ], "enabled": false },
												"up": { "texture": "#skin", "uv": [ 16.0, 0.0, 17.5, 4.0 ], "rotation": 90 },
												"down": { "texture": "#skin", "uv": [ 18.5, 0.0, 20.0, 4.0 ], "rotation": 270, "enabled": false }
											}
										}
									]
								},
								{
									"name": "R ear",
									"from": [ 2.0, 2.008, -2.88 ], 
									"to": [ 2.45, 3.358, 0.32 ], 
									"unwrapMode": 4,
									"uv": [ 27.0, 3.5 ],
									"rotationOrigin": [ 2.18, 2.64, 0.328 ],
									"rotationX": 35.0,
									"rotationZ": 22.0,
									"faces": {
										"north": { "texture": "#skin", "uv": [ 27.0, 4.0, 27.5, 5.5 ] },
										"east": { "texture": "#skin", "uv": [ 32.0, 4.0, 36.0, 5.5 ] },
										"south": { "texture": "#skin", "uv": [ 31.5, 4.0, 32.0, 5.5 ], "windMode": [-1,-1,-1,-1], "windData": [0,0,0,0] },
										"west": { "texture": "#skin", "uv": [ 27.5, 4.0, 31.5, 5.5 ] },
										"up": { "texture": "#skin", "uv": [ 27.5, 3.5, 31.5, 4.0 ], "rotation": 90 },
										"down": { "texture": "#skin", "uv": [ 27.5, 5.5, 31.5, 6.0 ], "rotation": 90 }
									}
								},
								{
									"name": "L ear",
									"from": [ 2.0, 2.008, 2.56 ], 
									"to": [ 2.45, 3.358, 5.76 ], 
									"unwrapMode": 2,
									"uv": [ 18.0, 3.5 ],
									"rotationOrigin": [ 2.18, 2.64, 2.56 ],
									"rotationX": -35.0,
									"rotationZ": 22.0,
									"faces": {
										"north": { "texture": "#skin", "uv": [ 22.5, 4.0, 23.0, 5.5 ], "windMode": [-1,-1,-1,-1] },
										"east": { "texture": "#skin", "uv": [ 18.5, 4.0, 22.5, 5.5 ] },
										"south": { "texture": "#skin", "uv": [ 18.0, 4.0, 18.5, 5.5 ], "windMode": [-1,-1,-1,-1], "windData": [1,1,1,1] },
										"west": { "texture": "#skin", "uv": [ 23.0, 4.0, 27.0, 5.5 ] },
										"up": { "texture": "#skin", "uv": [ 18.5, 3.5, 22.5, 4.0 ], "rotation": 270 },
										"down": { "texture": "#skin", "uv": [ 18.5, 5.5, 22.5, 6.0 ], "rotation": 270 }
									}
								},
								{
									"name": "jaw",
									"from": [ -1.368, 0.128, 0.736 ], 
									"to": [ 1.332, 0.728, 2.176 ], 
									"unwrapMode": 5,
									"unwrapRotation": 1,
									"uv": [ 0.0, 17.0 ],
									"rotationOrigin": [ 1.1505, 0.712, 1.46 ],
									"rotationZ": 34.0,
									"faces": {
										"north": { "texture": "#skin", "uv": [ 0.0, 17.0, 0.5, 20.0 ], "rotation": 270 },
										"east": { "texture": "#skin", "uv": [ 0.5, 17.0, 2.0, 17.5 ], "rotation": 180, "enabled": false },
										"south": { "texture": "#skin", "uv": [ 2.0, 17.0, 2.5, 20.0 ], "rotation": 90 },
										"west": { "texture": "#skin", "uv": [ 0.5, 20.0, 2.0, 20.5 ] },
										"up": { "texture": "#skin", "uv": [ 0.5, 17.0, 2.0, 20.0 ], "rotation": 90 },
										"down": { "texture": "#skin", "uv": [ 2.5, 17.0, 4.0, 20.0 ], "rotation": 270 }
									}
								}
							]
						}
					]
				}
			]
		}
	]}