{
	"editor": {
		"allAngles": true,
		"entityTextureMode": true
	},
	"textureWidth": 64,
	"textureHeight": 48,
	"textureSizes": {
		"skin": [64,48]
	},
	"textures": {
	},
	"elements": [
		{
			"name": "neck",
			"from": [ 14.71, 8.83, 6.56 ], 
			"to": [ 18.5456, 14.5675, 9.4288 ], 
			"unwrapMode": 3,
			"unwrapRotation": 1,
			"uv": [ 0.5, 23.0 ],
			"rotationOrigin": [ 18.5348, 8.828, 8.0 ],
			"rotationZ": 54.0,
			"faces": {
						"north": { "texture": "#skin", "uv": [ 10.0, 26.0, 16.5, 30.5 ], "rotation": 270, "windMode": [-1,-1,-1,-1], "windData": [0,0,1,0] },
						"east": { "texture": "#skin", "uv": [ 3.5, 23.0, 10.0, 26.0 ], "rotation": 90, "windMode": [-1,-1,-1,-1], "windData": [1,0,0,1] },
						"south": { "texture": "#skin", "uv": [ 3.5, 26.0, 10.0, 30.5 ], "rotation": 90 },
						"west": { "texture": "#skin", "uv": [ 3.5, 30.5, 10.0, 33.5 ], "rotation": 90 },
						"up": { "texture": "#skin", "uv": [ 0.5, 26.0, 3.5, 30.5 ], "rotation": 90 },
						"down": { "texture": "#skin", "uv": [ 10.0, 26.0, 13.0, 30.5 ], "rotation": 270, "enabled": false, "windMode": [-1,-1,-1,-1] }
			},
			"children": [
				{
					"name": "neck2",
					"from": [ 0.6035, 2.737, 0.0956 ], 
					"to": [ 4.0035, 8.4745, 2.7731 ], 
					"unwrapMode": 3,
					"uv": [ 7.5, 31.0 ],
					"rotationOrigin": [ 3.876, 4.624, 1.4344 ],
					"rotationZ": -30.0,
					"faces": {
						"north": { "texture": "#skin", "uv": [ 17.5, 34.0, 21.5, 40.5 ] },
						"east": { "texture": "#skin", "uv": [ 14.5, 34.0, 17.5, 40.5 ] },
						"south": { "texture": "#skin", "uv": [ 10.5, 34.0, 14.5, 40.5 ] },
						"west": { "texture": "#skin", "uv": [ 7.5, 34.0, 10.5, 40.5 ] },
						"up": { "texture": "#skin", "uv": [ 10.5, 31.0, 14.5, 34.0 ] },
						"down": { "texture": "#skin", "uv": [ 10.5, 40.5, 14.5, 43.5 ], "rotation": 180, "enabled": false, "windMode": [-1,-1,-1,-1] }
					},
					"children": [
						{
							"name": "head",
							"from": [ 0.0255, 2.2865, -0.204 ], 
							"to": [ 3.3724, 5.9203, 2.856 ], 
							"unwrapMode": 4,
							"uv": [ 15.0, 13.5 ],
							"rotationOrigin": [ 3.264, 5.729, 1.5215 ],
							"rotationZ": -45.0,
							"faces": {
								"north": { "texture": "#skin", "uv": [ 15.0, 17.0, 18.5, 21.0 ] },
								"east": { "texture": "#skin", "uv": [ 25.5, 17.0, 29.0, 21.0 ] },
								"south": { "texture": "#skin", "uv": [ 22.0, 17.0, 25.5, 21.0 ] },
								"west": { "texture": "#skin", "uv": [ 18.5, 17.0, 22.0, 21.0 ] },
								"up": { "texture": "#skin", "uv": [ 18.5, 13.5, 22.0, 17.0 ], "rotation": 90 },
								"down": { "texture": "#skin", "uv": [ 18.5, 21.0, 22.0, 24.5 ], "rotation": 90 }
							},
							"children": [
								{
									"name": "mouth up",
									"from": [ -2.5819, 0.5738, 0.68 ], 
									"to": [ 0.2869, 1.4025, 2.38 ], 
									"unwrapMode": 5,
									"unwrapRotation": 1,
									"uv": [ 0.0, 13.5 ],
									"rotationOrigin": [ 0.2869, 1.5938, 1.5555 ],
									"rotationZ": 45.0,
									"faces": {
										"north": { "texture": "#skin", "uv": [ 0.0, 13.5, 0.5, 16.5 ], "rotation": 270 },
										"east": { "texture": "#skin", "uv": [ 0.5, 13.5, 2.5, 14.0 ], "rotation": 180, "enabled": false },
										"south": { "texture": "#skin", "uv": [ 2.5, 13.5, 3.0, 16.5 ], "rotation": 90 },
										"west": { "texture": "#skin", "uv": [ 0.5, 16.5, 2.5, 17.0 ] },
										"up": { "texture": "#skin", "uv": [ 0.5, 13.5, 2.5, 16.5 ], "rotation": 90 },
										"down": { "texture": "#skin", "uv": [ 3.0, 13.5, 5.0, 16.5 ], "rotation": 270 }
									},
									"children": [
										{
											"name": "nose",
											"from": [ -0.0956, 0.1403, 0.2975 ], 
											"to": [ 0.8606, 1.0009, 1.445 ], 
											"unwrapMode": 4,
											"uv": [ 1.0, 20.0 ],
											"rotationOrigin": [ -0.0956, 1.0519, 0.8713 ],
											"faces": {
												"north": { "texture": "#skin", "uv": [ 1.0, 21.0, 2.0, 22.0 ], "windMode": [-1,-1,-1,-1], "windData": [1,1,1,1] },
												"east": { "texture": "#skin", "uv": [ 4.0, 21.0, 5.0, 22.0 ], "windMode": [-1,-1,-1,-1], "windData": [1,1,1,1] },
												"south": { "texture": "#skin", "uv": [ 3.0, 21.0, 4.0, 22.0 ], "windMode": [-1,-1,-1,-1], "windData": [1,1,1,1] },
												"west": { "texture": "#skin", "uv": [ 2.0, 21.0, 3.0, 22.0 ], "windMode": [-1,-1,-1,-1], "windData": [1,1,1,1] },
												"up": { "texture": "#skin", "uv": [ 2.0, 20.0, 3.0, 21.0 ], "rotation": 90, "windMode": [-1,-1,-1,-1], "windData": [1,1,1,1] },
												"down": { "texture": "#skin", "uv": [ 2.0, 22.0, 3.0, 23.0 ], "rotation": 90, "windMode": [-1,-1,-1,-1], "windData": [1,1,1,1] }
											}
										},
										{
											"name": "nose bridge",
											"from": [ 0.4781, 0.0085, 0.102 ], 
											"to": [ 3.9525, 0.8585, 1.632 ], 
											"unwrapMode": 5,
											"unwrapRotation": 1,
											"uv": [ 15.0, 0.0 ],
											"rotationOrigin": [ 0.4781, 0.2168, 0.5844 ],
											"rotationZ": 18.0,
											"faces": {
												"north": { "texture": "#skin", "uv": [ 15.0, 0.0, 16.0, 4.0 ], "rotation": 270 },
												"east": { "texture": "#skin", "uv": [ 16.0, 0.0, 17.5, 1.0 ], "rotation": 180, "enabled": false, "windMode": [-1,-1,-1,-1], "windData": [1,1,1,1] },
												"south": { "texture": "#skin", "uv": [ 17.5, 0.0, 18.5, 4.0 ], "rotation": 90 },
												"west": { "texture": "#skin", "uv": [ 16.0, 4.0, 17.5, 5.0 ], "enabled": false },
												"up": { "texture": "#skin", "uv": [ 16.0, 0.0, 17.5, 4.0 ], "rotation": 90 },
												"down": { "texture": "#skin", "uv": [ 18.5, 0.0, 20.0, 4.0 ], "rotation": 270, "enabled": false }
											}
										}
									]
								},
								{
									"name": "R ear",
									"from": [ 2.125, 2.1335, -2.04 ], 
									"to": [ 2.6031, 3.5679, 0.3506 ], 
									"unwrapMode": 4,
									"uv": [ 0.0, 0.0 ],
									"rotationOrigin": [ 2.3163, 2.805, 0.3506 ],
									"rotationX": 35.0,
									"rotationZ": 22.0,
									"faces": {
										"north": { "texture": "#skin", "uv": [ 0.0, 0.5, 0.5, 2.0 ] },
										"east": { "texture": "#skin", "uv": [ 3.5, 0.5, 6.0, 2.0 ] },
										"south": { "texture": "#skin", "uv": [ 3.0, 0.5, 3.5, 2.0 ], "windMode": [-1,-1,-1,-1], "windData": [0,0,0,0] },
										"west": { "texture": "#skin", "uv": [ 0.5, 0.5, 3.0, 2.0 ] },
										"up": { "texture": "#skin", "uv": [ 0.5, 0.0, 3.0, 0.5 ], "rotation": 90 },
										"down": { "texture": "#skin", "uv": [ 0.5, 2.0, 3.0, 2.5 ], "rotation": 90 }
									}
								},
								{
									"name": "L ear",
									"from": [ 2.125, 2.1335, 2.72 ], 
									"to": [ 2.6031, 3.5679, 5.1106 ], 
									"unwrapMode": 2,
									"uv": [ 0.0, 3.0 ],
									"rotationOrigin": [ 2.3163, 2.805, 2.72 ],
									"rotationX": -35.0,
									"rotationZ": 22.0,
									"faces": {
										"north": { "texture": "#skin", "uv": [ 3.0, 3.5, 3.5, 5.0 ], "windMode": [-1,-1,-1,-1] },
										"east": { "texture": "#skin", "uv": [ 0.5, 3.5, 3.0, 5.0 ] },
										"south": { "texture": "#skin", "uv": [ 0.0, 3.5, 0.5, 5.0 ], "windMode": [-1,-1,-1,-1], "windData": [1,1,1,1] },
										"west": { "texture": "#skin", "uv": [ 3.5, 3.5, 6.0, 5.0 ] },
										"up": { "texture": "#skin", "uv": [ 0.5, 3.0, 3.0, 3.5 ], "rotation": 270 },
										"down": { "texture": "#skin", "uv": [ 0.5, 5.0, 3.0, 5.5 ], "rotation": 270 }
									}
								},
								{
									"name": "jaw",
									"from": [ -1.4535, 0.136, 0.782 ], 
									"to": [ 1.4153, 0.7735, 2.312 ], 
									"unwrapMode": 5,
									"unwrapRotation": 1,
									"uv": [ 0.0, 17.0 ],
									"rotationOrigin": [ 1.2224, 0.7565, 1.5513 ],
									"rotationZ": 34.0,
									"faces": {
										"north": { "texture": "#skin", "uv": [ 0.0, 17.0, 0.5, 20.0 ], "rotation": 270 },
										"east": { "texture": "#skin", "uv": [ 0.5, 17.0, 2.0, 17.5 ], "rotation": 180, "enabled": false },
										"south": { "texture": "#skin", "uv": [ 2.0, 17.0, 2.5, 20.0 ], "rotation": 90 },
										"west": { "texture": "#skin", "uv": [ 0.5, 20.0, 2.0, 20.5 ] },
										"up": { "texture": "#skin", "uv": [ 0.5, 17.0, 2.0, 20.0 ], "rotation": 90 },
										"down": { "texture": "#skin", "uv": [ 2.5, 17.0, 4.0, 20.0 ], "rotation": 270 }
									}
								}
							]
						}
					]
				}
			]
		}
	]}