{
	"editor": {
		"allAngles": true,
		"entityTextureMode": true
	},
	"textureWidth": 32,
	"textureHeight": 32,
	"textureSizes": {
		"skin": [32,32]
	},
	"textures": {
	},
	"elements": [
		{
			"name": "neck",
			"from": [ 15.39, 8.36, 7.1 ], 
			"to": [ 17.89, 12.06, 8.9 ], 
			"unwrapMode": 3,
			"unwrapRotation": 1,
			"uv": [ 16.0, 0.0 ],
			"rotationOrigin": [ 17.8946, 8.3554, 8.0 ],
			"rotationZ": 49.0,
			"faces": {
				"north": { "texture": "#skin", "uv": [ 21.0, 1.5, 24.5, 4.0 ], "rotation": 270, "windMode": [-1,-1,-1,-1], "windData": [0,0,1,0] },
				"east": { "texture": "#skin", "uv": [ 17.5, 0.0, 21.0, 1.5 ], "rotation": 90, "windMode": [-1,-1,-1,-1], "windData": [1,0,0,1] },
				"south": { "texture": "#skin", "uv": [ 17.5, 1.5, 21.0, 4.0 ], "rotation": 90 },
				"west": { "texture": "#skin", "uv": [ 17.5, 4.0, 21.0, 5.5 ], "rotation": 90 },
				"up": { "texture": "#skin", "uv": [ 16.0, 1.5, 17.5, 4.0 ], "rotation": 90 },
				"down": { "texture": "#skin", "uv": [ 21.0, 1.5, 22.5, 4.0 ], "rotation": 270, "enabled": false, "windMode": [-1,-1,-1,-1], "windData": [0,1,1,0] }
			},
			"children": [
				{
					"name": "neck2",
					"from": [ 0.3, 2.2, 0.1 ], 
					"to": [ 2.4, 5.6, 1.7 ], 
					"unwrapMode": 3,
					"uv": [ 24.5, 0.0 ],
					"rotationOrigin": [ 2.4, 3.3, 1.0 ],
					"rotationZ": -25.0,
					"faces": {
						"north": { "texture": "#skin", "uv": [ 29.5, 1.5, 31.5, 4.5 ], "windMode": [-1,-1,-1,-1], "windData": [1,1,1,1] },
						"east": { "texture": "#skin", "uv": [ 28.0, 1.5, 29.5, 4.5 ], "windMode": [-1,-1,-1,-1], "windData": [1,1,1,1] },
						"south": { "texture": "#skin", "uv": [ 26.0, 1.5, 28.0, 4.5 ], "windMode": [-1,-1,-1,-1], "windData": [1,1,1,1] },
						"west": { "texture": "#skin", "uv": [ 24.5, 1.5, 26.0, 4.5 ], "windMode": [-1,-1,-1,-1], "windData": [1,1,1,1] },
						"up": { "texture": "#skin", "uv": [ 26.0, 0.0, 28.0, 1.5 ], "windMode": [-1,-1,-1,-1], "windData": [1,1,1,1] },
						"down": { "texture": "#skin", "uv": [ 26.0, 4.5, 28.0, 6.0 ], "rotation": 180, "enabled": false, "windMode": [-1,-1,-1,-1], "windData": [1,1,1,1] }
					},
					"children": [
						{
							"name": "head",
							"from": [ 0.8, 0.9, -0.1 ], 
							"to": [ 2.1, 3.4, 1.7 ], 
							"unwrapMode": 4,
							"uv": [ 8.0, 8.5 ],
							"rotationOrigin": [ 2.1, 3.4, 0.8 ],
							"rotationZ": -60.0,
							"faces": {
								"north": { "texture": "#skin", "uv": [ 8.0, 9.5, 9.0, 12.0 ] },
								"east": { "texture": "#skin", "uv": [ 11.5, 9.5, 13.0, 12.0 ] },
								"south": { "texture": "#skin", "uv": [ 10.5, 9.5, 11.5, 12.0 ] },
								"west": { "texture": "#skin", "uv": [ 9.0, 9.5, 10.5, 12.0 ] },
								"up": { "texture": "#skin", "uv": [ 9.0, 8.5, 10.5, 9.5 ], "rotation": 90 },
								"down": { "texture": "#skin", "uv": [ 9.0, 12.0, 10.5, 13.0 ], "rotation": 90 }
							},
							"children": [
								{
									"name": "mouth up",
									"from": [ -1.6, 0.3, 0.3 ], 
									"to": [ 0.3, 0.7, 1.5 ], 
									"unwrapMode": 5,
									"unwrapRotation": 1,
									"uv": [ 0.0, 0.0 ],
									"rotationOrigin": [ 0.2, 0.7, 0.9 ],
									"rotationZ": 55.0,
									"faces": {
										"north": { "texture": "#skin", "uv": [ 0.0, 0.0, 0.5, 1.5 ], "rotation": 270 },
										"east": { "texture": "#skin", "uv": [ 0.5, 0.0, 1.5, 0.5 ], "rotation": 180, "enabled": false },
										"south": { "texture": "#skin", "uv": [ 1.5, 0.0, 2.0, 1.5 ], "rotation": 90 },
										"west": { "texture": "#skin", "uv": [ 0.5, 1.5, 1.5, 2.0 ] },
										"up": { "texture": "#skin", "uv": [ 0.5, 0.0, 1.5, 1.5 ], "rotation": 90 },
										"down": { "texture": "#skin", "uv": [ 2.0, 0.0, 3.0, 1.5 ], "rotation": 270 }
									},
									"children": [
										{
											"name": "nose",
											"from": [ -0.2, 0.2, 0.3 ], 
											"to": [ 0.5, 0.8, 0.9 ], 
											"unwrapMode": 4,
											"uv": [ 1.0, 1.5 ],
											"rotationOrigin": [ -0.2, 0.8, 0.6 ],
											"rotationZ": 16.0,
											"faces": {
												"north": { "texture": "#skin", "uv": [ 1.0, 2.0, 1.5, 2.5 ], "windMode": [-1,-1,-1,-1], "windData": [1,1,1,1] },
												"east": { "texture": "#skin", "uv": [ 2.5, 2.0, 3.0, 2.5 ], "windMode": [-1,-1,-1,-1], "windData": [1,1,1,1] },
												"south": { "texture": "#skin", "uv": [ 2.0, 2.0, 2.5, 2.5 ], "windMode": [-1,-1,-1,-1], "windData": [1,1,1,1] },
												"west": { "texture": "#skin", "uv": [ 1.5, 2.0, 2.0, 2.5 ], "windMode": [-1,-1,-1,-1], "windData": [1,1,1,1] },
												"up": { "texture": "#skin", "uv": [ 1.5, 1.5, 2.0, 2.0 ], "rotation": 90, "windMode": [-1,-1,-1,-1], "windData": [1,1,1,1] },
												"down": { "texture": "#skin", "uv": [ 1.5, 2.5, 2.0, 3.0 ], "rotation": 90, "windMode": [-1,-1,-1,-1], "windData": [1,1,1,1] }
											}
										},
										{
											"name": "nose bridge",
											"from": [ 0.3, 0.0, 0.15 ], 
											"to": [ 3.4, 0.9, 1.05 ], 
											"unwrapMode": 5,
											"unwrapRotation": 1,
											"uv": [ 1.0, 10.5 ],
											"rotationOrigin": [ 0.3, 0.0, 0.4 ],
											"rotationZ": 13.0,
											"faces": {
												"north": { "texture": "#skin", "uv": [ 1.0, 10.5, 1.5, 13.5 ], "rotation": 270 },
												"east": { "texture": "#skin", "uv": [ 1.5, 10.5, 2.0, 11.0 ], "rotation": 180, "enabled": false, "windMode": [-1,-1,-1,-1], "windData": [1,1,1,1] },
												"south": { "texture": "#skin", "uv": [ 2.0, 10.5, 2.5, 13.5 ], "rotation": 90 },
												"west": { "texture": "#skin", "uv": [ 1.5, 13.5, 2.0, 14.0 ], "windMode": [-1,-1,-1,-1], "windData": [1,1,1,1] },
												"up": { "texture": "#skin", "uv": [ 1.5, 10.5, 2.0, 13.5 ], "rotation": 90 },
												"down": { "texture": "#skin", "uv": [ 2.5, 10.5, 3.0, 13.5 ], "rotation": 270, "enabled": false }
											}
										}
									]
								},
								{
									"name": "R ear",
									"from": [ 0.7, 1.8, -1.6 ], 
									"to": [ 0.9, 2.8, 0.4 ], 
									"unwrapMode": 4,
									"uv": [ 7.5, 19.5 ],
									"rotationOrigin": [ 0.9, 2.2, 0.3 ],
									"rotationX": 45.0,
									"rotationZ": 22.0,
									"faces": {
										"north": { "texture": "#skin", "uv": [ 7.5, 20.0, 8.0, 21.0 ] },
										"east": { "texture": "#skin", "uv": [ 10.0, 20.0, 12.0, 21.0 ] },
										"south": { "texture": "#skin", "uv": [ 10.0, 20.0, 10.5, 21.0 ], "enabled": false, "windMode": [-1,-1,-1,-1], "windData": [1,1,1,1] },
										"west": { "texture": "#skin", "uv": [ 8.0, 20.0, 10.0, 21.0 ] },
										"up": { "texture": "#skin", "uv": [ 8.0, 19.5, 10.0, 20.0 ], "rotation": 90 },
										"down": { "texture": "#skin", "uv": [ 8.0, 21.0, 10.0, 21.5 ], "rotation": 90 }
									}
								},
								{
									"name": "L ear",
									"from": [ 0.7, 1.8, 1.5 ], 
									"to": [ 0.9, 2.8, 3.5 ], 
									"unwrapMode": 4,
									"uv": [ 12.0, 19.5 ],
									"rotationOrigin": [ 0.9, 2.2, 1.5 ],
									"rotationX": -45.0,
									"rotationZ": 22.0,
									"faces": {
										"north": { "texture": "#skin", "uv": [ 12.0, 20.0, 12.5, 21.0 ], "enabled": false },
										"east": { "texture": "#skin", "uv": [ 14.5, 20.0, 16.5, 21.0 ] },
										"south": { "texture": "#skin", "uv": [ 14.0, 20.0, 14.5, 21.0 ] },
										"west": { "texture": "#skin", "uv": [ 12.0, 20.0, 14.0, 21.0 ] },
										"up": { "texture": "#skin", "uv": [ 12.0, 19.5, 14.0, 20.0 ], "rotation": 90 },
										"down": { "texture": "#skin", "uv": [ 12.0, 21.0, 14.0, 21.5 ], "rotation": 90 }
									}
								},
								{
									"name": "jaw",
									"from": [ -1.0, 0.0, 0.4 ], 
									"to": [ 0.9, 0.35, 1.4 ], 
									"unwrapMode": 5,
									"unwrapRotation": 1,
									"uv": [ 0.0, 8.5 ],
									"rotationOrigin": [ 0.6, 0.3, 1.0 ],
									"rotationZ": 42.0,
									"faces": {
										"north": { "texture": "#skin", "uv": [ 0.0, 8.5, 0.5, 10.0 ], "rotation": 270 },
										"east": { "texture": "#skin", "uv": [ 0.5, 8.5, 1.5, 9.0 ], "rotation": 180, "enabled": false },
										"south": { "texture": "#skin", "uv": [ 1.5, 8.5, 2.0, 10.0 ], "rotation": 90 },
										"west": { "texture": "#skin", "uv": [ 0.5, 10.0, 1.5, 10.5 ] },
										"up": { "texture": "#skin", "uv": [ 0.5, 8.5, 1.5, 10.0 ], "rotation": 90 },
										"down": { "texture": "#skin", "uv": [ 2.0, 8.5, 3.0, 10.0 ], "rotation": 270 }
									}
								},
								{
									"name": "Horn attachment",
									"from": [ 0.0, 2.1, 0.9 ], 
									"to": [ 0.7, 2.8, 1.6 ], 
									"uv": [ 0.0, 0.0 ],
									"rotationOrigin": [ 0.0, 2.1, 0.9 ],
									"faces": {
										"north": { "texture": "#skin", "uv": [ 0.0, 1.0, 0.72, 1.72 ], "enabled": false },
										"east": { "texture": "#skin", "uv": [ 1.0, 1.0, 1.72, 1.72 ], "enabled": false, "windMode": [-1,-1,-1,-1], "windData": [1,1,1,1] },
										"south": { "texture": "#skin", "uv": [ 1.0, 1.0, 1.72, 1.72 ], "enabled": false, "windMode": [-1,-1,-1,-1], "windData": [1,1,1,1] },
										"west": { "texture": "#skin", "uv": [ 1.0, 1.0, 1.72, 1.72 ], "enabled": false, "windMode": [-1,-1,-1,-1], "windData": [1,1,1,1] },
										"up": { "texture": "#skin", "uv": [ 0.0, 0.0, 0.72, 0.72 ], "enabled": false, "windMode": [-1,-1,-1,-1], "windData": [1,1,1,1] },
										"down": { "texture": "#skin", "uv": [ 1.0, 0.0, 1.72, 0.72 ], "enabled": false, "windMode": [-1,-1,-1,-1], "windData": [1,1,1,1] }
									},
									"children": [
										{
											"name": "R antler base",
											"from": [ 0.0, 0.0, -1.1 ], 
											"to": [ 0.4, 1.0, -0.7 ], 
											"unwrapMode": 4,
											"uv": [ 0.0, 30.0 ],
											"rotationOrigin": [ -0.1, 0.5, -0.7 ],
											"rotationX": -20.0,
											"rotationY": -25.0,
											"rotationZ": 25.0,
											"faces": {
												"north": { "texture": "#skin", "uv": [ 0.0, 30.5, 0.5, 31.5 ] },
												"east": { "texture": "#skin", "uv": [ 1.5, 30.5, 2.0, 31.5 ] },
												"south": { "texture": "#skin", "uv": [ 1.0, 30.5, 1.5, 31.5 ] },
												"west": { "texture": "#skin", "uv": [ 0.5, 30.5, 1.0, 31.5 ] },
												"up": { "texture": "#skin", "uv": [ 0.5, 30.0, 1.0, 30.5 ], "rotation": 90 },
												"down": { "texture": "#skin", "uv": [ 0.5, 31.5, 1.0, 32.0 ], "rotation": 90 }
											},
											"children": [
												{
													"name": "R antler branch 1",
													"from": [ 0.0, 1.0, 0.0 ], 
													"to": [ 0.4, 2.6, 0.4 ], 
													"unwrapMode": 4,
													"uv": [ 0.5, 28.0 ],
													"rotationOrigin": [ 0.0, 1.0, 0.4 ],
													"rotationZ": -25.0,
													"faces": {
														"north": { "texture": "#skin", "uv": [ 0.5, 28.5, 1.0, 30.0 ] },
														"east": { "texture": "#skin", "uv": [ 2.0, 28.5, 2.5, 30.0 ] },
														"south": { "texture": "#skin", "uv": [ 1.5, 28.5, 2.0, 30.0 ] },
														"west": { "texture": "#skin", "uv": [ 1.0, 28.5, 1.5, 30.0 ] },
														"up": { "texture": "#skin", "uv": [ 1.0, 28.0, 1.5, 28.5 ], "rotation": 90 },
														"down": { "texture": "#skin", "uv": [ 1.0, 30.0, 1.5, 30.5 ], "rotation": 90 }
													},
													"children": [
														{
															"name": "R antler point 1",
															"from": [ 0.05, 1.5, 0.025 ], 
															"to": [ 0.35, 2.7, 0.325 ], 
															"unwrapMode": 4,
															"uv": [ 0.5, 25.0 ],
															"rotationOrigin": [ 0.0, 1.5, 0.3 ],
															"rotationX": 15.0,
															"rotationZ": -5.0,
															"faces": {
																"north": { "texture": "#skin", "uv": [ 0.5, 25.5, 1.0, 26.5 ] },
																"east": { "texture": "#skin", "uv": [ 2.0, 25.5, 2.5, 26.5 ] },
																"south": { "texture": "#skin", "uv": [ 1.5, 25.5, 2.0, 26.5 ] },
																"west": { "texture": "#skin", "uv": [ 1.0, 25.5, 1.5, 26.5 ] },
																"up": { "texture": "#skin", "uv": [ 1.0, 25.0, 1.5, 25.5 ], "rotation": 90 },
																"down": { "texture": "#skin", "uv": [ 1.0, 26.5, 1.5, 27.0 ], "rotation": 90 }
															}
														},
														{
															"name": "R antler point 2",
															"from": [ 0.0, 1.3, 0.0 ], 
															"to": [ 0.3, 2.5, 0.3 ], 
															"unwrapMode": 4,
															"uv": [ 0.0, 23.5 ],
															"rotationOrigin": [ 0.0, 1.3, 0.2 ],
															"rotationX": 25.0,
															"rotationZ": 45.0,
															"faces": {
																"north": { "texture": "#skin", "uv": [ 0.0, 24.0, 0.5, 25.0 ] },
																"east": { "texture": "#skin", "uv": [ 1.5, 24.0, 2.0, 25.0 ] },
																"south": { "texture": "#skin", "uv": [ 1.0, 24.0, 1.5, 25.0 ] },
																"west": { "texture": "#skin", "uv": [ 0.5, 24.0, 1.0, 25.0 ] },
																"up": { "texture": "#skin", "uv": [ 0.5, 23.5, 1.0, 24.0 ], "rotation": 90 },
																"down": { "texture": "#skin", "uv": [ 0.5, 25.0, 1.0, 25.5 ], "rotation": 90 }
															}
														}
													]
												},
												{
													"name": "R antler branch 2",
													"from": [ 0.0, 0.7, 0.0 ], 
													"to": [ 0.4, 1.9, 0.4 ], 
													"unwrapMode": 4,
													"uv": [ 0.0, 26.5 ],
													"rotationOrigin": [ 0.0, 0.7, 0.0 ],
													"rotationZ": 45.0,
													"faces": {
														"north": { "texture": "#skin", "uv": [ 0.0, 27.0, 0.5, 28.0 ] },
														"east": { "texture": "#skin", "uv": [ 1.5, 27.0, 2.0, 28.0 ] },
														"south": { "texture": "#skin", "uv": [ 1.0, 27.0, 1.5, 28.0 ] },
														"west": { "texture": "#skin", "uv": [ 0.5, 27.0, 1.0, 28.0 ] },
														"up": { "texture": "#skin", "uv": [ 0.5, 26.5, 1.0, 27.0 ], "rotation": 90 },
														"down": { "texture": "#skin", "uv": [ 0.5, 28.0, 1.0, 28.5 ], "rotation": 90 }
													},
													"children": [
														{
															"name": "R antler point 3",
															"from": [ 0.0, 1.2, 0.0 ], 
															"to": [ 0.3, 2.1, 0.3 ], 
															"unwrapMode": 4,
															"uv": [ 0.5, 22.5 ],
															"rotationOrigin": [ 0.0, 1.1, 0.0 ],
															"rotationX": 20.0,
															"rotationZ": -25.0,
															"faces": {
																"north": { "texture": "#skin", "uv": [ 0.5, 23.0, 1.0, 23.5 ] },
																"east": { "texture": "#skin", "uv": [ 2.0, 23.0, 2.5, 23.5 ] },
																"south": { "texture": "#skin", "uv": [ 1.5, 23.0, 2.0, 23.5 ] },
																"west": { "texture": "#skin", "uv": [ 1.0, 23.0, 1.5, 23.5 ] },
																"up": { "texture": "#skin", "uv": [ 1.0, 22.5, 1.5, 23.0 ], "rotation": 90 },
																"down": { "texture": "#skin", "uv": [ 1.0, 23.5, 1.5, 24.0 ], "rotation": 90 }
															}
														}
													]
												}
											]
										},
										{
											"name": "L antler base",
											"from": [ 0.0, 0.0, 0.7 ], 
											"to": [ 0.4, 1.0, 1.1 ], 
											"unwrapMode": 4,
											"uv": [ 3.0, 30.0 ],
											"rotationOrigin": [ -0.1, 0.5, 0.7 ],
											"rotationX": 20.0,
											"rotationY": 25.0,
											"rotationZ": 25.0,
											"faces": {
												"north": { "texture": "#skin", "uv": [ 3.0, 30.5, 3.5, 31.5 ] },
												"east": { "texture": "#skin", "uv": [ 4.5, 30.5, 5.0, 31.5 ] },
												"south": { "texture": "#skin", "uv": [ 4.0, 30.5, 4.5, 31.5 ] },
												"west": { "texture": "#skin", "uv": [ 3.5, 30.5, 4.0, 31.5 ] },
												"up": { "texture": "#skin", "uv": [ 3.5, 30.0, 4.0, 30.5 ], "rotation": 90, "windMode": [-1,-1,-1,-1], "windData": [1,1,1,1] },
												"down": { "texture": "#skin", "uv": [ 3.5, 31.5, 4.0, 32.0 ], "rotation": 90, "windMode": [-1,-1,-1,-1], "windData": [1,1,1,1] }
											},
											"children": [
												{
													"name": "L antler branch 1",
													"from": [ 0.0, 1.0, 0.0 ], 
													"to": [ 0.4, 2.6, 0.4 ], 
													"unwrapMode": 4,
													"uv": [ 3.5, 28.0 ],
													"rotationOrigin": [ 0.0, 1.0, 0.0 ],
													"rotationZ": -25.0,
													"faces": {
														"north": { "texture": "#skin", "uv": [ 3.5, 28.5, 4.0, 30.0 ] },
														"east": { "texture": "#skin", "uv": [ 5.0, 28.5, 5.5, 30.0 ] },
														"south": { "texture": "#skin", "uv": [ 4.5, 28.5, 5.0, 30.0 ] },
														"west": { "texture": "#skin", "uv": [ 4.0, 28.5, 4.5, 30.0 ] },
														"up": { "texture": "#skin", "uv": [ 4.0, 28.0, 4.5, 28.5 ], "rotation": 90 },
														"down": { "texture": "#skin", "uv": [ 4.0, 30.0, 4.5, 30.5 ], "rotation": 90 }
													},
													"children": [
														{
															"name": "L antler point 1",
															"from": [ 0.05, 1.5, 0.075 ], 
															"to": [ 0.35, 2.7, 0.375 ], 
															"unwrapMode": 4,
															"uv": [ 3.5, 25.0 ],
															"rotationOrigin": [ 0.0, 1.5, 0.0 ],
															"rotationX": -15.0,
															"rotationZ": -5.0,
															"faces": {
																"north": { "texture": "#skin", "uv": [ 3.5, 25.5, 4.0, 26.5 ] },
																"east": { "texture": "#skin", "uv": [ 5.0, 25.5, 5.5, 26.5 ] },
																"south": { "texture": "#skin", "uv": [ 4.5, 25.5, 5.0, 26.5 ] },
																"west": { "texture": "#skin", "uv": [ 4.0, 25.5, 4.5, 26.5 ] },
																"up": { "texture": "#skin", "uv": [ 4.0, 25.0, 4.5, 25.5 ], "rotation": 90 },
																"down": { "texture": "#skin", "uv": [ 4.0, 26.5, 4.5, 27.0 ], "rotation": 90 }
															}
														},
														{
															"name": "L antler point 2",
															"from": [ 0.0, 1.3, 0.1 ], 
															"to": [ 0.3, 2.5, 0.4 ], 
															"unwrapMode": 4,
															"uv": [ 3.0, 23.5 ],
															"rotationOrigin": [ 0.0, 1.3, 0.1 ],
															"rotationX": -25.0,
															"rotationZ": 45.0,
															"faces": {
																"north": { "texture": "#skin", "uv": [ 3.0, 24.0, 3.5, 25.0 ] },
																"east": { "texture": "#skin", "uv": [ 4.5, 24.0, 5.0, 25.0 ] },
																"south": { "texture": "#skin", "uv": [ 4.0, 24.0, 4.5, 25.0 ] },
																"west": { "texture": "#skin", "uv": [ 3.5, 24.0, 4.0, 25.0 ] },
																"up": { "texture": "#skin", "uv": [ 3.5, 23.5, 4.0, 24.0 ], "rotation": 90 },
																"down": { "texture": "#skin", "uv": [ 3.5, 25.0, 4.0, 25.5 ], "rotation": 90 }
															}
														}
													]
												},
												{
													"name": "L antlerbranch 2",
													"from": [ 0.0, 0.7, 0.0 ], 
													"to": [ 0.4, 1.9, 0.4 ], 
													"unwrapMode": 4,
													"uv": [ 3.0, 26.5 ],
													"rotationOrigin": [ 0.0, 0.8, 0.6 ],
													"rotationZ": 45.0,
													"faces": {
														"north": { "texture": "#skin", "uv": [ 3.0, 27.0, 3.5, 28.0 ] },
														"east": { "texture": "#skin", "uv": [ 4.5, 27.0, 5.0, 28.0 ] },
														"south": { "texture": "#skin", "uv": [ 4.0, 27.0, 4.5, 28.0 ] },
														"west": { "texture": "#skin", "uv": [ 3.5, 27.0, 4.0, 28.0 ] },
														"up": { "texture": "#skin", "uv": [ 3.5, 26.5, 4.0, 27.0 ], "rotation": 90 },
														"down": { "texture": "#skin", "uv": [ 3.5, 28.0, 4.0, 28.5 ], "rotation": 90 }
													},
													"children": [
														{
															"name": "L antler point 3",
															"from": [ 0.0, 1.2, 0.05 ], 
															"to": [ 0.3, 2.1, 0.35 ], 
															"unwrapMode": 4,
															"uv": [ 3.5, 22.5 ],
															"rotationOrigin": [ 0.0, 1.2, 0.3 ],
															"rotationX": -20.0,
															"rotationZ": -25.0,
															"faces": {
																"north": { "texture": "#skin", "uv": [ 3.5, 23.0, 4.0, 23.5 ] },
																"east": { "texture": "#skin", "uv": [ 5.0, 23.0, 5.5, 23.5 ] },
																"south": { "texture": "#skin", "uv": [ 4.5, 23.0, 5.0, 23.5 ] },
																"west": { "texture": "#skin", "uv": [ 4.0, 23.0, 4.5, 23.5 ] },
																"up": { "texture": "#skin", "uv": [ 4.0, 22.5, 4.5, 23.0 ], "rotation": 90 },
																"down": { "texture": "#skin", "uv": [ 4.0, 23.5, 4.5, 24.0 ], "rotation": 90 }
															}
														}
													]
												}
											]
										}
									]
								}
							]
						}
					]
				}
			]
		}
	]}