{
	"editor": {
		"allAngles": true,
		"entityTextureMode": true
	},
	"textureWidth": 64,
	"textureHeight": 32,
	"textureSizes": {
		"skin": [64,32]
	},
	"textures": {
	},
	"elements": [
		{
			"name": "neck",
			"from": [ 15.28, 8.06, 7.12 ], 
			"to": [ 18.1, 11.78, 8.92 ], 
			"unwrapMode": 3,
			"unwrapRotation": 1,
			"uv": [ 21.0, 0.0 ],
			"rotationOrigin": [ 17.9128, 8.0641, 8.02 ],
			"rotationZ": 54.0,
			"faces": {
				"north": { "texture": "#skin", "uv": [ 26.0, 1.5, 29.5, 4.0 ], "rotation": 270, "windMode": [-1,-1,-1,-1], "windData": [0,0,1,0] },
				"east": { "texture": "#skin", "uv": [ 22.5, 0.0, 26.0, 1.5 ], "rotation": 90, "windMode": [-1,-1,-1,-1], "windData": [1,0,0,1] },
				"south": { "texture": "#skin", "uv": [ 22.5, 1.5, 26.0, 4.0 ], "rotation": 90 },
				"west": { "texture": "#skin", "uv": [ 22.5, 4.0, 26.0, 5.5 ], "rotation": 90 },
				"up": { "texture": "#skin", "uv": [ 21.0, 1.5, 22.5, 4.0 ], "rotation": 90 },
				"down": { "texture": "#skin", "uv": [ 26.0, 1.5, 27.5, 4.0 ], "rotation": 270, "enabled": false, "windMode": [-1,-1,-1,-1], "windData": [0,1,1,0] }
			},
			"children": [
				{
					"name": "neck2",
					"from": [ 0.32, 2.1, 0.06 ], 
					"to": [ 2.84, 5.7, 1.74 ], 
					"unwrapMode": 3,
					"uv": [ 32.5, 0.0 ],
					"rotationOrigin": [ 2.72, 3.3, 0.9 ],
					"rotationZ": -25.0,
					"faces": {
						"north": { "texture": "#skin", "uv": [ 27.5, 2.0, 32.0, 5.5 ], "rotation": 270, "windMode": [-1,-1,-1,-1], "windData": [0,0,1,0] },
						"east": { "texture": "#skin", "uv": [ 23.0, 0.0, 27.5, 2.0 ], "rotation": 90, "windMode": [-1,-1,-1,-1], "windData": [1,0,0,1] },
						"south": { "texture": "#skin", "uv": [ 23.0, 2.0, 27.5, 5.5 ], "rotation": 90 },
						"west": { "texture": "#skin", "uv": [ 23.0, 5.5, 27.5, 7.5 ], "rotation": 90 },
						"up": { "texture": "#skin", "uv": [ 21.0, 2.0, 23.0, 5.5 ], "rotation": 90 },
						"down": { "texture": "#skin", "uv": [ 27.5, 2.0, 29.5, 5.5 ], "rotation": 270, "enabled": false, "windMode": [-1,-1,-1,-1], "windData": [0,1,1,0] }
					},
					"children": [
						{
							"name": "head",
							"from": [ 1.2, 0.96, -0.24 ], 
							"to": [ 2.52, 3.66, 1.92 ], 
							"unwrapMode": 4,
							"uv": [ 10.5, 11.5 ],
							"rotationOrigin": [ 2.52, 3.6, 0.9 ],
							"rotationZ": -60.0,
							"faces": {
								"north": { "texture": "#skin", "uv": [ 10.5, 13.0, 12.0, 16.0 ] },
								"east": { "texture": "#skin", "uv": [ 16.0, 13.0, 18.5, 16.0 ] },
								"south": { "texture": "#skin", "uv": [ 14.5, 13.0, 16.0, 16.0 ] },
								"west": { "texture": "#skin", "uv": [ 12.0, 13.0, 14.5, 16.0 ] },
								"up": { "texture": "#skin", "uv": [ 12.0, 11.5, 14.5, 13.0 ], "rotation": 90 },
								"down": { "texture": "#skin", "uv": [ 12.0, 16.0, 14.5, 17.5 ], "rotation": 90 }
							},
							"children": [
								{
									"name": "mouth up",
									"from": [ -1.44, 0.36, 0.48 ], 
									"to": [ 0.36, 0.78, 1.68 ], 
									"unwrapMode": 5,
									"unwrapRotation": 1,
									"uv": [ 0.0, 0.0 ],
									"rotationOrigin": [ 0.3, 0.78, 1.08 ],
									"rotationZ": 55.0,
									"faces": {
										"north": { "texture": "#skin", "uv": [ 0.0, 0.0, 0.5, 2.0 ], "rotation": 270 },
										"east": { "texture": "#skin", "uv": [ 0.5, 0.0, 2.0, 0.5 ], "rotation": 180, "enabled": false },
										"south": { "texture": "#skin", "uv": [ 2.0, 0.0, 2.5, 2.0 ], "rotation": 90 },
										"west": { "texture": "#skin", "uv": [ 0.5, 2.0, 2.0, 2.5 ] },
										"up": { "texture": "#skin", "uv": [ 0.5, 0.0, 2.0, 2.0 ], "rotation": 90 },
										"down": { "texture": "#skin", "uv": [ 2.5, 0.0, 4.0, 2.0 ], "rotation": 270 }
									},
									"children": [
										{
											"name": "nose",
											"from": [ -0.24, 0.12, 0.3 ], 
											"to": [ 0.48, 0.72, 0.9 ], 
											"unwrapMode": 4,
											"uv": [ 0.0, 3.0 ],
											"rotationOrigin": [ -0.24, 0.72, 0.6 ],
											"rotationZ": 16.0,
											"faces": {
												"north": { "texture": "#skin", "uv": [ 0.0, 3.5, 0.5, 4.0 ], "windMode": [-1,-1,-1,-1], "windData": [1,1,1,1] },
												"east": { "texture": "#skin", "uv": [ 1.5, 3.5, 2.0, 4.0 ], "windMode": [-1,-1,-1,-1], "windData": [1,1,1,1] },
												"south": { "texture": "#skin", "uv": [ 1.0, 3.5, 1.5, 4.0 ], "windMode": [-1,-1,-1,-1], "windData": [1,1,1,1] },
												"west": { "texture": "#skin", "uv": [ 0.5, 3.5, 1.0, 4.0 ], "windMode": [-1,-1,-1,-1], "windData": [1,1,1,1] },
												"up": { "texture": "#skin", "uv": [ 0.5, 3.0, 1.0, 3.5 ], "rotation": 90, "windMode": [-1,-1,-1,-1], "windData": [1,1,1,1] },
												"down": { "texture": "#skin", "uv": [ 0.5, 4.0, 1.0, 4.5 ], "rotation": 90, "windMode": [-1,-1,-1,-1], "windData": [1,1,1,1] }
											}
										},
										{
											"name": "nose bridge",
											"from": [ 0.36, 0.0, 0.12 ], 
											"to": [ 3.3, 0.9, 1.08 ], 
											"unwrapMode": 5,
											"unwrapRotation": 1,
											"uv": [ 1.5, 14.0 ],
											"rotationOrigin": [ 0.36, 0.0, 0.48 ],
											"rotationZ": 16.0,
											"faces": {
												"north": { "texture": "#skin", "uv": [ 1.5, 14.0, 2.5, 17.5 ], "rotation": 270 },
												"east": { "texture": "#skin", "uv": [ 2.5, 14.0, 3.5, 15.0 ], "rotation": 180, "enabled": false, "windMode": [-1,-1,-1,-1], "windData": [1,1,1,1] },
												"south": { "texture": "#skin", "uv": [ 3.5, 14.0, 4.5, 17.5 ], "rotation": 90 },
												"west": { "texture": "#skin", "uv": [ 2.5, 17.5, 3.5, 18.5 ], "windMode": [-1,-1,-1,-1], "windData": [1,1,1,1] },
												"up": { "texture": "#skin", "uv": [ 2.5, 14.0, 3.5, 17.5 ], "rotation": 90 },
												"down": { "texture": "#skin", "uv": [ 4.5, 14.0, 5.5, 17.5 ], "rotation": 270, "enabled": false }
											}
										}
									]
								},
								{
									"name": "R ear",
									"from": [ 0.72, 1.86, -1.8 ], 
									"to": [ 0.96, 2.94, 0.36 ], 
									"unwrapMode": 4,
									"uv": [ 16.0, 17.5 ],
									"rotationOrigin": [ 0.9, 2.28, 0.36 ],
									"rotationX": 45.0,
									"rotationZ": 22.0,
									"faces": {
										"north": { "texture": "#skin", "uv": [ 16.0, 18.0, 16.5, 19.0 ] },
										"east": { "texture": "#skin", "uv": [ 19.0, 18.0, 21.5, 19.0 ] },
										"south": { "texture": "#skin", "uv": [ 19.0, 18.0, 19.5, 19.0 ], "enabled": false, "windMode": [-1,-1,-1,-1], "windData": [1,1,1,1] },
										"west": { "texture": "#skin", "uv": [ 16.5, 18.0, 19.0, 19.0 ] },
										"up": { "texture": "#skin", "uv": [ 16.5, 17.5, 19.0, 18.0 ], "rotation": 90 },
										"down": { "texture": "#skin", "uv": [ 16.5, 19.0, 19.0, 19.5 ], "rotation": 90 }
									}
								},
								{
									"name": "L ear",
									"from": [ 0.72, 1.86, 1.8 ], 
									"to": [ 0.96, 2.94, 3.96 ], 
									"unwrapMode": 4,
									"uv": [ 10.5, 17.5 ],
									"rotationOrigin": [ 0.9, 2.28, 1.8 ],
									"rotationX": -45.0,
									"rotationZ": 22.0,
									"faces": {
										"north": { "texture": "#skin", "uv": [ 10.5, 18.0, 11.0, 19.0 ], "enabled": false },
										"east": { "texture": "#skin", "uv": [ 13.5, 18.0, 16.0, 19.0 ] },
										"south": { "texture": "#skin", "uv": [ 13.0, 18.0, 13.5, 19.0 ] },
										"west": { "texture": "#skin", "uv": [ 10.5, 18.0, 13.0, 19.0 ] },
										"up": { "texture": "#skin", "uv": [ 10.5, 17.5, 13.0, 18.0 ], "rotation": 90 },
										"down": { "texture": "#skin", "uv": [ 10.5, 19.0, 13.0, 19.5 ], "rotation": 90 }
									}
								},
								{
									"name": "jaw",
									"from": [ -0.9, 0.0, 0.54 ], 
									"to": [ 0.9, 0.36, 1.62 ], 
									"unwrapMode": 5,
									"unwrapRotation": 1,
									"uv": [ 0.0, 11.5 ],
									"rotationOrigin": [ 0.66, 0.36, 1.08 ],
									"rotationZ": 42.0,
									"faces": {
										"north": { "texture": "#skin", "uv": [ 0.0, 11.5, 0.5, 13.5 ], "rotation": 270 },
										"east": { "texture": "#skin", "uv": [ 0.5, 11.5, 1.5, 12.0 ], "rotation": 180, "enabled": false },
										"south": { "texture": "#skin", "uv": [ 1.5, 11.5, 2.0, 13.5 ], "rotation": 90 },
										"west": { "texture": "#skin", "uv": [ 0.5, 13.5, 1.5, 14.0 ] },
										"up": { "texture": "#skin", "uv": [ 0.5, 11.5, 1.5, 13.5 ], "rotation": 90 },
										"down": { "texture": "#skin", "uv": [ 2.0, 11.5, 3.0, 13.5 ], "rotation": 270 }
									}
								}
							]
						}
					]
				}
			]
		}
	]}