{
	"editor": {
		"allAngles": true,
		"entityTextureMode": true
	},
	"textureWidth": 32,
	"textureHeight": 32,
	"textureSizes": {
		"skin": [32,32]
	},
	"textures": {
	},
	"elements": [
		{
			"name": "Body",
			"from": [ 4.68, 4.8263, 6.33 ], 
			"to": [ 9.135, 8.7244, 9.3 ], 
			"unwrapMode": 3,
			"unwrapRotation": 1,
			"uv": [ 0.0, 0.0 ],
			"rotationOrigin": [ 9.1306, 6.7754, 8.0 ],
			"rotationZ": -6.0,
			"faces": {
				"north": { "texture": "#skin", "uv": [ 12.0, 3.5, 17.0, 9.0 ], "rotation": 270 },
				"east": { "texture": "#skin", "uv": [ 3.5, 0.0, 8.5, 3.5 ], "rotation": 90 },
				"south": { "texture": "#skin", "uv": [ 3.5, 3.5, 8.5, 9.0 ], "rotation": 90 },
				"west": { "texture": "#skin", "uv": [ 3.5, 9.0, 8.5, 12.5 ], "rotation": 90 },
				"up": { "texture": "#skin", "uv": [ 0.0, 3.5, 3.5, 9.0 ], "rotation": 90 },
				"down": { "texture": "#skin", "uv": [ 8.5, 3.5, 12.0, 9.0 ], "rotation": 270 }
			},
			"children": [
				{
					"name": "neck",
					"from": [ -0.2785, 1.9027, 0.7889 ], 
					"to": [ 1.9027, 4.7798, 2.1811 ], 
					"unwrapMode": 3,
					"unwrapRotation": 1,
					"uv": [ 17.0, 0.0 ],
					"rotationOrigin": [ 1.7635, 1.9027, 1.485 ],
					"rotationY": -10.0,
					"rotationZ": 40.0,
					"faces": {
						"north": { "texture": "#skin", "uv": [ 22.0, 1.5, 25.5, 4.0 ], "rotation": 270, "windMode": [-1,-1,-1,-1], "windData": [0,0,1,0] },
						"east": { "texture": "#skin", "uv": [ 18.5, 0.0, 22.0, 1.5 ], "rotation": 90, "windMode": [-1,-1,-1,-1], "windData": [1,0,0,1] },
						"south": { "texture": "#skin", "uv": [ 18.5, 1.5, 22.0, 4.0 ], "rotation": 90 },
						"west": { "texture": "#skin", "uv": [ 18.5, 4.0, 22.0, 5.5 ], "rotation": 90 },
						"up": { "texture": "#skin", "uv": [ 17.0, 1.5, 18.5, 4.0 ], "rotation": 90 },
						"down": { "texture": "#skin", "uv": [ 22.0, 1.5, 23.5, 4.0 ], "rotation": 270, "enabled": false, "windMode": [-1,-1,-1,-1], "windData": [0,1,1,0] }
					},
					"children": [
						{
							"name": "neck2",
							"from": [ 0.1856, 1.6242, 0.0464 ], 
							"to": [ 2.1347, 4.4086, 1.3458 ], 
							"unwrapMode": 3,
							"uv": [ 24.0, 3.0 ],
							"rotationOrigin": [ 2.0419, 2.5523, 0.6961 ],
							"rotationX": -2.0,
							"rotationZ": -15.0,
							"faces": {
								"north": { "texture": "#skin", "uv": [ 29.5, 4.5, 32.0, 8.0 ], "windMode": [-1,-1,-1,-1], "windData": [1,1,1,1] },
								"east": { "texture": "#skin", "uv": [ 28.0, 4.5, 29.5, 8.0 ], "windMode": [-1,-1,-1,-1], "windData": [1,1,1,1] },
								"south": { "texture": "#skin", "uv": [ 25.5, 4.5, 28.0, 8.0 ], "windMode": [-1,-1,-1,-1], "windData": [1,1,1,1] },
								"west": { "texture": "#skin", "uv": [ 24.0, 4.5, 25.5, 8.0 ], "windMode": [-1,-1,-1,-1], "windData": [1,1,1,1] },
								"up": { "texture": "#skin", "uv": [ 25.5, 3.0, 28.0, 4.5 ], "windMode": [-1,-1,-1,-1], "windData": [1,1,1,1] },
								"down": { "texture": "#skin", "uv": [ 25.5, 8.0, 28.0, 9.5 ], "rotation": 180, "enabled": false, "windMode": [-1,-1,-1,-1], "windData": [1,1,1,1] }
							},
							"children": [
								{
									"name": "head",
									"from": [ 0.9281, 0.7425, -0.1856 ], 
									"to": [ 1.9491, 2.8308, 1.485 ], 
									"unwrapMode": 4,
									"uv": [ 8.5, 9.0 ],
									"rotationOrigin": [ 1.9491, 2.7844, 0.6961 ],
									"rotationZ": -60.0,
									"faces": {
										"north": { "texture": "#skin", "uv": [ 8.5, 10.0, 9.5, 12.5 ] },
										"east": { "texture": "#skin", "uv": [ 12.5, 10.0, 14.5, 12.5 ] },
										"south": { "texture": "#skin", "uv": [ 11.5, 10.0, 12.5, 12.5 ] },
										"west": { "texture": "#skin", "uv": [ 9.5, 10.0, 11.5, 12.5 ] },
										"up": { "texture": "#skin", "uv": [ 9.5, 9.0, 11.5, 10.0 ], "rotation": 90 },
										"down": { "texture": "#skin", "uv": [ 9.5, 12.5, 11.5, 13.5 ], "rotation": 90 }
									},
									"children": [
										{
											"name": "mouth up",
											"from": [ -1.1137, 0.2785, 0.3712 ], 
											"to": [ 0.2785, 0.6033, 1.2994 ], 
											"unwrapMode": 5,
											"unwrapRotation": 1,
											"uv": [ 0.0, 0.0 ],
											"rotationOrigin": [ 0.2321, 0.6033, 0.8354 ],
											"rotationZ": 55.0,
											"faces": {
												"north": { "texture": "#skin", "uv": [ 0.0, 0.0, 0.5, 1.5 ], "rotation": 270 },
												"east": { "texture": "#skin", "uv": [ 0.5, 0.0, 1.5, 0.5 ], "rotation": 180, "enabled": false },
												"south": { "texture": "#skin", "uv": [ 1.5, 0.0, 2.0, 1.5 ], "rotation": 90 },
												"west": { "texture": "#skin", "uv": [ 0.5, 1.5, 1.5, 2.0 ] },
												"up": { "texture": "#skin", "uv": [ 0.5, 0.0, 1.5, 1.5 ], "rotation": 90 },
												"down": { "texture": "#skin", "uv": [ 2.0, 0.0, 3.0, 1.5 ], "rotation": 270 }
											},
											"children": [
												{
													"name": "nose",
													"from": [ -0.1856, 0.0928, 0.1181 ], 
													"to": [ 0.4331, 0.5569, 0.8072 ], 
													"unwrapMode": 4,
													"uv": [ 0.0, 2.0 ],
													"rotationOrigin": [ -0.1856, 0.5569, 0.5231 ],
													"rotationZ": 16.0,
													"faces": {
														"north": { "texture": "#skin", "uv": [ 0.0, 2.5, 0.5, 3.0 ], "windMode": [-1,-1,-1,-1], "windData": [1,1,1,1] },
														"east": { "texture": "#skin", "uv": [ 1.5, 2.5, 2.0, 3.0 ], "windMode": [-1,-1,-1,-1], "windData": [1,1,1,1] },
														"south": { "texture": "#skin", "uv": [ 1.0, 2.5, 1.5, 3.0 ], "windMode": [-1,-1,-1,-1], "windData": [1,1,1,1] },
														"west": { "texture": "#skin", "uv": [ 0.5, 2.5, 1.0, 3.0 ], "windMode": [-1,-1,-1,-1], "windData": [1,1,1,1] },
														"up": { "texture": "#skin", "uv": [ 0.5, 2.0, 1.0, 2.5 ], "rotation": 90, "windMode": [-1,-1,-1,-1], "windData": [1,1,1,1] },
														"down": { "texture": "#skin", "uv": [ 0.5, 3.0, 1.0, 3.5 ], "rotation": 90, "windMode": [-1,-1,-1,-1], "windData": [1,1,1,1] }
													}
												},
												{
													"name": "nose bridge",
													"from": [ 0.2785, 0.0, 0.1519 ], 
													"to": [ 2.5523, 0.6961, 0.7819 ], 
													"unwrapMode": 5,
													"unwrapRotation": 1,
													"uv": [ 1.5, 10.5 ],
													"rotationOrigin": [ 0.2785, 0.0, 0.4275 ],
													"rotationZ": 16.0,
													"faces": {
														"north": { "texture": "#skin", "uv": [ 1.5, 10.5, 2.0, 13.5 ], "rotation": 270 },
														"east": { "texture": "#skin", "uv": [ 2.0, 10.5, 2.5, 11.0 ], "rotation": 180, "enabled": false, "windMode": [-1,-1,-1,-1], "windData": [1,1,1,1] },
														"south": { "texture": "#skin", "uv": [ 2.5, 10.5, 3.0, 13.5 ], "rotation": 90 },
														"west": { "texture": "#skin", "uv": [ 2.0, 13.5, 2.5, 14.0 ], "windMode": [-1,-1,-1,-1], "windData": [1,1,1,1] },
														"up": { "texture": "#skin", "uv": [ 2.0, 10.5, 2.5, 13.5 ], "rotation": 90 },
														"down": { "texture": "#skin", "uv": [ 3.0, 10.5, 3.5, 13.5 ], "rotation": 270, "enabled": false }
													}
												}
											]
										},
										{
											"name": "R ear",
											"from": [ 0.5569, 1.4386, -1.3922 ], 
											"to": [ 0.7425, 2.2739, 0.2785 ], 
											"unwrapMode": 4,
											"uv": [ 11.5, 12.5 ],
											"rotationOrigin": [ 0.6961, 1.7635, 0.2785 ],
											"rotationX": 45.0,
											"rotationZ": 22.0,
											"faces": {
												"north": { "texture": "#skin", "uv": [ 11.5, 13.0, 12.0, 14.0 ] },
												"east": { "texture": "#skin", "uv": [ 14.0, 13.0, 16.0, 14.0 ] },
												"south": { "texture": "#skin", "uv": [ 14.0, 13.0, 14.5, 14.0 ], "enabled": false, "windMode": [-1,-1,-1,-1], "windData": [1,1,1,1] },
												"west": { "texture": "#skin", "uv": [ 12.0, 13.0, 14.0, 14.0 ] },
												"up": { "texture": "#skin", "uv": [ 12.0, 12.5, 14.0, 13.0 ], "rotation": 90 },
												"down": { "texture": "#skin", "uv": [ 12.0, 14.0, 14.0, 14.5 ], "rotation": 90 }
											}
										},
										{
											"name": "L ear",
											"from": [ 0.5569, 1.4386, 1.3922 ], 
											"to": [ 0.7425, 2.2739, 3.0629 ], 
											"unwrapMode": 4,
											"uv": [ 8.5, 14.0 ],
											"rotationOrigin": [ 0.6961, 1.7635, 1.3922 ],
											"rotationX": -45.0,
											"rotationZ": 22.0,
											"faces": {
												"north": { "texture": "#skin", "uv": [ 8.5, 14.5, 9.0, 15.5 ], "enabled": false },
												"east": { "texture": "#skin", "uv": [ 11.0, 14.5, 13.0, 15.5 ] },
												"south": { "texture": "#skin", "uv": [ 10.5, 14.5, 11.0, 15.5 ] },
												"west": { "texture": "#skin", "uv": [ 8.5, 14.5, 10.5, 15.5 ] },
												"up": { "texture": "#skin", "uv": [ 8.5, 14.0, 10.5, 14.5 ], "rotation": 90 },
												"down": { "texture": "#skin", "uv": [ 8.5, 15.5, 10.5, 16.0 ], "rotation": 90 }
											}
										},
										{
											"name": "jaw",
											"from": [ -0.6961, 0.0, 0.4177 ], 
											"to": [ 0.6961, 0.2785, 1.253 ], 
											"unwrapMode": 5,
											"unwrapRotation": 1,
											"uv": [ 0.0, 9.0 ],
											"rotationOrigin": [ 0.5105, 0.2785, 0.8354 ],
											"rotationZ": 42.0,
											"faces": {
												"north": { "texture": "#skin", "uv": [ 0.0, 9.0, 0.5, 10.5 ], "rotation": 270 },
												"east": { "texture": "#skin", "uv": [ 0.5, 9.0, 1.5, 9.5 ], "rotation": 180, "enabled": false },
												"south": { "texture": "#skin", "uv": [ 1.5, 9.0, 2.0, 10.5 ], "rotation": 90 },
												"west": { "texture": "#skin", "uv": [ 0.5, 10.5, 1.5, 11.0 ] },
												"up": { "texture": "#skin", "uv": [ 0.5, 9.0, 1.5, 10.5 ], "rotation": 90 },
												"down": { "texture": "#skin", "uv": [ 2.0, 9.0, 3.0, 10.5 ], "rotation": 270 }
											}
										}
									]
								}
							]
						}
					]
				},
				{
					"name": "abdomen",
					"from": [ 4.0838, 0.0, 0.0928 ], 
					"to": [ 8.6316, 3.8981, 2.8772 ], 
					"unwrapMode": 3,
					"unwrapRotation": 1,
					"uv": [ 0.0, 12.5 ],
					"rotationOrigin": [ 4.0838, 1.9491, 1.485 ],
					"rotationZ": 8.0,
					"faces": {
						"north": { "texture": "#skin", "uv": [ 12.0, 16.0, 17.0, 22.0 ], "rotation": 270 },
						"east": { "texture": "#skin", "uv": [ 3.5, 12.5, 8.5, 16.0 ], "rotation": 90 },
						"south": { "texture": "#skin", "uv": [ 3.5, 16.0, 8.5, 22.0 ], "rotation": 90 },
						"west": { "texture": "#skin", "uv": [ 3.5, 22.0, 8.5, 25.5 ], "rotation": 90 },
						"up": { "texture": "#skin", "uv": [ 0.0, 16.0, 3.5, 22.0 ], "rotation": 90 },
						"down": { "texture": "#skin", "uv": [ 8.5, 16.0, 12.0, 22.0 ], "rotation": 270 }
					},
					"children": [
						{
							"name": "L back Thigh",
							"from": [ 2.0419, -0.1856, 2.0419 ], 
							"to": [ 4.8263, 3.1556, 3.1556 ], 
							"unwrapMode": 3,
							"uv": [ 0.0, 26.0 ],
							"rotationOrigin": [ 3.1556, 2.2739, 2.5988 ],
							"rotationX": 3.0,
							"rotationZ": -36.0,
							"faces": {
								"north": { "texture": "#skin", "uv": [ 5.5, 27.0, 9.0, 31.0 ] },
								"east": { "texture": "#skin", "uv": [ 4.5, 27.0, 5.5, 31.0 ] },
								"south": { "texture": "#skin", "uv": [ 1.0, 27.0, 4.5, 31.0 ] },
								"west": { "texture": "#skin", "uv": [ 0.0, 27.0, 1.0, 31.0 ] },
								"up": { "texture": "#skin", "uv": [ 1.0, 26.0, 4.5, 27.0 ], "windMode": [-1,-1,-1,-1], "windData": [0,0,1,1] },
								"down": { "texture": "#skin", "uv": [ 1.0, 31.0, 4.5, 32.0 ], "rotation": 180 }
							},
							"children": [
								{
									"name": "L back Upper Arm",
									"from": [ 0.1856, -2.7844, 0.0928 ], 
									"to": [ 1.2994, 0.3712, 0.9746 ], 
									"unwrapMode": 3,
									"uv": [ 27.5, 15.0 ],
									"rotationOrigin": [ 0.7425, 0.3248, 0.5569 ],
									"rotationX": 1.0,
									"rotationZ": 69.0,
									"faces": {
										"north": { "texture": "#skin", "uv": [ 30.5, 16.0, 31.5, 20.0 ] },
										"east": { "texture": "#skin", "uv": [ 29.5, 16.0, 30.5, 20.0 ] },
										"south": { "texture": "#skin", "uv": [ 28.5, 16.0, 29.5, 20.0 ] },
										"west": { "texture": "#skin", "uv": [ 27.5, 16.0, 28.5, 20.0 ] },
										"up": { "texture": "#skin", "uv": [ 28.5, 15.0, 29.5, 16.0 ] },
										"down": { "texture": "#skin", "uv": [ 28.5, 20.0, 29.5, 21.0 ], "rotation": 180 }
									},
									"children": [
										{
											"name": "L back lower arm",
											"from": [ 0.1856, -2.5987, 0.0928 ], 
											"to": [ 0.8353, 0.5569, 0.6497 ], 
											"unwrapMode": 3,
											"uv": [ 20.5, 15.5 ],
											"rotationOrigin": [ 0.6033, 0.5569, 0.4177 ],
											"rotationX": -4.0,
											"rotationZ": -53.0,
											"faces": {
												"north": { "texture": "#skin", "uv": [ 22.0, 16.0, 22.5, 20.0 ] },
												"east": { "texture": "#skin", "uv": [ 21.5, 16.0, 22.0, 20.0 ] },
												"south": { "texture": "#skin", "uv": [ 21.0, 16.0, 21.5, 20.0 ] },
												"west": { "texture": "#skin", "uv": [ 20.5, 16.0, 21.0, 20.0 ] },
												"up": { "texture": "#skin", "uv": [ 21.0, 15.5, 21.5, 16.0 ] },
												"down": { "texture": "#skin", "uv": [ 21.0, 20.0, 21.5, 20.5 ], "rotation": 180 }
											},
											"children": [
												{
													"name": "L back pastern",
													"from": [ 0.0464, -0.6497, 0.0 ], 
													"to": [ 0.6033, 0.7425, 0.5569 ], 
													"unwrapMode": 3,
													"uv": [ 14.5, 0.0 ],
													"rotationOrigin": [ 0.3712, 0.6961, 0.2785 ],
													"rotationZ": -8.0,
													"faces": {
														"north": { "texture": "#skin", "uv": [ 16.0, 0.5, 16.5, 2.0 ] },
														"east": { "texture": "#skin", "uv": [ 15.5, 0.5, 16.0, 2.0 ] },
														"south": { "texture": "#skin", "uv": [ 15.0, 0.5, 15.5, 2.0 ] },
														"west": { "texture": "#skin", "uv": [ 14.5, 0.5, 15.0, 2.0 ] },
														"up": { "texture": "#skin", "uv": [ 15.0, 0.0, 15.5, 0.5 ] },
														"down": { "texture": "#skin", "uv": [ 15.0, 2.0, 15.5, 2.5 ], "rotation": 180 }
													},
													"children": [
														{
															"name": "L origin hind hoof",
															"from": [ 0.3248, 0.4177, 0.3248 ], 
															"to": [ 0.3248, 0.4177, 0.3248 ], 
															"uv": [ 0.0, 0.0 ],
															"rotationOrigin": [ 0.3248, 0.4177, 0.3248 ],
															"faces": {
																"north": { "texture": "#skin", "uv": [ 0.0, 0.5, 0.3713, 0.8713 ], "enabled": false },
																"east": { "texture": "#skin", "uv": [ 0.5, 0.5, 0.8713, 0.8713 ], "enabled": false },
																"south": { "texture": "#skin", "uv": [ 1.0, 0.5, 1.3713, 0.8713 ], "enabled": false },
																"west": { "texture": "#skin", "uv": [ 1.5, 0.5, 1.8713, 0.8713 ], "enabled": false },
																"up": { "texture": "#skin", "uv": [ 0.0, 0.0, 0.3713, 0.3713 ], "enabled": false },
																"down": { "texture": "#skin", "uv": [ 0.5, 0.0, 0.8713, 0.3713 ], "enabled": false }
															},
															"children": [
																{
																	"name": "L hind hoof 1",
																	"from": [ -0.9281, -0.1856, -0.2785 ], 
																	"to": [ -0.1856, 0.0928, 0.1856 ], 
																	"unwrapMode": 4,
																	"uv": [ 0.0, 13.0 ],
																	"rotationOrigin": [ -0.1392, 0.0464, 0.1856 ],
																	"rotationZ": 55.0,
																	"faces": {
																		"north": { "texture": "#skin", "uv": [ 0.0, 13.5, 0.5, 14.0 ] },
																		"east": { "texture": "#skin", "uv": [ 1.5, 13.5, 2.0, 14.0 ] },
																		"south": { "texture": "#skin", "uv": [ 1.0, 13.5, 1.5, 14.0 ] },
																		"west": { "texture": "#skin", "uv": [ 0.5, 13.5, 1.0, 14.0 ] },
																		"up": { "texture": "#skin", "uv": [ 0.5, 13.0, 1.0, 13.5 ], "rotation": 90 },
																		"down": { "texture": "#skin", "uv": [ 0.5, 14.0, 1.0, 14.5 ], "rotation": 90 }
																	}
																},
																{
																	"name": "L hind hoof 2",
																	"from": [ -0.5569, -0.4641, -0.2785 ], 
																	"to": [ 0.1856, -0.1856, 0.1856 ], 
																	"unwrapMode": 4,
																	"uv": [ 1.5, 14.0 ],
																	"rotationOrigin": [ 0.0928, -0.1856, 0.1392 ],
																	"rotationZ": 27.0,
																	"faces": {
																		"north": { "texture": "#skin", "uv": [ 1.5, 14.5, 2.0, 15.0 ] },
																		"east": { "texture": "#skin", "uv": [ 3.0, 14.5, 3.5, 15.0 ] },
																		"south": { "texture": "#skin", "uv": [ 2.5, 14.5, 3.0, 15.0 ] },
																		"west": { "texture": "#skin", "uv": [ 2.0, 14.5, 2.5, 15.0 ] },
																		"up": { "texture": "#skin", "uv": [ 2.0, 14.0, 2.5, 14.5 ], "rotation": 90 },
																		"down": { "texture": "#skin", "uv": [ 2.0, 15.0, 2.5, 15.5 ], "rotation": 90 }
																	}
																}
															]
														}
													]
												}
											]
										}
									]
								}
							]
						},
						{
							"name": "tail",
							"from": [ 4.0373, 2.506, 0.9281 ], 
							"to": [ 4.5942, 3.6197, 1.7635 ], 
							"unwrapMode": 3,
							"unwrapRotation": 1,
							"uv": [ 8.5, 0.0 ],
							"rotationOrigin": [ 4.0373, 3.6197, 1.2994 ],
							"rotationZ": 28.0,
							"faces": {
								"north": { "texture": "#skin", "uv": [ 11.5, 1.0, 12.5, 1.5 ], "rotation": 270, "windMode": [-1,-1,-1,-1], "windData": [0,1,1,0] },
								"east": { "texture": "#skin", "uv": [ 9.5, 0.0, 10.5, 1.0 ], "rotation": 90, "windMode": [-1,-1,-1,-1], "windData": [0,1,1,0] },
								"south": { "texture": "#skin", "uv": [ 9.5, 1.0, 10.5, 1.5 ], "rotation": 90 },
								"west": { "texture": "#skin", "uv": [ 9.5, 1.5, 10.5, 2.5 ], "rotation": 90, "windMode": [-1,-1,-1,-1], "windData": [0,0,1,1] },
								"up": { "texture": "#skin", "uv": [ 8.5, 1.0, 9.5, 1.5 ], "rotation": 90, "windMode": [-1,-1,-1,-1], "windData": [1,1,1,1] },
								"down": { "texture": "#skin", "uv": [ 10.5, 1.0, 11.5, 1.5 ], "rotation": 270, "windMode": [-1,-1,-1,-1] }
							},
							"children": [
								{
									"name": "tail-end",
									"from": [ 0.0, -1.2529, 0.0464 ], 
									"to": [ 0.6497, 0.232, 0.7889 ], 
									"unwrapMode": 3,
									"unwrapRotation": 1,
									"uv": [ 10.0, 2.0 ],
									"rotationOrigin": [ 0.0, 0.1856, 0.4177 ],
									"rotationZ": -22.0,
									"faces": {
										"north": { "texture": "#skin", "uv": [ 12.5, 2.5, 14.0, 3.0 ], "rotation": 270 },
										"east": { "texture": "#skin", "uv": [ 10.5, 2.0, 12.0, 2.5 ], "rotation": 90 },
										"south": { "texture": "#skin", "uv": [ 10.5, 2.5, 12.0, 3.0 ], "rotation": 90 },
										"west": { "texture": "#skin", "uv": [ 10.5, 3.0, 12.0, 3.5 ], "rotation": 90 },
										"up": { "texture": "#skin", "uv": [ 10.0, 2.5, 10.5, 3.0 ], "rotation": 90, "windMode": [-1,-1,-1,-1], "windData": [1,1,1,1] },
										"down": { "texture": "#skin", "uv": [ 12.0, 2.5, 12.5, 3.0 ], "rotation": 270 }
									}
								}
							]
						},
						{
							"name": "R back Thigh",
							"from": [ 2.0419, -0.1856, -0.4177 ], 
							"to": [ 4.8263, 3.1556, 0.6961 ], 
							"unwrapMode": 1,
							"uv": [ 23.0, 8.5 ],
							"rotationOrigin": [ 3.1556, 2.2739, 0.1392 ],
							"rotationX": -3.0,
							"faces": {
								"north": { "texture": "#skin", "uv": [ 24.0, 9.5, 27.5, 13.5 ] },
								"east": { "texture": "#skin", "uv": [ 23.0, 9.5, 24.0, 13.5 ] },
								"south": { "texture": "#skin", "uv": [ 28.5, 9.5, 32.0, 13.5 ] },
								"west": { "texture": "#skin", "uv": [ 27.5, 9.5, 28.5, 13.5 ] },
								"up": { "texture": "#skin", "uv": [ 24.0, 8.5, 27.5, 9.5 ], "rotation": 180 },
								"down": { "texture": "#skin", "uv": [ 24.0, 13.5, 27.5, 14.5 ] }
							},
							"children": [
								{
									"name": "R back Upper Arm",
									"from": [ 0.1856, -2.7844, 0.0928 ], 
									"to": [ 1.2994, 0.3712, 0.9746 ], 
									"unwrapMode": 1,
									"uv": [ 23.0, 15.0 ],
									"rotationOrigin": [ 0.7425, 0.3248, 0.5569 ],
									"rotationX": -1.0,
									"rotationZ": 58.0,
									"faces": {
										"north": { "texture": "#skin", "uv": [ 24.0, 16.0, 25.0, 20.0 ] },
										"east": { "texture": "#skin", "uv": [ 23.0, 16.0, 24.0, 20.0 ] },
										"south": { "texture": "#skin", "uv": [ 26.0, 16.0, 27.0, 20.0 ] },
										"west": { "texture": "#skin", "uv": [ 25.0, 16.0, 26.0, 20.0 ] },
										"up": { "texture": "#skin", "uv": [ 24.0, 15.0, 25.0, 16.0 ], "rotation": 180 },
										"down": { "texture": "#skin", "uv": [ 24.0, 20.0, 25.0, 21.0 ] }
									},
									"children": [
										{
											"name": "R back lower arm",
											"from": [ 0.1856, -2.5987, 0.1856 ], 
											"to": [ 0.8353, 0.5569, 0.7425 ], 
											"unwrapMode": 1,
											"uv": [ 18.0, 15.5 ],
											"rotationOrigin": [ 0.6033, 0.5569, 0.5105 ],
											"rotationX": 4.0,
											"rotationZ": -66.0,
											"faces": {
												"north": { "texture": "#skin", "uv": [ 18.5, 16.0, 19.0, 20.0 ] },
												"east": { "texture": "#skin", "uv": [ 18.0, 16.0, 18.5, 20.0 ] },
												"south": { "texture": "#skin", "uv": [ 19.5, 16.0, 20.0, 20.0 ] },
												"west": { "texture": "#skin", "uv": [ 19.0, 16.0, 19.5, 20.0 ] },
												"up": { "texture": "#skin", "uv": [ 18.5, 15.5, 19.0, 16.0 ], "rotation": 180 },
												"down": { "texture": "#skin", "uv": [ 18.5, 20.0, 19.0, 20.5 ] }
											},
											"children": [
												{
													"name": "R back pastern",
													"from": [ 0.0464, -0.7275, 0.0 ], 
													"to": [ 0.6033, 0.6647, 0.5569 ], 
													"unwrapMode": 1,
													"uv": [ 12.5, -0.17 ],
													"rotationOrigin": [ 0.3712, 0.6211, 0.2785 ],
													"rotationZ": -14.0,
													"faces": {
														"north": { "texture": "#skin", "uv": [ 13.0, 0.5, 13.5, 2.0 ] },
														"east": { "texture": "#skin", "uv": [ 12.5, 0.5, 13.0, 2.0 ] },
														"south": { "texture": "#skin", "uv": [ 14.0, 0.5, 14.5, 2.0 ] },
														"west": { "texture": "#skin", "uv": [ 13.5, 0.5, 14.0, 2.0 ] },
														"up": { "texture": "#skin", "uv": [ 13.0, 0.0, 13.5, 0.5 ], "rotation": 180 },
														"down": { "texture": "#skin", "uv": [ 13.0, 2.0, 13.5, 2.5 ] }
													},
													"children": [
														{
															"name": "R origin hind hoof",
															"from": [ 0.3248, 0.4177, 0.3248 ], 
															"to": [ 0.3248, 0.4177, 0.3248 ], 
															"uv": [ 0.0, 0.0 ],
															"rotationOrigin": [ 0.3248, 0.4177, 0.3248 ],
															"rotationZ": -6.0,
															"faces": {
																"north": { "texture": "#skin", "uv": [ 0.0, 0.5, 0.3713, 0.8713 ], "enabled": false },
																"east": { "texture": "#skin", "uv": [ 0.5, 0.5, 0.8713, 0.8713 ], "enabled": false },
																"south": { "texture": "#skin", "uv": [ 1.0, 0.5, 1.3713, 0.8713 ], "enabled": false },
																"west": { "texture": "#skin", "uv": [ 1.5, 0.5, 1.8713, 0.8713 ], "enabled": false },
																"up": { "texture": "#skin", "uv": [ 0.0, 0.0, 0.3713, 0.3713 ], "enabled": false },
																"down": { "texture": "#skin", "uv": [ 0.5, 0.0, 0.8713, 0.3713 ], "enabled": false }
															},
															"children": [
																{
																	"name": "R hind hoof 1",
																	"from": [ -0.9281, -0.1856, -0.2785 ], 
																	"to": [ -0.1856, 0.0928, 0.1856 ], 
																	"unwrapMode": 4,
																	"uv": [ 0.0, 22.0 ],
																	"rotationOrigin": [ -0.1392, 0.0464, 0.1856 ],
																	"rotationZ": 55.0,
																	"faces": {
																		"north": { "texture": "#skin", "uv": [ 0.0, 22.5, 0.5, 23.0 ] },
																		"east": { "texture": "#skin", "uv": [ 1.5, 22.5, 2.0, 23.0 ] },
																		"south": { "texture": "#skin", "uv": [ 1.0, 22.5, 1.5, 23.0 ] },
																		"west": { "texture": "#skin", "uv": [ 0.5, 22.5, 1.0, 23.0 ] },
																		"up": { "texture": "#skin", "uv": [ 0.5, 22.0, 1.0, 22.5 ], "rotation": 90 },
																		"down": { "texture": "#skin", "uv": [ 0.5, 23.0, 1.0, 23.5 ], "rotation": 90 }
																	}
																},
																{
																	"name": "R hind hoof 2",
																	"from": [ -0.5569, -0.4641, -0.2785 ], 
																	"to": [ 0.1856, -0.1856, 0.1856 ], 
																	"unwrapMode": 4,
																	"uv": [ 1.5, 22.5 ],
																	"rotationOrigin": [ 0.0928, -0.1856, 0.1392 ],
																	"rotationZ": 27.0,
																	"faces": {
																		"north": { "texture": "#skin", "uv": [ 1.5, 23.0, 2.0, 23.5 ] },
																		"east": { "texture": "#skin", "uv": [ 3.0, 23.0, 3.5, 23.5 ] },
																		"south": { "texture": "#skin", "uv": [ 2.5, 23.0, 3.0, 23.5 ] },
																		"west": { "texture": "#skin", "uv": [ 2.0, 23.0, 2.5, 23.5 ] },
																		"up": { "texture": "#skin", "uv": [ 2.0, 22.5, 2.5, 23.0 ], "rotation": 90 },
																		"down": { "texture": "#skin", "uv": [ 2.0, 23.5, 2.5, 24.0 ], "rotation": 90 }
																	}
																}
															]
														}
													]
												}
											]
										}
									]
								}
							]
						}
					]
				},
				{
					"name": "L front Thigh",
					"from": [ 0.4177, 0.0, 2.506 ], 
					"to": [ 2.2739, 3.2485, 3.3877 ], 
					"unwrapMode": 3,
					"uv": [ 8.5, 22.0 ],
					"rotationOrigin": [ 1.253, 1.6706, 3.0629 ],
					"rotationX": 3.0,
					"rotationZ": 15.0,
					"faces": {
						"north": { "texture": "#skin", "uv": [ 12.5, 23.0, 14.5, 27.0 ] },
						"east": { "texture": "#skin", "uv": [ 11.5, 23.0, 12.5, 27.0 ] },
						"south": { "texture": "#skin", "uv": [ 9.5, 23.0, 11.5, 27.0 ] },
						"west": { "texture": "#skin", "uv": [ 8.5, 23.0, 9.5, 27.0 ] },
						"up": { "texture": "#skin", "uv": [ 9.5, 22.0, 11.5, 23.0 ], "windMode": [-1,-1,-1,-1] },
						"down": { "texture": "#skin", "uv": [ 9.5, 27.0, 11.5, 28.0 ], "rotation": 180 }
					},
					"children": [
						{
							"name": "L front Upper Arm",
							"from": [ 0.2785, -1.8562, 0.0928 ], 
							"to": [ 1.2066, 0.5569, 0.7425 ], 
							"unwrapMode": 3,
							"uv": [ 9.0, 28.0 ],
							"rotationOrigin": [ 0.8354, 0.2785, 0.5569 ],
							"rotationX": 1.0,
							"rotationZ": -8.0,
							"faces": {
								"north": { "texture": "#skin", "uv": [ 11.0, 28.5, 12.0, 31.5 ] },
								"east": { "texture": "#skin", "uv": [ 10.5, 28.5, 11.0, 31.5 ] },
								"south": { "texture": "#skin", "uv": [ 9.5, 28.5, 10.5, 31.5 ] },
								"west": { "texture": "#skin", "uv": [ 9.0, 28.5, 9.5, 31.5 ] },
								"up": { "texture": "#skin", "uv": [ 9.5, 28.0, 10.5, 28.5 ] },
								"down": { "texture": "#skin", "uv": [ 9.5, 31.5, 10.5, 32.0 ], "rotation": 180 }
							},
							"children": [
								{
									"name": "L front lower arm",
									"from": [ 0.1392, -2.2275, 0.0464 ], 
									"to": [ 0.6961, 0.5569, 0.6033 ], 
									"unwrapMode": 3,
									"uv": [ 23.5, 21.5 ],
									"rotationOrigin": [ 0.5569, 0.2785, 0.3712 ],
									"rotationX": -3.0,
									"rotationZ": -4.0,
									"faces": {
										"north": { "texture": "#skin", "uv": [ 25.0, 22.0, 25.5, 25.5 ] },
										"east": { "texture": "#skin", "uv": [ 24.5, 22.0, 25.0, 25.5 ] },
										"south": { "texture": "#skin", "uv": [ 24.0, 22.0, 24.5, 25.5 ] },
										"west": { "texture": "#skin", "uv": [ 23.5, 22.0, 24.0, 25.5 ] },
										"up": { "texture": "#skin", "uv": [ 24.0, 21.5, 24.5, 22.0 ] },
										"down": { "texture": "#skin", "uv": [ 24.0, 25.5, 24.5, 26.0 ], "rotation": 180 }
									},
									"children": [
										{
											"name": "L front pastern",
											"from": [ 0.0, -0.9745, 0.0 ], 
											"to": [ 0.5569, 0.4177, 0.5569 ], 
											"unwrapMode": 3,
											"uv": [ 15.5, 29.5 ],
											"rotationOrigin": [ 0.0464, 0.3712, 0.2785 ],
											"rotationX": -1.0,
											"rotationZ": -10.0,
											"faces": {
												"north": { "texture": "#skin", "uv": [ 17.0, 30.0, 17.5, 31.5 ] },
												"east": { "texture": "#skin", "uv": [ 16.5, 30.0, 17.0, 31.5 ] },
												"south": { "texture": "#skin", "uv": [ 16.0, 30.0, 16.5, 31.5 ] },
												"west": { "texture": "#skin", "uv": [ 15.5, 30.0, 16.0, 31.5 ] },
												"up": { "texture": "#skin", "uv": [ 16.0, 29.5, 16.5, 30.0 ] },
												"down": { "texture": "#skin", "uv": [ 16.0, 31.5, 16.5, 32.0 ], "rotation": 180 }
											},
											"children": [
												{
													"name": "L origin hoof",
													"from": [ 0.2785, 0.4177, 0.3248 ], 
													"to": [ 0.2785, 0.4177, 0.3248 ], 
													"uv": [ 0.0, 0.0 ],
													"rotationOrigin": [ 0.2785, 0.4177, 0.3248 ],
													"faces": {
														"north": { "texture": "#skin", "uv": [ 0.0, 0.5, 0.3713, 0.8713 ], "enabled": false },
														"east": { "texture": "#skin", "uv": [ 0.5, 0.5, 0.8713, 0.8713 ], "enabled": false },
														"south": { "texture": "#skin", "uv": [ 1.0, 0.5, 1.3713, 0.8713 ], "enabled": false },
														"west": { "texture": "#skin", "uv": [ 1.5, 0.5, 1.8713, 0.8713 ], "enabled": false },
														"up": { "texture": "#skin", "uv": [ 0.0, 0.0, 0.3713, 0.3713 ], "enabled": false },
														"down": { "texture": "#skin", "uv": [ 0.5, 0.0, 0.8713, 0.3713 ], "enabled": false }
													},
													"children": [
														{
															"name": "L front hoof 1",
															"from": [ -0.9281, -0.1856, -0.2785 ], 
															"to": [ -0.1856, 0.0464, 0.1856 ], 
															"unwrapMode": 4,
															"uv": [ 0.5, 23.0 ],
															"rotationOrigin": [ -0.1392, 0.0464, 0.1856 ],
															"rotationZ": 55.0,
															"faces": {
																"north": { "texture": "#skin", "uv": [ 0.5, 23.5, 1.0, 24.0 ] },
																"east": { "texture": "#skin", "uv": [ 2.0, 23.5, 2.5, 24.0 ] },
																"south": { "texture": "#skin", "uv": [ 1.5, 23.5, 2.0, 24.0 ] },
																"west": { "texture": "#skin", "uv": [ 1.0, 23.5, 1.5, 24.0 ] },
																"up": { "texture": "#skin", "uv": [ 1.0, 23.0, 1.5, 23.5 ], "rotation": 90 },
																"down": { "texture": "#skin", "uv": [ 1.0, 24.0, 1.5, 24.5 ], "rotation": 90 }
															}
														},
														{
															"name": "L front hoof 2",
															"from": [ -0.5569, -0.4641, -0.2785 ], 
															"to": [ 0.1856, -0.1856, 0.1856 ], 
															"unwrapMode": 4,
															"uv": [ 1.5, 24.5 ],
															"rotationOrigin": [ 0.0928, -0.1856, 0.1392 ],
															"rotationZ": 27.0,
															"faces": {
																"north": { "texture": "#skin", "uv": [ 1.5, 25.0, 2.0, 25.5 ] },
																"east": { "texture": "#skin", "uv": [ 3.0, 25.0, 3.5, 25.5 ] },
																"south": { "texture": "#skin", "uv": [ 2.5, 25.0, 3.0, 25.5 ] },
																"west": { "texture": "#skin", "uv": [ 2.0, 25.0, 2.5, 25.5 ] },
																"up": { "texture": "#skin", "uv": [ 2.0, 24.5, 2.5, 25.0 ], "rotation": 90 },
																"down": { "texture": "#skin", "uv": [ 2.0, 25.5, 2.5, 26.0 ], "rotation": 90 }
															}
														}
													]
												}
											]
										}
									]
								}
							]
						}
					]
				},
				{
					"name": "R front Thigh",
					"from": [ 0.4177, 0.0, -0.3248 ], 
					"to": [ 2.2739, 3.2485, 0.5569 ], 
					"unwrapMode": 1,
					"uv": [ 14.5, 22.0 ],
					"rotationOrigin": [ 1.253, 1.6706, 0.0 ],
					"rotationX": -3.0,
					"rotationZ": 15.0,
					"faces": {
						"north": { "texture": "#skin", "uv": [ 15.5, 23.0, 17.5, 27.0 ] },
						"east": { "texture": "#skin", "uv": [ 14.5, 23.0, 15.5, 27.0 ] },
						"south": { "texture": "#skin", "uv": [ 18.5, 23.0, 20.5, 27.0 ] },
						"west": { "texture": "#skin", "uv": [ 17.5, 23.0, 18.5, 27.0 ] },
						"up": { "texture": "#skin", "uv": [ 15.5, 22.0, 17.5, 23.0 ], "rotation": 180 },
						"down": { "texture": "#skin", "uv": [ 15.5, 27.0, 17.5, 28.0 ] }
					},
					"children": [
						{
							"name": "R front Upper Arm",
							"from": [ 0.2785, -1.8562, 0.0928 ], 
							"to": [ 1.2066, 0.5569, 0.7425 ], 
							"unwrapMode": 1,
							"uv": [ 12.0, 28.0 ],
							"rotationOrigin": [ 0.8354, 0.2785, 0.5569 ],
							"rotationX": -1.0,
							"rotationZ": -8.0,
							"faces": {
								"north": { "texture": "#skin", "uv": [ 12.5, 28.5, 13.5, 31.5 ] },
								"east": { "texture": "#skin", "uv": [ 12.0, 28.5, 12.5, 31.5 ] },
								"south": { "texture": "#skin", "uv": [ 14.0, 28.5, 15.0, 31.5 ] },
								"west": { "texture": "#skin", "uv": [ 13.5, 28.5, 14.0, 31.5 ] },
								"up": { "texture": "#skin", "uv": [ 12.5, 28.0, 13.5, 28.5 ], "rotation": 180 },
								"down": { "texture": "#skin", "uv": [ 12.5, 31.5, 13.5, 32.0 ] }
							},
							"children": [
								{
									"name": "R front lower arm",
									"from": [ 0.1392, -2.2275, 0.0464 ], 
									"to": [ 0.6961, 0.5569, 0.6033 ], 
									"unwrapMode": 1,
									"uv": [ 21.0, 21.5 ],
									"rotationOrigin": [ 0.5569, 0.2785, 0.4641 ],
									"rotationX": 3.0,
									"rotationZ": -4.0,
									"faces": {
										"north": { "texture": "#skin", "uv": [ 21.5, 22.0, 22.0, 25.5 ] },
										"east": { "texture": "#skin", "uv": [ 21.0, 22.0, 21.5, 25.5 ] },
										"south": { "texture": "#skin", "uv": [ 22.5, 22.0, 23.0, 25.5 ] },
										"west": { "texture": "#skin", "uv": [ 22.0, 22.0, 22.5, 25.5 ] },
										"up": { "texture": "#skin", "uv": [ 21.5, 21.5, 22.0, 22.0 ], "rotation": 180 },
										"down": { "texture": "#skin", "uv": [ 21.5, 25.5, 22.0, 26.0 ] }
									},
									"children": [
										{
											"name": "R front pastern",
											"from": [ 0.0, -0.9745, 0.0 ], 
											"to": [ 0.5569, 0.4177, 0.5569 ], 
											"unwrapMode": 1,
											"uv": [ 18.0, 29.5 ],
											"rotationOrigin": [ 0.0464, 0.3712, 0.2785 ],
											"rotationX": -1.0,
											"rotationZ": -10.0,
											"faces": {
												"north": { "texture": "#skin", "uv": [ 18.5, 30.0, 19.0, 31.5 ] },
												"east": { "texture": "#skin", "uv": [ 18.0, 30.0, 18.5, 31.5 ] },
												"south": { "texture": "#skin", "uv": [ 19.5, 30.0, 20.0, 31.5 ] },
												"west": { "texture": "#skin", "uv": [ 19.0, 30.0, 19.5, 31.5 ] },
												"up": { "texture": "#skin", "uv": [ 18.5, 29.5, 19.0, 30.0 ], "rotation": 180 },
												"down": { "texture": "#skin", "uv": [ 18.5, 31.5, 19.0, 32.0 ] }
											},
											"children": [
												{
													"name": "R origin hoof",
													"from": [ 0.2785, 0.4177, 0.3248 ], 
													"to": [ 0.2785, 0.4177, 0.3248 ], 
													"uv": [ 0.0, 0.0 ],
													"rotationOrigin": [ 0.2785, 0.4177, 0.3248 ],
													"faces": {
														"north": { "texture": "#skin", "uv": [ 0.0, 0.5, 0.3713, 0.8713 ], "enabled": false },
														"east": { "texture": "#skin", "uv": [ 0.5, 0.5, 0.8713, 0.8713 ], "enabled": false },
														"south": { "texture": "#skin", "uv": [ 1.0, 0.5, 1.3713, 0.8713 ], "enabled": false },
														"west": { "texture": "#skin", "uv": [ 1.5, 0.5, 1.8713, 0.8713 ], "enabled": false },
														"up": { "texture": "#skin", "uv": [ 0.0, 0.0, 0.3713, 0.3713 ], "enabled": false },
														"down": { "texture": "#skin", "uv": [ 0.5, 0.0, 0.8713, 0.3713 ], "enabled": false }
													},
													"children": [
														{
															"name": "R front hoof 1",
															"from": [ -0.9281, -0.1856, -0.2785 ], 
															"to": [ -0.1856, 0.0464, 0.1856 ], 
															"unwrapMode": 4,
															"uv": [ 0.0, 24.0 ],
															"rotationOrigin": [ -0.1392, 0.0464, 0.1856 ],
															"rotationZ": 55.0,
															"faces": {
																"north": { "texture": "#skin", "uv": [ 0.0, 24.5, 0.5, 25.0 ] },
																"east": { "texture": "#skin", "uv": [ 1.5, 24.5, 2.0, 25.0 ] },
																"south": { "texture": "#skin", "uv": [ 1.0, 24.5, 1.5, 25.0 ] },
																"west": { "texture": "#skin", "uv": [ 0.5, 24.5, 1.0, 25.0 ] },
																"up": { "texture": "#skin", "uv": [ 0.5, 24.0, 1.0, 24.5 ], "rotation": 90 },
																"down": { "texture": "#skin", "uv": [ 0.5, 25.0, 1.0, 25.5 ], "rotation": 90 }
															}
														},
														{
															"name": "R front hoof 2",
															"from": [ -0.5569, -0.4641, -0.2785 ], 
															"to": [ 0.1856, -0.1856, 0.1856 ], 
															"unwrapMode": 4,
															"uv": [ 0.0, 14.5 ],
															"rotationOrigin": [ 0.0928, -0.1856, 0.1392 ],
															"rotationZ": 27.0,
															"faces": {
																"north": { "texture": "#skin", "uv": [ 0.0, 15.0, 0.5, 15.5 ] },
																"east": { "texture": "#skin", "uv": [ 1.5, 15.0, 2.0, 15.5 ] },
																"south": { "texture": "#skin", "uv": [ 1.0, 15.0, 1.5, 15.5 ] },
																"west": { "texture": "#skin", "uv": [ 0.5, 15.0, 1.0, 15.5 ] },
																"up": { "texture": "#skin", "uv": [ 0.5, 14.5, 1.0, 15.0 ], "rotation": 90 },
																"down": { "texture": "#skin", "uv": [ 0.5, 15.5, 1.0, 16.0 ], "rotation": 90 }
															}
														}
													]
												}
											]
										}
									]
								}
							]
						}
					]
				}
			],
			"attachmentpoints": [
				{
					"code": "Center",
					"posX": "9.0","posY": "4.0","posZ": "5.0",
					"rotationX": "0.0","rotationY": "0.0","rotationZ": "0.0"
				}
			]
		}
	]}