{
	"editor": {
		"allAngles": true,
		"entityTextureMode": true
	},
	"textureWidth": 32,
	"textureHeight": 32,
	"textureSizes": {
		"skin": [32,32]
	},
	"textures": {
	},
	"elements": [
		{
			"name": "Body",
			"from": [ 6.06, 0.952, 6.44 ], 
			"to": [ 10.14, 3.672, 9.194 ], 
			"unwrapMode": 5,
			"unwrapRotation": 1,
			"uv": [ 0.0, 0.0 ],
			"rotationOrigin": [ 10.14, 2.737, 7.968 ],
			"rotationX": -30.0,
			"rotationZ": 3.0,
			"faces": {
				"north": { "texture": "#skin", "uv": [ 0.0, 3.0, 3.0, 7.5 ], "rotation": 270 },
				"east": { "texture": "#skin", "uv": [ 3.0, 0.0, 6.0, 3.0 ], "rotation": 180 },
				"south": { "texture": "#skin", "uv": [ 6.0, 3.0, 9.0, 7.5 ], "rotation": 90 },
				"west": { "texture": "#skin", "uv": [ 3.0, 7.5, 6.0, 10.5 ] },
				"up": { "texture": "#skin", "uv": [ 3.0, 3.0, 6.0, 7.5 ], "rotation": 90 },
				"down": { "texture": "#skin", "uv": [ 9.0, 3.0, 12.0, 7.5 ], "rotation": 270 }
			},
			"children": [
				{
					"name": "neck",
					"from": [ -0.51, 1.921, 0.612 ], 
					"to": [ 1.989, 4.131, 2.142 ], 
					"unwrapMode": 4,
					"unwrapRotation": 1,
					"uv": [ 12.0, 0.0 ],
					"rotationOrigin": [ 1.53, 1.921, 1.377 ],
					"rotationX": 19.0,
					"rotationY": 3.0,
					"rotationZ": 60.0,
					"faces": {
						"north": { "texture": "#skin", "uv": [ 14.5, 4.0, 17.0, 6.5 ], "rotation": 90, "windMode": [-1,-1,-1,-1], "windData": [0,0,1,0] },
						"east": { "texture": "#skin", "uv": [ 17.0, 2.5, 19.5, 4.0 ], "rotation": 270, "windMode": [-1,-1,-1,-1], "windData": [1,0,0,1] },
						"south": { "texture": "#skin", "uv": [ 14.5, 0.0, 17.0, 2.5 ], "rotation": 90 },
						"west": { "texture": "#skin", "uv": [ 14.5, 2.5, 17.0, 4.0 ], "rotation": 90 },
						"up": { "texture": "#skin", "uv": [ 12.0, 2.5, 14.5, 4.0 ], "rotation": 180 },
						"down": { "texture": "#skin", "uv": [ 17.0, 2.5, 19.5, 4.0 ], "rotation": 180, "enabled": false, "windMode": [-1,-1,-1,-1] }
					},
					"children": [
						{
							"name": "neck2",
							"from": [ 0.629, 0.646, 0.051 ], 
							"to": [ 2.329, 3.621, 1.479 ], 
							"unwrapMode": 4,
							"uv": [ 10.0, 14.5 ],
							"rotationOrigin": [ 2.465, 1.921, 0.765 ],
							"rotationZ": -28.0,
							"faces": {
								"north": { "texture": "#skin", "uv": [ 10.0, 16.5, 12.0, 20.0 ] },
								"east": { "texture": "#skin", "uv": [ 15.5, 16.5, 17.0, 20.0 ] },
								"south": { "texture": "#skin", "uv": [ 13.5, 16.5, 15.5, 20.0 ] },
								"west": { "texture": "#skin", "uv": [ 12.0, 16.5, 13.5, 20.0 ] },
								"up": { "texture": "#skin", "uv": [ 12.0, 14.5, 13.5, 16.5 ], "rotation": 90 },
								"down": { "texture": "#skin", "uv": [ 12.0, 20.0, 13.5, 22.0 ], "rotation": 90, "enabled": false, "windMode": [-1,-1,-1,-1] }
							},
							"children": [
								{
									"name": "head",
									"from": [ -0.017, 1.5045, -0.1785 ], 
									"to": [ 1.768, 3.4425, 1.6065 ], 
									"unwrapMode": 4,
									"uv": [ 6.0, 7.5 ],
									"rotationOrigin": [ 1.615, 2.8832, 0.765 ],
									"rotationZ": -47.0,
									"faces": {
										"north": { "texture": "#skin", "uv": [ 6.0, 9.5, 8.0, 11.5 ] },
										"east": { "texture": "#skin", "uv": [ 12.0, 9.5, 14.0, 11.5 ] },
										"south": { "texture": "#skin", "uv": [ 10.0, 9.5, 12.0, 11.5 ] },
										"west": { "texture": "#skin", "uv": [ 8.0, 9.5, 10.0, 11.5 ] },
										"up": { "texture": "#skin", "uv": [ 8.0, 7.5, 10.0, 9.5 ], "rotation": 90 },
										"down": { "texture": "#skin", "uv": [ 8.0, 11.5, 10.0, 13.5 ], "rotation": 90 }
									},
									"children": [
										{
											"name": "mouth up",
											"from": [ -1.377, 0.306, 0.408 ], 
											"to": [ 0.153, 0.969, 1.428 ], 
											"unwrapMode": 5,
											"unwrapRotation": 1,
											"uv": [ 0.0, 0.0 ],
											"rotationOrigin": [ 0.153, 0.918, 0.918 ],
											"rotationZ": 45.0,
											"faces": {
												"north": { "texture": "#skin", "uv": [ 0.0, 0.0, 0.5, 1.5 ], "rotation": 270 },
												"east": { "texture": "#skin", "uv": [ 0.5, 0.0, 1.5, 0.5 ], "rotation": 180, "enabled": false },
												"south": { "texture": "#skin", "uv": [ 1.5, 0.0, 2.0, 1.5 ], "rotation": 90 },
												"west": { "texture": "#skin", "uv": [ 0.5, 1.5, 1.5, 2.0 ] },
												"up": { "texture": "#skin", "uv": [ 0.5, 0.0, 1.5, 1.5 ], "rotation": 90 },
												"down": { "texture": "#skin", "uv": [ 2.0, 0.0, 3.0, 1.5 ], "rotation": 270 }
											},
											"children": [
												{
													"name": "nose",
													"from": [ -0.051, 0.2805, 0.204 ], 
													"to": [ 0.459, 0.7395, 0.816 ], 
													"unwrapMode": 4,
													"uv": [ 1.0, 1.5 ],
													"rotationOrigin": [ -0.051, 0.765, 0.51 ],
													"faces": {
														"north": { "texture": "#skin", "uv": [ 1.0, 2.0, 1.5, 2.5 ], "windMode": [-1,-1,-1,-1], "windData": [1,1,1,1] },
														"east": { "texture": "#skin", "uv": [ 2.5, 2.0, 3.0, 2.5 ], "windMode": [-1,-1,-1,-1], "windData": [1,1,1,1] },
														"south": { "texture": "#skin", "uv": [ 2.0, 2.0, 2.5, 2.5 ], "windMode": [-1,-1,-1,-1], "windData": [1,1,1,1] },
														"west": { "texture": "#skin", "uv": [ 1.5, 2.0, 2.0, 2.5 ], "windMode": [-1,-1,-1,-1], "windData": [1,1,1,1] },
														"up": { "texture": "#skin", "uv": [ 1.5, 1.5, 2.0, 2.0 ], "rotation": 90, "windMode": [-1,-1,-1,-1], "windData": [1,1,1,1] },
														"down": { "texture": "#skin", "uv": [ 1.5, 2.5, 2.0, 3.0 ], "rotation": 90, "windMode": [-1,-1,-1,-1], "windData": [1,1,1,1] }
													}
												},
												{
													"name": "nose bridge",
													"from": [ 0.255, 0.255, 0.102 ], 
													"to": [ 2.04, 0.663, 0.918 ], 
													"unwrapMode": 5,
													"unwrapRotation": 1,
													"uv": [ 6.0, 7.5 ],
													"rotationOrigin": [ 0.255, 0.255, 0.357 ],
													"rotationZ": 16.0,
													"faces": {
														"north": { "texture": "#skin", "uv": [ 6.0, 7.5, 6.5, 9.5 ], "rotation": 270 },
														"east": { "texture": "#skin", "uv": [ 6.5, 7.5, 7.0, 8.0 ], "rotation": 180, "enabled": false, "windMode": [-1,-1,-1,-1], "windData": [1,1,1,1] },
														"south": { "texture": "#skin", "uv": [ 7.0, 7.5, 7.5, 9.5 ], "rotation": 90 },
														"west": { "texture": "#skin", "uv": [ 6.5, 9.5, 7.0, 10.0 ], "enabled": false },
														"up": { "texture": "#skin", "uv": [ 6.5, 7.5, 7.0, 9.5 ], "rotation": 90 },
														"down": { "texture": "#skin", "uv": [ 7.5, 7.5, 8.0, 9.5 ], "rotation": 270, "enabled": false }
													}
												}
											]
										},
										{
											"name": "R ear",
											"from": [ 1.411, 1.02, -1.445 ], 
											"to": [ 1.666, 1.955, 0.255 ], 
											"unwrapMode": 4,
											"uv": [ 5.5, 19.0 ],
											"rotationOrigin": [ 1.513, 1.377, 0.255 ],
											"rotationX": 22.0,
											"rotationY": -64.0,
											"rotationZ": 42.0,
											"faces": {
												"north": { "texture": "#skin", "uv": [ 5.5, 19.5, 6.0, 20.5 ], "windMode": [-1,-1,-1,-1] },
												"east": { "texture": "#skin", "uv": [ 8.0, 19.5, 10.0, 20.5 ], "windMode": [-1,-1,-1,-1] },
												"south": { "texture": "#skin", "uv": [ 8.0, 19.5, 8.5, 20.5 ], "enabled": false, "windMode": [-1,-1,-1,-1], "windData": [0,0,0,0] },
												"west": { "texture": "#skin", "uv": [ 6.0, 19.5, 8.0, 20.5 ], "windMode": [-1,-1,-1,-1] },
												"up": { "texture": "#skin", "uv": [ 6.0, 19.0, 8.0, 19.5 ], "rotation": 90, "windMode": [-1,-1,-1,-1] },
												"down": { "texture": "#skin", "uv": [ 6.0, 20.5, 8.0, 21.0 ], "rotation": 90, "windMode": [-1,-1,-1,-1] }
											}
										},
										{
											"name": "L ear",
											"from": [ 1.411, 1.02, 1.547 ], 
											"to": [ 1.666, 1.955, 3.247 ], 
											"unwrapMode": 4,
											"uv": [ 0.0, 19.0 ],
											"rotationOrigin": [ 1.513, 1.377, 1.547 ],
											"rotationX": -28.0,
											"rotationY": 58.0,
											"rotationZ": 22.0,
											"faces": {
												"north": { "texture": "#skin", "uv": [ 0.0, 19.5, 0.5, 20.5 ], "enabled": false, "windMode": [-1,-1,-1,-1] },
												"east": { "texture": "#skin", "uv": [ 2.5, 19.5, 4.5, 20.5 ], "windMode": [-1,-1,-1,-1] },
												"south": { "texture": "#skin", "uv": [ 2.0, 19.5, 2.5, 20.5 ], "windMode": [-1,-1,-1,-1] },
												"west": { "texture": "#skin", "uv": [ 0.0, 19.5, 2.0, 20.5 ], "windMode": [-1,-1,-1,-1] },
												"up": { "texture": "#skin", "uv": [ 0.0, 19.0, 2.0, 19.5 ], "rotation": 90, "windMode": [-1,-1,-1,-1] },
												"down": { "texture": "#skin", "uv": [ 0.0, 20.5, 2.0, 21.0 ], "rotation": 90, "windMode": [-1,-1,-1,-1] }
											}
										},
										{
											"name": "jaw",
											"from": [ -0.7752, -0.1071, 0.51 ], 
											"to": [ 0.7548, 0.4029, 1.326 ], 
											"unwrapMode": 5,
											"unwrapRotation": 1,
											"uv": [ 6.0, 11.5 ],
											"rotationOrigin": [ 0.6519, 0.4033, 0.918 ],
											"rotationZ": 30.0,
											"faces": {
												"north": { "texture": "#skin", "uv": [ 6.0, 11.5, 6.5, 13.0 ], "rotation": 270 },
												"east": { "texture": "#skin", "uv": [ 6.5, 11.5, 7.0, 12.0 ], "rotation": 180, "enabled": false },
												"south": { "texture": "#skin", "uv": [ 7.0, 11.5, 7.5, 13.0 ], "rotation": 90 },
												"west": { "texture": "#skin", "uv": [ 6.5, 13.0, 7.0, 13.5 ] },
												"up": { "texture": "#skin", "uv": [ 6.5, 11.5, 7.0, 13.0 ], "rotation": 90 },
												"down": { "texture": "#skin", "uv": [ 7.5, 11.5, 8.0, 13.0 ], "rotation": 270 }
											}
										}
									]
								}
							]
						}
					]
				},
				{
					"name": "abdomen",
					"from": [ 3.774, 0.0, 0.102 ], 
					"to": [ 6.664, 2.72, 2.652 ], 
					"unwrapMode": 5,
					"unwrapRotation": 1,
					"uv": [ 0.0, 10.5 ],
					"rotationOrigin": [ 3.774, 1.785, 1.377 ],
					"rotationZ": -2.0,
					"faces": {
						"north": { "texture": "#skin", "uv": [ 0.0, 13.5, 3.0, 16.5 ], "rotation": 270 },
						"east": { "texture": "#skin", "uv": [ 3.0, 10.5, 6.0, 13.5 ], "rotation": 180 },
						"south": { "texture": "#skin", "uv": [ 6.0, 13.5, 9.0, 16.5 ], "rotation": 90 },
						"west": { "texture": "#skin", "uv": [ 3.0, 16.5, 6.0, 19.5 ] },
						"up": { "texture": "#skin", "uv": [ 3.0, 13.5, 6.0, 16.5 ], "rotation": 90 },
						"down": { "texture": "#skin", "uv": [ 9.0, 13.5, 12.0, 16.5 ], "rotation": 270 }
					},
					"children": [
						{
							"name": "L back Thigh",
							"from": [ 0.85, -0.952, 1.887 ], 
							"to": [ 3.4, 2.108, 2.907 ], 
							"unwrapMode": 2,
							"uv": [ 14.0, 17.0 ],
							"rotationOrigin": [ 1.87, 1.343, 2.397 ],
							"rotationX": 3.0,
							"rotationZ": -97.0,
							"faces": {
								"north": { "texture": "#skin", "uv": [ 18.0, 20.0, 21.0, 23.5 ] },
								"east": { "texture": "#skin", "uv": [ 17.0, 20.0, 18.0, 23.5 ] },
								"south": { "texture": "#skin", "uv": [ 14.0, 20.0, 17.0, 23.5 ] },
								"west": { "texture": "#skin", "uv": [ 21.0, 20.0, 22.0, 23.5 ] },
								"up": { "texture": "#skin", "uv": [ 17.0, 17.0, 18.0, 20.0 ], "rotation": 270, "windMode": [-1,-1,-1,-1], "windData": [0,0,1,1] },
								"down": { "texture": "#skin", "uv": [ 17.0, 23.5, 18.0, 26.5 ], "rotation": 270 }
							},
							"children": [
								{
									"name": "L back Upper Arm",
									"from": [ 1.564, -3.264, 0.102 ], 
									"to": [ 2.584, 0.051, 0.918 ], 
									"unwrapMode": 2,
									"uv": [ 17.0, 7.5 ],
									"rotationOrigin": [ 2.074, 0.051, 0.51 ],
									"rotationX": 1.0,
									"rotationZ": 152.0,
									"faces": {
										"north": { "texture": "#skin", "uv": [ 18.5, 8.5, 19.5, 12.0 ] },
										"east": { "texture": "#skin", "uv": [ 18.0, 8.5, 18.5, 12.0 ] },
										"south": { "texture": "#skin", "uv": [ 17.0, 8.5, 18.0, 12.0 ] },
										"west": { "texture": "#skin", "uv": [ 19.5, 8.5, 20.0, 12.0 ] },
										"up": { "texture": "#skin", "uv": [ 18.0, 7.5, 18.5, 8.5 ], "rotation": 270 },
										"down": { "texture": "#skin", "uv": [ 18.0, 12.0, 18.5, 13.0 ], "rotation": 270 }
									},
									"children": [
										{
											"name": "L back lower arm",
											"from": [ 0.034, -3.57, 0.102 ], 
											"to": [ 0.799, 0.0, 0.714 ], 
											"unwrapMode": 2,
											"uv": [ 15.5, 11.5 ],
											"rotationOrigin": [ 0.391, 0.0, 0.408 ],
											"rotationX": -4.0,
											"rotationZ": -145.0,
											"faces": {
												"north": { "texture": "#skin", "uv": [ 16.5, 12.0, 17.0, 16.0 ] },
												"east": { "texture": "#skin", "uv": [ 16.0, 12.0, 16.5, 16.0 ] },
												"south": { "texture": "#skin", "uv": [ 15.5, 12.0, 16.0, 16.0 ] },
												"west": { "texture": "#skin", "uv": [ 17.0, 12.0, 17.5, 16.0 ] },
												"up": { "texture": "#skin", "uv": [ 16.0, 11.5, 16.5, 12.0 ], "rotation": 270 },
												"down": { "texture": "#skin", "uv": [ 16.0, 16.0, 16.5, 16.5 ], "rotation": 270 }
											},
											"children": [
												{
													"name": "L back pastern",
													"from": [ 0.051, -0.612, 0.051 ], 
													"to": [ 0.714, 0.663, 0.561 ], 
													"unwrapMode": 4,
													"uv": [ 11.5, 11.5 ],
													"rotationOrigin": [ 0.357, 0.663, 0.306 ],
													"faces": {
														"north": { "texture": "#skin", "uv": [ 11.5, 12.0, 12.0, 13.5 ] },
														"east": { "texture": "#skin", "uv": [ 13.0, 12.0, 13.5, 13.5 ] },
														"south": { "texture": "#skin", "uv": [ 12.5, 12.0, 13.0, 13.5 ] },
														"west": { "texture": "#skin", "uv": [ 12.0, 12.0, 12.5, 13.5 ] },
														"up": { "texture": "#skin", "uv": [ 12.0, 11.5, 12.5, 12.0 ], "rotation": 90 },
														"down": { "texture": "#skin", "uv": [ 12.0, 13.5, 12.5, 14.0 ], "rotation": 90 }
													},
													"children": [
														{
															"name": "L origin hind hoof",
															"from": [ 0.306, 0.408, 0.306 ], 
															"to": [ 0.306, 0.408, 0.306 ], 
															"uv": [ 0.0, 0.0 ],
															"rotationOrigin": [ 0.306, 0.408, 0.306 ],
															"rotationZ": 30.0,
															"faces": {
																"north": { "texture": "#skin", "uv": [ 0.0, 0.5, 0.3, 0.8 ], "enabled": false },
																"east": { "texture": "#skin", "uv": [ 0.5, 0.5, 0.8, 0.8 ], "enabled": false },
																"south": { "texture": "#skin", "uv": [ 1.0, 0.5, 1.3, 0.8 ], "enabled": false },
																"west": { "texture": "#skin", "uv": [ 1.5, 0.5, 1.8, 0.8 ], "enabled": false },
																"up": { "texture": "#skin", "uv": [ 0.0, 0.0, 0.3, 0.3 ], "enabled": false },
																"down": { "texture": "#skin", "uv": [ 0.5, 0.0, 0.8, 0.3 ], "enabled": false }
															},
															"children": [
																{
																	"name": "L hind hoof 1",
																	"from": [ -0.867, -0.204, -0.2805 ], 
																	"to": [ -0.153, 0.153, 0.1785 ], 
																	"unwrapMode": 4,
																	"uv": [ 8.5, 1.0 ],
																	"rotationOrigin": [ -0.153, 0.051, 0.204 ],
																	"rotationZ": 60.0,
																	"faces": {
																		"north": { "texture": "#skin", "uv": [ 8.5, 1.5, 9.0, 2.0 ] },
																		"east": { "texture": "#skin", "uv": [ 10.0, 1.5, 10.5, 2.0 ] },
																		"south": { "texture": "#skin", "uv": [ 9.5, 1.5, 10.0, 2.0 ] },
																		"west": { "texture": "#skin", "uv": [ 9.0, 1.5, 9.5, 2.0 ] },
																		"up": { "texture": "#skin", "uv": [ 9.0, 1.0, 9.5, 1.5 ], "rotation": 90 },
																		"down": { "texture": "#skin", "uv": [ 9.0, 2.0, 9.5, 2.5 ], "rotation": 90 }
																	}
																},
																{
																	"name": "L hind hoof 2",
																	"from": [ -0.459, -0.459, -0.2805 ], 
																	"to": [ 0.153, -0.204, 0.1785 ], 
																	"unwrapMode": 4,
																	"uv": [ 10.0, 0.5 ],
																	"rotationOrigin": [ 0.102, -0.204, 0.153 ],
																	"rotationZ": 27.0,
																	"faces": {
																		"north": { "texture": "#skin", "uv": [ 10.0, 1.0, 10.5, 1.5 ] },
																		"east": { "texture": "#skin", "uv": [ 11.5, 1.0, 12.0, 1.5 ] },
																		"south": { "texture": "#skin", "uv": [ 11.0, 1.0, 11.5, 1.5 ] },
																		"west": { "texture": "#skin", "uv": [ 10.5, 1.0, 11.0, 1.5 ] },
																		"up": { "texture": "#skin", "uv": [ 10.5, 0.5, 11.0, 1.0 ], "rotation": 90 },
																		"down": { "texture": "#skin", "uv": [ 10.5, 1.5, 11.0, 2.0 ], "rotation": 90 }
																	}
																}
															]
														}
													]
												}
											]
										}
									]
								}
							]
						},
						{
							"name": "tail",
							"from": [ 2.431, 1.445, 0.969 ], 
							"to": [ 2.941, 2.465, 1.581 ], 
							"unwrapMode": 1,
							"unwrapRotation": 1,
							"uv": [ 6.0, 0.0 ],
							"rotationOrigin": [ 2.431, 2.465, 1.224 ],
							"rotationZ": 28.0,
							"faces": {
								"north": { "texture": "#skin", "uv": [ 6.5, 0.5, 7.5, 1.0 ], "rotation": 90, "windMode": [-1,-1,-1,-1], "windData": [0,1,1,0] },
								"east": { "texture": "#skin", "uv": [ 6.5, 1.0, 7.5, 1.5 ], "rotation": 90, "windMode": [-1,-1,-1,-1], "windData": [0,1,1,0] },
								"south": { "texture": "#skin", "uv": [ 8.0, 0.5, 9.0, 1.0 ], "rotation": 270 },
								"west": { "texture": "#skin", "uv": [ 6.5, 0.0, 7.5, 0.5 ], "rotation": 90, "windMode": [-1,-1,-1,-1], "windData": [0,0,1,1] },
								"up": { "texture": "#skin", "uv": [ 6.0, 0.5, 6.5, 1.0 ], "rotation": 270, "windMode": [-1,-1,-1,-1], "windData": [1,1,1,1] },
								"down": { "texture": "#skin", "uv": [ 7.5, 0.5, 8.0, 1.0 ], "rotation": 90, "windMode": [-1,-1,-1,-1] }
							},
							"children": [
								{
									"name": "tail-end",
									"from": [ 0.0, -0.306, 0.051 ], 
									"to": [ 0.51, 0.204, 0.561 ], 
									"unwrapMode": 1,
									"unwrapRotation": 1,
									"uv": [ 6.0, 1.0 ],
									"rotationOrigin": [ 0.0, 0.204, 0.051 ],
									"rotationZ": -22.0,
									"faces": {
										"north": { "texture": "#skin", "uv": [ 6.0, 1.5, 6.5, 2.0 ], "rotation": 90 },
										"east": { "texture": "#skin", "uv": [ 6.0, 2.0, 6.5, 2.5 ], "rotation": 90 },
										"south": { "texture": "#skin", "uv": [ 7.0, 1.5, 7.5, 2.0 ], "rotation": 270 },
										"west": { "texture": "#skin", "uv": [ 6.0, 1.0, 6.5, 1.5 ], "rotation": 90 },
										"up": { "texture": "#skin", "uv": [ 6.0, 1.5, 6.5, 2.0 ], "rotation": 270, "enabled": false, "windMode": [-1,-1,-1,-1] },
										"down": { "texture": "#skin", "uv": [ 6.5, 1.5, 7.0, 2.0 ], "rotation": 90 }
									}
								}
							]
						},
						{
							"name": "R back Thigh",
							"from": [ 0.595, -0.952, -0.408 ], 
							"to": [ 3.145, 2.108, 0.612 ], 
							"unwrapMode": 2,
							"uv": [ 17.0, 1.0 ],
							"rotationOrigin": [ 1.615, 1.343, 0.153 ],
							"rotationX": 11.0,
							"rotationZ": -78.0,
							"faces": {
								"north": { "texture": "#skin", "uv": [ 21.0, 4.0, 24.0, 7.5 ] },
								"east": { "texture": "#skin", "uv": [ 20.0, 4.0, 21.0, 7.5 ] },
								"south": { "texture": "#skin", "uv": [ 17.0, 4.0, 20.0, 7.5 ] },
								"west": { "texture": "#skin", "uv": [ 24.0, 4.0, 25.0, 7.5 ] },
								"up": { "texture": "#skin", "uv": [ 20.0, 1.0, 21.0, 4.0 ], "rotation": 270 },
								"down": { "texture": "#skin", "uv": [ 20.0, 7.5, 21.0, 10.5 ], "rotation": 270 }
							},
							"children": [
								{
									"name": "R back Upper Arm",
									"from": [ 1.054, -3.604, 0.102 ], 
									"to": [ 2.074, -0.289, 0.918 ], 
									"unwrapMode": 2,
									"uv": [ 14.0, 6.5 ],
									"rotationOrigin": [ 1.564, -0.289, 0.51 ],
									"rotationX": -1.0,
									"rotationZ": 166.0,
									"faces": {
										"north": { "texture": "#skin", "uv": [ 15.5, 7.5, 16.5, 11.0 ] },
										"east": { "texture": "#skin", "uv": [ 15.0, 7.5, 15.5, 11.0 ] },
										"south": { "texture": "#skin", "uv": [ 14.0, 7.5, 15.0, 11.0 ] },
										"west": { "texture": "#skin", "uv": [ 16.5, 7.5, 17.0, 11.0 ] },
										"up": { "texture": "#skin", "uv": [ 15.0, 6.5, 15.5, 7.5 ], "rotation": 270 },
										"down": { "texture": "#skin", "uv": [ 15.0, 11.0, 15.5, 12.0 ], "rotation": 270 }
									},
									"children": [
										{
											"name": "R back lower arm",
											"from": [ -0.136, -3.06, 0.442 ], 
											"to": [ 0.629, 0.51, 1.054 ], 
											"unwrapMode": 2,
											"uv": [ 13.5, 11.5 ],
											"rotationOrigin": [ 0.221, 0.51, 0.748 ],
											"rotationX": 4.0,
											"rotationZ": -172.0,
											"faces": {
												"north": { "texture": "#skin", "uv": [ 14.5, 12.0, 15.0, 16.0 ] },
												"east": { "texture": "#skin", "uv": [ 14.0, 12.0, 14.5, 16.0 ] },
												"south": { "texture": "#skin", "uv": [ 13.5, 12.0, 14.0, 16.0 ] },
												"west": { "texture": "#skin", "uv": [ 15.0, 12.0, 15.5, 16.0 ] },
												"up": { "texture": "#skin", "uv": [ 14.0, 11.5, 14.5, 12.0 ], "rotation": 270 },
												"down": { "texture": "#skin", "uv": [ 14.0, 16.0, 14.5, 16.5 ], "rotation": 270 }
											},
											"children": [
												{
													"name": "R back paw",
													"from": [ 0.051, -0.612, 0.051 ], 
													"to": [ 0.714, 0.663, 0.561 ], 
													"unwrapMode": 4,
													"uv": [ 11.5, 6.8333 ],
													"rotationOrigin": [ 0.357, 0.663, 0.306 ],
													"rotationZ": 1.0,
													"faces": {
														"north": { "texture": "#skin", "uv": [ 11.5, 7.5, 12.0, 9.0 ] },
														"east": { "texture": "#skin", "uv": [ 13.0, 7.5, 13.5, 9.0 ] },
														"south": { "texture": "#skin", "uv": [ 12.5, 7.5, 13.0, 9.0 ] },
														"west": { "texture": "#skin", "uv": [ 12.0, 7.5, 12.5, 9.0 ] },
														"up": { "texture": "#skin", "uv": [ 12.0, 7.0, 12.5, 7.5 ], "rotation": 90 },
														"down": { "texture": "#skin", "uv": [ 12.0, 9.0, 12.5, 9.5 ], "rotation": 90 }
													},
													"children": [
														{
															"name": "R origin hind hoof",
															"from": [ 0.306, 0.408, 0.306 ], 
															"to": [ 0.306, 0.408, 0.306 ], 
															"uv": [ 0.0, 0.0 ],
															"rotationOrigin": [ 0.306, 0.408, 0.306 ],
															"rotationZ": 28.0,
															"faces": {
																"north": { "texture": "#skin", "uv": [ 0.0, 0.5, 0.3, 0.8 ], "enabled": false },
																"east": { "texture": "#skin", "uv": [ 0.5, 0.5, 0.8, 0.8 ], "enabled": false },
																"south": { "texture": "#skin", "uv": [ 1.0, 0.5, 1.3, 0.8 ], "enabled": false },
																"west": { "texture": "#skin", "uv": [ 1.5, 0.5, 1.8, 0.8 ], "enabled": false },
																"up": { "texture": "#skin", "uv": [ 0.0, 0.0, 0.3, 0.3 ], "enabled": false },
																"down": { "texture": "#skin", "uv": [ 0.5, 0.0, 0.8, 0.3 ], "enabled": false }
															},
															"children": [
																{
																	"name": "R hind hoof 1",
																	"from": [ -0.867, -0.204, -0.2805 ], 
																	"to": [ -0.153, 0.153, 0.1785 ], 
																	"unwrapMode": 4,
																	"uv": [ 0.5, 11.5 ],
																	"rotationOrigin": [ -0.153, 0.051, 0.204 ],
																	"rotationZ": 60.0,
																	"faces": {
																		"north": { "texture": "#skin", "uv": [ 0.5, 12.0, 1.0, 12.5 ] },
																		"east": { "texture": "#skin", "uv": [ 2.0, 12.0, 2.5, 12.5 ] },
																		"south": { "texture": "#skin", "uv": [ 1.5, 12.0, 2.0, 12.5 ] },
																		"west": { "texture": "#skin", "uv": [ 1.0, 12.0, 1.5, 12.5 ] },
																		"up": { "texture": "#skin", "uv": [ 1.0, 11.5, 1.5, 12.0 ], "rotation": 90 },
																		"down": { "texture": "#skin", "uv": [ 1.0, 12.5, 1.5, 13.0 ], "rotation": 90 }
																	}
																},
																{
																	"name": "R hind hoof 2",
																	"from": [ -0.459, -0.459, -0.2805 ], 
																	"to": [ 0.153, -0.204, 0.1785 ], 
																	"unwrapMode": 4,
																	"uv": [ 7.0, 1.5 ],
																	"rotationOrigin": [ 0.102, -0.204, 0.153 ],
																	"rotationZ": 27.0,
																	"faces": {
																		"north": { "texture": "#skin", "uv": [ 7.0, 2.0, 7.5, 2.5 ] },
																		"east": { "texture": "#skin", "uv": [ 8.5, 2.0, 9.0, 2.5 ] },
																		"south": { "texture": "#skin", "uv": [ 8.0, 2.0, 8.5, 2.5 ] },
																		"west": { "texture": "#skin", "uv": [ 7.5, 2.0, 8.0, 2.5 ] },
																		"up": { "texture": "#skin", "uv": [ 7.5, 1.5, 8.0, 2.0 ], "rotation": 90 },
																		"down": { "texture": "#skin", "uv": [ 7.5, 2.5, 8.0, 3.0 ], "rotation": 90 }
																	}
																}
															]
														}
													]
												}
											]
										}
									]
								}
							]
						}
					]
				},
				{
					"name": "L front Thigh",
					"from": [ -0.017, -1.139, 2.04 ], 
					"to": [ 1.513, 1.411, 3.06 ], 
					"unwrapMode": 4,
					"uv": [ 22.0, 7.5 ],
					"rotationOrigin": [ 0.748, 0.391, 2.55 ],
					"rotationX": 17.0,
					"rotationZ": 42.0,
					"faces": {
						"north": { "texture": "#skin", "uv": [ 22.0, 9.0, 23.5, 12.0 ] },
						"east": { "texture": "#skin", "uv": [ 26.0, 9.0, 27.0, 12.0 ] },
						"south": { "texture": "#skin", "uv": [ 24.5, 9.0, 26.0, 12.0 ] },
						"west": { "texture": "#skin", "uv": [ 23.5, 9.0, 24.5, 12.0 ] },
						"up": { "texture": "#skin", "uv": [ 23.5, 7.5, 24.5, 9.0 ], "rotation": 90, "windMode": [-1,-1,-1,-1] },
						"down": { "texture": "#skin", "uv": [ 23.5, 12.0, 24.5, 13.5 ], "rotation": 90 }
					},
					"children": [
						{
							"name": "L front Upper Arm",
							"from": [ 0.255, -2.55, 0.102 ], 
							"to": [ 1.275, 0.51, 0.918 ], 
							"unwrapMode": 4,
							"uv": [ 24.0, 12.5 ],
							"rotationOrigin": [ 0.765, 0.255, 0.51 ],
							"rotationX": 1.0,
							"rotationZ": -122.0,
							"faces": {
								"north": { "texture": "#skin", "uv": [ 24.0, 13.5, 25.0, 17.0 ] },
								"east": { "texture": "#skin", "uv": [ 26.5, 13.5, 27.0, 17.0 ] },
								"south": { "texture": "#skin", "uv": [ 25.5, 13.5, 26.5, 17.0 ] },
								"west": { "texture": "#skin", "uv": [ 25.0, 13.5, 25.5, 17.0 ] },
								"up": { "texture": "#skin", "uv": [ 25.0, 12.5, 25.5, 13.5 ], "rotation": 90 },
								"down": { "texture": "#skin", "uv": [ 25.0, 17.0, 25.5, 18.0 ], "rotation": 90 }
							},
							"children": [
								{
									"name": "L front lower arm",
									"from": [ 0.323, -2.04, 0.051 ], 
									"to": [ 1.088, 0.51, 0.663 ], 
									"unwrapMode": 4,
									"uv": [ 25.0, 17.5 ],
									"rotationOrigin": [ 0.68, 0.255, 0.357 ],
									"rotationX": -11.0,
									"rotationZ": 166.0,
									"faces": {
										"north": { "texture": "#skin", "uv": [ 25.0, 18.0, 25.5, 21.0 ] },
										"east": { "texture": "#skin", "uv": [ 26.5, 18.0, 27.0, 21.0 ] },
										"south": { "texture": "#skin", "uv": [ 26.0, 18.0, 26.5, 21.0 ] },
										"west": { "texture": "#skin", "uv": [ 25.5, 18.0, 26.0, 21.0 ] },
										"up": { "texture": "#skin", "uv": [ 25.5, 17.5, 26.0, 18.0 ], "rotation": 90 },
										"down": { "texture": "#skin", "uv": [ 25.5, 21.0, 26.0, 21.5 ], "rotation": 90 }
									},
									"children": [
										{
											"name": "L front pastern",
											"from": [ 0.102, -0.918, 0.051 ], 
											"to": [ 0.663, 0.357, 0.561 ], 
											"unwrapMode": 4,
											"uv": [ 25.5, 21.0 ],
											"rotationOrigin": [ 0.357, 0.357, 0.306 ],
											"rotationX": -1.0,
											"rotationZ": 8.0,
											"faces": {
												"north": { "texture": "#skin", "uv": [ 25.5, 21.5, 26.0, 23.0 ] },
												"east": { "texture": "#skin", "uv": [ 27.0, 21.5, 27.5, 23.0 ] },
												"south": { "texture": "#skin", "uv": [ 26.5, 21.5, 27.0, 23.0 ] },
												"west": { "texture": "#skin", "uv": [ 26.0, 21.5, 26.5, 23.0 ] },
												"up": { "texture": "#skin", "uv": [ 26.0, 21.0, 26.5, 21.5 ], "rotation": 90 },
												"down": { "texture": "#skin", "uv": [ 26.0, 23.0, 26.5, 23.5 ], "rotation": 90 }
											},
											"children": [
												{
													"name": "L origin hoof",
													"from": [ 0.306, 0.408, 0.306 ], 
													"to": [ 0.306, 0.408, 0.306 ], 
													"uv": [ 0.0, 0.0 ],
													"rotationOrigin": [ 0.306, 0.408, 0.306 ],
													"rotationZ": 22.0,
													"faces": {
														"north": { "texture": "#skin", "uv": [ 0.0, 0.5, 0.3, 0.8 ], "enabled": false },
														"east": { "texture": "#skin", "uv": [ 0.5, 0.5, 0.8, 0.8 ], "enabled": false },
														"south": { "texture": "#skin", "uv": [ 1.0, 0.5, 1.3, 0.8 ], "enabled": false },
														"west": { "texture": "#skin", "uv": [ 1.5, 0.5, 1.8, 0.8 ], "enabled": false },
														"up": { "texture": "#skin", "uv": [ 0.0, 0.0, 0.3, 0.3 ], "enabled": false },
														"down": { "texture": "#skin", "uv": [ 0.5, 0.0, 0.8, 0.3 ], "enabled": false }
													},
													"children": [
														{
															"name": "L front hoof 1",
															"from": [ -0.867, -0.204, -0.2805 ], 
															"to": [ -0.153, 0.153, 0.1785 ], 
															"unwrapMode": 4,
															"uv": [ 0.0, 10.5 ],
															"rotationOrigin": [ -0.153, 0.051, 0.204 ],
															"rotationZ": 60.0,
															"faces": {
																"north": { "texture": "#skin", "uv": [ 0.0, 11.0, 0.5, 11.5 ] },
																"east": { "texture": "#skin", "uv": [ 1.5, 11.0, 2.0, 11.5 ] },
																"south": { "texture": "#skin", "uv": [ 1.0, 11.0, 1.5, 11.5 ] },
																"west": { "texture": "#skin", "uv": [ 0.5, 11.0, 1.0, 11.5 ] },
																"up": { "texture": "#skin", "uv": [ 0.5, 10.5, 1.0, 11.0 ], "rotation": 90 },
																"down": { "texture": "#skin", "uv": [ 0.5, 11.5, 1.0, 12.0 ], "rotation": 90 }
															}
														},
														{
															"name": "L front hoof 2",
															"from": [ -0.459, -0.459, -0.2805 ], 
															"to": [ 0.153, -0.204, 0.1785 ], 
															"unwrapMode": 4,
															"uv": [ 1.0, 9.5 ],
															"rotationOrigin": [ 0.102, -0.204, 0.153 ],
															"rotationZ": 27.0,
															"faces": {
																"north": { "texture": "#skin", "uv": [ 1.0, 10.0, 1.5, 10.5 ] },
																"east": { "texture": "#skin", "uv": [ 2.5, 10.0, 3.0, 10.5 ] },
																"south": { "texture": "#skin", "uv": [ 2.0, 10.0, 2.5, 10.5 ] },
																"west": { "texture": "#skin", "uv": [ 1.5, 10.0, 2.0, 10.5 ] },
																"up": { "texture": "#skin", "uv": [ 1.5, 9.5, 2.0, 10.0 ], "rotation": 90 },
																"down": { "texture": "#skin", "uv": [ 1.5, 10.5, 2.0, 11.0 ], "rotation": 90 }
															}
														}
													]
												}
											]
										}
									]
								}
							]
						}
					]
				},
				{
					"name": "R front Thigh",
					"from": [ 0.408, -0.289, -0.357 ], 
					"to": [ 1.938, 2.261, 0.663 ], 
					"unwrapMode": 4,
					"uv": [ 18.5, 10.5 ],
					"rotationOrigin": [ 1.173, 1.241, 0.204 ],
					"rotationX": 28.0,
					"rotationZ": 39.0,
					"faces": {
						"north": { "texture": "#skin", "uv": [ 18.5, 12.0, 20.0, 15.0 ] },
						"east": { "texture": "#skin", "uv": [ 22.5, 12.0, 23.5, 15.0 ] },
						"south": { "texture": "#skin", "uv": [ 21.0, 12.0, 22.5, 15.0 ] },
						"west": { "texture": "#skin", "uv": [ 20.0, 12.0, 21.0, 15.0 ] },
						"up": { "texture": "#skin", "uv": [ 20.0, 10.5, 21.0, 12.0 ], "rotation": 90 },
						"down": { "texture": "#skin", "uv": [ 20.0, 15.0, 21.0, 16.5 ], "rotation": 90 }
					},
					"children": [
						{
							"name": "R front Upper Arm",
							"from": [ 0.255, -2.55, 0.102 ], 
							"to": [ 1.275, 0.51, 0.918 ], 
							"unwrapMode": 4,
							"uv": [ 21.0, 15.5 ],
							"rotationOrigin": [ 0.765, 0.255, 0.51 ],
							"rotationX": -1.0,
							"rotationZ": -138.0,
							"faces": {
								"north": { "texture": "#skin", "uv": [ 21.0, 16.5, 22.0, 20.0 ] },
								"east": { "texture": "#skin", "uv": [ 23.5, 16.5, 24.0, 20.0 ] },
								"south": { "texture": "#skin", "uv": [ 22.5, 16.5, 23.5, 20.0 ] },
								"west": { "texture": "#skin", "uv": [ 22.0, 16.5, 22.5, 20.0 ] },
								"up": { "texture": "#skin", "uv": [ 22.0, 15.5, 22.5, 16.5 ], "rotation": 90 },
								"down": { "texture": "#skin", "uv": [ 22.0, 20.0, 22.5, 21.0 ], "rotation": 90 }
							},
							"children": [
								{
									"name": "R front lower arm",
									"from": [ 0.663, -1.87, 0.153 ], 
									"to": [ 1.428, 0.68, 0.765 ], 
									"unwrapMode": 4,
									"uv": [ 22.0, 20.5 ],
									"rotationOrigin": [ 1.02, 0.425, 0.51 ],
									"rotationX": 3.0,
									"rotationZ": 180.0,
									"faces": {
										"north": { "texture": "#skin", "uv": [ 22.0, 21.0, 22.5, 24.0 ] },
										"east": { "texture": "#skin", "uv": [ 23.5, 21.0, 24.0, 24.0 ] },
										"south": { "texture": "#skin", "uv": [ 23.0, 21.0, 23.5, 24.0 ] },
										"west": { "texture": "#skin", "uv": [ 22.5, 21.0, 23.0, 24.0 ] },
										"up": { "texture": "#skin", "uv": [ 22.5, 20.5, 23.0, 21.0 ], "rotation": 90 },
										"down": { "texture": "#skin", "uv": [ 22.5, 24.0, 23.0, 24.5 ], "rotation": 90 }
									},
									"children": [
										{
											"name": "R front paw",
											"from": [ 0.102, -0.918, 0.051 ], 
											"to": [ 0.663, 0.357, 0.561 ], 
											"unwrapMode": 4,
											"uv": [ 20.5, 23.5 ],
											"rotationOrigin": [ 0.357, 0.357, 0.306 ],
											"rotationX": -1.0,
											"rotationZ": 14.0,
											"faces": {
												"north": { "texture": "#skin", "uv": [ 20.5, 24.0, 21.0, 25.5 ] },
												"east": { "texture": "#skin", "uv": [ 22.0, 24.0, 22.5, 25.5 ] },
												"south": { "texture": "#skin", "uv": [ 21.5, 24.0, 22.0, 25.5 ] },
												"west": { "texture": "#skin", "uv": [ 21.0, 24.0, 21.5, 25.5 ] },
												"up": { "texture": "#skin", "uv": [ 21.0, 23.5, 21.5, 24.0 ], "rotation": 90 },
												"down": { "texture": "#skin", "uv": [ 21.0, 25.5, 21.5, 26.0 ], "rotation": 90 }
											},
											"children": [
												{
													"name": "R origin hoof",
													"from": [ 0.306, 0.408, 0.306 ], 
													"to": [ 0.306, 0.408, 0.306 ], 
													"uv": [ 0.0, 0.0 ],
													"rotationOrigin": [ 0.306, 0.408, 0.3051 ],
													"rotationZ": 30.0,
													"faces": {
														"north": { "texture": "#skin", "uv": [ 0.0, 0.5, 0.3, 0.8 ], "enabled": false },
														"east": { "texture": "#skin", "uv": [ 0.5, 0.5, 0.8, 0.8 ], "enabled": false },
														"south": { "texture": "#skin", "uv": [ 1.0, 0.5, 1.3, 0.8 ], "enabled": false },
														"west": { "texture": "#skin", "uv": [ 1.5, 0.5, 1.8, 0.8 ], "enabled": false },
														"up": { "texture": "#skin", "uv": [ 0.0, 0.0, 0.3, 0.3 ], "enabled": false },
														"down": { "texture": "#skin", "uv": [ 0.5, 0.0, 0.8, 0.3 ], "enabled": false }
													},
													"children": [
														{
															"name": "R front hoof 1",
															"from": [ -0.867, -0.204, -0.2805 ], 
															"to": [ -0.153, 0.153, 0.1785 ], 
															"unwrapMode": 4,
															"uv": [ 0.0, 16.5 ],
															"rotationOrigin": [ -0.153, 0.051, 0.204 ],
															"rotationZ": 60.0,
															"faces": {
																"north": { "texture": "#skin", "uv": [ 0.0, 17.0, 0.5, 17.5 ] },
																"east": { "texture": "#skin", "uv": [ 1.5, 17.0, 2.0, 17.5 ] },
																"south": { "texture": "#skin", "uv": [ 1.0, 17.0, 1.5, 17.5 ] },
																"west": { "texture": "#skin", "uv": [ 0.5, 17.0, 1.0, 17.5 ] },
																"up": { "texture": "#skin", "uv": [ 0.5, 16.5, 1.0, 17.0 ], "rotation": 90 },
																"down": { "texture": "#skin", "uv": [ 0.5, 17.5, 1.0, 18.0 ], "rotation": 90 }
															}
														},
														{
															"name": "R front hoof 2",
															"from": [ -0.459, -0.459, -0.2805 ], 
															"to": [ 0.153, -0.204, 0.1785 ], 
															"unwrapMode": 4,
															"uv": [ 0.5, 8.5 ],
															"rotationOrigin": [ 0.102, -0.204, 0.153 ],
															"rotationZ": 27.0,
															"faces": {
																"north": { "texture": "#skin", "uv": [ 0.5, 9.0, 1.0, 9.5 ] },
																"east": { "texture": "#skin", "uv": [ 2.0, 9.0, 2.5, 9.5 ] },
																"south": { "texture": "#skin", "uv": [ 1.5, 9.0, 2.0, 9.5 ] },
																"west": { "texture": "#skin", "uv": [ 1.0, 9.0, 1.5, 9.5 ] },
																"up": { "texture": "#skin", "uv": [ 1.0, 8.5, 1.5, 9.0 ], "rotation": 90 },
																"down": { "texture": "#skin", "uv": [ 1.0, 9.5, 1.5, 10.0 ], "rotation": 90 }
															}
														}
													]
												}
											]
										}
									]
								}
							]
						}
					]
				}
			],
			"attachmentpoints": [
				{
					"code": "Center",
					"posX": "9.0","posY": "4.0","posZ": "5.0",
					"rotationX": "0.0","rotationY": "0.0","rotationZ": "0.0"
				}
			]
		}
	]}