{
	"editor": {
		"allAngles": true,
		"entityTextureMode": true
	},
	"textureWidth": 32,
	"textureHeight": 32,
	"textureSizes": {
		"skin": [32,32]
	},
	"textures": {
	},
	"elements": [
		{
			"name": "Body",
			"from": [ 5.5, 0.5135, 6.52 ], 
			"to": [ 8.2755, 4.0885, 9.055 ], 
			"unwrapMode": 3,
			"unwrapRotation": 1,
			"uv": [ 0.0, 0.0 ],
			"rotationOrigin": [ 8.08, 2.3725, 8.0 ],
			"rotationZ": 6.0,
			"faces": {
				"north": { "texture": "#skin", "uv": [ 12.5, 3.5, 18.0, 7.5 ], "rotation": 270 },
				"east": { "texture": "#skin", "uv": [ 3.5, 0.0, 9.0, 3.5 ], "rotation": 90 },
				"south": { "texture": "#skin", "uv": [ 3.5, 3.5, 9.0, 7.5 ], "rotation": 90 },
				"west": { "texture": "#skin", "uv": [ 3.5, 7.5, 9.0, 11.0 ], "rotation": 90 },
				"up": { "texture": "#skin", "uv": [ 0.0, 3.5, 3.5, 7.5 ], "rotation": 90 },
				"down": { "texture": "#skin", "uv": [ 9.0, 3.5, 12.5, 7.5 ], "rotation": 270 }
			},
			"children": [
				{
					"name": "neck",
					"from": [ -0.6825, 1.092, 0.325 ], 
					"to": [ 1.612, 3.7375, 2.275 ], 
					"unwrapMode": 3,
					"unwrapRotation": 1,
					"uv": [ 10.0, 22.5 ],
					"rotationOrigin": [ 1.105, 1.742, 1.3 ],
					"rotationY": 30.0,
					"rotationZ": 47.0,
					"faces": {
						"north": { "texture": "#skin", "uv": [ 17.0, 25.5, 21.0, 29.0 ], "rotation": 270, "windMode": [-1,-1,-1,-1], "windData": [0,0,1,0] },
						"east": { "texture": "#skin", "uv": [ 13.0, 22.5, 17.0, 25.5 ], "rotation": 90, "windMode": [-1,-1,-1,-1], "windData": [1,0,0,1] },
						"south": { "texture": "#skin", "uv": [ 13.0, 25.5, 17.0, 29.0 ], "rotation": 90 },
						"west": { "texture": "#skin", "uv": [ 13.0, 29.0, 17.0, 32.0 ], "rotation": 90 },
						"up": { "texture": "#skin", "uv": [ 10.0, 25.5, 13.0, 29.0 ], "rotation": 90 },
						"down": { "texture": "#skin", "uv": [ 17.0, 25.5, 20.0, 29.0 ], "rotation": 270, "enabled": false, "windMode": [-1,-1,-1,-1], "windData": [0,1,1,0] }
					},
					"children": [
						{
							"name": "neck2",
							"from": [ 0.3445, 1.638, 0.2665 ], 
							"to": [ 2.2295, 3.718, 1.6965 ], 
							"unwrapMode": 3,
							"uv": [ 23.0, 27.0 ],
							"rotationOrigin": [ 2.093, 2.4245, 0.975 ],
							"rotationX": 19.0,
							"rotationY": 11.0,
							"rotationZ": -15.0,
							"faces": {
								"north": { "texture": "#skin", "uv": [ 29.5, 29.0, 32.0, 32.0 ], "windMode": [-1,-1,-1,-1], "windData": [1,1,1,1] },
								"east": { "texture": "#skin", "uv": [ 27.5, 29.0, 29.5, 32.0 ], "windMode": [-1,-1,-1,-1], "windData": [1,1,1,1] },
								"south": { "texture": "#skin", "uv": [ 25.0, 29.0, 27.5, 32.0 ], "windMode": [-1,-1,-1,-1], "windData": [1,1,1,1] },
								"west": { "texture": "#skin", "uv": [ 23.0, 29.0, 25.0, 32.0 ], "windMode": [-1,-1,-1,-1], "windData": [1,1,1,1] },
								"up": { "texture": "#skin", "uv": [ 25.0, 27.0, 27.5, 29.0 ], "windMode": [-1,-1,-1,-1], "windData": [1,1,1,1] },
								"down": { "texture": "#skin", "uv": [ 25.0, 32.0, 27.5, 34.0 ], "rotation": 180, "enabled": false, "windMode": [-1,-1,-1,-1], "windData": [1,1,1,1] }
							},
							"children": [
								{
									"name": "head",
									"from": [ 0.6175, 0.39, 0.0585 ], 
									"to": [ 1.82, 2.0345, 1.3585 ], 
									"unwrapMode": 4,
									"uv": [ 9.5, 7.5 ],
									"rotationOrigin": [ 1.82, 2.041, 0.702 ],
									"rotationY": 6.0,
									"rotationZ": -60.0,
									"faces": {
										"north": { "texture": "#skin", "uv": [ 9.5, 9.0, 11.0, 11.5 ] },
										"east": { "texture": "#skin", "uv": [ 14.5, 9.0, 16.5, 11.5 ] },
										"south": { "texture": "#skin", "uv": [ 13.0, 9.0, 14.5, 11.5 ] },
										"west": { "texture": "#skin", "uv": [ 11.0, 9.0, 13.0, 11.5 ] },
										"up": { "texture": "#skin", "uv": [ 11.0, 7.5, 13.0, 9.0 ], "rotation": 90 },
										"down": { "texture": "#skin", "uv": [ 11.0, 11.5, 13.0, 13.0 ], "rotation": 90 }
									},
									"children": [
										{
											"name": "mouth up",
											"from": [ -1.027, 0.0715, 0.286 ], 
											"to": [ 0.429, 0.3315, 1.001 ], 
											"unwrapMode": 5,
											"unwrapRotation": 1,
											"uv": [ 0.0, 0.0 ],
											"rotationOrigin": [ 0.3575, 0.3575, 0.6435 ],
											"rotationZ": 35.0,
											"faces": {
												"north": { "texture": "#skin", "uv": [ 0.0, 0.0, 0.5, 2.0 ], "rotation": 270 },
												"east": { "texture": "#skin", "uv": [ 0.5, 0.0, 1.5, 0.5 ], "rotation": 180, "enabled": false },
												"south": { "texture": "#skin", "uv": [ 1.5, 0.0, 2.0, 2.0 ], "rotation": 90 },
												"west": { "texture": "#skin", "uv": [ 0.5, 2.0, 1.5, 2.5 ] },
												"up": { "texture": "#skin", "uv": [ 0.5, 0.0, 1.5, 2.0 ], "rotation": 90 },
												"down": { "texture": "#skin", "uv": [ 2.0, 0.0, 3.0, 2.0 ], "rotation": 270 }
											},
											"children": [
												{
													"name": "nose",
													"from": [ -0.208, 0.0325, 0.0325 ], 
													"to": [ 0.2925, 0.4615, 0.689 ], 
													"unwrapMode": 4,
													"uv": [ 9.5, 13.5 ],
													"rotationOrigin": [ -0.208, 0.4355, 0.2795 ],
													"rotationZ": 31.0,
													"faces": {
														"north": { "texture": "#skin", "uv": [ 9.5, 14.0, 10.0, 14.5 ], "windMode": [-1,-1,-1,-1], "windData": [1,1,1,1] },
														"east": { "texture": "#skin", "uv": [ 11.5, 14.0, 12.5, 14.5 ], "windMode": [-1,-1,-1,-1], "windData": [1,1,1,1] },
														"south": { "texture": "#skin", "uv": [ 11.0, 14.0, 11.5, 14.5 ], "windMode": [-1,-1,-1,-1], "windData": [1,1,1,1] },
														"west": { "texture": "#skin", "uv": [ 10.0, 14.0, 11.0, 14.5 ], "windMode": [-1,-1,-1,-1], "windData": [1,1,1,1] },
														"up": { "texture": "#skin", "uv": [ 10.0, 13.5, 11.0, 14.0 ], "rotation": 90, "windMode": [-1,-1,-1,-1], "windData": [1,1,1,1] },
														"down": { "texture": "#skin", "uv": [ 10.0, 14.5, 11.0, 15.0 ], "rotation": 90, "windMode": [-1,-1,-1,-1], "windData": [1,1,1,1] }
													}
												},
												{
													"name": "nose bridge",
													"from": [ 0.3055, -0.13, 0.0357 ], 
													"to": [ 2.2555, 0.65, 0.6857 ], 
													"unwrapMode": 5,
													"unwrapRotation": 1,
													"uv": [ 0.5, 10.0 ],
													"rotationOrigin": [ 0.3055, 0.0, 0.2145 ],
													"rotationZ": 32.0,
													"faces": {
														"north": { "texture": "#skin", "uv": [ 0.5, 11.0, 1.5, 14.0 ], "rotation": 270 },
														"east": { "texture": "#skin", "uv": [ 1.5, 10.0, 2.5, 11.0 ], "rotation": 180, "windMode": [-1,-1,-1,-1], "windData": [0,0,0,0] },
														"south": { "texture": "#skin", "uv": [ 2.5, 11.0, 3.5, 14.0 ], "rotation": 90 },
														"west": { "texture": "#skin", "uv": [ 1.5, 14.0, 2.5, 15.0 ], "windMode": [-1,-1,-1,-1], "windData": [0,0,0,0] },
														"up": { "texture": "#skin", "uv": [ 1.5, 11.0, 2.5, 14.0 ], "rotation": 90 },
														"down": { "texture": "#skin", "uv": [ 3.5, 11.0, 4.5, 14.0 ], "rotation": 270, "enabled": false }
													}
												}
											]
										},
										{
											"name": "R ear",
											"from": [ 0.4875, 0.988, -0.741 ], 
											"to": [ 0.6305, 1.703, 0.208 ], 
											"unwrapMode": 4,
											"uv": [ 9.0, 0.0 ],
											"rotationOrigin": [ 0.6305, 1.56, 0.2015 ],
											"rotationX": 45.0,
											"rotationZ": 22.0,
											"faces": {
												"north": { "texture": "#skin", "uv": [ 9.0, 0.5, 9.5, 1.5 ] },
												"east": { "texture": "#skin", "uv": [ 11.0, 0.5, 12.0, 1.5 ] },
												"south": { "texture": "#skin", "uv": [ 10.5, 0.5, 11.0, 1.5 ], "windMode": [-1,-1,-1,-1], "windData": [0,0,0,0] },
												"west": { "texture": "#skin", "uv": [ 9.5, 0.5, 10.5, 1.5 ] },
												"up": { "texture": "#skin", "uv": [ 9.5, 0.0, 10.5, 0.5 ], "rotation": 90 },
												"down": { "texture": "#skin", "uv": [ 9.5, 1.5, 10.5, 2.0 ], "rotation": 90 }
											}
										},
										{
											"name": "L ear",
											"from": [ 0.4875, 0.988, 1.0855 ], 
											"to": [ 0.6305, 1.703, 2.0345 ], 
											"unwrapMode": 4,
											"uv": [ 12.0, 0.0 ],
											"rotationOrigin": [ 0.6305, 1.56, 1.0855 ],
											"rotationX": -45.0,
											"rotationZ": 22.0,
											"faces": {
												"north": { "texture": "#skin", "uv": [ 12.0, 0.5, 12.5, 1.5 ], "windMode": [-1,-1,-1,-1] },
												"east": { "texture": "#skin", "uv": [ 14.0, 0.5, 15.0, 1.5 ] },
												"south": { "texture": "#skin", "uv": [ 13.5, 0.5, 14.0, 1.5 ], "windMode": [-1,-1,-1,-1] },
												"west": { "texture": "#skin", "uv": [ 12.5, 0.5, 13.5, 1.5 ] },
												"up": { "texture": "#skin", "uv": [ 12.5, 0.0, 13.5, 0.5 ], "rotation": 90 },
												"down": { "texture": "#skin", "uv": [ 12.5, 1.5, 13.5, 2.0 ], "rotation": 90 }
											}
										},
										{
											"name": "jaw",
											"from": [ -0.858, 0.0, 0.2925 ], 
											"to": [ 0.9295, 0.2502, 0.9945 ], 
											"unwrapMode": 5,
											"unwrapRotation": 1,
											"uv": [ 0.0, 7.5 ],
											"rotationOrigin": [ 0.715, 0.2145, 0.65 ],
											"rotationZ": 31.0,
											"faces": {
												"north": { "texture": "#skin", "uv": [ 0.0, 7.5, 0.5, 10.0 ], "rotation": 270 },
												"east": { "texture": "#skin", "uv": [ 0.5, 7.5, 1.5, 8.0 ], "rotation": 180, "enabled": false },
												"south": { "texture": "#skin", "uv": [ 1.5, 7.5, 2.0, 10.0 ], "rotation": 90 },
												"west": { "texture": "#skin", "uv": [ 0.5, 10.0, 1.5, 10.5 ] },
												"up": { "texture": "#skin", "uv": [ 0.5, 7.5, 1.5, 10.0 ], "rotation": 90 },
												"down": { "texture": "#skin", "uv": [ 2.0, 7.5, 3.0, 10.0 ], "rotation": 270 }
											}
										}
									]
								}
							]
						}
					]
				},
				{
					"name": "abdomen",
					"from": [ 2.418, 0.0, -0.0715 ], 
					"to": [ 6.5, 3.64, 2.6065 ], 
					"unwrapMode": 3,
					"unwrapRotation": 1,
					"uv": [ 0.0, 11.0 ],
					"rotationOrigin": [ 2.418, 1.7875, 1.2155 ],
					"rotationZ": -12.0,
					"faces": {
						"north": { "texture": "#skin", "uv": [ 13.5, 15.0, 19.0, 21.0 ], "rotation": 270 },
						"east": { "texture": "#skin", "uv": [ 4.0, 11.0, 9.5, 15.0 ], "rotation": 90 },
						"south": { "texture": "#skin", "uv": [ 4.0, 15.0, 9.5, 21.0 ], "rotation": 90 },
						"west": { "texture": "#skin", "uv": [ 4.0, 21.0, 9.5, 25.0 ], "rotation": 90 },
						"up": { "texture": "#skin", "uv": [ 0.0, 15.0, 4.0, 21.0 ], "rotation": 90 },
						"down": { "texture": "#skin", "uv": [ 9.5, 15.0, 13.5, 21.0 ], "rotation": 270 }
					},
					"children": [
						{
							"name": "L back Thigh",
							"from": [ 2.1515, -0.338, 2.0345 ], 
							"to": [ 4.7255, 2.7365, 3.0355 ], 
							"unwrapMode": 3,
							"uv": [ 20.0, 15.5 ],
							"rotationOrigin": [ 3.1525, 1.8785, 2.535 ],
							"rotationX": 3.0,
							"rotationZ": -53.0,
							"faces": {
								"north": { "texture": "#skin", "uv": [ 26.5, 17.0, 30.0, 21.5 ] },
								"east": { "texture": "#skin", "uv": [ 25.0, 17.0, 26.5, 21.5 ] },
								"south": { "texture": "#skin", "uv": [ 21.5, 17.0, 25.0, 21.5 ] },
								"west": { "texture": "#skin", "uv": [ 20.0, 17.0, 21.5, 21.5 ] },
								"up": { "texture": "#skin", "uv": [ 21.5, 15.5, 25.0, 17.0 ], "windMode": [-1,-1,-1,-1], "windData": [0,0,1,1] },
								"down": { "texture": "#skin", "uv": [ 21.5, 21.5, 25.0, 23.0 ], "rotation": 180 }
							},
							"children": [
								{
									"name": "L back Upper Arm",
									"from": [ 0.013, -2.574, 0.143 ], 
									"to": [ 1.014, 0.286, 0.9295 ], 
									"unwrapMode": 3,
									"uv": [ 27.0, 11.0 ],
									"rotationOrigin": [ 0.5135, 0.286, 0.572 ],
									"rotationX": 1.0,
									"rotationY": 14.0,
									"rotationZ": 127.0,
									"faces": {
										"north": { "texture": "#skin", "uv": [ 30.5, 12.0, 32.0, 16.0 ] },
										"east": { "texture": "#skin", "uv": [ 29.5, 12.0, 30.5, 16.0 ] },
										"south": { "texture": "#skin", "uv": [ 28.0, 12.0, 29.5, 16.0 ] },
										"west": { "texture": "#skin", "uv": [ 27.0, 12.0, 28.0, 16.0 ] },
										"up": { "texture": "#skin", "uv": [ 28.0, 11.0, 29.5, 12.0 ] },
										"down": { "texture": "#skin", "uv": [ 28.0, 16.0, 29.5, 17.0 ], "rotation": 180 }
									},
									"children": [
										{
											"name": "L back lower arm",
											"from": [ -0.312, -2.353, 0.143 ], 
											"to": [ 0.26, 0.247, 0.6435 ], 
											"unwrapMode": 3,
											"uv": [ 30.0, 19.0 ],
											"rotationOrigin": [ 0.0455, 0.234, 0.429 ],
											"rotationX": -4.0,
											"rotationZ": -155.0,
											"faces": {
												"north": { "texture": "#skin", "uv": [ 31.5, 19.5, 32.0, 23.5 ] },
												"east": { "texture": "#skin", "uv": [ 31.0, 19.5, 31.5, 23.5 ] },
												"south": { "texture": "#skin", "uv": [ 30.5, 19.5, 31.0, 23.5 ] },
												"west": { "texture": "#skin", "uv": [ 30.0, 19.5, 30.5, 23.5 ] },
												"up": { "texture": "#skin", "uv": [ 30.5, 19.0, 31.0, 19.5 ] },
												"down": { "texture": "#skin", "uv": [ 30.5, 23.5, 31.0, 24.0 ], "rotation": 180 }
											},
											"children": [
												{
													"name": "L back pastern",
													"from": [ 0.0357, -0.572, 0.0 ], 
													"to": [ 0.5362, 0.715, 0.5005 ], 
													"unwrapMode": 3,
													"uv": [ 2.0, 22.0 ],
													"rotationOrigin": [ 0.3575, 0.6435, 0.2145 ],
													"faces": {
														"north": { "texture": "#skin", "uv": [ 3.5, 22.5, 4.0, 24.0 ] },
														"east": { "texture": "#skin", "uv": [ 3.0, 22.5, 3.5, 24.0 ] },
														"south": { "texture": "#skin", "uv": [ 2.5, 22.5, 3.0, 24.0 ] },
														"west": { "texture": "#skin", "uv": [ 2.0, 22.5, 2.5, 24.0 ] },
														"up": { "texture": "#skin", "uv": [ 2.5, 22.0, 3.0, 22.5 ] },
														"down": { "texture": "#skin", "uv": [ 2.5, 24.0, 3.0, 24.5 ], "rotation": 180 }
													},
													"children": [
														{
															"name": "L origin hind hoof",
															"from": [ 0.286, 0.3575, 0.2502 ], 
															"to": [ 0.286, 0.3575, 0.2502 ], 
															"uv": [ 0.0, 0.0 ],
															"rotationOrigin": [ 0.286, 0.3575, 0.286 ],
															"rotationZ": 17.0,
															"faces": {
																"north": { "texture": "#skin", "uv": [ 0.0, 0.5, 0.396, 0.896 ], "enabled": false },
																"east": { "texture": "#skin", "uv": [ 0.5, 0.5, 0.896, 0.896 ], "enabled": false },
																"south": { "texture": "#skin", "uv": [ 1.0, 0.5, 1.396, 0.896 ], "enabled": false },
																"west": { "texture": "#skin", "uv": [ 1.5, 0.5, 1.896, 0.896 ], "enabled": false },
																"up": { "texture": "#skin", "uv": [ 0.0, 0.0, 0.396, 0.396 ], "enabled": false },
																"down": { "texture": "#skin", "uv": [ 0.5, 0.0, 0.896, 0.396 ], "enabled": false }
															},
															"children": [
																{
																	"name": "L hind hoof 1",
																	"from": [ -0.7865, -0.143, -0.2145 ], 
																	"to": [ -0.2145, 0.0715, 0.2145 ], 
																	"unwrapMode": 4,
																	"uv": [ 6.0, 30.5 ],
																	"rotationOrigin": [ -0.0715, 0.0, 0.143 ],
																	"rotationZ": 55.0,
																	"faces": {
																		"north": { "texture": "#skin", "uv": [ 6.0, 31.0, 6.5, 31.5 ] },
																		"east": { "texture": "#skin", "uv": [ 7.5, 31.0, 8.0, 31.5 ] },
																		"south": { "texture": "#skin", "uv": [ 7.0, 31.0, 7.5, 31.5 ] },
																		"west": { "texture": "#skin", "uv": [ 6.5, 31.0, 7.0, 31.5 ] },
																		"up": { "texture": "#skin", "uv": [ 6.5, 30.5, 7.0, 31.0 ], "rotation": 90 },
																		"down": { "texture": "#skin", "uv": [ 6.5, 31.5, 7.0, 32.0 ], "rotation": 90 }
																	}
																},
																{
																	"name": "L hind hoof 2",
																	"from": [ -0.572, -0.429, -0.2145 ], 
																	"to": [ 0.143, -0.2145, 0.2145 ], 
																	"unwrapMode": 4,
																	"uv": [ 9.0, 29.5 ],
																	"rotationOrigin": [ 0.0715, -0.143, 0.0715 ],
																	"rotationZ": 27.0,
																	"faces": {
																		"north": { "texture": "#skin", "uv": [ 9.0, 30.5, 10.0, 31.0 ] },
																		"east": { "texture": "#skin", "uv": [ 11.5, 30.5, 12.0, 31.0 ] },
																		"south": { "texture": "#skin", "uv": [ 10.5, 30.5, 11.5, 31.0 ] },
																		"west": { "texture": "#skin", "uv": [ 10.0, 30.5, 10.5, 31.0 ] },
																		"up": { "texture": "#skin", "uv": [ 10.0, 29.5, 10.5, 30.5 ], "rotation": 90 },
																		"down": { "texture": "#skin", "uv": [ 10.0, 31.0, 10.5, 32.0 ], "rotation": 90 }
																	}
																}
															]
														}
													]
												}
											]
										}
									]
								}
							]
						},
						{
							"name": "tail",
							"from": [ 2.6, 1.3, 0.039 ], 
							"to": [ 4.2575, 3.315, 2.639 ], 
							"unwrapMode": 3,
							"unwrapRotation": 1,
							"uv": [ 16.5, 8.5 ],
							"rotationOrigin": [ 3.8545, 3.289, 1.339 ],
							"rotationZ": 60.0,
							"faces": {
								"north": { "texture": "#skin", "uv": [ 19.5, 12.5, 22.5, 15.0 ], "rotation": 270, "windMode": [-1,-1,-1,-1], "windData": [0,1,1,0] },
								"east": { "texture": "#skin", "uv": [ 16.5, 8.5, 19.5, 12.5 ], "rotation": 90, "windMode": [-1,-1,-1,-1], "windData": [0,1,1,0] },
								"south": { "texture": "#skin", "uv": [ 16.5, 12.5, 19.5, 15.0 ], "rotation": 90 },
								"west": { "texture": "#skin", "uv": [ 16.5, 15.0, 19.5, 19.0 ], "rotation": 90, "enabled": false, "windMode": [-1,-1,-1,-1], "windData": [0,0,0,0] },
								"up": { "texture": "#skin", "uv": [ 16.5, 12.5, 20.5, 15.0 ], "rotation": 90, "enabled": false, "windMode": [-1,-1,-1,-1], "windData": [0,0,0,0] },
								"down": { "texture": "#skin", "uv": [ 19.5, 12.5, 23.5, 15.0 ], "rotation": 270, "enabled": false, "windMode": [-1,-1,-1,-1] }
							}
						},
						{
							"name": "R back Thigh",
							"from": [ 2.1515, -0.338, -0.3575 ], 
							"to": [ 4.7255, 2.7365, 0.6435 ], 
							"unwrapMode": 1,
							"uv": [ 22.0, 5.0 ],
							"rotationOrigin": [ 3.1525, 1.8785, 0.0715 ],
							"rotationX": -3.0,
							"rotationZ": -58.0,
							"faces": {
								"north": { "texture": "#skin", "uv": [ 23.5, 6.5, 27.0, 11.0 ] },
								"east": { "texture": "#skin", "uv": [ 22.0, 6.5, 23.5, 11.0 ] },
								"south": { "texture": "#skin", "uv": [ 28.5, 6.5, 32.0, 11.0 ] },
								"west": { "texture": "#skin", "uv": [ 27.0, 6.5, 28.5, 11.0 ] },
								"up": { "texture": "#skin", "uv": [ 23.5, 5.0, 27.0, 6.5 ], "rotation": 180 },
								"down": { "texture": "#skin", "uv": [ 23.5, 11.0, 27.0, 12.5 ] }
							},
							"children": [
								{
									"name": "R back Upper Arm",
									"from": [ 0.013, -2.574, 0.0715 ], 
									"to": [ 1.014, 0.286, 0.858 ], 
									"unwrapMode": 1,
									"uv": [ 18.5, 1.5 ],
									"rotationOrigin": [ 0.5135, 0.286, 0.5005 ],
									"rotationX": -1.0,
									"rotationY": -14.0,
									"rotationZ": 127.0,
									"faces": {
										"north": { "texture": "#skin", "uv": [ 19.5, 2.5, 21.0, 6.5 ] },
										"east": { "texture": "#skin", "uv": [ 18.5, 2.5, 19.5, 6.5 ] },
										"south": { "texture": "#skin", "uv": [ 22.0, 2.5, 23.5, 6.5 ] },
										"west": { "texture": "#skin", "uv": [ 21.0, 2.5, 22.0, 6.5 ] },
										"up": { "texture": "#skin", "uv": [ 19.5, 1.5, 21.0, 2.5 ], "rotation": 180 },
										"down": { "texture": "#skin", "uv": [ 19.5, 6.5, 21.0, 7.5 ] }
									},
									"children": [
										{
											"name": "R back lower arm",
											"from": [ 0.013, -2.4115, 0.143 ], 
											"to": [ 0.585, 0.1885, 0.6435 ], 
											"unwrapMode": 1,
											"uv": [ 30.0, 24.0 ],
											"rotationOrigin": [ 0.3705, 0.1755, 0.429 ],
											"rotationX": 4.0,
											"rotationZ": -144.0,
											"faces": {
												"north": { "texture": "#skin", "uv": [ 30.5, 24.5, 31.0, 28.5 ] },
												"east": { "texture": "#skin", "uv": [ 30.0, 24.5, 30.5, 28.5 ] },
												"south": { "texture": "#skin", "uv": [ 31.5, 24.5, 32.0, 28.5 ] },
												"west": { "texture": "#skin", "uv": [ 31.0, 24.5, 31.5, 28.5 ] },
												"up": { "texture": "#skin", "uv": [ 30.5, 24.0, 31.0, 24.5 ], "rotation": 180 },
												"down": { "texture": "#skin", "uv": [ 30.5, 28.5, 31.0, 29.0 ] }
											},
											"children": [
												{
													"name": "R back pastern",
													"from": [ 0.0357, -0.572, 0.0 ], 
													"to": [ 0.5362, 0.715, 0.5005 ], 
													"unwrapMode": 1,
													"uv": [ 0.0, 20.83 ],
													"rotationOrigin": [ 0.3575, 0.6435, 0.2145 ],
													"rotationZ": -10.0,
													"faces": {
														"north": { "texture": "#skin", "uv": [ 0.5, 21.5, 1.0, 23.0 ] },
														"east": { "texture": "#skin", "uv": [ 0.0, 21.5, 0.5, 23.0 ] },
														"south": { "texture": "#skin", "uv": [ 1.5, 21.5, 2.0, 23.0 ] },
														"west": { "texture": "#skin", "uv": [ 1.0, 21.5, 1.5, 23.0 ] },
														"up": { "texture": "#skin", "uv": [ 0.5, 21.0, 1.0, 21.5 ], "rotation": 180 },
														"down": { "texture": "#skin", "uv": [ 0.5, 23.0, 1.0, 23.5 ] }
													},
													"children": [
														{
															"name": "R origin hind hoof",
															"from": [ 0.286, 0.3575, 0.2502 ], 
															"to": [ 0.286, 0.3575, 0.2502 ], 
															"uv": [ 0.0, 0.0 ],
															"rotationOrigin": [ 0.286, 0.3575, 0.286 ],
															"rotationZ": 25.0,
															"faces": {
																"north": { "texture": "#skin", "uv": [ 0.0, 0.5, 0.396, 0.896 ], "enabled": false },
																"east": { "texture": "#skin", "uv": [ 0.5, 0.5, 0.896, 0.896 ], "enabled": false },
																"south": { "texture": "#skin", "uv": [ 1.0, 0.5, 1.396, 0.896 ], "enabled": false },
																"west": { "texture": "#skin", "uv": [ 1.5, 0.5, 1.896, 0.896 ], "enabled": false },
																"up": { "texture": "#skin", "uv": [ 0.0, 0.0, 0.396, 0.396 ], "enabled": false },
																"down": { "texture": "#skin", "uv": [ 0.5, 0.0, 0.896, 0.396 ], "enabled": false }
															},
															"children": [
																{
																	"name": "R hind hoof 1",
																	"from": [ -0.7865, -0.143, -0.2145 ], 
																	"to": [ -0.2145, 0.0715, 0.2145 ], 
																	"unwrapMode": 4,
																	"uv": [ 3.5, 28.0 ],
																	"rotationOrigin": [ -0.0715, 0.0, 0.143 ],
																	"rotationZ": 55.0,
																	"faces": {
																		"north": { "texture": "#skin", "uv": [ 3.5, 28.5, 4.0, 29.0 ] },
																		"east": { "texture": "#skin", "uv": [ 5.0, 28.5, 5.5, 29.0 ] },
																		"south": { "texture": "#skin", "uv": [ 4.5, 28.5, 5.0, 29.0 ] },
																		"west": { "texture": "#skin", "uv": [ 4.0, 28.5, 4.5, 29.0 ] },
																		"up": { "texture": "#skin", "uv": [ 4.0, 28.0, 4.5, 28.5 ], "rotation": 90 },
																		"down": { "texture": "#skin", "uv": [ 4.0, 29.0, 4.5, 29.5 ], "rotation": 90 }
																	}
																},
																{
																	"name": "R hind hoof 2",
																	"from": [ -0.572, -0.429, -0.2145 ], 
																	"to": [ 0.143, -0.2145, 0.2145 ], 
																	"unwrapMode": 4,
																	"uv": [ 4.5, 27.0 ],
																	"rotationOrigin": [ 0.0715, -0.143, 0.0715 ],
																	"rotationZ": 27.0,
																	"faces": {
																		"north": { "texture": "#skin", "uv": [ 4.5, 28.0, 5.5, 28.5 ] },
																		"east": { "texture": "#skin", "uv": [ 7.0, 28.0, 7.5, 28.5 ] },
																		"south": { "texture": "#skin", "uv": [ 6.0, 28.0, 7.0, 28.5 ] },
																		"west": { "texture": "#skin", "uv": [ 5.5, 28.0, 6.0, 28.5 ] },
																		"up": { "texture": "#skin", "uv": [ 5.5, 27.0, 6.0, 28.0 ], "rotation": 90 },
																		"down": { "texture": "#skin", "uv": [ 5.5, 28.5, 6.0, 29.5 ], "rotation": 90 }
																	}
																}
															]
														}
													]
												}
											]
										}
									]
								}
							]
						},
						{
							"name": "tail-end",
							"from": [ 2.9819, 1.5072, 1.053 ], 
							"to": [ 4.2819, 3.0087, 1.625 ], 
							"unwrapMode": 3,
							"unwrapRotation": 1,
							"uv": [ 17.0, 23.0 ],
							"rotationOrigin": [ 4.2819, 2.9372, 1.3 ],
							"rotationZ": 38.0,
							"faces": {
								"north": { "texture": "#skin", "uv": [ 19.0, 23.5, 21.0, 25.5 ], "rotation": 270 },
								"east": { "texture": "#skin", "uv": [ 17.0, 23.0, 19.0, 23.5 ], "rotation": 90 },
								"south": { "texture": "#skin", "uv": [ 17.0, 23.5, 19.0, 25.5 ], "rotation": 90 },
								"west": { "texture": "#skin", "uv": [ 17.0, 25.5, 19.0, 26.0 ], "rotation": 90, "enabled": false, "windMode": [-1,-1,-1,-1] },
								"up": { "texture": "#skin", "uv": [ 17.0, 23.5, 17.5, 25.5 ], "rotation": 90, "enabled": false, "windMode": [-1,-1,-1,-1], "windData": [0,0,0,0] },
								"down": { "texture": "#skin", "uv": [ 19.0, 23.5, 19.5, 25.5 ], "rotation": 270, "enabled": false, "windMode": [-1,-1,-1,-1] }
							}
						}
					]
				},
				{
					"name": "L front Thigh",
					"from": [ -0.4225, -0.39, 2.0345 ], 
					"to": [ 1.0075, 1.716, 2.821 ], 
					"unwrapMode": 3,
					"uv": [ 24.0, 22.0 ],
					"rotationOrigin": [ 0.364, 1.1115, 2.535 ],
					"rotationX": 3.0,
					"rotationZ": 64.0,
					"faces": {
						"north": { "texture": "#skin", "uv": [ 28.0, 23.0, 30.0, 26.0 ] },
						"east": { "texture": "#skin", "uv": [ 27.0, 23.0, 28.0, 26.0 ] },
						"south": { "texture": "#skin", "uv": [ 25.0, 23.0, 27.0, 26.0 ] },
						"west": { "texture": "#skin", "uv": [ 24.0, 23.0, 25.0, 26.0 ] },
						"up": { "texture": "#skin", "uv": [ 25.0, 22.0, 27.0, 23.0 ], "windMode": [-1,-1,-1,-1] },
						"down": { "texture": "#skin", "uv": [ 25.0, 26.0, 27.0, 27.0 ], "rotation": 180 }
					},
					"children": [
						{
							"name": "L front Upper Arm",
							"from": [ 0.2145, -1.716, 0.143 ], 
							"to": [ 1.1245, 0.5005, 0.715 ], 
							"unwrapMode": 3,
							"uv": [ 9.5, 21.0 ],
							"rotationOrigin": [ 0.715, 0.2145, 0.286 ],
							"rotationX": 1.0,
							"rotationY": -14.0,
							"rotationZ": -138.0,
							"faces": {
								"north": { "texture": "#skin", "uv": [ 11.5, 21.5, 12.5, 24.5 ] },
								"east": { "texture": "#skin", "uv": [ 11.0, 21.5, 11.5, 24.5 ] },
								"south": { "texture": "#skin", "uv": [ 10.0, 21.5, 11.0, 24.5 ] },
								"west": { "texture": "#skin", "uv": [ 9.5, 21.5, 10.0, 24.5 ] },
								"up": { "texture": "#skin", "uv": [ 10.0, 21.0, 11.0, 21.5 ] },
								"down": { "texture": "#skin", "uv": [ 10.0, 24.5, 11.0, 25.0 ], "rotation": 180 }
							},
							"children": [
								{
									"name": "L front lower arm",
									"from": [ 0.0715, -0.767, 0.0357 ], 
									"to": [ 0.572, 0.338, 0.5362 ], 
									"unwrapMode": 3,
									"uv": [ 4.0, 25.0 ],
									"rotationOrigin": [ 0.5005, 0.2145, 0.286 ],
									"rotationX": -3.0,
									"rotationZ": 169.0,
									"faces": {
										"north": { "texture": "#skin", "uv": [ 5.5, 25.5, 6.0, 27.0 ] },
										"east": { "texture": "#skin", "uv": [ 5.0, 25.5, 5.5, 27.0 ] },
										"south": { "texture": "#skin", "uv": [ 4.5, 25.5, 5.0, 27.0 ] },
										"west": { "texture": "#skin", "uv": [ 4.0, 25.5, 4.5, 27.0 ] },
										"up": { "texture": "#skin", "uv": [ 4.5, 25.0, 5.0, 25.5 ] },
										"down": { "texture": "#skin", "uv": [ 4.5, 27.0, 5.0, 27.5 ], "rotation": 180 }
									},
									"children": [
										{
											"name": "L front pastern",
											"from": [ 0.0, -0.858, 0.0 ], 
											"to": [ 0.5005, 0.429, 0.5005 ], 
											"unwrapMode": 3,
											"uv": [ 0.0, 23.5 ],
											"rotationOrigin": [ 0.0, 0.286, 0.2145 ],
											"rotationX": -1.0,
											"rotationZ": -10.0,
											"faces": {
												"north": { "texture": "#skin", "uv": [ 1.5, 24.0, 2.0, 25.5 ] },
												"east": { "texture": "#skin", "uv": [ 1.0, 24.0, 1.5, 25.5 ] },
												"south": { "texture": "#skin", "uv": [ 0.5, 24.0, 1.0, 25.5 ] },
												"west": { "texture": "#skin", "uv": [ 0.0, 24.0, 0.5, 25.5 ] },
												"up": { "texture": "#skin", "uv": [ 0.5, 23.5, 1.0, 24.0 ] },
												"down": { "texture": "#skin", "uv": [ 0.5, 25.5, 1.0, 26.0 ], "rotation": 180 }
											},
											"children": [
												{
													"name": "L origin hoof",
													"from": [ 0.2145, 0.3575, 0.2502 ], 
													"to": [ 0.2145, 0.3575, 0.2502 ], 
													"uv": [ 0.0, 0.0 ],
													"rotationOrigin": [ 0.2145, 0.3575, 0.286 ],
													"rotationZ": 30.0,
													"faces": {
														"north": { "texture": "#skin", "uv": [ 0.0, 0.5, 0.396, 0.896 ], "enabled": false },
														"east": { "texture": "#skin", "uv": [ 0.5, 0.5, 0.896, 0.896 ], "enabled": false },
														"south": { "texture": "#skin", "uv": [ 1.0, 0.5, 1.396, 0.896 ], "enabled": false },
														"west": { "texture": "#skin", "uv": [ 1.5, 0.5, 1.896, 0.896 ], "enabled": false },
														"up": { "texture": "#skin", "uv": [ 0.0, 0.0, 0.396, 0.396 ], "enabled": false },
														"down": { "texture": "#skin", "uv": [ 0.5, 0.0, 0.896, 0.396 ], "enabled": false }
													},
													"children": [
														{
															"name": "L front hoof 1",
															"from": [ -0.7865, -0.143, -0.2145 ], 
															"to": [ -0.2145, 0.0715, 0.2145 ], 
															"unwrapMode": 4,
															"uv": [ 4.0, 29.0 ],
															"rotationOrigin": [ -0.0715, 0.0, 0.143 ],
															"rotationZ": 55.0,
															"faces": {
																"north": { "texture": "#skin", "uv": [ 4.0, 29.5, 4.5, 30.0 ] },
																"east": { "texture": "#skin", "uv": [ 5.5, 29.5, 6.0, 30.0 ] },
																"south": { "texture": "#skin", "uv": [ 5.0, 29.5, 5.5, 30.0 ] },
																"west": { "texture": "#skin", "uv": [ 4.5, 29.5, 5.0, 30.0 ] },
																"up": { "texture": "#skin", "uv": [ 4.5, 29.0, 5.0, 29.5 ], "rotation": 90 },
																"down": { "texture": "#skin", "uv": [ 4.5, 30.0, 5.0, 30.5 ], "rotation": 90 }
															}
														},
														{
															"name": "L front hoof 2",
															"from": [ -0.572, -0.429, -0.2145 ], 
															"to": [ 0.143, -0.2145, 0.2145 ], 
															"unwrapMode": 4,
															"uv": [ 6.5, 27.5 ],
															"rotationOrigin": [ 0.0715, -0.143, 0.0715 ],
															"rotationZ": 27.0,
															"faces": {
																"north": { "texture": "#skin", "uv": [ 6.5, 28.5, 7.5, 29.0 ] },
																"east": { "texture": "#skin", "uv": [ 9.0, 28.5, 9.5, 29.0 ] },
																"south": { "texture": "#skin", "uv": [ 8.0, 28.5, 9.0, 29.0 ] },
																"west": { "texture": "#skin", "uv": [ 7.5, 28.5, 8.0, 29.0 ] },
																"up": { "texture": "#skin", "uv": [ 7.5, 27.5, 8.0, 28.5 ], "rotation": 90 },
																"down": { "texture": "#skin", "uv": [ 7.5, 29.0, 8.0, 30.0 ], "rotation": 90 }
															}
														}
													]
												}
											]
										}
									]
								}
							]
						}
					]
				},
				{
					"name": "R front Thigh",
					"from": [ -0.4225, -0.39, -0.286 ], 
					"to": [ 1.0075, 1.716, 0.5005 ], 
					"unwrapMode": 1,
					"uv": [ 26.0, 0.0 ],
					"rotationOrigin": [ 0.364, 1.118, 0.0 ],
					"rotationX": -3.0,
					"rotationZ": 61.0,
					"faces": {
						"north": { "texture": "#skin", "uv": [ 27.0, 1.0, 29.0, 4.0 ] },
						"east": { "texture": "#skin", "uv": [ 26.0, 1.0, 27.0, 4.0 ] },
						"south": { "texture": "#skin", "uv": [ 30.0, 1.0, 32.0, 4.0 ] },
						"west": { "texture": "#skin", "uv": [ 29.0, 1.0, 30.0, 4.0 ] },
						"up": { "texture": "#skin", "uv": [ 27.0, 0.0, 29.0, 1.0 ], "rotation": 180 },
						"down": { "texture": "#skin", "uv": [ 27.0, 4.0, 29.0, 5.0 ] }
					},
					"children": [
						{
							"name": "R front Upper Arm",
							"from": [ 0.2145, -1.716, 0.0715 ], 
							"to": [ 1.1245, 0.5005, 0.6435 ], 
							"unwrapMode": 1,
							"uv": [ 21.5, 25.5 ],
							"rotationOrigin": [ 0.715, 0.2145, 0.5005 ],
							"rotationX": -1.0,
							"rotationY": 14.0,
							"rotationZ": -133.0,
							"faces": {
								"north": { "texture": "#skin", "uv": [ 22.0, 26.0, 23.0, 29.0 ] },
								"east": { "texture": "#skin", "uv": [ 21.5, 26.0, 22.0, 29.0 ] },
								"south": { "texture": "#skin", "uv": [ 23.5, 26.0, 24.5, 29.0 ] },
								"west": { "texture": "#skin", "uv": [ 23.0, 26.0, 23.5, 29.0 ] },
								"up": { "texture": "#skin", "uv": [ 22.0, 25.5, 23.0, 26.0 ], "rotation": 180 },
								"down": { "texture": "#skin", "uv": [ 22.0, 29.0, 23.0, 29.5 ] }
							},
							"children": [
								{
									"name": "R front lower arm",
									"from": [ 0.0715, -0.767, 0.0357 ], 
									"to": [ 0.572, 0.338, 0.5362 ], 
									"unwrapMode": 1,
									"uv": [ 6.0, 25.0 ],
									"rotationOrigin": [ 0.5005, 0.2145, 0.429 ],
									"rotationX": 3.0,
									"rotationZ": 163.0,
									"faces": {
										"north": { "texture": "#skin", "uv": [ 6.5, 25.5, 7.0, 27.0 ] },
										"east": { "texture": "#skin", "uv": [ 6.0, 25.5, 6.5, 27.0 ] },
										"south": { "texture": "#skin", "uv": [ 7.5, 25.5, 8.0, 27.0 ] },
										"west": { "texture": "#skin", "uv": [ 7.0, 25.5, 7.5, 27.0 ] },
										"up": { "texture": "#skin", "uv": [ 6.5, 25.0, 7.0, 25.5 ], "rotation": 180 },
										"down": { "texture": "#skin", "uv": [ 6.5, 27.0, 7.0, 27.5 ] }
									},
									"children": [
										{
											"name": "R front pastern",
											"from": [ 0.0, -0.858, 0.0 ], 
											"to": [ 0.5005, 0.429, 0.5005 ], 
											"unwrapMode": 1,
											"uv": [ 2.0, 24.5 ],
											"rotationOrigin": [ 0.0, 0.286, 0.2145 ],
											"rotationX": -1.0,
											"rotationZ": -10.0,
											"faces": {
												"north": { "texture": "#skin", "uv": [ 2.5, 25.0, 3.0, 26.5 ] },
												"east": { "texture": "#skin", "uv": [ 2.0, 25.0, 2.5, 26.5 ] },
												"south": { "texture": "#skin", "uv": [ 3.5, 25.0, 4.0, 26.5 ] },
												"west": { "texture": "#skin", "uv": [ 3.0, 25.0, 3.5, 26.5 ] },
												"up": { "texture": "#skin", "uv": [ 2.5, 24.5, 3.0, 25.0 ], "rotation": 180 },
												"down": { "texture": "#skin", "uv": [ 2.5, 26.5, 3.0, 27.0 ] }
											},
											"children": [
												{
													"name": "R origin hoof",
													"from": [ 0.2145, 0.3575, 0.2502 ], 
													"to": [ 0.2145, 0.3575, 0.2502 ], 
													"uv": [ 0.0, 0.0 ],
													"rotationOrigin": [ 0.2145, 0.3575, 0.286 ],
													"rotationZ": 28.0,
													"faces": {
														"north": { "texture": "#skin", "uv": [ 0.0, 0.5, 0.396, 0.896 ], "enabled": false },
														"east": { "texture": "#skin", "uv": [ 0.5, 0.5, 0.896, 0.896 ], "enabled": false },
														"south": { "texture": "#skin", "uv": [ 1.0, 0.5, 1.396, 0.896 ], "enabled": false },
														"west": { "texture": "#skin", "uv": [ 1.5, 0.5, 1.896, 0.896 ], "enabled": false },
														"up": { "texture": "#skin", "uv": [ 0.0, 0.0, 0.396, 0.396 ], "enabled": false },
														"down": { "texture": "#skin", "uv": [ 0.5, 0.0, 0.896, 0.396 ], "enabled": false }
													},
													"children": [
														{
															"name": "R front hoof 1",
															"from": [ -0.7865, -0.143, -0.2145 ], 
															"to": [ -0.2145, 0.0715, 0.2145 ], 
															"unwrapMode": 4,
															"uv": [ 4.5, 30.0 ],
															"rotationOrigin": [ -0.0715, 0.0, 0.143 ],
															"rotationZ": 55.0,
															"faces": {
																"north": { "texture": "#skin", "uv": [ 4.5, 30.5, 5.0, 31.0 ] },
																"east": { "texture": "#skin", "uv": [ 6.0, 30.5, 6.5, 31.0 ] },
																"south": { "texture": "#skin", "uv": [ 5.5, 30.5, 6.0, 31.0 ] },
																"west": { "texture": "#skin", "uv": [ 5.0, 30.5, 5.5, 31.0 ] },
																"up": { "texture": "#skin", "uv": [ 5.0, 30.0, 5.5, 30.5 ], "rotation": 90 },
																"down": { "texture": "#skin", "uv": [ 5.0, 31.0, 5.5, 31.5 ], "rotation": 90 }
															}
														},
														{
															"name": "R front hoof 2",
															"from": [ -0.572, -0.429, -0.2145 ], 
															"to": [ 0.143, -0.2145, 0.2145 ], 
															"unwrapMode": 4,
															"uv": [ 7.0, 29.0 ],
															"rotationOrigin": [ 0.0715, -0.143, 0.0715 ],
															"rotationZ": 27.0,
															"faces": {
																"north": { "texture": "#skin", "uv": [ 7.0, 30.0, 8.0, 30.5 ] },
																"east": { "texture": "#skin", "uv": [ 9.5, 30.0, 10.0, 30.5 ] },
																"south": { "texture": "#skin", "uv": [ 8.5, 30.0, 9.5, 30.5 ] },
																"west": { "texture": "#skin", "uv": [ 8.0, 30.0, 8.5, 30.5 ] },
																"up": { "texture": "#skin", "uv": [ 8.0, 29.0, 8.5, 30.0 ], "rotation": 90 },
																"down": { "texture": "#skin", "uv": [ 8.0, 30.5, 8.5, 31.5 ], "rotation": 90 }
															}
														}
													]
												}
											]
										}
									]
								}
							]
						}
					]
				}
			],
			"attachmentpoints": [
				{
					"code": "Center",
					"posX": "9.0","posY": "4.0","posZ": "5.0",
					"rotationX": "0.0","rotationY": "0.0","rotationZ": "0.0"
				}
			]
		}
	]}