{
	"editor": {
		"allAngles": true,
		"entityTextureMode": true
	},
	"textureWidth": 32,
	"textureHeight": 32,
	"textureSizes": {
		"skin": [32,32]
	},
	"textures": {
	},
	"elements": [
		{
			"name": "Body",
			"from": [ 5.46, 4.8576, 6.85 ], 
			"to": [ 9.4728, 8.3776, 8.962 ], 
			"unwrapMode": 3,
			"unwrapRotation": 1,
			"uv": [ 0.0, 0.0 ],
			"rotationOrigin": [ 9.4768, 6.688, 8.12 ],
			"rotationZ": 8.0,
			"faces": {
				"north": { "texture": "#skin", "uv": [ 11.5, 3.0, 17.0, 9.0 ], "rotation": 270 },
				"east": { "texture": "#skin", "uv": [ 3.0, 0.0, 8.5, 3.0 ], "rotation": 90 },
				"south": { "texture": "#skin", "uv": [ 3.0, 3.0, 8.5, 9.0 ], "rotation": 90 },
				"west": { "texture": "#skin", "uv": [ 3.0, 9.0, 8.5, 12.0 ], "rotation": 90 },
				"up": { "texture": "#skin", "uv": [ 0.0, 3.0, 3.0, 9.0 ], "rotation": 90 },
				"down": { "texture": "#skin", "uv": [ 8.5, 3.0, 11.5, 9.0 ], "rotation": 270 }
			},
			"children": [
				{
					"name": "neck",
					"from": [ -0.672, 1.2672, 0.4224 ], 
					"to": [ 1.5872, 3.872, 1.6896 ], 
					"unwrapMode": 3,
					"unwrapRotation": 1,
					"uv": [ 11.5, 25.5 ],
					"rotationOrigin": [ 1.088, 1.9072, 1.056 ],
					"rotationZ": 57.0,
					"faces": {
						"north": { "texture": "#skin", "uv": [ 17.0, 27.0, 21.0, 30.5 ], "rotation": 270, "windMode": [-1,-1,-1,-1], "windData": [0,0,1,0] },
						"east": { "texture": "#skin", "uv": [ 13.0, 25.5, 17.0, 27.0 ], "rotation": 90, "windMode": [-1,-1,-1,-1], "windData": [1,0,0,1] },
						"south": { "texture": "#skin", "uv": [ 13.0, 27.0, 17.0, 30.5 ], "rotation": 90 },
						"west": { "texture": "#skin", "uv": [ 13.0, 30.5, 17.0, 32.0 ], "rotation": 90 },
						"up": { "texture": "#skin", "uv": [ 11.5, 27.0, 13.0, 30.5 ], "rotation": 90 },
						"down": { "texture": "#skin", "uv": [ 17.0, 27.0, 18.5, 30.5 ], "rotation": 270, "enabled": false, "windMode": [-1,-1,-1,-1], "windData": [0,1,1,0] }
					},
					"children": [
						{
							"name": "neck2",
							"from": [ 0.4672, 1.4848, 0.0704 ], 
							"to": [ 2.1248, 3.8784, 1.1968 ], 
							"unwrapMode": 3,
							"uv": [ 24.0, 27.0 ],
							"rotationOrigin": [ 2.1888, 2.2592, 0.704 ],
							"rotationZ": -25.0,
							"faces": {
								"north": { "texture": "#skin", "uv": [ 29.5, 28.5, 32.0, 32.0 ], "windMode": [-1,-1,-1,-1], "windData": [1,1,1,1] },
								"east": { "texture": "#skin", "uv": [ 28.0, 28.5, 29.5, 32.0 ], "windMode": [-1,-1,-1,-1], "windData": [1,1,1,1] },
								"south": { "texture": "#skin", "uv": [ 25.5, 28.5, 28.0, 32.0 ], "windMode": [-1,-1,-1,-1], "windData": [1,1,1,1] },
								"west": { "texture": "#skin", "uv": [ 24.0, 28.5, 25.5, 32.0 ], "windMode": [-1,-1,-1,-1], "windData": [1,1,1,1] },
								"up": { "texture": "#skin", "uv": [ 25.5, 27.0, 28.0, 28.5 ], "windMode": [-1,-1,-1,-1], "windData": [1,1,1,1] },
								"down": { "texture": "#skin", "uv": [ 25.5, 32.0, 28.0, 33.5 ], "rotation": 180, "enabled": false, "windMode": [-1,-1,-1,-1], "windData": [1,1,1,1] }
							},
							"children": [
								{
									"name": "head",
									"from": [ 0.48, 0.7744, -0.0704 ], 
									"to": [ 1.664, 2.3936, 1.1968 ], 
									"unwrapMode": 4,
									"uv": [ 9.0, 9.0 ],
									"rotationOrigin": [ 1.664, 2.3936, 0.5632 ],
									"rotationX": -4.0,
									"rotationY": -2.0,
									"rotationZ": -61.0,
									"faces": {
										"north": { "texture": "#skin", "uv": [ 9.0, 10.5, 10.5, 13.0 ] },
										"east": { "texture": "#skin", "uv": [ 13.5, 10.5, 15.0, 13.0 ] },
										"south": { "texture": "#skin", "uv": [ 12.0, 10.5, 13.5, 13.0 ] },
										"west": { "texture": "#skin", "uv": [ 10.5, 10.5, 12.0, 13.0 ] },
										"up": { "texture": "#skin", "uv": [ 10.5, 9.0, 12.0, 10.5 ], "rotation": 90 },
										"down": { "texture": "#skin", "uv": [ 10.5, 13.0, 12.0, 14.5 ], "rotation": 90 }
									},
									"children": [
										{
											"name": "mouth up",
											"from": [ -1.0112, 0.0704, 0.2816 ], 
											"to": [ 0.4224, 0.5504, 0.9856 ], 
											"unwrapMode": 5,
											"unwrapRotation": 1,
											"uv": [ 0.0, 0.0 ],
											"rotationOrigin": [ 0.352, 0.352, 0.6336 ],
											"rotationZ": 35.0,
											"faces": {
												"north": { "texture": "#skin", "uv": [ 0.0, 0.0, 0.5, 2.0 ], "rotation": 270 },
												"east": { "texture": "#skin", "uv": [ 0.5, 0.0, 1.5, 0.5 ], "rotation": 180, "enabled": false },
												"south": { "texture": "#skin", "uv": [ 1.5, 0.0, 2.0, 2.0 ], "rotation": 90 },
												"west": { "texture": "#skin", "uv": [ 0.5, 2.0, 1.5, 2.5 ] },
												"up": { "texture": "#skin", "uv": [ 0.5, 0.0, 1.5, 2.0 ], "rotation": 90 },
												"down": { "texture": "#skin", "uv": [ 2.0, 0.0, 3.0, 2.0 ], "rotation": 270 }
											},
											"children": [
												{
													"name": "nose",
													"from": [ -0.2048, 0.032, 0.064 ], 
													"to": [ 0.288, 0.4544, 0.6464 ], 
													"unwrapMode": 4,
													"uv": [ 9.0, 14.0 ],
													"rotationOrigin": [ -0.2048, 0.4288, 0.3392 ],
													"rotationZ": 31.0,
													"faces": {
														"north": { "texture": "#skin", "uv": [ 9.0, 14.5, 9.5, 15.0 ], "windMode": [-1,-1,-1,-1], "windData": [1,1,1,1] },
														"east": { "texture": "#skin", "uv": [ 10.5, 14.5, 11.0, 15.0 ], "windMode": [-1,-1,-1,-1], "windData": [1,1,1,1] },
														"south": { "texture": "#skin", "uv": [ 10.0, 14.5, 10.5, 15.0 ], "windMode": [-1,-1,-1,-1], "windData": [1,1,1,1] },
														"west": { "texture": "#skin", "uv": [ 9.5, 14.5, 10.0, 15.0 ], "windMode": [-1,-1,-1,-1], "windData": [1,1,1,1] },
														"up": { "texture": "#skin", "uv": [ 9.5, 14.0, 10.0, 14.5 ], "rotation": 90, "windMode": [-1,-1,-1,-1], "windData": [1,1,1,1] },
														"down": { "texture": "#skin", "uv": [ 9.5, 15.0, 10.0, 15.5 ], "rotation": 90, "windMode": [-1,-1,-1,-1], "windData": [1,1,1,1] }
													}
												},
												{
													"name": "nose bridge",
													"from": [ 0.3008, 0.0, 0.0352 ], 
													"to": [ 2.3488, 0.6336, 0.6688 ], 
													"unwrapMode": 5,
													"unwrapRotation": 1,
													"uv": [ 1.5, 11.0 ],
													"rotationOrigin": [ 0.3008, 0.0, 0.2112 ],
													"rotationZ": 32.0,
													"faces": {
														"north": { "texture": "#skin", "uv": [ 1.5, 11.5, 2.0, 14.5 ], "rotation": 270 },
														"east": { "texture": "#skin", "uv": [ 2.0, 11.0, 2.5, 11.5 ], "rotation": 180, "windMode": [-1,-1,-1,-1], "windData": [0,0,0,0] },
														"south": { "texture": "#skin", "uv": [ 2.5, 11.5, 3.0, 14.5 ], "rotation": 90 },
														"west": { "texture": "#skin", "uv": [ 2.0, 14.5, 2.5, 15.0 ], "windMode": [-1,-1,-1,-1], "windData": [0,0,0,0] },
														"up": { "texture": "#skin", "uv": [ 2.0, 11.5, 2.5, 14.5 ], "rotation": 90 },
														"down": { "texture": "#skin", "uv": [ 3.0, 11.5, 3.5, 14.5 ], "rotation": 270, "enabled": false }
													}
												}
											]
										},
										{
											"name": "R ear",
											"from": [ 0.608, 0.8448, -0.8576 ], 
											"to": [ 0.7488, 1.5488, 0.0768 ], 
											"unwrapMode": 4,
											"uv": [ 12.0, 13.0 ],
											"rotationOrigin": [ 0.7488, 1.408, 0.0704 ],
											"rotationX": 55.0,
											"rotationZ": 22.0,
											"faces": {
												"north": { "texture": "#skin", "uv": [ 12.0, 13.5, 12.5, 14.5 ] },
												"east": { "texture": "#skin", "uv": [ 14.0, 13.5, 15.0, 14.5 ] },
												"south": { "texture": "#skin", "uv": [ 13.5, 13.5, 14.0, 14.5 ], "windMode": [-1,-1,-1,-1], "windData": [0,0,0,0] },
												"west": { "texture": "#skin", "uv": [ 12.5, 13.5, 13.5, 14.5 ] },
												"up": { "texture": "#skin", "uv": [ 12.5, 13.0, 13.5, 13.5 ], "rotation": 90 },
												"down": { "texture": "#skin", "uv": [ 12.5, 14.5, 13.5, 15.0 ], "rotation": 90 }
											}
										},
										{
											"name": "L ear",
											"from": [ 0.608, 0.8448, 1.1968 ], 
											"to": [ 0.7488, 1.5488, 2.1312 ], 
											"unwrapMode": 4,
											"uv": [ 13.5, 0.0 ],
											"rotationOrigin": [ 0.7488, 1.408, 1.1968 ],
											"rotationX": -55.0,
											"rotationZ": 22.0,
											"faces": {
												"north": { "texture": "#skin", "uv": [ 13.5, 0.5, 14.0, 1.5 ], "windMode": [-1,-1,-1,-1] },
												"east": { "texture": "#skin", "uv": [ 15.5, 0.5, 16.5, 1.5 ] },
												"south": { "texture": "#skin", "uv": [ 15.0, 0.5, 15.5, 1.5 ], "windMode": [-1,-1,-1,-1] },
												"west": { "texture": "#skin", "uv": [ 14.0, 0.5, 15.0, 1.5 ] },
												"up": { "texture": "#skin", "uv": [ 14.0, 0.0, 15.0, 0.5 ], "rotation": 90 },
												"down": { "texture": "#skin", "uv": [ 14.0, 1.5, 15.0, 2.0 ], "rotation": 90 }
											}
										},
										{
											"name": "jaw",
											"from": [ -0.8448, 0.0, 0.352 ], 
											"to": [ 0.9152, 0.2464, 0.9152 ], 
											"unwrapMode": 5,
											"unwrapRotation": 1,
											"uv": [ 0.0, 9.0 ],
											"rotationOrigin": [ 0.704, 0.2112, 0.704 ],
											"rotationZ": 31.0,
											"faces": {
												"north": { "texture": "#skin", "uv": [ 0.0, 9.0, 0.5, 11.5 ], "rotation": 270 },
												"east": { "texture": "#skin", "uv": [ 0.5, 9.0, 1.0, 9.5 ], "rotation": 180, "enabled": false },
												"south": { "texture": "#skin", "uv": [ 1.0, 9.0, 1.5, 11.5 ], "rotation": 90 },
												"west": { "texture": "#skin", "uv": [ 0.5, 11.5, 1.0, 12.0 ] },
												"up": { "texture": "#skin", "uv": [ 0.5, 9.0, 1.0, 11.5 ], "rotation": 90 },
												"down": { "texture": "#skin", "uv": [ 1.5, 9.0, 2.0, 11.5 ], "rotation": 270 }
											}
										}
									]
								}
							]
						}
					]
				},
				{
					"name": "abdomen",
					"from": [ 3.6608, 0.0, -0.0704 ], 
					"to": [ 7.04, 3.584, 2.1824 ], 
					"unwrapMode": 3,
					"unwrapRotation": 1,
					"uv": [ 0.0, 12.0 ],
					"rotationOrigin": [ 3.6608, 1.76, 1.1968 ],
					"rotationZ": -2.0,
					"faces": {
						"north": { "texture": "#skin", "uv": [ 12.5, 15.5, 18.0, 20.5 ], "rotation": 270 },
						"east": { "texture": "#skin", "uv": [ 3.5, 12.0, 9.0, 15.5 ], "rotation": 90 },
						"south": { "texture": "#skin", "uv": [ 3.5, 15.5, 9.0, 20.5 ], "rotation": 90 },
						"west": { "texture": "#skin", "uv": [ 3.5, 20.5, 9.0, 24.0 ], "rotation": 90 },
						"up": { "texture": "#skin", "uv": [ 0.0, 15.5, 3.5, 20.5 ], "rotation": 90 },
						"down": { "texture": "#skin", "uv": [ 9.0, 15.5, 12.5, 20.5 ], "rotation": 270 }
					},
					"children": [
						{
							"name": "L back Thigh",
							"from": [ 1.4784, -0.1408, 1.6192 ], 
							"to": [ 4.0128, 2.8864, 2.6048 ], 
							"unwrapMode": 3,
							"uv": [ 20.0, 15.5 ],
							"rotationOrigin": [ 2.464, 2.0416, 2.112 ],
							"rotationX": 3.0,
							"rotationZ": -42.0,
							"faces": {
								"north": { "texture": "#skin", "uv": [ 26.5, 17.0, 30.0, 21.5 ] },
								"east": { "texture": "#skin", "uv": [ 25.0, 17.0, 26.5, 21.5 ] },
								"south": { "texture": "#skin", "uv": [ 21.5, 17.0, 25.0, 21.5 ] },
								"west": { "texture": "#skin", "uv": [ 20.0, 17.0, 21.5, 21.5 ] },
								"up": { "texture": "#skin", "uv": [ 21.5, 15.5, 25.0, 17.0 ], "windMode": [-1,-1,-1,-1], "windData": [0,0,1,1] },
								"down": { "texture": "#skin", "uv": [ 21.5, 21.5, 25.0, 23.0 ], "rotation": 180 }
							},
							"children": [
								{
									"name": "L back Upper Arm",
									"from": [ 0.1408, -2.5344, 0.1408 ], 
									"to": [ 1.1264, 0.2816, 0.9152 ], 
									"unwrapMode": 3,
									"uv": [ 25.0, 10.5 ],
									"rotationOrigin": [ 0.6336, 0.2816, 0.5632 ],
									"rotationX": 1.0,
									"rotationZ": 66.0,
									"faces": {
										"north": { "texture": "#skin", "uv": [ 28.5, 11.5, 30.0, 15.5 ] },
										"east": { "texture": "#skin", "uv": [ 27.5, 11.5, 28.5, 15.5 ] },
										"south": { "texture": "#skin", "uv": [ 26.0, 11.5, 27.5, 15.5 ] },
										"west": { "texture": "#skin", "uv": [ 25.0, 11.5, 26.0, 15.5 ] },
										"up": { "texture": "#skin", "uv": [ 26.0, 10.5, 27.5, 11.5 ] },
										"down": { "texture": "#skin", "uv": [ 26.0, 15.5, 27.5, 16.5 ], "rotation": 180 }
									},
									"children": [
										{
											"name": "L back lower arm",
											"from": [ 0.3328, -3.1488, 0.1408 ], 
											"to": [ 0.896, 0.2304, 0.6336 ], 
											"unwrapMode": 3,
											"uv": [ 19.0, 21.0 ],
											"rotationOrigin": [ 0.6848, 0.2304, 0.4224 ],
											"rotationX": -4.0,
											"rotationZ": -50.0,
											"faces": {
												"north": { "texture": "#skin", "uv": [ 20.5, 21.5, 21.0, 26.5 ] },
												"east": { "texture": "#skin", "uv": [ 20.0, 21.5, 20.5, 26.5 ] },
												"south": { "texture": "#skin", "uv": [ 19.5, 21.5, 20.0, 26.5 ] },
												"west": { "texture": "#skin", "uv": [ 19.0, 21.5, 19.5, 26.5 ] },
												"up": { "texture": "#skin", "uv": [ 19.5, 21.0, 20.0, 21.5 ] },
												"down": { "texture": "#skin", "uv": [ 19.5, 26.5, 20.0, 27.0 ], "rotation": 180 }
											},
											"children": [
												{
													"name": "L back pastern",
													"from": [ 0.0352, -0.5632, 0.0 ], 
													"to": [ 0.528, 0.704, 0.4928 ], 
													"unwrapMode": 3,
													"uv": [ 1.5, 22.0 ],
													"rotationOrigin": [ 0.352, 0.6336, 0.2112 ],
													"rotationZ": -10.0,
													"faces": {
														"north": { "texture": "#skin", "uv": [ 3.0, 22.5, 3.5, 24.0 ] },
														"east": { "texture": "#skin", "uv": [ 2.5, 22.5, 3.0, 24.0 ] },
														"south": { "texture": "#skin", "uv": [ 2.0, 22.5, 2.5, 24.0 ] },
														"west": { "texture": "#skin", "uv": [ 1.5, 22.5, 2.0, 24.0 ] },
														"up": { "texture": "#skin", "uv": [ 2.0, 22.0, 2.5, 22.5 ] },
														"down": { "texture": "#skin", "uv": [ 2.0, 24.0, 2.5, 24.5 ], "rotation": 180 }
													},
													"children": [
														{
															"name": "L origin hind hoof",
															"from": [ 0.2816, 0.352, 0.2464 ], 
															"to": [ 0.2816, 0.352, 0.2464 ], 
															"uv": [ 0.0, 0.0 ],
															"rotationOrigin": [ 0.2816, 0.352, 0.2816 ],
															"faces": {
																"north": { "texture": "#skin", "uv": [ 0.0, 0.5, 0.396, 0.896 ], "enabled": false },
																"east": { "texture": "#skin", "uv": [ 0.5, 0.5, 0.896, 0.896 ], "enabled": false },
																"south": { "texture": "#skin", "uv": [ 1.0, 0.5, 1.396, 0.896 ], "enabled": false },
																"west": { "texture": "#skin", "uv": [ 1.5, 0.5, 1.896, 0.896 ], "enabled": false },
																"up": { "texture": "#skin", "uv": [ 0.0, 0.0, 0.396, 0.396 ], "enabled": false },
																"down": { "texture": "#skin", "uv": [ 0.5, 0.0, 0.896, 0.396 ], "enabled": false }
															},
															"children": [
																{
																	"name": "L hind hoof 1",
																	"from": [ -0.7744, -0.1408, -0.2112 ], 
																	"to": [ -0.2112, 0.0704, 0.2112 ], 
																	"unwrapMode": 4,
																	"uv": [ 6.0, 30.5 ],
																	"rotationOrigin": [ -0.0704, 0.0, 0.1408 ],
																	"rotationZ": 55.0,
																	"faces": {
																		"north": { "texture": "#skin", "uv": [ 6.0, 31.0, 6.5, 31.5 ] },
																		"east": { "texture": "#skin", "uv": [ 7.5, 31.0, 8.0, 31.5 ] },
																		"south": { "texture": "#skin", "uv": [ 7.0, 31.0, 7.5, 31.5 ] },
																		"west": { "texture": "#skin", "uv": [ 6.5, 31.0, 7.0, 31.5 ] },
																		"up": { "texture": "#skin", "uv": [ 6.5, 30.5, 7.0, 31.0 ], "rotation": 90 },
																		"down": { "texture": "#skin", "uv": [ 6.5, 31.5, 7.0, 32.0 ], "rotation": 90 }
																	}
																},
																{
																	"name": "L hind hoof 2",
																	"from": [ -0.5632, -0.4224, -0.2112 ], 
																	"to": [ 0.1408, -0.2112, 0.2112 ], 
																	"unwrapMode": 4,
																	"uv": [ 9.0, 29.5 ],
																	"rotationOrigin": [ 0.0704, -0.1408, 0.0704 ],
																	"rotationZ": 27.0,
																	"faces": {
																		"north": { "texture": "#skin", "uv": [ 9.0, 30.5, 10.0, 31.0 ] },
																		"east": { "texture": "#skin", "uv": [ 11.5, 30.5, 12.0, 31.0 ] },
																		"south": { "texture": "#skin", "uv": [ 10.5, 30.5, 11.5, 31.0 ] },
																		"west": { "texture": "#skin", "uv": [ 10.0, 30.5, 10.5, 31.0 ] },
																		"up": { "texture": "#skin", "uv": [ 10.0, 29.5, 10.5, 30.5 ], "rotation": 90 },
																		"down": { "texture": "#skin", "uv": [ 10.0, 31.0, 10.5, 32.0 ], "rotation": 90 }
																	}
																}
															]
														}
													]
												}
											]
										}
									]
								}
							]
						},
						{
							"name": "tail",
							"from": [ 2.3872, 1.8944, 0.1664 ], 
							"to": [ 3.3792, 3.2384, 2.0864 ], 
							"unwrapMode": 3,
							"unwrapRotation": 1,
							"uv": [ 15.0, 11.0 ],
							"rotationOrigin": [ 3.0272, 3.2384, 1.1264 ],
							"rotationZ": 58.0,
							"faces": {
								"north": { "texture": "#skin", "uv": [ 23.0, 14.0, 25.0, 15.5 ], "rotation": 270, "windMode": [-1,-1,-1,-1], "windData": [0,1,1,0] },
								"east": { "texture": "#skin", "uv": [ 18.0, 11.0, 20.0, 14.0 ], "rotation": 90, "windMode": [-1,-1,-1,-1], "windData": [0,1,1,0] },
								"south": { "texture": "#skin", "uv": [ 18.0, 14.0, 20.0, 15.5 ], "rotation": 90 },
								"west": { "texture": "#skin", "uv": [ 18.0, 15.5, 20.0, 18.5 ], "rotation": 90, "windMode": [-1,-1,-1,-1], "windData": [0,0,1,1] },
								"up": { "texture": "#skin", "uv": [ 15.0, 14.0, 18.0, 15.5 ], "rotation": 90, "windMode": [-1,-1,-1,-1], "windData": [1,1,1,1] },
								"down": { "texture": "#skin", "uv": [ 20.0, 14.0, 23.0, 15.5 ], "rotation": 270, "windMode": [-1,-1,-1,-1] }
							},
							"children": [
								{
									"name": "tail-end",
									"from": [ -0.3264, -1.2672, 0.6784 ], 
									"to": [ 0.9536, 0.2112, 1.2416 ], 
									"unwrapMode": 3,
									"unwrapRotation": 1,
									"uv": [ 20.0, 11.0 ],
									"rotationOrigin": [ 0.9536, 0.1408, 0.9216 ],
									"rotationZ": -22.0,
									"faces": {
										"north": { "texture": "#skin", "uv": [ 23.0, 11.5, 25.0, 13.5 ], "rotation": 270 },
										"east": { "texture": "#skin", "uv": [ 20.5, 11.0, 22.5, 11.5 ], "rotation": 90 },
										"south": { "texture": "#skin", "uv": [ 20.5, 11.5, 22.5, 13.5 ], "rotation": 90 },
										"west": { "texture": "#skin", "uv": [ 20.5, 13.5, 22.5, 14.0 ], "rotation": 90 },
										"up": { "texture": "#skin", "uv": [ 20.0, 11.5, 20.5, 13.5 ], "rotation": 90, "windMode": [-1,-1,-1,-1], "windData": [1,1,1,1] },
										"down": { "texture": "#skin", "uv": [ 22.5, 11.5, 23.0, 13.5 ], "rotation": 270 }
									}
								}
							]
						},
						{
							"name": "R back Thigh",
							"from": [ 1.4784, -0.1408, -0.352 ], 
							"to": [ 4.0128, 2.8864, 0.6336 ], 
							"unwrapMode": 1,
							"uv": [ 21.0, 4.0 ],
							"rotationOrigin": [ 2.464, 2.0416, 0.0704 ],
							"rotationX": -3.0,
							"rotationZ": -14.0,
							"faces": {
								"north": { "texture": "#skin", "uv": [ 22.5, 5.5, 26.0, 10.0 ] },
								"east": { "texture": "#skin", "uv": [ 21.0, 5.5, 22.5, 10.0 ] },
								"south": { "texture": "#skin", "uv": [ 27.5, 5.5, 31.0, 10.0 ] },
								"west": { "texture": "#skin", "uv": [ 26.0, 5.5, 27.5, 10.0 ] },
								"up": { "texture": "#skin", "uv": [ 22.5, 4.0, 26.0, 5.5 ], "rotation": 180 },
								"down": { "texture": "#skin", "uv": [ 22.5, 10.0, 26.0, 11.5 ] }
							},
							"children": [
								{
									"name": "R back Upper Arm",
									"from": [ 0.1408, -2.5344, 0.0704 ], 
									"to": [ 1.1264, 0.2816, 0.8448 ], 
									"unwrapMode": 1,
									"uv": [ 17.5, 0.5 ],
									"rotationOrigin": [ 0.6336, 0.2816, 0.4928 ],
									"rotationX": -1.0,
									"rotationZ": 66.0,
									"faces": {
										"north": { "texture": "#skin", "uv": [ 18.5, 1.5, 20.0, 5.5 ] },
										"east": { "texture": "#skin", "uv": [ 17.5, 1.5, 18.5, 5.5 ] },
										"south": { "texture": "#skin", "uv": [ 21.0, 1.5, 22.5, 5.5 ] },
										"west": { "texture": "#skin", "uv": [ 20.0, 1.5, 21.0, 5.5 ] },
										"up": { "texture": "#skin", "uv": [ 18.5, 0.5, 20.0, 1.5 ], "rotation": 180 },
										"down": { "texture": "#skin", "uv": [ 18.5, 5.5, 20.0, 6.5 ] }
									},
									"children": [
										{
											"name": "R back lower arm",
											"from": [ 0.3328, -3.2064, 0.1408 ], 
											"to": [ 0.896, 0.1728, 0.6336 ], 
											"unwrapMode": 1,
											"uv": [ 17.0, 20.5 ],
											"rotationOrigin": [ 0.6848, 0.1728, 0.4224 ],
											"rotationX": 4.0,
											"rotationZ": -60.0,
											"faces": {
												"north": { "texture": "#skin", "uv": [ 17.5, 21.0, 18.0, 26.0 ] },
												"east": { "texture": "#skin", "uv": [ 17.0, 21.0, 17.5, 26.0 ] },
												"south": { "texture": "#skin", "uv": [ 18.5, 21.0, 19.0, 26.0 ] },
												"west": { "texture": "#skin", "uv": [ 18.0, 21.0, 18.5, 26.0 ] },
												"up": { "texture": "#skin", "uv": [ 17.5, 20.5, 18.0, 21.0 ], "rotation": 180 },
												"down": { "texture": "#skin", "uv": [ 17.5, 26.0, 18.0, 26.5 ] }
											},
											"children": [
												{
													"name": "R back pastern",
													"from": [ 0.0352, -0.6912, 0.0 ], 
													"to": [ 0.528, 0.576, 0.4928 ], 
													"unwrapMode": 1,
													"uv": [ 0.0, 20.33 ],
													"rotationOrigin": [ 0.352, 0.5056, 0.2112 ],
													"rotationZ": -25.0,
													"faces": {
														"north": { "texture": "#skin", "uv": [ 0.5, 21.0, 1.0, 22.5 ] },
														"east": { "texture": "#skin", "uv": [ 0.0, 21.0, 0.5, 22.5 ] },
														"south": { "texture": "#skin", "uv": [ 1.5, 21.0, 2.0, 22.5 ] },
														"west": { "texture": "#skin", "uv": [ 1.0, 21.0, 1.5, 22.5 ] },
														"up": { "texture": "#skin", "uv": [ 0.5, 20.5, 1.0, 21.0 ], "rotation": 180 },
														"down": { "texture": "#skin", "uv": [ 0.5, 22.5, 1.0, 23.0 ] }
													},
													"children": [
														{
															"name": "R origin hind hoof",
															"from": [ 0.2816, 0.352, 0.2464 ], 
															"to": [ 0.2816, 0.352, 0.2464 ], 
															"uv": [ 0.0, 0.0 ],
															"rotationOrigin": [ 0.2816, 0.352, 0.2816 ],
															"faces": {
																"north": { "texture": "#skin", "uv": [ 0.0, 0.5, 0.396, 0.896 ], "enabled": false },
																"east": { "texture": "#skin", "uv": [ 0.5, 0.5, 0.896, 0.896 ], "enabled": false },
																"south": { "texture": "#skin", "uv": [ 1.0, 0.5, 1.396, 0.896 ], "enabled": false },
																"west": { "texture": "#skin", "uv": [ 1.5, 0.5, 1.896, 0.896 ], "enabled": false },
																"up": { "texture": "#skin", "uv": [ 0.0, 0.0, 0.396, 0.396 ], "enabled": false },
																"down": { "texture": "#skin", "uv": [ 0.5, 0.0, 0.896, 0.396 ], "enabled": false }
															},
															"children": [
																{
																	"name": "R hind hoof 1",
																	"from": [ -0.7744, -0.1408, -0.2112 ], 
																	"to": [ -0.2112, 0.0704, 0.2112 ], 
																	"unwrapMode": 4,
																	"uv": [ 3.5, 28.0 ],
																	"rotationOrigin": [ -0.0704, 0.0, 0.1408 ],
																	"rotationZ": 55.0,
																	"faces": {
																		"north": { "texture": "#skin", "uv": [ 3.5, 28.5, 4.0, 29.0 ] },
																		"east": { "texture": "#skin", "uv": [ 5.0, 28.5, 5.5, 29.0 ] },
																		"south": { "texture": "#skin", "uv": [ 4.5, 28.5, 5.0, 29.0 ] },
																		"west": { "texture": "#skin", "uv": [ 4.0, 28.5, 4.5, 29.0 ] },
																		"up": { "texture": "#skin", "uv": [ 4.0, 28.0, 4.5, 28.5 ], "rotation": 90 },
																		"down": { "texture": "#skin", "uv": [ 4.0, 29.0, 4.5, 29.5 ], "rotation": 90 }
																	}
																},
																{
																	"name": "R hind hoof 2",
																	"from": [ -0.5632, -0.4224, -0.2112 ], 
																	"to": [ 0.1408, -0.2112, 0.2112 ], 
																	"unwrapMode": 4,
																	"uv": [ 4.5, 27.0 ],
																	"rotationOrigin": [ 0.0704, -0.1408, 0.0704 ],
																	"rotationZ": 27.0,
																	"faces": {
																		"north": { "texture": "#skin", "uv": [ 4.5, 28.0, 5.5, 28.5 ] },
																		"east": { "texture": "#skin", "uv": [ 7.0, 28.0, 7.5, 28.5 ] },
																		"south": { "texture": "#skin", "uv": [ 6.0, 28.0, 7.0, 28.5 ] },
																		"west": { "texture": "#skin", "uv": [ 5.5, 28.0, 6.0, 28.5 ] },
																		"up": { "texture": "#skin", "uv": [ 5.5, 27.0, 6.0, 28.0 ], "rotation": 90 },
																		"down": { "texture": "#skin", "uv": [ 5.5, 28.5, 6.0, 29.5 ], "rotation": 90 }
																	}
																}
															]
														}
													]
												}
											]
										}
									]
								}
							]
						}
					]
				},
				{
					"name": "L front Thigh",
					"from": [ -0.288, -0.256, 1.6192 ], 
					"to": [ 1.12, 1.8176, 2.3936 ], 
					"unwrapMode": 3,
					"uv": [ 24.0, 22.0 ],
					"rotationOrigin": [ 0.4864, 1.2224, 2.112 ],
					"rotationX": 3.0,
					"rotationZ": 39.0,
					"faces": {
						"north": { "texture": "#skin", "uv": [ 28.0, 23.0, 30.0, 26.0 ] },
						"east": { "texture": "#skin", "uv": [ 27.0, 23.0, 28.0, 26.0 ] },
						"south": { "texture": "#skin", "uv": [ 25.0, 23.0, 27.0, 26.0 ] },
						"west": { "texture": "#skin", "uv": [ 24.0, 23.0, 25.0, 26.0 ] },
						"up": { "texture": "#skin", "uv": [ 25.0, 22.0, 27.0, 23.0 ], "windMode": [-1,-1,-1,-1] },
						"down": { "texture": "#skin", "uv": [ 25.0, 26.0, 27.0, 27.0 ], "rotation": 180 }
					},
					"children": [
						{
							"name": "L front Upper Arm",
							"from": [ 0.2112, -1.8816, 0.1408 ], 
							"to": [ 0.8448, 0.3008, 0.704 ], 
							"unwrapMode": 3,
							"uv": [ 9.0, 20.5 ],
							"rotationOrigin": [ 0.704, 0.0192, 0.2816 ],
							"rotationX": 1.0,
							"rotationZ": -42.0,
							"faces": {
								"north": { "texture": "#skin", "uv": [ 10.5, 21.0, 11.0, 24.0 ] },
								"east": { "texture": "#skin", "uv": [ 10.0, 21.0, 10.5, 24.0 ] },
								"south": { "texture": "#skin", "uv": [ 9.5, 21.0, 10.0, 24.0 ] },
								"west": { "texture": "#skin", "uv": [ 9.0, 21.0, 9.5, 24.0 ] },
								"up": { "texture": "#skin", "uv": [ 9.5, 20.5, 10.0, 21.0 ] },
								"down": { "texture": "#skin", "uv": [ 9.5, 24.0, 10.0, 24.5 ], "rotation": 180 }
							},
							"children": [
								{
									"name": "L front lower arm",
									"from": [ 0.0704, -1.6512, 0.0352 ], 
									"to": [ 0.5632, 0.2432, 0.528 ], 
									"unwrapMode": 3,
									"uv": [ 13.0, 20.5 ],
									"rotationOrigin": [ 0.4928, 0.1472, 0.2816 ],
									"rotationX": -3.0,
									"rotationZ": -6.0,
									"faces": {
										"north": { "texture": "#skin", "uv": [ 14.5, 21.0, 15.0, 23.5 ] },
										"east": { "texture": "#skin", "uv": [ 14.0, 21.0, 14.5, 23.5 ] },
										"south": { "texture": "#skin", "uv": [ 13.5, 21.0, 14.0, 23.5 ] },
										"west": { "texture": "#skin", "uv": [ 13.0, 21.0, 13.5, 23.5 ] },
										"up": { "texture": "#skin", "uv": [ 13.5, 20.5, 14.0, 21.0 ] },
										"down": { "texture": "#skin", "uv": [ 13.5, 23.5, 14.0, 24.0 ], "rotation": 180 }
									},
									"children": [
										{
											"name": "L front pastern",
											"from": [ 0.0, -0.9088, 0.0 ], 
											"to": [ 0.4928, 0.3584, 0.4928 ], 
											"unwrapMode": 3,
											"uv": [ 0.0, 23.5 ],
											"rotationOrigin": [ 0.0, 0.2176, 0.2112 ],
											"rotationX": -1.0,
											"rotationZ": -10.0,
											"faces": {
												"north": { "texture": "#skin", "uv": [ 1.5, 24.0, 2.0, 25.5 ] },
												"east": { "texture": "#skin", "uv": [ 1.0, 24.0, 1.5, 25.5 ] },
												"south": { "texture": "#skin", "uv": [ 0.5, 24.0, 1.0, 25.5 ] },
												"west": { "texture": "#skin", "uv": [ 0.0, 24.0, 0.5, 25.5 ] },
												"up": { "texture": "#skin", "uv": [ 0.5, 23.5, 1.0, 24.0 ] },
												"down": { "texture": "#skin", "uv": [ 0.5, 25.5, 1.0, 26.0 ], "rotation": 180 }
											},
											"children": [
												{
													"name": "L origin hoof",
													"from": [ 0.2112, 0.352, 0.2464 ], 
													"to": [ 0.2112, 0.352, 0.2464 ], 
													"uv": [ 0.0, 0.0 ],
													"rotationOrigin": [ 0.2112, 0.352, 0.2816 ],
													"rotationZ": -8.0,
													"faces": {
														"north": { "texture": "#skin", "uv": [ 0.0, 0.5, 0.396, 0.896 ], "enabled": false },
														"east": { "texture": "#skin", "uv": [ 0.5, 0.5, 0.896, 0.896 ], "enabled": false },
														"south": { "texture": "#skin", "uv": [ 1.0, 0.5, 1.396, 0.896 ], "enabled": false },
														"west": { "texture": "#skin", "uv": [ 1.5, 0.5, 1.896, 0.896 ], "enabled": false },
														"up": { "texture": "#skin", "uv": [ 0.0, 0.0, 0.396, 0.396 ], "enabled": false },
														"down": { "texture": "#skin", "uv": [ 0.5, 0.0, 0.896, 0.396 ], "enabled": false }
													},
													"children": [
														{
															"name": "L front hoof 1",
															"from": [ -0.7744, -0.1408, -0.2112 ], 
															"to": [ -0.2112, 0.0704, 0.2112 ], 
															"unwrapMode": 4,
															"uv": [ 4.0, 29.0 ],
															"rotationOrigin": [ -0.0704, 0.0, 0.1408 ],
															"rotationZ": 55.0,
															"faces": {
																"north": { "texture": "#skin", "uv": [ 4.0, 29.5, 4.5, 30.0 ] },
																"east": { "texture": "#skin", "uv": [ 5.5, 29.5, 6.0, 30.0 ] },
																"south": { "texture": "#skin", "uv": [ 5.0, 29.5, 5.5, 30.0 ] },
																"west": { "texture": "#skin", "uv": [ 4.5, 29.5, 5.0, 30.0 ] },
																"up": { "texture": "#skin", "uv": [ 4.5, 29.0, 5.0, 29.5 ], "rotation": 90 },
																"down": { "texture": "#skin", "uv": [ 4.5, 30.0, 5.0, 30.5 ], "rotation": 90 }
															}
														},
														{
															"name": "L front hoof 2",
															"from": [ -0.5632, -0.4224, -0.2112 ], 
															"to": [ 0.1408, -0.2112, 0.2112 ], 
															"unwrapMode": 4,
															"uv": [ 6.5, 27.5 ],
															"rotationOrigin": [ 0.0704, -0.1408, 0.0704 ],
															"rotationZ": 27.0,
															"faces": {
																"north": { "texture": "#skin", "uv": [ 6.5, 28.5, 7.5, 29.0 ] },
																"east": { "texture": "#skin", "uv": [ 9.0, 28.5, 9.5, 29.0 ] },
																"south": { "texture": "#skin", "uv": [ 8.0, 28.5, 9.0, 29.0 ] },
																"west": { "texture": "#skin", "uv": [ 7.5, 28.5, 8.0, 29.0 ] },
																"up": { "texture": "#skin", "uv": [ 7.5, 27.5, 8.0, 28.5 ], "rotation": 90 },
																"down": { "texture": "#skin", "uv": [ 7.5, 29.0, 8.0, 30.0 ], "rotation": 90 }
															}
														}
													]
												}
											]
										}
									]
								}
							]
						}
					]
				},
				{
					"name": "R front Thigh",
					"from": [ -0.288, -0.1856, -0.2816 ], 
					"to": [ 1.12, 1.888, 0.4928 ], 
					"unwrapMode": 1,
					"uv": [ 25.0, 0.0 ],
					"rotationOrigin": [ 0.4864, 1.2928, 0.0 ],
					"rotationX": -3.0,
					"rotationZ": 15.0,
					"faces": {
						"north": { "texture": "#skin", "uv": [ 26.0, 1.0, 28.0, 4.0 ] },
						"east": { "texture": "#skin", "uv": [ 25.0, 1.0, 26.0, 4.0 ] },
						"south": { "texture": "#skin", "uv": [ 29.0, 1.0, 31.0, 4.0 ] },
						"west": { "texture": "#skin", "uv": [ 28.0, 1.0, 29.0, 4.0 ] },
						"up": { "texture": "#skin", "uv": [ 26.0, 0.0, 28.0, 1.0 ], "rotation": 180 },
						"down": { "texture": "#skin", "uv": [ 26.0, 4.0, 28.0, 5.0 ] }
					},
					"children": [
						{
							"name": "R front Upper Arm",
							"from": [ 0.2112, -1.6896, 0.0704 ], 
							"to": [ 0.8448, 0.4928, 0.6336 ], 
							"unwrapMode": 1,
							"uv": [ 11.0, 20.5 ],
							"rotationOrigin": [ 0.704, 0.2112, 0.4928 ],
							"rotationX": -1.0,
							"rotationZ": -36.0,
							"faces": {
								"north": { "texture": "#skin", "uv": [ 11.5, 21.0, 12.0, 24.0 ] },
								"east": { "texture": "#skin", "uv": [ 11.0, 21.0, 11.5, 24.0 ] },
								"south": { "texture": "#skin", "uv": [ 12.5, 21.0, 13.0, 24.0 ] },
								"west": { "texture": "#skin", "uv": [ 12.0, 21.0, 12.5, 24.0 ] },
								"up": { "texture": "#skin", "uv": [ 11.5, 20.5, 12.0, 21.0 ], "rotation": 180 },
								"down": { "texture": "#skin", "uv": [ 11.5, 24.0, 12.0, 24.5 ] }
							},
							"children": [
								{
									"name": "R front lower arm",
									"from": [ 0.0704, -1.5872, 0.0352 ], 
									"to": [ 0.5632, 0.3072, 0.528 ], 
									"unwrapMode": 1,
									"uv": [ 15.0, 20.5 ],
									"rotationOrigin": [ 0.4928, 0.2112, 0.4224 ],
									"rotationX": 3.0,
									"rotationZ": 14.0,
									"faces": {
										"north": { "texture": "#skin", "uv": [ 15.5, 21.0, 16.0, 23.5 ] },
										"east": { "texture": "#skin", "uv": [ 15.0, 21.0, 15.5, 23.5 ] },
										"south": { "texture": "#skin", "uv": [ 16.5, 21.0, 17.0, 23.5 ] },
										"west": { "texture": "#skin", "uv": [ 16.0, 21.0, 16.5, 23.5 ] },
										"up": { "texture": "#skin", "uv": [ 15.5, 20.5, 16.0, 21.0 ], "rotation": 180 },
										"down": { "texture": "#skin", "uv": [ 15.5, 23.5, 16.0, 24.0 ] }
									},
									"children": [
										{
											"name": "R front pastern",
											"from": [ 0.064, -0.8448, 0.0 ], 
											"to": [ 0.5568, 0.4224, 0.4928 ], 
											"unwrapMode": 1,
											"uv": [ 2.0, 24.0 ],
											"rotationOrigin": [ 0.064, 0.2816, 0.2112 ],
											"rotationX": -1.0,
											"rotationZ": 25.0,
											"faces": {
												"north": { "texture": "#skin", "uv": [ 2.5, 24.5, 3.0, 26.0 ] },
												"east": { "texture": "#skin", "uv": [ 2.0, 24.5, 2.5, 26.0 ] },
												"south": { "texture": "#skin", "uv": [ 3.5, 24.5, 4.0, 26.0 ] },
												"west": { "texture": "#skin", "uv": [ 3.0, 24.5, 3.5, 26.0 ] },
												"up": { "texture": "#skin", "uv": [ 2.5, 24.0, 3.0, 24.5 ], "rotation": 180 },
												"down": { "texture": "#skin", "uv": [ 2.5, 26.0, 3.0, 26.5 ] }
											},
											"children": [
												{
													"name": "R origin hoof",
													"from": [ 0.0832, 0.352, 0.2464 ], 
													"to": [ 0.0832, 0.352, 0.2464 ], 
													"uv": [ 0.0, 0.0 ],
													"rotationOrigin": [ 0.0832, 0.352, 0.2816 ],
													"rotationZ": 47.0,
													"faces": {
														"north": { "texture": "#skin", "uv": [ 0.0, 0.5, 0.396, 0.896 ], "enabled": false },
														"east": { "texture": "#skin", "uv": [ 0.5, 0.5, 0.896, 0.896 ], "enabled": false },
														"south": { "texture": "#skin", "uv": [ 1.0, 0.5, 1.396, 0.896 ], "enabled": false },
														"west": { "texture": "#skin", "uv": [ 1.5, 0.5, 1.896, 0.896 ], "enabled": false },
														"up": { "texture": "#skin", "uv": [ 0.0, 0.0, 0.396, 0.396 ], "enabled": false },
														"down": { "texture": "#skin", "uv": [ 0.5, 0.0, 0.896, 0.396 ], "enabled": false }
													},
													"children": [
														{
															"name": "R front hoof 1",
															"from": [ -0.7744, -0.1408, -0.2112 ], 
															"to": [ -0.2112, 0.0704, 0.2112 ], 
															"unwrapMode": 4,
															"uv": [ 4.5, 30.0 ],
															"rotationOrigin": [ -0.0704, 0.0, 0.1408 ],
															"rotationZ": 55.0,
															"faces": {
																"north": { "texture": "#skin", "uv": [ 4.5, 30.5, 5.0, 31.0 ] },
																"east": { "texture": "#skin", "uv": [ 6.0, 30.5, 6.5, 31.0 ] },
																"south": { "texture": "#skin", "uv": [ 5.5, 30.5, 6.0, 31.0 ] },
																"west": { "texture": "#skin", "uv": [ 5.0, 30.5, 5.5, 31.0 ] },
																"up": { "texture": "#skin", "uv": [ 5.0, 30.0, 5.5, 30.5 ], "rotation": 90 },
																"down": { "texture": "#skin", "uv": [ 5.0, 31.0, 5.5, 31.5 ], "rotation": 90 }
															}
														},
														{
															"name": "R front hoof 2",
															"from": [ -0.5632, -0.4224, -0.2112 ], 
															"to": [ 0.1408, -0.2112, 0.2112 ], 
															"unwrapMode": 4,
															"uv": [ 7.0, 29.0 ],
															"rotationOrigin": [ 0.0704, -0.1408, 0.0704 ],
															"rotationZ": 27.0,
															"faces": {
																"north": { "texture": "#skin", "uv": [ 7.0, 30.0, 8.0, 30.5 ] },
																"east": { "texture": "#skin", "uv": [ 9.5, 30.0, 10.0, 30.5 ] },
																"south": { "texture": "#skin", "uv": [ 8.5, 30.0, 9.5, 30.5 ] },
																"west": { "texture": "#skin", "uv": [ 8.0, 30.0, 8.5, 30.5 ] },
																"up": { "texture": "#skin", "uv": [ 8.0, 29.0, 8.5, 30.0 ], "rotation": 90 },
																"down": { "texture": "#skin", "uv": [ 8.0, 30.5, 8.5, 31.5 ], "rotation": 90 }
															}
														}
													]
												}
											]
										}
									]
								}
							]
						}
					]
				}
			],
			"attachmentpoints": [
				{
					"code": "Center",
					"posX": "9.0","posY": "4.0","posZ": "5.0",
					"rotationX": "0.0","rotationY": "0.0","rotationZ": "0.0"
				}
			]
		}
	]}