[
{"name": "Clouded Leopard Carcass", "ingredientPattern": "ABC","ingredients": {"A": { "type": "item", "code": "pantherinae:pelt-neofelis-*", "quantity": "1" },"B": { "type": "item", "code": "game:bone", "quantity": "4" },"C": { "type": "item", "code": "game:bushmeat-raw", "quantity": "4" }},"width": 3,"height": 1,"output": { "type": "item", "code": "pantherinae:creature-pantherinae-neofelis-carcass", "quantity": 1  }},
{"name": "Panthera Carcass", "ingredientPattern": "ABC","ingredients": {"A": { "type": "item", "code": "pantherinae:pelt-panthera-*", "quantity": "1" },"B": { "type": "item", "code": "game:bone", "quantity": "4" },"C": { "type": "item", "code": "game:bushmeat-raw", "quantity": "4" }},"width": 3,"height": 1,"output": { "type": "item", "code": "pantherinae:creature-pantherinae-panthera-carcass", "quantity": 1  }},
]