[
  {
    "side": "Server",
    "dependsOn": [{ "modid": "combatoverhaul" }],
    "file": "caninae:entities/land/odocoileini",
    "op": "add",
    "path": "/client/behaviors/-",
    "value": {
      "code": "CombatOverhaul:EntityColliders",
      "elements": {
        "Torso": ["neck", "body", "abdomen"],
        "Head": ["head", "mouth up", "jaw"],
        "Arm": ["L Upper arm", "L lower arm", "L front pastern", "R Upper arm", "R lower arm", "R front pastern"],
        "Leg": ["L back thigh","L back Upper Arm", "L lower arm", "L back pastern", "R back Thigh","R back Upper Arm", "R lower arm", "R back pastern"],
        "Critical": ["neck2"],
        "Resistant": []
      }
    }
  },
  {
    "side": "Server",
    "dependsOn": [{ "modid": "combatoverhaul" }],
    "file": "caninae:entities/land/odocoileini",
    "op": "add",
    "path": "/server/behaviors/-",
    "value": {
      "code": "CombatOverhaul:EntityColliders",
      "elements": {
        "Torso": ["neck", "body", "abdomen"],
        "Head": ["head", "mouth up", "jaw"],
        "Arm": ["L Upper arm", "L lower arm", "L front pastern", "R Upper arm", "R lower arm", "R front pastern"],
        "Leg": ["L back thigh","L back Upper Arm", "L lower arm", "L back pastern", "R back Thigh","R back Upper Arm", "R lower arm", "R back pastern"],
        "Critical": ["neck2"],
        "Resistant": []
      }
    }
  },
  {
    "side": "Server",
    "dependsOn": [{ "modid": "combatoverhaul" }],
    "file": "caninae:entities/land/odocoileini",
    "op": "add",
    "path": "/server/behaviors/-",
    "value": {
      "code": "CombatOverhaul:EntityDamageModel",
      "damageModel": {
        "TorsoDamageMultiplier": 1,
        "LimbsDamageMultiplier": 0.75,
        "HeadDamageMultiplier": 1.5,
        "CriticalDamageMultiplier": 2,
        "DefaultResistsByType": {"@.*-(blastocerusdichotomus|hippocamelusantisensis|hippocamelusbisulcus|odocoileushemionus|odocoileusvirginianus|rangifertarandus)":{"BluntAttack": 6, "SlashingAttack": 5, "PiercingAttack": 3},"*":{"BluntAttack": 2, "SlashingAttack": 1, "PiercingAttack": 0}}
      }
    }
  },
  {
    "side": "Server",
    "dependsOn": [{ "modid": "combatoverhaul" }],
    "file": "caninae:entities/land/odocoileini",
    "op": "add",
    "path": "/client/behaviors/-",
    "value": {
      "code": "CombatOverhaul:EntityDamageModel",
      "damageModel": {
        "TorsoDamageMultiplier": 1,
        "LimbsDamageMultiplier": 0.75,
        "HeadDamageMultiplier": 1.5,
        "CriticalDamageMultiplier": 2,
        "DefaultResistsByType": {"@.*-(blastocerusdichotomus|hippocamelusantisensis|hippocamelusbisulcus|odocoileushemionus|odocoileusvirginianus|rangifertarandus)":{"BluntAttack": 6, "SlashingAttack": 5, "PiercingAttack": 3},"*":{"BluntAttack": 2, "SlashingAttack": 1, "PiercingAttack": 0}}
      }
    }
  }
]