{
	"code": "casuariidae",
	"class": "EntityAgent",
	"variantgroups": [
		{ "code": "age", "states": ["egg"] },
		{ "code": "type", "states": ["bennetti", "casuarius", "novaehollandiae","unappendiculatus" ]},
		{ "code": "state", "states": ["raw"] }
	],
	"collisionBoxSizeByType": {
		"*": {	"x": 0.1,"y": 0.1}
	},
	"deadCollisionBoxSizeByType": {
		"*": {"x": 0.1,"y": 0.1}
	},
	"selectionBoxSizeByType": {
		"*": {"x": 0.5,"y": 0.5}
	},
	"deadSelectionBoxSizeByType": {
		"*": {"x": 0.5,"y": 0.5}
	},
	"knockbackResistanceByType": {
		"*": 0.5
	},	
	"eyeHeight": 0.6,
	"weightByType": {
		"*": 1
	},
	"drops": [{ "type": "item", "code": "creature-casuariidae-egg-{type}-raw" }],	
	"attributes": {
		"handbook": {
			"groupcode": "creaturegroup-casuariidae"
		}
	},
	"client": {
		"renderer": "Shape",
		"shapeByType": {"*": { "base": "entity/land/casuariidae/egg" }},
		"textureByType": { 
			"*-casuarius-*": { "base": "entity/casuariidae/casuarius-egg" },    
			"*-novaehollandiae-*": { "base": "entity/casuariidae/novaehollandiae-egg" },   
			"*": { "base": "entity/casuariidae/bennetti-egg" }   
		},
		"sizeByType": {
			"*-bennetti-*": 0.25,
			"*": 0.4
		},
		"behaviors": [
			{ "code": "repulseagents" },
			{"code": "controlledphysics","stepHeight": 0},
			{ "code": "interpolateposition" },
			{"code": "despawn","minPlayerDistance": 8,"belowLightLevel": 0,"minSeconds": 300},
			{"code": "floatupwhenstuck","onlyWhenDead": true}

		],
		"animations": [
		]
	},
	"server": {
		"attributes": {
		},
		"behaviors": [
			{ "code": "repulseagents" },
			{"code": "controlledphysics","stepHeight": 0},
			{"code": "health","maxhealthByType": {"*": 0.1}},
			{"code": "deaddecay","hoursToDecay": 0,"decayedBlock": "none"},
			{"code": "despawn","minPlayerDistance": 8,"belowLightLevel": 0,"minSeconds": 300},
			{"code": "floatupwhenstuck","onlyWhenDead": true},
			{"code": "emotionstates","states": []},
			{ 
				"code": "grow", 
				"hoursToGrow": 240,
				"adultEntityCodesByType": {"*": ["casuariidae:casuariidae-baby-female-{type}","casuariidae:casuariidae-baby-male-{type}"]}
				},
			{
				"code": "taskai",
				"aitasks": [
					{
						"code": "idle",
						"priority": 0.9,
						"minduration": 3000,
						"maxduration": 3000,
						"mincooldown": 0,
						"maxcooldown": 0,
						"stopOnNearbyEntityCodes": [ ],
						"stopRange": 15,
						"animation": "Idle",
						"animationSpeed": 2.0,
					}
				]
			}

		],
		"spawnconditions": {
			"runtime": {
				"group": "neutral",
				"tryOnlySurface": true,
				"maxQuantity": 1,
				"spawnCapPlayerScaling": 0.0,
				"maxQuantityByGroup": {
					"code": "casuariidae-*",
					"maxQuantity": 1
				},
				"chanceByType": {
					"*": 0.0
				}
			}
		}
	}
}