{
	"code": "apterygidae",
	"class": "EntityAgent",
	"fallDamageMultiplierByType": { "*-baby-*" :0.1,"*-adult-*" :0.2},
	"variantgroups": [
		{ "code": "age", "states": ["adult", "baby"] },
		{ "code": "gender", "states": ["male", "female"] },
		{ "code": "type", "states": ["apteryxaustralis", "apteryxhaastii", "apteryxmantelli", "apteryxowenii", "apteryxrowi" ] }
	],
	"hitBoxSizeByType": {
		"*-adult-*-apteryxmantelli": { "x": 0.3,"y": 0.3},
		"*-adult-*-apteryxowenii": { "x": 0.3,"y": 0.3},
		"*-adult-*": { "x": 0.5,"y": 0.5},
		"*-baby-*": { "x": 0.2,"y": 0.2}
	},
	"deadhitBoxSizeByType": {
		"*-adult-*-apteryxmantelli": { "x": 0.3,"y": 0.3},
		"*-adult-*-apteryxowenii": { "x": 0.3,"y": 0.3},
		"*-adult-*": { "x": 0.5,"y": 0.5},
		"*-baby-*": { "x": 0.2,"y": 0.2}
	},
	"eyeHeightByType": {
		"*-adult-*-apteryxmantelli": 0.3,
		"*-adult-*-apteryxowenii": 0.3,
		"*-adult-*": 0.5,
		"*-baby-*": 0.2
	},
	"weightByType": {
		"*-adult-female-apteryxaustralis": 3.5,
		"*-adult-male-apteryxaustralis": 2.2,
		"*-adult-female-apteryxhaastii": 2.5,
		"*-adult-male-apteryxhaastii": 2,
		"*-adult-female-apteryxmantelli": 3,
		"*-adult-male-apteryxmantelli": 2,
		"*-adult-female-apteryxowenii": 1.5,
		"*-adult-male-apteryxowenii": 1,
		"*-adult-female-apteryxrowi": 3.5,
		"*-adult-male-apteryxrowi": 2.2,
		"*-baby-*": 0.5
	},	
	"knockbackResistanceByType": {
		"*-adult-*": 0.1,
		"*-baby-*": 0.05
	},	
	"drops": [],
	"attributes": {
		"killedByInfoText": "deadcreature-killed",
		"basketCatchable": true,
		"trapChanceByType": { "*-baby-*": 0.75, "*": 0.5 },
		"trapDestroyChanceByType": { "*-baby-*": 0.1, "*": 0.25 },
		"creatureDiet": {
			"foodCategories": ["Fruit","Vegetable"],
			"foodTags": ["insect","meat"]
		},
		"handbook": {
			"groupcode": "creaturegroup-apterygidae"
		}
	},
	"client": {
		"renderer": "Shape",
		"shapeByType": {
			"*-adult-apteryxowenii": { "base": "entity/land/apterygidae/{type}-adult" },
			"*-adult-*": { "base": "entity/land/apterygidae/apteryxaustralis-adult" },
			"*-baby-*": { "base": "entity/land/apterygidae/apteryxaustralis-baby" }
		},
		"textureByType": {
			"*-baby-*": { "base": "entity/apterygidae/apteryxaustralis-baby" },   
			"*": { "base": "entity/apterygidae/{type}-{age}" }   
		},
		"sizeByType": {
			"*-adult-female-apteryxaustralis": 0.59,
			"*-adult-male-apteryxaustralis": 0.55,
			"*-adult-female-apteryxhaastii": 0.65,
			"*-adult-male-apteryxhaastii": 0.6,
			"*-adult-female-apteryxmantelli": 0.31,
			"*-adult-male-apteryxmantelli": 0.28,
			"*-adult-female-apteryxowenii": 0.29,
			"*-adult-male-apteryxowenii": 0.26,
			"*-adult-female-apteryxrowi": 0.59,
			"*-adult-male-apteryxrowi": 0.55,
			"*-baby-*": 0.3
		},
		"behaviors": [
			{ "code": "repulseagents" },
			{ "code": "controlledphysics","stepHeightByType": {"*-adult-*": 1.1251,"*-baby-*": 1.1251 } },
			{ "code": "interpolateposition" },
			{ "code": "floatupwhenstuck", "onlyWhenDead": true },
			{ "code": "harvestable","quantitySlots": 8 },
			{ "code": "multiply", "enabledByType": { "*-adult-female-*": true, "*": false } },
			{ "code": "despawn", "minPlayerDistance": 16, "belowLightLevel": 8, "minSeconds": 300 }
		],
		"animations": [
			{
				"code": "attack",
				"animation": "Attack",
				"animationSpeed": 2.2,
				"weight": 10,
				"blendMode": "AddAverage"
			},
			{
				"code": "call",
				"animation": "Call",
				"weight": 5,
				"blendMode": "AddAverage"
			},
			{
				"code": "threat",
				"animation": "Threat",
				"easeInSpeed": 2,
				"easeOutSpeed": 2,
				"weight": 10,
				"blendMode": "AddAverage"
			},
			{
				"code": "hurt",
				"animation": "Hurt",
				"animationSpeed": 2.2,
				"weight": 10,
				"blendMode": "AddAverage"
			},
			{
				"code": "die",
				"animation": "Die",
				"easeInSpeed": 10,
				"animationSpeedByType": {
					"*-adult": 0.8,
					"*-baby": 1.0
				},
				"weight": 10,
				"blendMode": "Average",
				"triggeredBy": { "onControls": [ "dead" ] }
			},
			{
				"code": "idle",
				"animation": "Idle",
				"blendMode": "AddAverage",
				"easeOutSpeed": 4,
				"triggeredBy": { "defaultAnim": true }
			},
			{
				"code": "sleep",
				"animation": "Sleep",
				"easeInSpeed": 2,
				"easeOutSpeed": 4,
				"blendMode": "Average"
			},
			{
				"code": "sit",
				"animation": "Sit",
				"easeInSpeed": 1,
				"easeOutSpeed": 2,
				"blendMode": "Average"
			},
			{
				"code": "eat",
				"animation": "Eat",
				"easeInSpeed": 2,
				"easeOutSpeed": 2,
				"blendMode": "AddAverage"
			},
			{
				"code": "scratch",
				"animation": "Scratch",
				"easeInSpeed": 2,
				"easeOutSpeed": 2,
				"weight": 5,
				"blendMode": "AddAverage"
			},
			{
				"code": "swim",
				"animation": "Swim",
				"supressDefaultAnimation": true,
				"blendMode": "Average"
			},
			{
				"code": "walk",
				"animation": "Walk",
				"supressDefaultAnimation": true,
				"weight": 10,
				"blendMode": "AddAverage"
			},
			{
				"code": "highwalk",
				"animation": "Highwalk",
				"supressDefaultAnimation": true,
				"weight": 10,
				"blendMode": "AddAverage"
			},
			{
				"code": "run",
				"animation": "Run",
				"supressDefaultAnimation": true,
				"weight": 10,
				"blendMode": "AddAverage"
			}
		]
	},
	"server": {
		"attributes": {
			"pathfinder": {
				"minTurnAnglePerSec": 90,
				"maxTurnAnglePerSec": 360
			}
		},
		"behaviors": [
			{ "code": "repulseagents" },
      { "code": "controlledphysics","stepHeightByType": {"*-adult-*": 1.1251,"*-baby-*": 1.1251 }},
			{"code": "despawn","minPlayerDistance": 8,"belowLightLevel": 8,"minSeconds": 300},
			{"code": "health",
				"currenthealthByType": {
				"apterygidae-adult-*": 3,
					"*-baby-*": 2
				},
				"maxhealthByType": {
				"apterygidae-adult-*": 3,
					"*-baby-*": 2
				}
			},
			{
				"code": "deaddecay",
				"hoursToDecay": 96,
				"decayedBlockByType": {
					"apterygidae-adult-*": "carcass-small",
					"*-baby-*": "carcass-tiny"
				}
			},
			{
				"code": "floatupwhenstuck",
				"onlyWhenDead": true
			},
			{
				"code": "harvestable","quantitySlots": 8,
				"drops": [
					{
						"type": "item",
						"code": "game:poultry-raw",
						"quantityByType": {
							"apterygidae-adult-*": {"avg": 1.2,"var": 0.0},
							"*": {"avg": 0.0,"var": 0.0}
						}
					},
					{
						"type": "item",
						"code": "dinornithidae:pelt-{gender}-{type}",
						"quantityByType": {
							"*-adult-*": {"avg": 1.0,"var": 0.0},
							"*": {"avg": 0.0,"var": 0.0}
						}
					},
					{
						"type": "item",
						"code": "game:feather",
						"quantityByType": {
							"*-baby-": {"avg": 2.0,"var": 1.0},
							"*": {"avg": 5.0,"var": 4.0}
						}
					}
				]
			},
			{ "code": "breathe" },			
			{
				"code": "multiply",
				"enabledByType": {
					"*-adult-female-*": true,
					"*": false
				},
				"spawnEntityCodesByType": {
				"*-adult-female-*": [ { "code":"dinornithidae:apterygidae-nest-incubating-{type}"} ]
				},
				"requiresNearbyEntityCodeByType": {"*-adult-female-*": "dinornithidae:apterygidae-adult-male-{type}"},
				"requiresNearbyEntityRange": 10,
				"spawnQuantityMinByType": {"*": 1},
				"spawnQuantityMaxByType": {"*": 1},
				"eatAnyway": true,
				"pregnancyDaysByType": {"*":9},
				"multiplyCooldownDaysMin": 73,
				"multiplyCooldownDaysMax": 81,
				"portionsEatenForMultiplyByType": {"*":2}
			}, 
			{ 
				"code": "grow", 
				"enabledByType": {
					"*-baby-*": true,
					"*-adult-*": false
				},
				"hoursToGrowByType": {"*": 350},
				"adultEntityCodesByType": {
					"*-baby-male-*": ["dinornithidae:apterygidae-adult-male-{type}"],
					"*-baby-female-*": ["dinornithidae:apterygidae-adult-female-{type}"]
				}
			},
			{
				"code": "emotionstates",
				"states": [
					{"code": "fleeondamage","whenHealthRelBelow": 0.5,"duration": 60,"chanceByType": {"*-adult-*": 1.0,"*": 1.0},"slot": 2,"priority": 5,"accumType": "max"},
					{"code": "fleeondamage","duration": 40,"chanceByType": {"*-adult-*": 0.75,"*": 1.0},"slot": 2,"priority": 1,"accumType": "max"},
					{"code": "alarmherdondamage","chance": 1,"slot": 1,"priority": 1,"accumType": "max"},
					{"code": "aggressiveondamage","duration": 30,"chanceByType": {"*-baby-*": 0.0,"*-apteryxaustralis": 0.5,"*-apteryxhaastii": 1.0},"slot": 2,"priority": 2,"accumType": "noaccum"},
					{"code": "saturated","duration": 1200,"chance": 1,"slot": 0,"priority": 1,"accumType": "sum"}]
			},
			{
				"code": "taskai",
				"aitasks": [
					{
						"code": "meleeattack",
						"animation": "Attack",
						"enabledByType": {
							"*-baby-*": false,
							"*": true
						},
						"entityCodes": [ "player","bear-*", "fox-male", "fox-female",  "hyena-male", "hyena-female", "wolf-male", "wolf-female", "caninae-*","hyaenidae-*","machairodontinae-*", "pantherinae-*", "ursidae-*" ],
						"priority": 3,
						"damageByType": {
							"apterygidae-adult-*": 1,
							"*-baby-*": 0.1
						},
						"damageTierByType": {"*":1},
						"damageType": "SlashingAttack",
						"slot": 1,
						"mincooldown": 1500,
						"maxcooldown": 2500,
						"attackDurationMs": 1250,
						"damagePlayerAtMs": 500,
						"animationSpeed": 1.5,
						"soundByType": {
							"*-adult-*": "creature/apterygidae/thrill"
						},
						"whenInEmotionState": "aggressiveondamage"
					},
					{
						"code": "fleeentity",
						"animation": "Run",
						"entityCodesByType": {
							"*": [  "player","bear-*", "fox-*", "hyena-male", "hyena-female", "wolf-male", "wolf-female", "caninae-canina-adult-*","caninae-cerdocyonina-adult-*","caninae-vulpini-adult-*","caninae-urocyonini-adult-*","hyaenidae-adult-*","machairodontinae-adult-*", "pantherinae-panthera-adult-*", "ursidae-adult-*"]},
						"priority": 1.51,
						"movespeedByType": {
							"apterygidae-adult-*": 0.03,
							"apterygidae-baby-*": 0.015
						},
						"seekingRange": 40,
						"animationSpeedByType": {
							"*-adult-female-apteryxaustralis": 5,
							"*-adult-male-apteryxaustralis": 5.4,
							"*-adult-female-apteryxhaastii": 4.5,
							"*-adult-male-apteryxhaastii": 5,
							"*-adult-female-apteryxmantelli": 10,
							"*-adult-male-apteryxmantelli": 11,
							"*-adult-female-apteryxowenii": 10,
							"*-adult-male-apteryxowenii": 11,
							"*-adult-female-apteryxrowi": 5,
							"*-adult-male-apteryxrowi": 5.4,
							"*-baby-*": 10.0
						},
						"whenInEmotionState": "fleeondamage",
						"soundByType": {
							"*-adult-*": "creature/apterygidae/thrill",
							"*-baby-*": "creature/apterygidae/baby"
						}
					},
					{
						"code": "fleeentity",
						"animation": "Run",
						"entityCodesByType": {
							"*": [  "player","bear-*", "fox-*", "hyena-male", "hyena-female", "wolf-male", "wolf-female", "caninae-canina-adult-*","caninae-cerdocyonina-adult-*","caninae-vulpini-adult-*","caninae-urocyonini-adult-*","hyaenidae-adult-*","machairodontinae-adult-*", "pantherinae-panthera-adult-*", "ursidae-adult-*"]},
						"priority": 1.51,
						"movespeedByType": {
							"apterygidae-adult-*": 0.03,
							"apterygidae-baby-*": 0.015
						},
						"seekingRange": 24,
						"animationSpeedByType": {
							"*-adult-female-apteryxaustralis": 5,
							"*-adult-male-apteryxaustralis": 5.4,
							"*-adult-female-apteryxhaastii": 4.5,
							"*-adult-male-apteryxhaastii": 5,
							"*-adult-female-apteryxmantelli": 10,
							"*-adult-male-apteryxmantelli": 11,
							"*-adult-female-apteryxowenii": 10,
							"*-adult-male-apteryxowenii": 11,
							"*-adult-female-apteryxrowi": 5,
							"*-adult-male-apteryxrowi": 5.4,
							"*-baby-*": 10.0
						},
						"soundByType": {
							"*-adult-*": "creature/apterygidae/thrill",
							"*-baby-*": "creature/apterygidae/baby"
						}
					},
					{
						"code": "seekentity",
						"animation": "Run",
						"enabledByType": {
							"*-baby-*": false,
							"*": true
						},
						"entityCodesByType": {"*": [  "player","bear-*", "fox-*", "hyena-male", "hyena-female", "wolf-male", "wolf-female", "caninae-canina-adult-*","caninae-cerdocyonina-adult-*","caninae-vulpini-adult-*","caninae-urocyonini-adult-*","hyaenidae-adult-*","machairodontinae-adult-*", "pantherinae-panthera-adult-*", "ursidae-adult-*"]},
						"priority": 1.6,
						"mincooldown": 600,
						"maxcooldown": 650,
						"movespeedByType": {
							"apterygidae-adult-*": 0.015
						},
						"animationSpeedByType": {
							"*-adult-female-apteryxaustralis": 2.5,
							"*-adult-male-apteryxaustralis": 2.7,
							"*-adult-female-apteryxhaastii": 2.25,
							"*-adult-male-apteryxhaastii": 2.5,
							"*-adult-female-apteryxmantelli": 5,
							"*-adult-male-apteryxmantelli": 5.5,
							"*-adult-female-apteryxowenii": 5,
							"*-adult-male-apteryxowenii": 5.5,
							"*-adult-female-apteryxrowi": 2.5,
							"*-adult-male-apteryxrowi": 2.7
						},
						"seekingRange": 20,
						"soundByType": {
							"*-adult-*": "creature/apterygidae/thrill"
						},
						"whenInEmotionState": "aggressiveondamage"
					},
					{
						"code": "stayclosetoentity",
						"animationByType": {
							"*-adult-*": "Walk",
							"*": "Run"
						},
						"priority": 1.4,
						"entityCodeByType": {
							"*-adult-female-*": "apterygidae-nest-{type}-incubating",
							"*-adult-male-*": "apterygidae-adult-female-{type}",
							"*-baby-*": "apterygidae-adult-female-{type}"
						},
						"movespeedByType": {
							"apterygidae-adult-*": 0.004,
							"apterygidae-baby-*": 0.0075,
							"*": 0.006
						},
						"animationSpeedByType": {
							"*-adult-female-apteryxaustralis": 1.25,
							"*-adult-male-apteryxaustralis": 1.35,
							"*-adult-female-apteryxhaastii": 1.125,
							"*-adult-male-apteryxhaastii": 1.25,
							"*-adult-female-apteryxmantelli": 2.5,
							"*-adult-male-apteryxmantelli": 2.75,
							"*-adult-female-apteryxowenii": 2.5,
							"*-adult-male-apteryxowenii": 2.75,
							"*-adult-female-apteryxrowi": 1.75,
							"*-adult-male-apteryxrowi": 1.35,
							"*-baby-*": 5.0
						},
						"maxDistance": 1.5,
						"searchRange": 25
					},
					{
						"code": "getoutofwater",
						"animation": "Swim",
						"priority": 1.4,
						"movespeedByType": {
							"apterygidae-adult-*": 0.02,
							"apterygidae-baby-*": 0.01,
							"*": 0.045
						},
						"animationSpeedByType": {
							"apterygidae-adult-*": 2,
							"*-baby-*": 2
						}
					},
					{
						"code": "idle",
						"animation": "Idle",
						"priority": 0.9,
						"minduration": 1600,
						"maxduration": 4500,
						"mincooldown": 6000,
						"maxcooldown": 120000,
						"priorityForCancel": 1.28,
						"whenNotInEmotionState": "aggressiveondamage|fleeondamage",
						"stopOnNearbyEntityCodes": [ "player", "bear-*", "fox-*", "hyena-male", "hyena-female", "wolf-male", "wolf-female", "caninae-*","hyaenidae-*","machairodontinae-*", "pantherinae-*", "ursidae-*" ],
						"stopRange": 10,
						"stopOnHurt": true,
						"soundByType": {
							"*-baby-*": "creature/apterygidae/baby",
							"*": "creature/apterygidae/thrill"
						}
					},
					{
						"code": "idle",
						"animation": "Sleep",
						"priority": 1.38,
						"minduration": 200000,
						"maxduration": 800000,
						"mincooldown": 10000,
						"maxcooldown": 30000,
						"priorityForCancel": 1.38,
						"whenNotInEmotionState": "aggressiveondamage|fleeondamage",
						"duringDayTimeFrames": [{"fromHour": 6,"toHour": 20}],
						"stopOnNearbyEntityCodes": [ "player", "bear-*","fox-*", "hyena-male", "hyena-female", "wolf-male", "wolf-female", "caninae-*","hyaenidae-*","machairodontinae-*", "pantherinae-*", "ursidae-*"  ],
						"stopRange": 8,
						"stopOnHurt": true
					},
					{
						"code": "idle",
						"animation": "Sit",
						"priority": 0.9,
						"minduration": 15000,
						"maxduration": 45000,
						"mincooldown": 6000,
						"maxcooldown": 120000,
						"priorityForCancel": 1.28,
						"whenNotInEmotionState": "aggressiveondamage|fleeondamage",
						"stopOnNearbyEntityCodes": [ "player", "bear-*","fox-*", "hyena-male", "hyena-female", "wolf-male", "wolf-female", "caninae-*","hyaenidae-*","machairodontinae-*", "pantherinae-*", "ursidae-*"  ],
						"stopRange": 10,
						"stopOnHurt": true
					},
					{
						"code": "idle",
						"animation": "Call",
						"priority": 1.0,
						"priorityForCancel": 1.35,
						"whenNotInEmotionState": "aggressiveondamage|fleeondamage",
						"stopOnNearbyEntityCodes": [ "player", "bear-*","fox-*", "hyena-male", "hyena-female", "wolf-male", "wolf-female", "caninae-*","hyaenidae-*","machairodontinae-*", "pantherinae-*", "ursidae-*"  ],
						"stopRange": 10,
						"minduration": 2000,
						"maxduration": 2000,
						"chance": 0.2,
						"mincooldown": 8000,
						"maxcooldown": 50000,
						"animationSpeed": 0.5,
						"soundByType": {
							"*-baby-*": "creature/apterygidae/baby",
							"*-female-*": "creature/apterygidae/female-call",
							"*-apteryxmantelli": "creature/apterygidae/male-apteryxaustralis-call",
							"*-apteryxrowi": "creature/apterygidae/male-apteryxowenii-call",
							"*": "creature/apterygidae/male-{type}-call"
						},
						"soundRangeByType": {
							"*-adult-*": 120,
							"*": 30
						}
					},
					{
						"code": "idle",
						"animation": "Scratch",
						"priority": 1.0,
						"priorityForCancel": 1.35,
						"whenNotInEmotionState": "aggressiveondamage|fleeondamage",
						"stopOnNearbyEntityCodes": [  "player", "bear-*","fox-*", "hyena-male", "hyena-female", "wolf-male", "wolf-female", "caninae-*","hyaenidae-*","machairodontinae-*", "pantherinae-*", "ursidae-*"  ],
						"stopRange": 10,
						"minduration": 4000,
						"maxduration": 4000,
						"mincooldown": 8000,
						"maxcooldown": 50000,
						"chance": 0.1,
						"animationSpeed": 1.0
					},
					{
						"code": "idle",
						"animation": "Eat",
						"priority": 1.2,
						"priorityForCancel": 1.35,
						"whenNotInEmotionState": "aggressiveondamage|fleeondamage",
						"stopOnNearbyEntityCodes": [  "player", "bear-*","fox-*", "hyena-male", "hyena-female", "wolf-male", "wolf-female", "caninae-*","hyaenidae-*","machairodontinae-*", "pantherinae-*", "ursidae-*" ],
						"stopRange": 10,
						"minduration": 2000,
						"maxduration": 2000,
						"mincooldown": 6000,
						"maxcooldown": 20000,
						"chance": 0.1,
						"animationSpeed": 0.5
					},
					{
						"code": "idle",
						"animation": "Threat",
						"priority": 1.2,
						"priorityForCancel": 1.35,
						"whenNotInEmotionState": "aggressiveondamage|fleeondamage",
						"stopOnNearbyEntityCodes": [  "player", "bear-*","fox-*", "hyena-male", "hyena-female", "wolf-male", "wolf-female", "caninae-*","hyaenidae-*","machairodontinae-*", "pantherinae-*", "ursidae-*"  ],
						"stopRange": 10,
						"chance": 0.1,
						"minduration": 4000,
						"maxduration": 4000,
						"mincooldown": 6000,
						"maxcooldown": 20000,
						"animationSpeed": 0.25
					},
					{
						"code": "wander",
						"animation": "Walk",
						"priority": 1.0,
						"priorityForCancel": 1.35,
						"whenNotInEmotionState": "aggressiveondamage|fleeondamage",
						"stopOnNearbyEntityCodes": [ "player", "bear-*","fox-*", "hyena-male", "hyena-female", "wolf-male", "wolf-female", "caninae-*","hyaenidae-*","machairodontinae-*", "pantherinae-*", "ursidae-*"  ],
						"stopRange": 10,
						"chance": 0.5,
						"movespeedByType": {
							"apterygidae-adult-*": 0.004,
							"apterygidae-baby-*": 0.004
						},
						"animationSpeedByType": {
							"*-adult-female-apteryxaustralis": 1.25,
							"*-adult-male-apteryxaustralis": 1.35,
							"*-adult-female-apteryxhaastii": 1.125,
							"*-adult-male-apteryxhaastii": 1.25,
							"*-adult-female-apteryxmantelli": 2.5,
							"*-adult-male-apteryxmantelli": 2.75,
							"*-adult-female-apteryxowenii": 2.5,
							"*-adult-male-apteryxowenii": 2.75,
							"*-adult-female-apteryxrowi": 1.75,
							"*-adult-male-apteryxrowi": 1.35,
							"*-baby-*": 2.5
						},
						"preferredLightLevel": 12
					},
					{
						"code": "wander",
						"animation": "Highwalk",
						"priority": 1.0,
						"priorityForCancel": 1.35,
						"whenNotInEmotionState": "aggressiveondamage|fleeondamage",
						"stopOnNearbyEntityCodes": [  "player", "bear-*","fox-*", "hyena-male", "hyena-female", "wolf-male", "wolf-female", "caninae-*","hyaenidae-*","machairodontinae-*", "pantherinae-*", "ursidae-*" ],
						"stopRange": 10,
						"chance": 0.25,
						"movespeedByType": {
							"apterygidae-adult-*": 0.004,
							"apterygidae-baby-*": 0.004
						},
						"animationSpeedByType": {
							"*-adult-female-apteryxaustralis": 1.25,
							"*-adult-male-apteryxaustralis": 1.35,
							"*-adult-female-apteryxhaastii": 1.125,
							"*-adult-male-apteryxhaastii": 1.25,
							"*-adult-female-apteryxmantelli": 2.5,
							"*-adult-male-apteryxmantelli": 2.75,
							"*-adult-female-apteryxowenii": 2.5,
							"*-adult-male-apteryxowenii": 2.75,
							"*-adult-female-apteryxrowi": 1.75,
							"*-adult-male-apteryxrowi": 1.35,
							"*-baby-*": 2.5
						},
						"preferredLightLevel": 12
					},
					{
						"code": "seekfoodandeat",
						"animation": "Walk",
						"eatAnimation": "Eat",
						"priority": 1.25,
						"whenNotInEmotionState": "aggressiveondamage|fleeondamage",
						"eatSoundByType": {
							"*": "game:creature/animal-eat-small"
						},
						"eatTime": 1.5,
						"eatLooseItems": true,
						"movespeedByType": {
							"apterygidae-adult-*": 0.004,
							"apterygidae-baby-*": 0.004
						},
						"animationSpeedByType": {
							"*-adult-female-apteryxaustralis": 1.25,
							"*-adult-male-apteryxaustralis": 1.35,
							"*-adult-female-apteryxhaastii": 1.125,
							"*-adult-male-apteryxhaastii": 1.25,
							"*-adult-female-apteryxmantelli": 2.5,
							"*-adult-male-apteryxmantelli": 2.75,
							"*-adult-female-apteryxowenii": 2.5,
							"*-adult-male-apteryxowenii": 2.75,
							"*-adult-female-apteryxrowi": 1.75,
							"*-adult-male-apteryxrowi": 1.35,
							"*-baby-*": 2.5
						},
						"mincooldownHours": 1,
						"maxcooldownHours": 4
					},
					{
						"code": "lookaround",
						"whenNotInEmotionState": "aggressiveondamage|fleeondamage",
						"priority": 0.5
					}
				]
			},
			{
				"code": "pettable",
				"minGeneration": 1
			}
		],
		"spawnconditions": {
			"runtime": {
				"group": "neutral",
				"maxQuantityByGroup": { "code": "apterygidae-*", "maxQuantity": 1 },
				"tryOnlySurface": true,
				"chanceByType": {
					"apterygidae-adult-female-apteryxaustralis": 0.0001, "apterygidae-adult-male-apteryxaustralis": 0.0001,
					"apterygidae-adult-female-apteryxhaastii": 0.0001, "apterygidae-adult-male-apteryxhaastii": 0.0001,
					"apterygidae-adult-female-apteryxmantelli": 0.0001, "apterygidae-adult-male-apteryxmantelli": 0.0001,
					"apterygidae-adult-female-apteryxowenii": 0.0001, "apterygidae-adult-male-apteryxowenii": 0.0001,
					"apterygidae-adult-female-apteryxrowi": 0.0001, "apterygidae-adult-male-apteryxrowi": 0.0001,
					"*": 0.0
				},
				"mindistancetoplayer": 50,
				"maxLightLevel": 7,
				"lightLevelType": "onlyBlockLight",	
				"spawnCapPlayerScaling": 0.0,	
				"groupSizeByType": {
					"*-adult-*": { "dist": "invexp", "avg": 1.5, "var": 0.5 }
				},
				"insideBlockCodes": [ "game:air", "game:soil-*","game:gravel-*", "game:tallgrass-*", "game:snowlayer-1", "game:sand-*"],
				"companionsByType": {
				"*":["dinornithidae:apterygidae-adult-female-{type}","dinornithidae:apterygidae-adult-male-{type}"]}
			}
		},
		"spawnconditionsByType": {
			"apterygidae-adult-*-apteryxaustralis": {
				"climate": {
					"minTemp": 4,
					"maxTemp": 12,
					"minRain": 0.65,
					"maxRain": 1.0,
					"minForest": 0.6,
					"maxForest": 1.0,
					"minY": 1.0,
					"maxY": 1.5					
				}
			},
			"apterygidae-adult-*-apteryxhaastii": {
				"climate": {
					"minTemp": 4,
					"maxTemp": 14,
					"minRain": 0.25,
					"maxRain": 1.0,
					"minForestOrShrubs": 0.2,
					"maxForest": 1.0,
					"maxShrubs": 1.0,
					"minY": 1.0,
					"maxY": 1.5						
				}			
				},
			"apterygidae-adult-*-apteryxmantelli": {
				"climate": {
					"minTemp": 10,
					"maxTemp": 16,
					"minRain": 0.25,
					"maxRain": 1.0,
					"minForestOrShrubs": 0.2,
					"maxForest": 1.0,
					"maxShrubs": 1.0,
					"minY": 1.0,
					"maxY": 1.5						
				}			
				},
			"apterygidae-adult-*-apteryxowenii": {
				"climate": {
					"minTemp": 4,
					"maxTemp": 16,
					"minRain": 0.25,
					"maxRain": 1.0,
					"minForestOrShrubs": 0.2,
					"maxForest": 1.0,
					"maxShrubs": 1.0,
					"minY": 1.0,
					"maxY": 1.4						
				}			
				},
			"apterygidae-adult-*-apteryxrowi": {
				"climate": {
					"minTemp": 6,
					"maxTemp": 12,
					"minRain": 0.25,
					"maxRain": 1.0,
					"minForest": 0.8,
					"maxForest": 1.0,
					"maxShrubs": 1.0,
					"minY": 1.0,
					"maxY": 1.4					
				}
			}
		}
	},
	"soundsByType": {
		"apterygidae-adult-*":{
			"hurt": "creature/apterygidae/thrill",
			"death": "creature/apterygidae/thrill",
			"idle": "creature/apterygidae/thrill"
		},
		"*-baby-*":{
			"hurt": "creature/apterygidae/baby",
			"death": "creature/apterygidae/baby",
			"idle": "creature/apterygidae/baby"
		}
	},
	"idleSoundRangeByType": {
		"*-adult-*":30,
		"*-baby-*":14
	},
	"idleSoundChanceByType": {
		"*-adult-*": 0.35,
		"*-baby-*":1
	},
}