{
	"code": "aptornithidae",
	"class": "EntityAgent",
	"fallDamageMultiplierByType": { "*-baby-*" :0.1,"*-adult-*" :0.2},
	"variantgroups": [
		{ "code": "age", "states": ["adult", "baby"] },
		{ "code": "gender", "states": ["male", "female"] },
		{ "code": "type", "states": ["aptornisdefossor", "aptornisotidiformis" ] }
	],
	"hitBoxSizeByType": {
		"*-adult-*-aptornisdefossor": { "x": 0.8,"y": 1.0},
		"*-adult-*-aptornisotidiformis": { "x": 0.6,"y": 0.8},
		"*-baby-*": { "x": 0.4,"y": 0.5}
	},
	"deadhitBoxSizeByType": {
		"*-adult-*-aptornisdefossor": { "x": 0.8,"y": 0.5},
		"*-adult-*-aptornisotidiformis": { "x": 0.6,"y": 0.4},
		"*-baby-*": { "x": 0.4,"y": 0.25}
	},
	"eyeHeightByType": {
		"*-adult-*-aptornisdefossor": 1.0,
		"*-adult-*-aptornisotidiformis": 0.8,
		"*-baby-*": 0.6
	},
	"weightByType": {
		"*-adult-*-aptornisdefossor": 18,
		"*-adult-*-aptornisotidiformis": 16,
		"*-baby-*": 2
	},	
	"knockbackResistanceByType": {
		"*-adult-*-aptornisdefossor": 0.2,
		"*-adult-*-aptornisotidiformis": 0.2,
		"*-baby-*": 0.1
	},	
	"drops": [],
	"attributes": {
		"killedByInfoText": "deadcreature-killed",
		"basketCatchable": true,
		"trapChanceByType": { "*-baby-*": 0.75, "*": 0.5 },
		"trapDestroyChanceByType": { "*-baby-*": 0.1, "*": 0.25 },
		"creatureDiet": {
			"foodTags": ["insect","meat"]
		},
		"handbook": {
			"groupcode": "creaturegroup-aptornithidae"
		}
	},
	"client": {
		"renderer": "Shape",
		"shapeByType": {
			"*-adult-*-aptornisdefossor": { "base": "entity/land/aptornithidae/aptornisdefossor-adult" },
			"*-baby-*-aptornisdefossor": { "base": "entity/land/aptornithidae/aptornisdefossor-baby" },
			"*-adult-*-aptornisotidiformis": { "base": "entity/land/aptornithidae/aptornisdefossor-adult" },
			"*-baby-*-aptornisotidiformis": { "base": "entity/land/aptornithidae/aptornisdefossor-baby" }
		},
		"textureByType": {
			"*-baby-*-aptornisotidiformis": { "base": "entity/aptornithidae/aptornisdefossor-baby" },   
			"*": { "base": "entity/aptornithidae/{type}-{age}" }   
		},
		"sizeByType": {
			"*-adult-*-aptornisdefossor": 1.0,
			"*-baby-*-aptornisdefossor": 0.5,
			"*-adult-*-aptornisotidiformis": 0.8,
			"*-baby-*-aptornisotidiformis": 0.5
		},
		"behaviors": [
			{ "code": "repulseagents" },
			{ "code": "controlledphysics","stepHeightByType": {"*-adult-*": 1.1251,"*-baby-*": 1.1251 } },
			{ "code": "interpolateposition" },
			{ "code": "floatupwhenstuck", "onlyWhenDead": true },
			{ "code": "harvestable","quantitySlots": 8 },
			{ "code": "multiply", "enabledByType": { "*-adult-female-*": true, "*": false } },
			{ "code": "despawn", "minPlayerDistance": 16, "belowLightLevel": 8, "minSeconds": 300 }
		],
		"animations": [
			{
				"code": "attack",
				"animation": "Attack",
				"animationSpeed": 2.2,
				"weight": 10,
				"blendMode": "AddAverage"
			},
			{
				"code": "charge",
				"animation": "Charge",
				"animationSpeed": 2.2,
				"weight": 10,
				"blendMode": "AddAverage"
			},
			{
				"code": "call",
				"animation": "Call",
				"weight": 5,
				"blendMode": "AddAverage"
			},
			{
				"code": "threat",
				"animation": "Threat",
				"easeInSpeed": 2,
				"easeOutSpeed": 2,
				"weight": 10,
				"blendMode": "AddAverage"
			},
			{
				"code": "hurt",
				"animation": "Hurt",
				"animationSpeed": 2.2,
				"weight": 10,
				"blendMode": "AddAverage"
			},
			{
				"code": "die",
				"animation": "Die",
				"easeInSpeed": 10,
				"animationSpeedByType": {
					"*-adult": 0.8,
					"*-baby": 1.0
				},
				"weight": 10,
				"blendMode": "Average",
				"triggeredBy": { "onControls": [ "dead" ] }
			},
			{
				"code": "idle",
				"animation": "Idle",
				"blendMode": "AddAverage",
				"easeOutSpeed": 4,
				"triggeredBy": { "defaultAnim": true }
			},
			{
				"code": "sleep",
				"animation": "Sleep",
				"easeInSpeed": 2,
				"easeOutSpeed": 4,
				"blendMode": "Average"
			},
			{
				"code": "sit",
				"animation": "Sit",
				"easeInSpeed": 1,
				"easeOutSpeed": 2,
				"blendMode": "Average"
			},
			{
				"code": "eat",
				"animation": "Eat",
				"easeInSpeed": 2,
				"easeOutSpeed": 2,
				"blendMode": "AddAverage"
			},
			{
				"code": "scratch",
				"animation": "Scratch",
				"easeInSpeed": 2,
				"easeOutSpeed": 2,
				"weight": 5,
				"blendMode": "AddAverage"
			},
			{
				"code": "swim",
				"animation": "Swim",
				"supressDefaultAnimation": true,
				"blendMode": "Average"
			},
			{
				"code": "walk",
				"animation": "Walk",
				"supressDefaultAnimation": true,
				"weight": 10,
				"blendMode": "AddAverage"
			},
			{
				"code": "highwalk",
				"animation": "Highwalk",
				"supressDefaultAnimation": true,
				"weight": 10,
				"blendMode": "AddAverage"
			},
			{
				"code": "run",
				"animation": "Run",
				"supressDefaultAnimation": true,
				"weight": 10,
				"blendMode": "AddAverage"
			}
		]
	},
	"server": {
		"attributes": {
			"pathfinder": {
				"minTurnAnglePerSec": 90,
				"maxTurnAnglePerSec": 360
			}
		},
		"behaviors": [
			{ "code": "repulseagents" },
      { "code": "controlledphysics","stepHeightByType": {"*-adult-*": 1.1251,"*-baby-*": 1.1251 }},
			{"code": "despawn","minPlayerDistance": 8,"belowLightLevel": 8,"minSeconds": 300},
			{"code": "health",
				"currenthealthByType": {
				"aptornithidae-adult-*-aptornisdefossor": 6,
				"aptornithidae-adult-*-aptornisotidiformis": 6,
					"*-baby-*": 3
				},
				"maxhealthByType": {
				"aptornithidae-adult-*-aptornisdefossor": 6,
				"aptornithidae-adult-*-aptornisotidiformis": 6,
					"*-baby-*": 3
				}
			},
			{
				"code": "deaddecay",
				"hoursToDecay": 96,
				"decayedBlockByType": {
					"aptornithidae-adult-*": "carcass-small",
					"*-baby-*": "carcass-tiny"
				}
			},
			{
				"code": "floatupwhenstuck",
				"onlyWhenDead": true
			},
			{
				"code": "harvestable","quantitySlots": 8,
				"drops": [
					{
						"type": "item",
						"code": "game:poultry-raw",
						"quantityByType": {
							"aptornithidae-adult-*-aptornisdefossor": {"avg": 3.5,"var": 0.5},
							"aptornithidae-adult-*-aptornisotidiformis": {"avg": 3.5,"var": 0.5},
							"*": {"avg": 1.0,"var": 0.5}
						}
					},
					{
						"type": "item",
						"code": "dinornithidae:pelt-{gender}-{type}",
						"quantityByType": {
							"*-adult-*": {"avg": 1.0,"var": 0.0},
							"*": {"avg": 0.0,"var": 0.0}
						}
					},
					{
						"type": "item",
						"code": "game:feather",
						"quantityByType": {
							"*-baby-": {"avg": 4.0,"var": 1.0},
							"*": {"avg": 15.0,"var": 7.0}
						}
					}
				]
			},
			{ "code": "breathe" },			
			{
				"code": "multiply",
				"enabledByType": {
					"*-adult-female-*": true,
					"*": false
				},
				"spawnEntityCodesByType": {
				"*-adult-female-*": [ { "code":"dinornithidae:aptornithidae-nest-incubating-{type}"} ]
				},
				"requiresNearbyEntityCodeByType": {"*-adult-female-*": "dinornithidae:aptornithidae-adult-male-{type}"},
				"requiresNearbyEntityRange": 10,
				"spawnQuantityMinByType": {"*": 1},
				"spawnQuantityMaxByType": {"*": 1},
				"eatAnyway": true,
				"pregnancyDaysByType": {"*-aptornisdefossor":9,"*-aptornisotidiformis": 9},
				"multiplyCooldownDaysMin": 73,
				"multiplyCooldownDaysMax": 81,
				"portionsEatenForMultiplyByType": {"*-aptornisdefossor":5,"*-aptornisotidiformis": 5}
			}, 
			{ 
				"code": "grow", 
				"enabledByType": {
					"*-baby-*": true,
					"*-adult-*": false
				},
				"hoursToGrowByType": {"*-male-*": 175,"*-female-*": 175},
				"adultEntityCodesByType": {
					"*-baby-male-*": ["dinornithidae:aptornithidae-adult-male-{type}"],
					"*-baby-female-*": ["dinornithidae:aptornithidae-adult-female-{type}"]
				}
			},
			{
				"code": "emotionstates",
				"states": [
					{"code": "fleeondamage","whenHealthRelBelow": 0.5,"duration": 60,"chanceByType": {"*-adult-*": 1.0,"*": 1.0},"slot": 2,"priority": 5,"accumType": "max"},
					{"code": "fleeondamage","duration": 40,"chanceByType": {"*-adult-*": 0.75,"*": 1.0},"slot": 2,"priority": 1,"accumType": "max"},
					{"code": "alarmherdondamage","chance": 1,"slot": 1,"priority": 1,"accumType": "max"},
					{"code": "aggressiveondamage","duration": 30,"chanceByType": {"*-baby-*": 0.0,"*-aptornisdefossor": 0.5,"*-aptornisotidiformis": 1.0},"slot": 2,"priority": 2,"accumType": "noaccum"},
					{"code": "saturated","duration": 1200,"chance": 1,"slot": 0,"priority": 1,"accumType": "sum"},
					{ "code": "aggressivearoundentities", "duration": 60, "chanceByType": {"*-baby-*": 0.0,"*-aptornisdefossor": 1.0,"*-aptornisotidiformis": 1.0,"*": 0.0}, "slot": 2, "priority": 1, "entityCodes": ["dinornithidae:aptornithidae-baby-female-aptornisdefossor","dinornithidae:aptornithidae-baby-male-aptornisdefossor","dinornithidae:aptornithidae-baby-female-aptornisotidiformis","dinornithidae:aptornithidae-baby-male-aptornisotidiformis","dinornithidae:aptornithidae-egg-aptornisdefossor-raw","dinornithidae:aptornithidae-egg-aptornisotidiformis-raw","dinornithidae:aptornithidae-nest-incubating-aptornisdefossor","dinornithidae:aptornithidae-nest-incubating-aptornisotidiformis"], "maxGeneration": 2 }
				]
			},
			{
				"code": "taskai",
				"aitasks": [
					{
						"code": "meleeattack",
						"animation": "Attack",
						"enabledByType": {
							"*-baby-*": false,
							"*": true
						},
						"entityCodes": [ "player","bear-*", "fox-male", "fox-female",  "hyena-male", "hyena-female", "wolf-male", "wolf-female", "caninae-*","hyaenidae-*","machairodontinae-*", "pantherinae-*", "ursidae-*" ],
						"priority": 3,
						"damageByType": {
							"aptornithidae-adult-*-aptornisdefossor": 4,
							"aptornithidae-adult-*-aptornisotidiformis": 4,
							"*-baby-*": 0.1
						},
						"damageTierByType": {"*":1},
						"damageType": "SlashingAttack",
						"slot": 1,
						"mincooldown": 1500,
						"maxcooldown": 2500,
						"attackDurationMs": 1250,
						"damagePlayerAtMs": 500,
						"animationSpeed": 1.5,
						"soundByType": {
							"*-adult-*": "creature/aptornithidae/hurt",
							"*-baby-*": "game:creature/chicken/chick*"
						},
						"whenInEmotionState": "aggressiveondamage|aggressivearoundentities"
					},
					{
						"code": "fleeentity",
						"animation": "Run",
						"entityCodesByType": {
							"@.*-(aptornisdefossor|aptornisotidiformis)": [  "player","bear-*", "fox-*", "hyena-male", "hyena-female", "wolf-male", "wolf-female", "caninae-canina-adult-*","caninae-cerdocyonina-adult-*","caninae-vulpini-adult-*","caninae-urocyonini-adult-*","hyaenidae-adult-*","machairodontinae-adult-*", "pantherinae-panthera-adult-*", "ursidae-adult-*"]},
						"priority": 1.51,
						"movespeedByType": {
							"aptornithidae-adult-*-aptornisdefossor": 0.03,
							"aptornithidae-baby-*-aptornisdefossor": 0.015,
							"aptornithidae-adult-*-aptornisotidiformis": 0.03,
							"aptornithidae-baby-*-aptornisotidiformis": 0.015
						},
						"seekingRange": 40,
						"animationSpeedByType": {
							"*-adult-*-aptornisdefossor": 4.0,
							"*-adult-*-aptornisotidiformis": 5.0,
							"*-baby-*": 4.0
						},
						"whenInEmotionState": "fleeondamage",
						"soundByType": {
							"*-baby-*": "game:creature/chicken/chick*"
						}
					},
					{
						"code": "fleeentity",
						"animation": "Run",
						"entityCodesByType": {
							"@.*-(aptornisdefossor|aptornisotidiformis)": [  "player","bear-*", "fox-*", "hyena-male", "hyena-female", "wolf-male", "wolf-female", "caninae-canina-adult-*","caninae-cerdocyonina-adult-*","caninae-vulpini-adult-*","caninae-urocyonini-adult-*","hyaenidae-adult-*","machairodontinae-adult-*", "pantherinae-panthera-adult-*", "ursidae-adult-*"]},
						"priority": 1.51,
						"movespeedByType": {
							"aptornithidae-adult-*-aptornisdefossor": 0.015,
							"aptornithidae-baby-*-aptornisdefossor": 0.015,
							"aptornithidae-adult-*-aptornisotidiformis": 0.015,
							"aptornithidae-baby-*-aptornisotidiformis": 0.015
						},
						"seekingRange": 24,
						"animationSpeedByType": {
							"*-adult-*-aptornisdefossor": 2.0,
							"*-adult-*-aptornisotidiformis": 2.5,
							"*-baby-*": 4.0
						},
						"soundByType": {
							"*-baby-*": "game:creature/chicken/chick*"
						}
					},
					{
						"code": "seekentity",
						"animation": "Charge",
						"enabledByType": {
							"*-baby-*": false,
							"*": true
						},
						"entityCodesByType": {
							"@.*-(aptornisdefossor|aptornisotidiformis)": [  "player","bear-*", "fox-*", "hyena-male", "hyena-female", "wolf-male", "wolf-female", "caninae-canina-adult-*","caninae-cerdocyonina-adult-*","caninae-vulpini-adult-*","caninae-urocyonini-adult-*","hyaenidae-adult-*","machairodontinae-adult-*", "pantherinae-panthera-adult-*", "ursidae-adult-*"]},
						"priority": 1.6,
						"mincooldown": 600,
						"maxcooldown": 650,
						"movespeedByType": {
							"aptornithidae-adult-*-aptornisdefossor": 0.015,
							"aptornithidae-adult-*-aptornisotidiformis": 0.015
						},
						"animationSpeedByType": {
							"aptornithidae-adult-*-aptornisdefossor": 2,
							"aptornithidae-adult-*-aptornisotidiformis": 2.5,
							"*": 1.2
						},
						"seekingRange": 20,
						"soundByType": {
							"*-adult-*": "creature/aptornithidae/hurt",
							"*-baby-*": "game:creature/chicken/chick*"
						},
						"whenInEmotionState": "aggressiveondamage|aggressivearoundentities"
					},
					{
						"code": "stayclosetoentity",
						"animationByType": {
							"*-adult-*": "Walk",
							"*": "Run"
						},
						"priority": 1.4,
						"entityCodeByType": {
							"*-adult-female-*": "aptornithidae-nest-{type}-incubating",
							"*-adult-male-*": "aptornithidae-adult-female-{type}",
							"*-baby-*": "aptornithidae-adult-female-{type}"
						},
						"movespeedByType": {
							"aptornithidae-adult-*-aptornisdefossor": 0.003,
							"aptornithidae-baby-*-aptornisdefossor": 0.0072,
							"aptornithidae-adult-*-aptornisotidiformis": 0.003,
							"aptornithidae-baby-*-aptornisotidiformis": 0.0072,
							"*": 0.006
						},
						"animationSpeedByType": {
							"aptornithidae-adult-*-aptornisdefossor": 1,
							"aptornithidae-adult-*-aptornisotidiformis": 1.25,
							"*-baby-*": 2.0
						},
						"maxDistance": 1.5,
						"searchRange": 25
					},
					{
						"code": "getoutofwater",
						"animation": "Swim",
						"priority": 1.4,
						"movespeedByType": {
							"aptornithidae-adult-*-aptornisdefossor": 0.02,
							"aptornithidae-baby-*-aptornisdefossor": 0.01,
							"aptornithidae-adult-*-aptornisotidiformis": 0.02,
							"aptornithidae-baby-*-aptornisotidiformis": 0.01,
							"*": 0.045
						},
						"animationSpeedByType": {
							"aptornithidae-adult-*-aptornisdefossor": 1,
							"aptornithidae-adult-*-aptornisotidiformis": 1.25,
							"*-baby-*": 2
						}
					},
					{
						"code": "idle",
						"animation": "Idle",
						"priority": 0.9,
						"minduration": 1600,
						"maxduration": 4500,
						"mincooldown": 6000,
						"maxcooldown": 120000,
						"priorityForCancel": 1.28,
						"whenNotInEmotionState": "aggressiveondamage|fleeondamage",
						"stopOnNearbyEntityCodes": [ "player", "bear-*", "fox-*", "hyena-male", "hyena-female", "wolf-male", "wolf-female", "caninae-*","hyaenidae-*","machairodontinae-*", "pantherinae-*", "ursidae-*" ],
						"stopRange": 10,
						"stopOnHurt": true,
						"soundByType": {
							"*-baby-*": "game:creature/chicken/chick*",
							"*-aptornisdefossor": "creature/aptornithidae/idle",
							"*-aptornisotidiformis": "creature/aptornithidae/idle"
						}
					},
					{
						"code": "idle",
						"animation": "Sleep",
						"priority": 1.38,
						"minduration": 200000,
						"maxduration": 800000,
						"mincooldown": 10000,
						"maxcooldown": 30000,
						"priorityForCancel": 1.38,
						"whenNotInEmotionState": "aggressiveondamage|fleeondamage",
						"duringDayTimeFrames": [
							{"fromHour": 0,"toHour": 6},{"fromHour": 20,"toHour": 24}
						],
						"stopOnNearbyEntityCodes": [ "player", "bear-*","fox-*", "hyena-male", "hyena-female", "wolf-male", "wolf-female", "caninae-*","hyaenidae-*","machairodontinae-*", "pantherinae-*", "ursidae-*"  ],
						"stopRange": 8,
						"stopOnHurt": true
					},
					{
						"code": "idle",
						"animation": "Sit",
						"priority": 0.9,
						"minduration": 15000,
						"maxduration": 45000,
						"mincooldown": 6000,
						"maxcooldown": 120000,
						"priorityForCancel": 1.28,
						"whenNotInEmotionState": "aggressiveondamage|fleeondamage",
						"stopOnNearbyEntityCodes": [ "player", "bear-*","fox-*", "hyena-male", "hyena-female", "wolf-male", "wolf-female", "caninae-*","hyaenidae-*","machairodontinae-*", "pantherinae-*", "ursidae-*"  ],
						"stopRange": 10,
						"stopOnHurt": true
					},
					{
						"code": "idle",
						"animation": "Call",
						"priority": 1.0,
						"priorityForCancel": 1.35,
						"whenNotInEmotionState": "aggressiveondamage|fleeondamage",
						"stopOnNearbyEntityCodes": [ "player", "bear-*","fox-*", "hyena-male", "hyena-female", "wolf-male", "wolf-female", "caninae-*","hyaenidae-*","machairodontinae-*", "pantherinae-*", "ursidae-*"  ],
						"stopRange": 10,
						"minduration": 2000,
						"maxduration": 2000,
						"chance": 0.2,
						"mincooldown": 8000,
						"maxcooldown": 50000,
						"animationSpeed": 0.5,
						"soundByType": {
							"*-baby-*": "game:creature/chicken/chick*",
							"*-aptornisdefossor": "creature/aptornithidae/call1",
							"*-aptornisotidiformis": "creature/aptornithidae/call2"
						},
						"soundRangeByType": {
							"*-adult-*": 120,
							"*": 30
						}
					},
					{
						"code": "idle",
						"animation": "Scratch",
						"priority": 1.0,
						"priorityForCancel": 1.35,
						"whenNotInEmotionState": "aggressiveondamage|fleeondamage",
						"stopOnNearbyEntityCodes": [  "player", "bear-*","fox-*", "hyena-male", "hyena-female", "wolf-male", "wolf-female", "caninae-*","hyaenidae-*","machairodontinae-*", "pantherinae-*", "ursidae-*"  ],
						"stopRange": 10,
						"minduration": 4000,
						"maxduration": 4000,
						"mincooldown": 8000,
						"maxcooldown": 50000,
						"chance": 0.1,
						"animationSpeed": 1.0
					},
					{
						"code": "idle",
						"animation": "Eat",
						"priority": 1.2,
						"priorityForCancel": 1.35,
						"whenNotInEmotionState": "aggressiveondamage|fleeondamage",
						"stopOnNearbyEntityCodes": [  "player", "bear-*","fox-*", "hyena-male", "hyena-female", "wolf-male", "wolf-female", "caninae-*","hyaenidae-*","machairodontinae-*", "pantherinae-*", "ursidae-*" ],
						"stopRange": 10,
						"minduration": 2000,
						"maxduration": 2000,
						"mincooldown": 6000,
						"maxcooldown": 20000,
						"chance": 0.1,
						"animationSpeed": 0.5
					},
					{
						"code": "idle",
						"animation": "Threat",
						"priority": 1.2,
						"priorityForCancel": 1.35,
						"whenNotInEmotionState": "aggressiveondamage|fleeondamage",
						"stopOnNearbyEntityCodes": [  "player", "bear-*","fox-*", "hyena-male", "hyena-female", "wolf-male", "wolf-female", "caninae-*","hyaenidae-*","machairodontinae-*", "pantherinae-*", "ursidae-*"  ],
						"stopRange": 10,
						"chance": 0.1,
						"minduration": 4000,
						"maxduration": 4000,
						"mincooldown": 6000,
						"maxcooldown": 20000,
						"animationSpeed": 0.25
					},
					{
						"code": "wander",
						"animation": "Walk",
						"priority": 1.0,
						"priorityForCancel": 1.35,
						"whenNotInEmotionState": "aggressiveondamage|fleeondamage",
						"stopOnNearbyEntityCodes": [ "player", "bear-*","fox-*", "hyena-male", "hyena-female", "wolf-male", "wolf-female", "caninae-*","hyaenidae-*","machairodontinae-*", "pantherinae-*", "ursidae-*"  ],
						"stopRange": 10,
						"chance": 0.5,
						"movespeedByType": {
							"aptornithidae-adult-*": 0.003,
							"aptornithidae-baby-*": 0.003
						},
						"animationSpeedByType": {
							"aptornithidae-adult-*-aptornisdefossor": 1,
							"aptornithidae-adult-*-aptornisotidiformis": 1.25,
							"*-baby-*": 2
						},
						"preferredLightLevel": 12
					},
					{
						"code": "wander",
						"animation": "Highwalk",
						"priority": 1.0,
						"priorityForCancel": 1.35,
						"whenNotInEmotionState": "aggressiveondamage|fleeondamage",
						"stopOnNearbyEntityCodes": [  "player", "bear-*","fox-*", "hyena-male", "hyena-female", "wolf-male", "wolf-female", "caninae-*","hyaenidae-*","machairodontinae-*", "pantherinae-*", "ursidae-*" ],
						"stopRange": 10,
						"chance": 0.25,
						"movespeedByType": {
							"aptornithidae-adult-*": 0.003,
							"aptornithidae-baby-*": 0.003
						},
						"animationSpeedByType": {
							"aptornithidae-adult-*-aptornisdefossor": 1,
							"aptornithidae-adult-*-aptornisotidiformis": 1.25,
							"*-baby-*": 2.0
						},
						"preferredLightLevel": 12
					},
					{
						"code": "seekfoodandeat",
						"animation": "Walk",
						"eatAnimation": "Eat",
						"movespeedByType": {
							"aptornithidae-adult-*": 0.003,
							"aptornithidae-baby-*": 0.003
						},
						"priority": 1.25,
						"whenNotInEmotionState": "aggressiveondamage|fleeondamage",
						"eatSoundByType": {
							"*": "game:creature/animal-eat-small"
						},
						"eatTime": 1.5,
						"eatLooseItems": true,
						"animationSpeedByType": {
							"aptornithidae-adult-*-aptornisdefossor": 1,
							"aptornithidae-adult-*-aptornisotidiformis": 1.25,
							"*-baby-*": 2
						},
						"mincooldownHours": 1,
						"maxcooldownHours": 4
					},
					{
						"code": "lookaround",
						"whenNotInEmotionState": "aggressiveondamage|fleeondamage",
						"priority": 0.5
					}
				]
			},
			{
				"code": "pettable",
				"minGeneration": 1
			}
		],
		"spawnconditions": {
			"runtime": {
				"group": "neutral",
				"maxQuantityByGroup": { "code": "aptornithidae-*", "maxQuantity": 1 },
				"tryOnlySurface": true,
				"chanceByType": {
					"aptornithidae-adult-female-aptornisdefossor": 0.0001, "aptornithidae-adult-male-aptornisdefossor": 0.0001,
					"aptornithidae-adult-female-aptornisotidiformis": 0.0001, "aptornithidae-adult-male-aptornisotidiformis": 0.0001,
					"*": 0.0
				},
				"mindistancetoplayer": 50,
				"maxLightLevel": 7,
				"lightLevelType": "onlyBlockLight",	
				"spawnCapPlayerScaling": 0.0,	
				"groupSizeByType": {
					"*-adult-*": { "dist": "invexp", "avg": 1.5, "var": 0.5 }
				},
				"insideBlockCodes": [ "game:air", "game:soil-*","game:gravel-*", "game:tallgrass-*", "game:snowlayer-1", "game:sand-*"],
				"companionsByType": {
				"*":["dinornithidae:aptornithidae-adult-female-{type}","dinornithidae:aptornithidae-adult-male-{type}"]}
			}
		},
		"spawnconditionsByType": {
			"aptornithidae-adult-*-aptornisdefossor": {
				"climate": {
					"minTemp": 10,
					"maxTemp": 16,
					"minRain": 0.5,
					"maxRain": 1.0,
					"minForestOrShrubs": 0.25,
					"maxForest": 0.8,
					"maxShrubs": 1.0,
					"minY": 1.0,
					"maxY": 1.5					
				}
			},
			"aptornithidae-adult-*-aptornisotidiformis": {
				"climate": {
					"minTemp": 6,
					"maxTemp": 12,
					"minRain": 0.35,
					"maxRain": 1.0,
					"minForestOrShrubs": 0.25,
					"maxForest": 0.8,
					"maxShrubs": 1.0,
					"minY": 1.0,
					"maxY": 1.5					
				}
			}
		}
	},
	"soundsByType": {
		"aptornithidae-adult-*-aptornisdefossor":{
			"hurt": "creature/aptornithidae/hurt",
			"death": "creature/aptornithidae/hurt",
			"idle": "creature/aptornithidae/idle"
		},
		"aptornithidae-adult-*-aptornisotidiformis":{
			"hurt": "creature/aptornithidae/hurt",
			"death": "creature/aptornithidae/hurt",
			"idle": "creature/aptornithidae/idle"
		},
		"*-baby-*":{
			"hurt": "game:creature/chicken/chick*",
			"death": "game:creature/chicken/chick*",
			"idle": "game:creature/chicken/chick*"
		}
	},
	"idleSoundRangeByType": {
		"*-adult-*":120,
		"*-baby-*":14
	},
	"idleSoundChanceByType": {
		"*-adult-*": 0.35,
		"*-baby-*":1
	},
}