{
	"code": "dinornithidae",
	"class": "EntityAgent",
	"fallDamageMultiplierByType": { "*-baby-*" :0.1,"*-adult-male-*" :0.5,"*" :0.75},
	"variantgroups": [
		{ "code": "age", "states": ["adult", "baby"] },
		{ "code": "gender", "states": ["male", "female"] },
		{ "code": "type", "states": ["dinornisnovaezealandiae", "dinornisrobustus" ] }
	],
	"hitBoxSizeByType": {
		"*-adult-female-*": { "x": 1.5,"y": 2.0},
		"*-adult-male-*": { "x": 1.25,"y": 1.5},
		"*-baby-*": { "x": 0.4,"y": 0.5}
	},
	"deadhitBoxSizeByType": {
		"*-adult-female-*": { "x": 1.5,"y": 1.0},
		"*-adult-male-*": { "x": 1.25,"y": 0.75},
		"*-baby-*": { "x": 0.4,"y": 0.25}
	},
	"eyeHeightByType": {
		"*-adult-female-*": 2.4,
		"*-adult-male-*": 1.8,
		"*-baby-*": 0.6
	},
	"weightByType": {
		"*-adult-female-dinornisnovaezealandiae": 180,
		"*-adult-male-dinornisnovaezealandiae": 65,
		"*-adult-female-dinornisrobustus": 200,
		"*-adult-male-dinornisrobustus": 70,
		"*-baby-*-dinornisnovaezealandiae": 10,
		"*-baby-*-dinornisrobustus": 10
	},	
	"knockbackResistanceByType": {
		"*-adult-male-*": 1,
		"*-adult-female-*": 1.5,
		"*-baby-*": 0.1
	},	
	"drops": [],
	"attributes": {
		"killedByInfoText": "deadcreature-killed",
		"basketCatchable": true,
		"trapChanceByType": { "*-baby-*": 0.5, "*": 0.0 },
		"trapDestroyChanceByType": { "*-baby-*": 0.15, "*": 0.5 },
		"creatureDiet": {
			"foodCategories": ["Fruit", "Grain", "Vegetable"],
			"foodTags": ["grass","insect","nibbleCrop", "sweetBerryBush"]
		},
		"handbook": {
			"groupcode": "creaturegroup-dinornithidae"
		}
	},
	"client": {
		"renderer": "Shape",
		"shapeByType": {
			"*-adult-*-dinornisnovaezealandiae": { "base": "entity/land/dinornithidae/dinornisnovaezealandiae-adult" },
			"*-baby-*-dinornisnovaezealandiae": { "base": "entity/land/dinornithidae/dinornisnovaezealandiae-baby" },
			"*-adult-*-dinornisrobustus": { "base": "entity/land/dinornithidae/dinornisrobustus-adult" },
			"*-baby-*-dinornisrobustus": { "base": "entity/land/dinornithidae/dinornisnovaezealandiae-baby" }
		},
		"textureByType": {
			"*-baby-*-dinornisrobustus": { "base": "entity/dinornithidae/dinornisnovaezealandiae-baby" },   
			"*": { "base": "entity/dinornithidae/{type}-{age}" }   
		},
		"sizeByType": {
			"*-adult-female-dinornisnovaezealandiae": 1.0,
			"*-adult-male-dinornisnovaezealandiae": 0.75,
			"*-baby-*-dinornisnovaezealandiae": 0.5,
			"*-adult-female-dinornisrobustus": 1.0,
			"*-adult-male-dinornisrobustus": 0.75,
			"*-baby-*-dinornisrobustus": 0.5
		},
		"behaviors": [
			{ "code": "repulseagents" },
			{ "code": "controlledphysics","stepHeightByType": {"*-adult-*": 2.1251,"*-baby-*": 1.1251 } },
			{ "code": "interpolateposition" },
			{ "code": "floatupwhenstuck", "onlyWhenDead": true },
			{ "code": "harvestable","quantitySlots": 8 },
			{ "code": "multiply", "enabledByType": { "*-adult-female-*": true, "*": false } },
			{ "code": "despawn", "minPlayerDistance": 16, "belowLightLevel": 8, "minSeconds": 300 }
		],
		"animations": [
			{
				"code": "attack",
				"animation": "Attack",
				"animationSpeed": 2.2,
				"weight": 10,
				"blendMode": "AddAverage"
			},
			{
				"code": "charge",
				"animation": "Charge",
				"animationSpeed": 2.2,
				"weight": 10,
				"blendMode": "AddAverage"
			},
			{
				"code": "call",
				"animation": "Call",
				"weight": 5,
				"blendMode": "AddAverage"
			},
			{
				"code": "threat",
				"animation": "Threat",
				"easeInSpeed": 2,
				"easeOutSpeed": 2,
				"weight": 10,
				"blendMode": "AddAverage"
			},
			{
				"code": "hurt",
				"animation": "Hurt",
				"animationSpeed": 2.2,
				"weight": 10,
				"blendMode": "AddAverage"
			},
			{
				"code": "die",
				"animation": "Die",
				"easeInSpeed": 3,
				"animationSpeedByType": {
					"*-adult": 0.8,
					"*-baby": 1.0
				},
				"weight": 10,
				"blendMode": "Average",
				"triggeredBy": { "onControls": [ "dead" ] }
			},
			{
				"code": "idle",
				"animation": "Idle",
				"blendMode": "AddAverage",
				"easeOutSpeed": 4,
				"triggeredBy": { "defaultAnim": true }
			},
			{
				"code": "sleep",
				"animation": "Sleep",
				"easeInSpeed": 2,
				"easeOutSpeed": 4,
				"blendMode": "Average"
			},
			{
				"code": "sit",
				"animation": "Sit",
				"easeInSpeed": 1,
				"easeOutSpeed": 2,
				"blendMode": "Average"
			},
			{
				"code": "eat",
				"animation": "Eat",
				"easeInSpeed": 2,
				"easeOutSpeed": 2,
				"blendMode": "AddAverage"
			},
			{
				"code": "scratch",
				"animation": "Scratch",
				"easeInSpeed": 2,
				"easeOutSpeed": 2,
				"weight": 5,
				"blendMode": "AddAverage"
			},
			{
				"code": "swim",
				"animation": "Swim",
				"supressDefaultAnimation": true,
				"blendMode": "Average"
			},
			{
				"code": "walk",
				"animation": "Walk",
				"supressDefaultAnimation": true,
				"weight": 10,
				"blendMode": "AddAverage"
			},
			{
				"code": "highwalk",
				"animation": "Highwalk",
				"supressDefaultAnimation": true,
				"weight": 10,
				"blendMode": "AddAverage"
			},
			{
				"code": "run",
				"animation": "Run",
				"supressDefaultAnimation": true,
				"weight": 10,
				"blendMode": "AddAverage"
			}
		]
	},
	"server": {
		"attributes": {
			"pathfinder": {
				"minTurnAnglePerSec": 90,
				"maxTurnAnglePerSec": 180
			}
		},
		"behaviors": [
			{ "code": "repulseagents" },
      { "code": "controlledphysics","stepHeightByType": {"*-adult-*": 2.1251,"*-baby-*": 1.1251 }},
			{"code": "despawn","minPlayerDistance": 8,"belowLightLevel": 8,"minSeconds": 300},
			{"code": "health",
				"currenthealthByType": {
				"dinornithidae-adult-female-*": 19,
				"dinornithidae-adult-male-*": 14,
					"*-baby-*": 5
				},
				"maxhealthByType": {
				"dinornithidae-adult-female-*": 19,
				"dinornithidae-adult-male-*": 14,
					"*-baby-*": 5
				}
			},
			{
				"code": "deaddecay",
				"hoursToDecay": 96,
				"decayedBlockByType": {
					"dinornithidae-adult-*": "carcass-medium",
					"*-baby-*": "carcass-small"
				}
			},
			{
				"code": "floatupwhenstuck",
				"onlyWhenDead": true
			},
			{
				"code": "harvestable","quantitySlots": 8,
				"drops": [
					{
						"type": "item",
						"code": "game:redmeat-raw",
						"quantityByType": {
							"dinornithidae-adult-female-dinornisnovaezealandiae": {"avg": 10.0,"var": 1.5},
							"dinornithidae-adult-male-dinornisnovaezealandiae": {"avg": 4.5,"var": 0.5},
							"dinornithidae-adult-female-dinornisrobustus": {"avg": 10.5,"var": 1.5},
							"dinornithidae-adult-male-dinornisrobustus": {"avg": 4.5,"var": 0.5},
							"*": {"avg": 1.5,"var": 0.5}
						}
					},
					{
						"type": "item",
						"code": "game:poultry-raw",
						"quantityByType": {
							"dinornithidae-adult-female-dinornisnovaezealandiae": {"avg": 10.0,"var": 1.5},
							"dinornithidae-adult-male-dinornisnovaezealandiae": {"avg": 4.5,"var": 0.5},
							"dinornithidae-adult-female-dinornisrobustus": {"avg": 10.5,"var": 1.5},
							"dinornithidae-adult-male-dinornisrobustus": {"avg": 4.5,"var": 0.5},
							"*": {"avg": 1.5,"var": 0.5}
						}
					},
					{
						"type": "item",
						"code": "dinornithidae:pelt-baby-{type}",
						"quantityByType": {
							"*-baby-*": {"avg": 1.0,"var": 0.0},
							"*": {"avg": 0.0,"var": 0.0}
						}
					},
					{
						"type": "item",
						"code": "dinornithidae:pelt-{gender}-{type}",
						"quantityByType": {
							"*-adult-*": {"avg": 1.0,"var": 0.0},
							"*": {"avg": 0.0,"var": 0.0}
						}
					},
					{
						"type": "item",
						"code": "game:feather",
						"quantityByType": {
							"*-baby-": {"avg": 4.0,"var": 1.0},
							"*": {"avg": 15.0,"var": 7.0}
						}
					},
					{
						"type": "item",
						"code": "game:fat",
						"quantityByType": {
							"dinornithidae-adultfe-male-*": {"avg": 2.3,"var": 0.3},
							"dinornithidae-adult-male-*": {"avg": 1.3,"var": 0.3},
							"*": {"avg": 0,"var": 0}
						}
					}
				]
			},
			{ "code": "breathe" },			
			{
				"code": "multiply",
				"enabledByType": {
					"*-adult-female-*": true,
					"*": false
				},
				"spawnEntityCodesByType": {
				"*-adult-female-*": [ { "code":"dinornithidae:dinornithidae-nest-incubating-{type}"} ]
				},
				"requiresNearbyEntityCodeByType": {"*-adult-female-*": "dinornithidae:dinornithidae-adult-male-{type}"},
				"requiresNearbyEntityRange": 10,
				"spawnQuantityMinByType": {"*": 1},
				"spawnQuantityMaxByType": {"*": 1},
				"eatAnyway": true,
				"pregnancyDaysByType": {"*-dinornisnovaezealandiae":18,"*-dinornisrobustus": 18},
				"multiplyCooldownDaysMin": 73,
				"multiplyCooldownDaysMax": 81,
				"portionsEatenForMultiplyByType": {"*-dinornisnovaezealandiae":14,"*-dinornisrobustus": 15}
			}, 
			{ 
				"code": "grow", 
				"enabledByType": {
					"*-baby-*": true,
					"*-adult-*": false
				},
				"hoursToGrowByType": {"*-male-*": 525,"*-female-*": 876},
				"adultEntityCodesByType": {
					"*-baby-male-*": ["dinornithidae:dinornithidae-adult-male-{type}"],
					"*-baby-female-*": ["dinornithidae:dinornithidae-adult-female-{type}"]
				}
			},
			{
				"code": "emotionstates",
				"states": [
					{"code": "fleeondamage","whenHealthRelBelow": 0.5,"duration": 60,"chanceByType": {"*-adult-*": 1.0,"*": 1.0},"slot": 2,"priority": 5,"accumType": "max"},
					{"code": "fleeondamage","duration": 40,"chanceByType": {"*-adult-*": 0.75,"*": 1.0},"slot": 2,"priority": 1,"accumType": "max"},
					{"code": "alarmherdondamage","chance": 1,"slot": 1,"priority": 1,"accumType": "max"},
					{"code": "aggressiveondamage","duration": 30,"chanceByType": {"*-baby-*": 0.0,"*-dinornisnovaezealandiae": 0.5,"*-dinornisrobustus": 1.0},"slot": 2,"priority": 2,"accumType": "noaccum"},
					{"code": "saturated","duration": 1200,"chance": 1,"slot": 0,"priority": 1,"accumType": "sum"},
					{ "code": "aggressivearoundentities", "duration": 60, "chanceByType": {"*-baby-*": 0.0,"*-dinornisnovaezealandiae": 1.0,"*-dinornisrobustus": 1.0,"*": 0.0}, "slot": 2, "priority": 1, "entityCodes": ["dinornithidae:dinornithidae-baby-female-dinornisnovaezealandiae","dinornithidae:dinornithidae-baby-male-dinornisnovaezealandiae","dinornithidae:dinornithidae-baby-female-dinornisrobustus","dinornithidae:dinornithidae-baby-male-dinornisrobustus","dinornithidae:dinornithidae-egg-dinornisnovaezealandiae-raw","dinornithidae:dinornithidae-egg-dinornisrobustus-raw","dinornithidae:dinornithidae-nest-incubating-dinornisnovaezealandiae","dinornithidae:dinornithidae-nest-incubating-dinornisrobustus"], "maxGeneration": 2 }
				]
			},
			{
				"code": "taskai",
				"aitasks": [
					{
						"code": "meleeattack",
						"animation": "Attack",
						"enabledByType": {
							"*-baby-*": false,
							"*": true
						},
						"entityCodes": [ "player","bear-*", "fox-male", "fox-female",  "hyena-male", "hyena-female", "wolf-male", "wolf-female", "caninae-*","hyaenidae-*","machairodontinae-*", "pantherinae-*", "ursidae-*" ],
						"priority": 3,
						"damageByType": {
							"dinornithidae-adult-female-dinornisnovaezealandiae": 9,
							"dinornithidae-adult-male-dinornisnovaezealandiae": 6,
							"dinornithidae-adult-female-dinornisrobustus": 9,
							"dinornithidae-adult-male-dinornisrobustus": 6,
							"*-baby-*": 0.1
						},
						"damageTierByType": {"*-female-*":2,"*-male-*":1},
						"damageType": "SlashingAttack",
						"slot": 1,
						"mincooldown": 1500,
						"maxcooldown": 2500,
						"attackDurationMs": 1250,
						"damagePlayerAtMs": 500,
						"animationSpeed": 1.5,
						"soundByType": {
							"*-adult-*": "creature/dinornithidae/hiss",
							"*-baby-*": "game:creature/chicken/chick*"
						},
						"whenInEmotionState": "aggressiveondamage|aggressivearoundentities"
					},
					{
						"code": "fleeentity",
						"animation": "Run",
						"entityCodesByType": {
							"@.*-(dinornisnovaezealandiae|dinornisrobustus)": [  "player","bear-*", "hyena-male", "hyena-female", "wolf-male", "wolf-female", "caninae-canina-adult*","hyaenidae-adult-*","machairodontinae-adult-*", "pantherinae-panthera-adult-*", "ursidae-adult-*"]},
						"priority": 1.51,
						"movespeedByType": {
							"dinornithidae-adult-*-dinornisnovaezealandiae": 0.06,
							"dinornithidae-baby-*-dinornisnovaezealandiae": 0.045,
							"dinornithidae-adult-*-dinornisrobustus": 0.06,
							"dinornithidae-baby-*-dinornisrobustus": 0.045
						},
						"seekingRange": 40,
						"animationSpeedByType": {
							"*-adult-female-*": 1.8,
							"*-adult-male-*": 2.4,
							"*-baby-*": 7.2
						},
						"whenInEmotionState": "fleeondamage",
						"soundByType": {
							"*-baby-*": "game:creature/chicken/chick*"
						}
					},
					{
						"code": "fleeentity",
						"animation": "Run",
						"entityCodesByType": {
							"@.*-(dinornisnovaezealandiae|dinornisrobustus)": [  "bear-*", "hyena-male", "hyena-female", "wolf-male", "wolf-female", "caninae-canina-adult*","hyaenidae-adult-*","machairodontinae-adult-*", "pantherinae-panthera-adult-*", "ursidae-adult-*"]},
						"priority": 1.51,
						"movespeedByType": {
							"dinornithidae-adult-*-dinornisnovaezealandiae": 0.03,
							"dinornithidae-baby-*-dinornisnovaezealandiae": 0.03,
							"dinornithidae-adult-*-dinornisrobustus": 0.03,
							"dinornithidae-baby-*-dinornisrobustus": 0.03
						},
						"seekingRange": 24,
						"animationSpeedByType": {
							"*-adult-female-*": 0.9,
							"*-adult-male-*": 1.2,
							"*-baby-*": 3.6
						},
						"soundByType": {
							"*-baby-*": "game:creature/chicken/chick*"
						}
					},
					{
						"code": "seekentity",
						"animation": "Charge",
						"enabledByType": {
							"*-baby-*": false,
							"*": true
						},
						"entityCodes": [ "player", "hyena-male", "hyena-female", "wolf-male", "wolf-female", "caninae-*","hyaenidae-*","machairodontinae-*", "pantherinae-*", "ursidae-*"  ],
						"priority": 1.6,
						"mincooldown": 600,
						"maxcooldown": 650,
						"movespeedByType": {
							"dinornithidae-adult-*-dinornisnovaezealandiae": 0.03,
							"dinornithidae-adult-*-dinornisrobustus": 0.03
						},
						"animationSpeedByType": {
							"dinornithidae-adult-female-dinornisnovaezealandiae": 0.9,
							"dinornithidae-adult-female-dinornisrobustus": 0.9,
							"*": 1.2
						},
						"seekingRange": 20,
						"soundByType": {
							"*-adult-*": "creature/dinornithidae/hurt",
							"*-baby-*": "game:creature/chicken/chick*"
						},
						"whenInEmotionState": "aggressiveondamage|aggressivearoundentities"
					},
					{
						"code": "stayclosetoentity",
						"animationByType": {
							"*-adult-*": "Walk",
							"*": "Run"
						},
						"priority": 1.4,
						"entityCodeByType": {
							"*-adult-female-*": "dinornithidae-adult-male-{type}",
							"*-adult-male-*": "dinornithidae-nest-{type}-incubating",
							"*-baby-*": "dinornithidae-adult-male-{type}"
						},
						"movespeedByType": {
							"dinornithidae-adult-*-dinornisnovaezealandiae": 0.0075,
							"dinornithidae-baby-*-dinornisnovaezealandiae": 0.043,
							"dinornithidae-adult-*-dinornisrobustus": 0.0075,
							"dinornithidae-baby-*-dinornisrobustus": 0.003,
							"*": 0.006
						},
						"animationSpeedByType": {
							"dinornithidae-adult-female-dinornisnovaezealandiae": 0.75,
							"dinornithidae-adult-female-dinornisrobustus": 0.75,
							"*-baby-*": 3.6
						},
						"maxDistance": 3,
						"searchRange": 25
					},
					{
						"code": "getoutofwater",
						"animation": "Swim",
						"priority": 1.4,
						"movespeedByType": {
							"dinornithidae-adult-*-dinornisnovaezealandiae": 0.01,
							"dinornithidae-baby-*-dinornisnovaezealandiae": 0.005,
							"dinornithidae-adult-*-dinornisrobustus": 0.01,
							"dinornithidae-baby-*-dinornisrobustus": 0.005,
							"*": 0.045
						},
						"animationSpeedByType": {
							"dinornithidae-adult-female-dinornisnovaezealandiae": 0.75,
							"dinornithidae-adult-female-dinornisrobustus": 1.0,
							"*-baby-*": 1.5
						}
					},
					{
						"code": "idle",
						"animation": "Idle",
						"priority": 0.9,
						"minduration": 1600,
						"maxduration": 4500,
						"mincooldown": 6000,
						"maxcooldown": 120000,
						"priorityForCancel": 1.28,
						"whenNotInEmotionState": "aggressiveondamage|fleeondamage",
						"stopOnNearbyEntityCodes": [ "player", "bear-*", "hyena-male", "hyena-female", "wolf-male", "wolf-female", "caninae-*","hyaenidae-*","machairodontinae-*", "pantherinae-*", "ursidae-*" ],
						"stopRange": 10,
						"stopOnHurt": true,
						"soundByType": {
							"*-baby-*": "game:creature/chicken/chick*",
							"*-dinornisnovaezealandiae": "creature/dinornithidae/northcall*",
							"*-dinornisrobustus": "creature/dinornithidae/southcall*"
						}
					},
					{
						"code": "idle",
						"animation": "Sleep",
						"priority": 1.38,
						"minduration": 200000,
						"maxduration": 800000,
						"mincooldown": 10000,
						"maxcooldown": 30000,
						"priorityForCancel": 1.38,
						"whenNotInEmotionState": "aggressiveondamage|fleeondamage",
						"duringDayTimeFrames": [
							{"fromHour": 0,"toHour": 6},{"fromHour": 20,"toHour": 24}
						],
						"stopOnNearbyEntityCodes": [ "player", "bear-*", "hyena-male", "hyena-female", "wolf-male", "wolf-female", "caninae-*","hyaenidae-*","machairodontinae-*", "pantherinae-*", "ursidae-*"  ],
						"stopRange": 8,
						"stopOnHurt": true
					},
					{
						"code": "idle",
						"animation": "Sit",
						"priority": 0.9,
						"minduration": 15000,
						"maxduration": 45000,
						"mincooldown": 6000,
						"maxcooldown": 120000,
						"priorityForCancel": 1.28,
						"whenNotInEmotionState": "aggressiveondamage|fleeondamage",
						"stopOnNearbyEntityCodes": [ "player", "bear-*", "hyena-male", "hyena-female", "wolf-male", "wolf-female", "caninae-*","hyaenidae-*","machairodontinae-*", "pantherinae-*", "ursidae-*"  ],
						"stopRange": 10,
						"stopOnHurt": true
					},
					{
						"code": "idle",
						"animation": "Call",
						"priority": 1.0,
						"priorityForCancel": 1.35,
						"whenNotInEmotionState": "aggressiveondamage|fleeondamage",
						"stopOnNearbyEntityCodes": [ "player", "bear-*", "hyena-male", "hyena-female", "wolf-male", "wolf-female", "caninae-*","hyaenidae-*","machairodontinae-*", "pantherinae-*", "ursidae-*"  ],
						"stopRange": 10,
						"minduration": 2000,
						"maxduration": 2000,
						"chance": 0.2,
						"mincooldown": 8000,
						"maxcooldown": 50000,
						"animationSpeed": 0.5,
						"soundByType": {
							"*-baby-*": "game:creature/chicken/chick*",
							"*-dinornisnovaezealandiae": "creature/dinornithidae/northcall*",
							"*-dinornisrobustus": "creature/dinornithidae/southcall*"
						},
						"soundRangeByType": {
							"*-adult-*": 120,
							"*": 30
						}
					},
					{
						"code": "idle",
						"animation": "Scratch",
						"priority": 1.0,
						"priorityForCancel": 1.35,
						"whenNotInEmotionState": "aggressiveondamage|fleeondamage",
						"stopOnNearbyEntityCodes": [  "player", "bear-*", "hyena-male", "hyena-female", "wolf-male", "wolf-female", "caninae-*","hyaenidae-*","machairodontinae-*", "pantherinae-*", "ursidae-*"  ],
						"stopRange": 10,
						"minduration": 4000,
						"maxduration": 4000,
						"mincooldown": 8000,
						"maxcooldown": 50000,
						"chance": 0.1,
						"animationSpeed": 1.0
					},
					{
						"code": "idle",
						"animation": "Eat",
						"priority": 1.2,
						"priorityForCancel": 1.35,
						"whenNotInEmotionState": "aggressiveondamage|fleeondamage",
						"stopOnNearbyEntityCodes": [  "player", "bear-*", "hyena-male", "hyena-female", "wolf-male", "wolf-female", "caninae-*","hyaenidae-*","machairodontinae-*", "pantherinae-*", "ursidae-*" ],
						"stopRange": 10,
						"minduration": 2000,
						"maxduration": 2000,
						"mincooldown": 6000,
						"maxcooldown": 20000,
						"chance": 0.1,
						"animationSpeed": 0.5
					},
					{
						"code": "idle",
						"animation": "Threat",
						"priority": 1.2,
						"priorityForCancel": 1.35,
						"whenNotInEmotionState": "aggressiveondamage|fleeondamage",
						"stopOnNearbyEntityCodes": [  "player", "bear-*", "hyena-male", "hyena-female", "wolf-male", "wolf-female", "caninae-*","hyaenidae-*","machairodontinae-*", "pantherinae-*", "ursidae-*"  ],
						"stopRange": 10,
						"chance": 0.1,
						"minduration": 4000,
						"maxduration": 4000,
						"mincooldown": 6000,
						"maxcooldown": 20000,
						"animationSpeed": 0.25
					},
					{
						"code": "wander",
						"animation": "Walk",
						"priority": 1.0,
						"priorityForCancel": 1.35,
						"whenNotInEmotionState": "aggressiveondamage|fleeondamage",
						"stopOnNearbyEntityCodes": [ "player", "bear-*", "hyena-male", "hyena-female", "wolf-male", "wolf-female", "caninae-*","hyaenidae-*","machairodontinae-*", "pantherinae-*", "ursidae-*"  ],
						"stopRange": 10,
						"chance": 0.5,
						"movespeedByType": {
							"dinornithidae-adult-*": 0.0075,
							"dinornithidae-baby-*": 0.00375
						},
						"animationSpeedByType": {
							"dinornithidae-adult-female-dinornisnovaezealandiae": 0.75,
							"dinornithidae-adult-female-dinornisrobustus": 0.75,
							"*-baby-*": 1.5
						},
						"preferredLightLevel": 12
					},
					{
						"code": "wander",
						"animation": "Highwalk",
						"priority": 1.0,
						"priorityForCancel": 1.35,
						"whenNotInEmotionState": "aggressiveondamage|fleeondamage",
						"stopOnNearbyEntityCodes": [  "player", "bear-*", "hyena-male", "hyena-female", "wolf-male", "wolf-female", "caninae-*","hyaenidae-*","machairodontinae-*", "pantherinae-*", "ursidae-*" ],
						"stopRange": 10,
						"chance": 0.25,
						"movespeedByType": {
							"dinornithidae-adult-*": 0.0075,
							"dinornithidae-baby-*": 0.00375
						},
						"animationSpeedByType": {
							"dinornithidae-adult-female-dinornisnovaezealandiae": 0.75,
							"dinornithidae-adult-female-dinornisrobustus": 0.75,
							"*-baby-*": 1.5
						},
						"preferredLightLevel": 12
					},
					{
						"code": "seekfoodandeat",
						"animation": "Walk",
						"eatAnimation": "Eat",
						"movespeedByType": {
							"dinornithidae-adult-*": 0.0075,
							"dinornithidae-baby-*": 0.00375
						},
						"priority": 1.25,
						"whenNotInEmotionState": "aggressiveondamage|fleeondamage",
						"eatSoundByType": {
							"*": "game:creature/animal-eat-small"
						},
						"eatTime": 1.5,
						"eatLooseItems": true,
						"animationSpeedByType": {
							"dinornithidae-adult-female-dinornisnovaezealandiae": 0.75,
							"dinornithidae-adult-female-dinornisrobustus": 0.75,
							"*-baby-*": 1.5
						},
						"mincooldownHours": 1,
						"maxcooldownHours": 4
					},
					{
						"code": "lookaround",
						"whenNotInEmotionState": "aggressiveondamage|fleeondamage",
						"priority": 0.5
					}
				]
			},
			{
				"code": "pettable",
				"minGeneration": 1
			}
		],
		"spawnconditions": {
			"runtime": {
				"group": "neutral",
				"maxQuantityByGroup": { "code": "dinornithidae-*", "maxQuantity": 1 },
				"tryOnlySurface": true,
				"chanceByType": {
					"dinornithidae-adult-female-dinornisnovaezealandiae": 0.00001, "dinornithidae-adult-male-dinornisnovaezealandiae": 0.00001,
					"dinornithidae-adult-female-dinornisrobustus": 0.00001, "dinornithidae-adult-male-dinornisrobustus": 0.00001,
					"*": 0.0
				},
				"mindistancetoplayer": 50,
				"maxLightLevel": 7,
				"lightLevelType": "onlyBlockLight",	
				"spawnCapPlayerScaling": 0.0,	
				"groupSizeByType": {
					"*-adult-*": { "dist": "invexp", "avg": 1.5, "var": 0.5 }
				},
				"insideBlockCodes": [ "game:air", "game:soil-*","game:gravel-*", "game:tallgrass-*", "game:snowlayer-1", "game:sand-*"],
				"companionsByType": {
				"*":["dinornithidae:dinornithidae-adult-female-{type}","dinornithidae:dinornithidae-adult-male-{type}"]}
			}
		},
		"spawnconditionsByType": {
			"dinornithidae-adult-*-dinornisnovaezealandiae": {
				"climate": {
					"minTemp": 10,
					"maxTemp": 16,
					"minRain": 0.5,
					"maxRain": 1.0,
					"minForestOrShrubs": 0.25,
					"maxForest": 0.8,
					"maxShrubs": 1.0,
					"minY": 1.0,
					"maxY": 1.5					
				}
			},
			"dinornithidae-adult-*-dinornisrobustus": {
				"climate": {
					"minTemp": 6,
					"maxTemp": 12,
					"minRain": 0.35,
					"maxRain": 1.0,
					"minForestOrShrubs": 0.25,
					"maxForest": 0.8,
					"maxShrubs": 1.0,
					"minY": 1.0,
					"maxY": 1.5					
				}
			}
		}
	},
	"soundsByType": {
		"dinornithidae-adult-*-dinornisnovaezealandiae":{
			"hurt": "creature/dinornithidae/hiss",
			"death": "creature/dinornithidae/hurt",
			"idle": "creature/dinornithidae/northcall*"
		},
		"dinornithidae-adult-*-dinornisrobustus":{
			"hurt": "creature/dinornithidae/hiss",
			"death": "creature/dinornithidae/hurt",
			"idle": "creature/dinornithidae/southcall*"
		},
		"*-baby-*":{
			"hurt": "game:creature/chicken/chick*",
			"death": "game:creature/chicken/chick*",
			"idle": "game:creature/chicken/chick*"
		}
	},
	"idleSoundRangeByType": {
		"*-adult-*":120,
		"*-baby-*":14
	},
	"idleSoundChanceByType": {
		"*-adult-*": 0.15,
		"*-baby-*":1
	},
}