{
	"code": "megalapterygidae",
	"class": "EntityAgent",
	"fallDamageMultiplierByType": { "*-baby-*" :0.05,"*-adult-male-*" :0.25,"*" :0.5},
	"variantgroups": [
		{ "code": "age", "states": ["adult", "baby"] },
		{ "code": "gender", "states": ["male", "female"] },
		{ "code": "type", "states": ["megalapteryxdidinus" ] }
	],
	"hitBoxSizeByType": {
		"*-adult-female-*": { "x": 0.75,"y": 1.0},
		"*-adult-male-*": { "x": 0.5,"y": 0.75},
		"*-baby-*": { "x": 0.2,"y": 0.25}
	},
	"deadhitBoxSizeByType": {
		"*-adult-female-*": { "x": 0.75,"y": 0.5},
		"*-adult-male-*": { "x": 0.5,"y": 0.4},
		"*-baby-*": { "x": 0.2,"y": 0.25}
	},
	"eyeHeightByType": {
		"*-adult-female-*": 1.4,
		"*-adult-male-*": 0.8,
		"*-baby-*": 0.3
	},
	"weightByType": {
		"*-adult-female-megalapteryxdidinus": 80,
		"*-adult-male-megalapteryxdidinus": 40,
		"*-baby-*-megalapteryxdidinus": 5
	},	
	"knockbackResistanceByType": {
		"*-adult-male-*": 0.5,
		"*-adult-female-*": 0.75,
		"*-baby-*": 0.1
	},	
	"drops": [],
	"attributes": {
		"killedByInfoText": "deadcreature-killed",
		"basketCatchable": true,
		"trapChanceByType": { "*-baby-*": 0.75, "*": 0.5 },
		"trapDestroyChanceByType": { "*-baby-*": 0.1, "*": 0.25 },
		"creatureDiet": {
			"foodCategories": ["Grain", "Vegetable"],
			"foodTags": ["grass","nibbleCrop"]
		},
		"handbook": {
			"groupcode": "creaturegroup-megalapterygidae"
		}
	},
	"client": {
		"renderer": "Shape",
		"shapeByType": {
			"*-adult-*-megalapteryxdidinus": { "base": "entity/land/megalapterygidae/megalapteryxdidinus-adult" },
			"*-baby-*-megalapteryxdidinus": { "base": "entity/land/megalapterygidae/megalapteryxdidinus-baby" }
		},
		"textureByType": {  
			"*": { "base": "entity/megalapterygidae/{type}-{age}" }   
		},
		"sizeByType": {
			"*-adult-female-megalapteryxdidinus": 1.05,
			"*-adult-male-megalapteryxdidinus": 0.63,
			"*-baby-*-megalapteryxdidinus": 0.25
		},
		"behaviors": [
			{ "code": "repulseagents" },
			{ "code": "controlledphysics","stepHeightByType": {"*-adult-*": 2.1251,"*-baby-*": 1.1251 } },
			{ "code": "interpolateposition" },
			{ "code": "floatupwhenstuck", "onlyWhenDead": true },
			{ "code": "harvestable","quantitySlots": 8 },
			{ "code": "multiply", "enabledByType": { "*-adult-female-*": true, "*": false } },
			{ "code": "despawn", "minPlayerDistance": 16, "belowLightLevel": 8, "minSeconds": 300 }
		],
		"animations": [
			{
				"code": "attack",
				"animation": "Attack",
				"animationSpeed": 2.2,
				"weight": 10,
				"blendMode": "AddAverage"
			},
			{
				"code": "charge",
				"animation": "Charge",
				"animationSpeed": 2.2,
				"weight": 10,
				"blendMode": "AddAverage"
			},
			{
				"code": "call",
				"animation": "Call",
				"weight": 5,
				"blendMode": "AddAverage"
			},
			{
				"code": "threat",
				"animation": "Threat",
				"easeInSpeed": 2,
				"easeOutSpeed": 2,
				"weight": 10,
				"blendMode": "AddAverage"
			},
			{
				"code": "hurt",
				"animation": "Hurt",
				"animationSpeed": 2.2,
				"weight": 10,
				"blendMode": "AddAverage"
			},
			{
				"code": "die",
				"animation": "Die",
				"easeInSpeed": 3,
				"animationSpeedByType": {
					"*-adult": 0.8,
					"*-baby": 1.0
				},
				"weight": 10,
				"blendMode": "Average",
				"triggeredBy": { "onControls": [ "dead" ] }
			},
			{
				"code": "idle",
				"animation": "Idle",
				"blendMode": "AddAverage",
				"easeOutSpeed": 4,
				"triggeredBy": { "defaultAnim": true }
			},
			{
				"code": "sleep",
				"animation": "Sleep",
				"easeInSpeed": 2,
				"easeOutSpeed": 4,
				"blendMode": "Average"
			},
			{
				"code": "sit",
				"animation": "Sit",
				"easeInSpeed": 1,
				"easeOutSpeed": 2,
				"blendMode": "Average"
			},
			{
				"code": "eat",
				"animation": "Eat",
				"easeInSpeed": 2,
				"easeOutSpeed": 2,
				"blendMode": "AddAverage"
			},
			{
				"code": "scratch",
				"animation": "Scratch",
				"easeInSpeed": 2,
				"easeOutSpeed": 2,
				"weight": 5,
				"blendMode": "AddAverage"
			},
			{
				"code": "swim",
				"animation": "Swim",
				"supressDefaultAnimation": true,
				"blendMode": "Average"
			},
			{
				"code": "walk",
				"animation": "Walk",
				"supressDefaultAnimation": true,
				"weight": 10,
				"blendMode": "AddAverage"
			},
			{
				"code": "highwalk",
				"animation": "Highwalk",
				"supressDefaultAnimation": true,
				"weight": 10,
				"blendMode": "AddAverage"
			},
			{
				"code": "run",
				"animation": "Run",
				"supressDefaultAnimation": true,
				"weight": 10,
				"blendMode": "AddAverage"
			}
		]
	},
	"server": {
		"attributes": {
			"pathfinder": {
				"minTurnAnglePerSec": 90,
				"maxTurnAnglePerSec": 180
			}
		},
		"behaviors": [
			{ "code": "repulseagents" },
      { "code": "controlledphysics","stepHeightByType": {"*-adult-*": 2.1251,"*-baby-*": 1.1251 }},
			{"code": "despawn","minPlayerDistance": 8,"belowLightLevel": 8,"minSeconds": 300},
			{"code": "health",
				"currenthealthByType": {
				"megalapterygidae-adult-female-*": 14,
				"megalapterygidae-adult-male-*": 7,
					"*-baby-*": 3
				},
				"maxhealthByType": {
				"megalapterygidae-adult-female-*": 14,
				"megalapterygidae-adult-male-*": 7,
					"*-baby-*": 3
				}
			},
			{
				"code": "deaddecay",
				"hoursToDecay": 96,
				"decayedBlockByType": {
					"megalapterygidae-adult-*": "carcass-small",
					"*-baby-*": "carcass-tiny"
				}
			},
			{
				"code": "floatupwhenstuck",
				"onlyWhenDead": true
			},
			{
				"code": "harvestable","quantitySlots": 8,
				"drops": [
					{
						"type": "item",
						"code": "game:redmeat-raw",
						"quantityByType": {
							"megalapterygidae-adult-female-megalapteryxdidinus": {"avg": 4.5,"var": 0.5},
							"megalapterygidae-adult-male-megalapteryxdidinus": {"avg": 2.5,"var": 0.5},
							"*": {"avg": 1.0,"var": 0.5}
						}
					},
					{
						"type": "item",
						"code": "game:poultry-raw",
						"quantityByType": {
							"megalapterygidae-adult-female-megalapteryxdidinus": {"avg": 4.5,"var": 0.5},
							"megalapterygidae-adult-male-megalapteryxdidinus": {"avg": 2.5,"var": 0.5},
							"*": {"avg": 1.0,"var": 0.5}
						}
					},
					{
						"type": "item",
						"code": "megalapterygidae:pelt-{gender}-{type}",
						"quantityByType": {
							"*-adult-*": {"avg": 1.0,"var": 0.0},
							"*": {"avg": 0.0,"var": 0.0}
						}
					},
					{
						"type": "item",
						"code": "game:feather",
						"quantityByType": {
							"*-baby-": {"avg": 4.0,"var": 1.0},
							"*": {"avg": 15.0,"var": 7.0}
						}
					},
					{
						"type": "item",
						"code": "game:fat",
						"quantityByType": {
							"megalapterygidae-adultfe-male-*": {"avg": 1.3,"var": 0.3},
							"megalapterygidae-adult-male-*": {"avg": 0.3,"var": 0.3},
							"*": {"avg": 0,"var": 0}
						}
					}
				]
			},
			{ "code": "breathe" },			
			{
				"code": "multiply",
				"enabledByType": {
					"*-adult-female-*": true,
					"*": false
				},
				"spawnEntityCodesByType": {
				"*-adult-female-*": [ { "code":"dinornithidae:megalapterygidae-nest-incubating-{type}"} ]
				},
				"requiresNearbyEntityCodeByType": {"*-adult-female-*": "dinornithidae:megalapterygidae-adult-male-{type}"},
				"requiresNearbyEntityRange": 10,
				"spawnQuantityMinByType": {"*": 1},
				"spawnQuantityMaxByType": {"*": 1},
				"eatAnyway": true,
				"pregnancyDaysByType": {"*-megalapteryxdidinus":18},
				"multiplyCooldownDaysMin": 73,
				"multiplyCooldownDaysMax": 81,
				"portionsEatenForMultiplyByType": {"*-megalapteryxdidinus":9}
			}, 
			{ 
				"code": "grow", 
				"enabledByType": {
					"*-baby-*": true,
					"*-adult-*": false
				},
				"hoursToGrowByType": {"*-male-*": 525,"*-female-*": 876},
				"adultEntityCodesByType": {
					"*-baby-male-*": ["dinornithidae:megalapterygidae-adult-male-{type}"],
					"*-baby-female-*": ["dinornithidae:megalapterygidae-adult-female-{type}"]
				}
			},
			{
				"code": "emotionstates",
				"states": [
					{"code": "fleeondamage","whenHealthRelBelow": 0.5,"duration": 60,"chanceByType": {"*-adult-*": 1.0,"*": 1.0},"slot": 2,"priority": 5,"accumType": "max"},
					{"code": "fleeondamage","duration": 40,"chanceByType": {"*-adult-*": 0.75,"*": 1.0},"slot": 2,"priority": 1,"accumType": "max"},
					{"code": "alarmherdondamage","chance": 1,"slot": 1,"priority": 1,"accumType": "max"},
					{"code": "aggressiveondamage","duration": 30,"chanceByType": {"*-baby-*": 0.0,"*-megalapteryxdidinus": 0.5,"*-dinornisrobustus": 1.0},"slot": 2,"priority": 2,"accumType": "noaccum"},
					{"code": "saturated","duration": 1200,"chance": 1,"slot": 0,"priority": 1,"accumType": "sum"},
					{ "code": "aggressivearoundentities", "duration": 60, "chanceByType": {"*-baby-*": 0.0,"*-megalapteryxdidinus": 1.0,"*-dinornisrobustus": 1.0,"*": 0.0}, "slot": 2, "priority": 1, "entityCodes": ["megalapterygidae:megalapterygidae-baby-female-megalapteryxdidinus","megalapterygidae:megalapterygidae-baby-male-megalapteryxdidinus","megalapterygidae:megalapterygidae-egg-megalapteryxdidinus-raw","megalapterygidae:megalapterygidae-nest-incubating-megalapteryxdidinus"], "maxGeneration": 2 }
				]
			},
			{
				"code": "taskai",
				"aitasks": [
					{
						"code": "meleeattack",
						"animation": "Attack",
						"enabledByType": {
							"*-baby-*": false,
							"*": true
						},
						"entityCodes": [ "player","bear-*", "fox-male", "fox-female",  "hyena-male", "hyena-female", "wolf-male", "wolf-female", "caninae-*","hyaenidae-*","machairodontinae-*", "pantherinae-*", "ursidae-*" ],
						"priority": 3,
						"damageByType": {
							"megalapterygidae-adult-female-megalapteryxdidinus": 7,
							"megalapterygidae-adult-male-megalapteryxdidinus": 5,
							"*-baby-*": 0.1
						},
						"damageTierByType": {"*":1},
						"damageType": "SlashingAttack",
						"slot": 1,
						"mincooldown": 1500,
						"maxcooldown": 2500,
						"attackDurationMs": 1250,
						"damagePlayerAtMs": 500,
						"animationSpeed": 1.5,
						"soundByType": {
							"*-adult-*": "creature/dinornithidae/hiss",
							"*-baby-*": "game:creature/chicken/chick*"
						},
						"whenInEmotionState": "aggressiveondamage|aggressivearoundentities"
					},
					{
						"code": "fleeentity",
						"animation": "Run",
						"entityCodesByType": {
							"@.*-(megalapteryxdidinus)": [  "player","bear-*", "hyena-male", "hyena-female", "wolf-male", "wolf-female", "caninae-canina-adult*","hyaenidae-adult-*","machairodontinae-adult-*", "pantherinae-panthera-adult-*", "ursidae-adult-*"]},
						"priority": 1.51,
						"movespeedByType": {
							"megalapterygidae-adult-*-megalapteryxdidinus": 0.03,
							"megalapterygidae-baby-*-megalapteryxdidinus": 0.0225
						},
						"seekingRange": 40,
						"animationSpeedByType": {
							"*-adult-female-*": 1.8,
							"*-adult-male-*": 2.4,
							"*-baby-*": 7.2
						},
						"whenInEmotionState": "fleeondamage",
						"soundByType": {
							"*-baby-*": "game:creature/chicken/chick*"
						}
					},
					{
						"code": "fleeentity",
						"animation": "Run",
						"entityCodesByType": {
							"@.*-(megalapteryxdidinus)": [  "bear-*", "hyena-male", "hyena-female", "wolf-male", "wolf-female", "caninae-canina-adult*","hyaenidae-adult-*","machairodontinae-adult-*", "pantherinae-panthera-adult-*", "ursidae-adult-*"]},
						"priority": 1.51,
						"movespeedByType": {
							"megalapterygidae-adult-*-megalapteryxdidinus": 0.015,
							"megalapterygidae-baby-*-megalapteryxdidinus": 0.015
						},
						"seekingRange": 24,
						"animationSpeedByType": {
							"*-adult-female-*": 0.9,
							"*-adult-male-*": 1.2,
							"*-baby-*": 3.6
						},
						"soundByType": {
							"*-baby-*": "game:creature/chicken/chick*"
						}
					},
					{
						"code": "seekentity",
						"animation": "Charge",
						"enabledByType": {
							"*-baby-*": false,
							"*": true
						},
						"entityCodes": [ "player", "hyena-male", "hyena-female", "wolf-male", "wolf-female", "caninae-*","hyaenidae-*","machairodontinae-*", "pantherinae-*", "ursidae-*"  ],
						"priority": 1.6,
						"mincooldown": 600,
						"maxcooldown": 650,
						"movespeedByType": {
							"megalapterygidae-adult-*-megalapteryxdidinus": 0.015
						},
						"animationSpeedByType": {
							"megalapterygidae-adult-female-megalapteryxdidinus": 0.9,
							"*": 1.2
						},
						"seekingRange": 20,
						"soundByType": {
							"*-adult-*": "creature/emeidae/hurt",
							"*-baby-*": "game:creature/chicken/chick*"
						},
						"whenInEmotionState": "aggressiveondamage|aggressivearoundentities"
					},
					{
						"code": "stayclosetoentity",
						"animationByType": {
							"*-adult-*": "Walk",
							"*": "Run"
						},
						"priority": 1.4,
						"entityCodeByType": {
							"*-adult-female-*": "megalapterygidae-adult-male-{type}",
							"*-adult-male-*": "megalapterygidae-nest-{type}-incubating",
							"*-baby-*": "megalapterygidae-adult-male-{type}"
						},
						"movespeedByType": {
							"megalapterygidae-adult-*-megalapteryxdidinus": 0.00375,
							"megalapterygidae-baby-*-megalapteryxdidinus": 0.021,
							"*": 0.006
						},
						"animationSpeedByType": {
							"megalapterygidae-adult-female-megalapteryxdidinus": 0.75,
							"*-baby-*": 3.6
						},
						"maxDistance": 3,
						"searchRange": 25
					},
					{
						"code": "getoutofwater",
						"animation": "Swim",
						"priority": 1.4,
						"movespeedByType": {
							"megalapterygidae-adult-*-megalapteryxdidinus": 0.005,
							"megalapterygidae-baby-*-megalapteryxdidinus": 0.0025,
							"*": 0.045
						},
						"animationSpeedByType": {
							"megalapterygidae-adult-female-megalapteryxdidinus": 0.75,
							"*-baby-*": 1.5
						}
					},
					{
						"code": "idle",
						"animation": "Idle",
						"priority": 0.9,
						"minduration": 1600,
						"maxduration": 4500,
						"mincooldown": 6000,
						"maxcooldown": 120000,
						"priorityForCancel": 1.28,
						"whenNotInEmotionState": "aggressiveondamage|fleeondamage",
						"stopOnNearbyEntityCodes": [ "player", "bear-*", "hyena-male", "hyena-female", "wolf-male", "wolf-female", "caninae-*","hyaenidae-*","machairodontinae-*", "pantherinae-*", "ursidae-*" ],
						"stopRange": 10,
						"stopOnHurt": true,
						"soundByType": {
							"*-baby-*": "game:creature/chicken/chick*",
							"*-megalapteryxdidinus": "creature/megalapterygidae/uplandcall*"
						}
					},
					{
						"code": "idle",
						"animation": "Sleep",
						"priority": 1.38,
						"minduration": 200000,
						"maxduration": 800000,
						"mincooldown": 10000,
						"maxcooldown": 30000,
						"priorityForCancel": 1.38,
						"whenNotInEmotionState": "aggressiveondamage|fleeondamage",
						"duringDayTimeFrames": [
							{"fromHour": 0,"toHour": 6},{"fromHour": 20,"toHour": 24}
						],
						"stopOnNearbyEntityCodes": [ "player", "bear-*", "hyena-male", "hyena-female", "wolf-male", "wolf-female", "caninae-*","hyaenidae-*","machairodontinae-*", "pantherinae-*", "ursidae-*"  ],
						"stopRange": 8,
						"stopOnHurt": true
					},
					{
						"code": "idle",
						"animation": "Sit",
						"priority": 0.9,
						"minduration": 15000,
						"maxduration": 45000,
						"mincooldown": 6000,
						"maxcooldown": 120000,
						"priorityForCancel": 1.28,
						"whenNotInEmotionState": "aggressiveondamage|fleeondamage",
						"stopOnNearbyEntityCodes": [ "player", "bear-*", "hyena-male", "hyena-female", "wolf-male", "wolf-female", "caninae-*","hyaenidae-*","machairodontinae-*", "pantherinae-*", "ursidae-*"  ],
						"stopRange": 10,
						"stopOnHurt": true
					},
					{
						"code": "idle",
						"animation": "Call",
						"priority": 1.0,
						"priorityForCancel": 1.35,
						"whenNotInEmotionState": "aggressiveondamage|fleeondamage",
						"stopOnNearbyEntityCodes": [ "player", "bear-*", "hyena-male", "hyena-female", "wolf-male", "wolf-female", "caninae-*","hyaenidae-*","machairodontinae-*", "pantherinae-*", "ursidae-*"  ],
						"stopRange": 10,
						"minduration": 2000,
						"maxduration": 2000,
						"chance": 0.2,
						"mincooldown": 8000,
						"maxcooldown": 50000,
						"animationSpeed": 0.5,
						"soundByType": {
							"*-baby-*": "game:creature/chicken/chick*",
							"*-megalapteryxdidinus": "creature/megalapterygidae/uplandcall*"
						},
						"soundRangeByType": {
							"*-adult-*": 120,
							"*": 30
						}
					},
					{
						"code": "idle",
						"animation": "Scratch",
						"priority": 1.0,
						"priorityForCancel": 1.35,
						"whenNotInEmotionState": "aggressiveondamage|fleeondamage",
						"stopOnNearbyEntityCodes": [  "player", "bear-*", "hyena-male", "hyena-female", "wolf-male", "wolf-female", "caninae-*","hyaenidae-*","machairodontinae-*", "pantherinae-*", "ursidae-*"  ],
						"stopRange": 10,
						"minduration": 4000,
						"maxduration": 4000,
						"mincooldown": 8000,
						"maxcooldown": 50000,
						"chance": 0.1,
						"animationSpeed": 1.0
					},
					{
						"code": "idle",
						"animation": "Eat",
						"priority": 1.2,
						"priorityForCancel": 1.35,
						"whenNotInEmotionState": "aggressiveondamage|fleeondamage",
						"stopOnNearbyEntityCodes": [  "player", "bear-*", "hyena-male", "hyena-female", "wolf-male", "wolf-female", "caninae-*","hyaenidae-*","machairodontinae-*", "pantherinae-*", "ursidae-*" ],
						"stopRange": 10,
						"minduration": 2000,
						"maxduration": 2000,
						"mincooldown": 6000,
						"maxcooldown": 20000,
						"chance": 0.1,
						"animationSpeed": 0.5
					},
					{
						"code": "idle",
						"animation": "Threat",
						"priority": 1.2,
						"priorityForCancel": 1.35,
						"whenNotInEmotionState": "aggressiveondamage|fleeondamage",
						"stopOnNearbyEntityCodes": [  "player", "bear-*", "hyena-male", "hyena-female", "wolf-male", "wolf-female", "caninae-*","hyaenidae-*","machairodontinae-*", "pantherinae-*", "ursidae-*"  ],
						"stopRange": 10,
						"chance": 0.1,
						"minduration": 4000,
						"maxduration": 4000,
						"mincooldown": 6000,
						"maxcooldown": 20000,
						"animationSpeed": 0.25
					},
					{
						"code": "wander",
						"animation": "Walk",
						"priority": 1.0,
						"priorityForCancel": 1.35,
						"whenNotInEmotionState": "aggressiveondamage|fleeondamage",
						"stopOnNearbyEntityCodes": [ "player", "bear-*", "hyena-male", "hyena-female", "wolf-male", "wolf-female", "caninae-*","hyaenidae-*","machairodontinae-*", "pantherinae-*", "ursidae-*"  ],
						"stopRange": 10,
						"chance": 0.5,
						"movespeedByType": {
							"megalapterygidae-adult-*": 0.00375,
							"megalapterygidae-baby-*": 0.00185
						},
						"animationSpeedByType": {
							"megalapterygidae-adult-female-megalapteryxdidinus": 0.75,
							"*-baby-*": 1.5
						},
						"preferredLightLevel": 12
					},
					{
						"code": "wander",
						"animation": "Highwalk",
						"priority": 1.0,
						"priorityForCancel": 1.35,
						"whenNotInEmotionState": "aggressiveondamage|fleeondamage",
						"stopOnNearbyEntityCodes": [  "player", "bear-*", "hyena-male", "hyena-female", "wolf-male", "wolf-female", "caninae-*","hyaenidae-*","machairodontinae-*", "pantherinae-*", "ursidae-*" ],
						"stopRange": 10,
						"chance": 0.25,
						"movespeedByType": {
							"megalapterygidae-adult-*": 0.00375,
							"megalapterygidae-baby-*": 0.00185
						},
						"animationSpeedByType": {
							"megalapterygidae-adult-female-megalapteryxdidinus": 0.75,
							"*-baby-*": 1.5
						},
						"preferredLightLevel": 12
					},
					{
						"code": "seekfoodandeat",
						"animation": "Walk",
						"eatAnimation": "Eat",
						"movespeedByType": {
							"megalapterygidae-adult-*": 0.00375,
							"megalapterygidae-baby-*": 0.00185
						},
						"priority": 1.25,
						"whenNotInEmotionState": "aggressiveondamage|fleeondamage",
						"eatSoundByType": {
							"*": "game:creature/animal-eat-small"
						},
						"eatTime": 1.5,
						"eatLooseItems": true,
						"animationSpeedByType": {
							"megalapterygidae-adult-female-megalapteryxdidinus": 0.75,
							"*-baby-*": 1.5
						},
						"mincooldownHours": 1,
						"maxcooldownHours": 4
					},
					{
						"code": "lookaround",
						"whenNotInEmotionState": "aggressiveondamage|fleeondamage",
						"priority": 0.5
					}
				]
			},
			{
				"code": "pettable",
				"minGeneration": 1
			}
		],
		"spawnconditions": {
			"runtime": {
				"group": "neutral",
				"maxQuantityByGroup": { "code": "megalapterygidae-*", "maxQuantity": 1 },
				"tryOnlySurface": true,
				"chanceByType": {
					"megalapterygidae-adult-female-megalapteryxdidinus": 0.0001, "megalapterygidae-adult-male-megalapteryxdidinus": 0.0001,
					"*": 0.0
				},
				"mindistancetoplayer": 50,
				"maxLightLevel": 7,
				"lightLevelType": "onlyBlockLight",	
				"spawnCapPlayerScaling": 0.0,	
				"groupSizeByType": {
					"*-adult-*": { "dist": "invexp", "avg": 1.5, "var": 0.5 }
				},
				"insideBlockCodes": [ "game:air", "game:soil-*","game:gravel-*", "game:tallgrass-*", "game:snowlayer-1", "game:sand-*"],
				"companionsByType": {
				"*":["megalapterygidae:megalapterygidae-adult-female-{type}","megalapterygidae:megalapterygidae-adult-male-{type}"]}
			}
		},
		"spawnconditionsByType": {
			"megalapterygidae-adult-*-megalapteryxdidinus": {
				"climate": {
					"minTemp": 2,
					"maxTemp": 10,
					"minRain": 0.35,
					"maxRain": 1.0,
					"minForestOrShrubs": 0.0,
					"maxForest": 1.0,
					"maxShrubs": 1.0,
					"minY": 1.25,
					"maxY": 1.6				
				}
			}
		}
	},
	"soundsByType": {
		"megalapterygidae-adult-*-megalapteryxdidinus":{
			"hurt": "creature/dinornithidae/hiss",
			"death": "creature/dinornithidae/hurt",
			"idle": "creature/megalapterygidae/uplandcall*"
		},
		"*-baby-*":{
			"hurt": "game:creature/chicken/chick*",
			"death": "game:creature/chicken/chick*",
			"idle": "game:creature/chicken/chick*"
		}
	},
	"idleSoundRangeByType": {
		"*-adult-*":120,
		"*-baby-*":14
	},
	"idleSoundChanceByType": {
		"*-adult-*": 0.01,
		"*-baby-*":1
	},
}