[
{"ingredientPattern": "LK","ingredients": {"K": { "type": "item", "code": "game:knife-*", "isTool": true },"L": { "type": "item", "code": "pantherinae:pelt-*", "allowedVariants": ["neofelis-baby-diardi-normal","neofelis-baby-nebulosa-normal","panthera-baby-atrox-normal","panthera-baby-leo-normal","panthera-baby-onca-melanistic","panthera-baby-onca-normal","panthera-baby-pardus-melanistic","panthera-baby-pardus-normal","panthera-baby-spelaea-normal","panthera-baby-tigris-normal","panthera-baby-uncia-normal"] }},"width": 2,"height": 1,"output": { "type": "item", "code": "game:hide-raw-small", "quantity": 1  }},

{"ingredientPattern": "LK","ingredients": {"K": { "type": "item", "code": "game:knife-*", "isTool": true },"L": { "type": "item", "code": "pantherinae:pelt-*", "allowedVariants": ["neofelis-female-diardi-normal","neofelis-male-diardi-normal","neofelis-female-nebulosa-normal","neofelis-male-nebulosa-normal"] }},"width": 2,"height": 1,"output": { "type": "item", "code": "game:hide-raw-medium", "quantity": 2  }},

{"ingredientPattern": "LK","ingredients": {"K": { "type": "item", "code": "game:knife-*", "isTool": true },"L": { "type": "item", "code": "pantherinae:pelt-*", "allowedVariants": ["panthera-female-onca-melanistic","panthera-female-onca-normal","panthera-female-pardus-melanistic","panthera-male-pardus-melanistic","panthera-female-pardus-normal","panthera-male-pardus-normal","panthera-female-uncia-normal","panthera-male-uncia-normal"] }},"width": 2,"height": 1,"output": { "type": "item", "code": "game:hide-raw-large", "quantity": 2  }},

{"ingredientPattern": "LK","ingredients": {"K": { "type": "item", "code": "game:knife-*", "isTool": true },"L": { "type": "item", "code": "pantherinae:pelt-*", "allowedVariants": ["panthera-female-leo-normal","panthera-male-onca-melanistic","panthera-male-onca-normal","panthera-female-tigris-normal"] }},"width": 2,"height": 1,"output": { "type": "item", "code": "game:hide-raw-large", "quantity": 3  }},

{"ingredientPattern": "LK","ingredients": {"K": { "type": "item", "code": "game:knife-*", "isTool": true },"L": { "type": "item", "code": "pantherinae:pelt-*", "allowedVariants": ["panthera-female-atrox-normal","panthera-female-spelaea-normal","panthera-male-tigris-normal"] }},"width": 2,"height": 1,"output": { "type": "item", "code": "game:hide-raw-large", "quantity": 4  }},

{"ingredientPattern": "LK","ingredients": {"K": { "type": "item", "code": "game:knife-*", "isTool": true },"L": { "type": "item", "code": "pantherinae:pelt-*", "allowedVariants": ["panthera-male-leo-normal","panthera-male-spelaea-normal"] }},"width": 2,"height": 1,"output": { "type": "item", "code": "game:hide-raw-large", "quantity": 5  }},

{"ingredientPattern": "LK","ingredients": {"K": { "type": "item", "code": "game:knife-*", "isTool": true },"L": { "type": "item", "code": "pantherinae:pelt-*", "allowedVariants": ["panthera-male-atrox-normal"] }},"width": 2,"height": 1,"output": { "type": "item", "code": "game:hide-raw-large", "quantity": 6  }}]