{
	"code": "cervidae-capreolini",
	"class": "EntityAgent",
	"fallDamageMultiplierByType": { "*-baby-*" :0.5,"*-adult-*" :0.8},
	"variantgroups": [
		{"code": "age","states": [ "adult","baby" ]},
		{"code": "gender","states": [ "female","male"]},
		{"code": "type","states": [ "capreoluscapreolus","capreoluspygargus","hydropotesinermis" ]}
	],
	"hitBoxSizeByType": {
		"*-adult-*-capreoluscapreolus": { "x": 1.1, "y": 0.8 },
		"*-adult-*-capreoluspygargus": {	"x": 1.1,"y": 1.0},
		"*-adult-*-hydropotesinermis": {	"x": 1.1,"y": 1.0},
		"*-baby-*": {	"x": 0.6,"y": 0.6}
	},
	"deadhitBoxSizeByType": {
		"*-adult-*-capreoluscapreolus": {	"x": 1.1,"y": 0.5},
		"*-adult-*-capreoluspygargus": {"x": 1.1,"y": 0.55},
		"*-adult-*-hydropotesinermis": {"x": 1.1,"y": 0.55},
		"*-baby-*": {	"x": 0.5,"y": 0.35}
	},
	"eyeHeightByType": {
		"*-adult-*-capreoluscapreolus": 0.9,
		"*-adult-*-capreoluspygargus": 1.0,
		"*-adult-*-hydropotesinermis": 0.9,
		"*-baby-*": 0.4
	},
	"weightByType": {
		"*-adult-*-capreoluscapreolus": 30,
		"*-baby-*-capreoluscapreolus": 10,
		"*-adult-*-capreoluspygargus": 50,
		"*-baby-*-capreoluspygargus": 10,
		"*-adult-*-hydropotesinermis": 14,
		"*-baby-*-hydropotesinermis": 7
	},
	"attributes": {
		"killedByInfoText": "deadcreature-killed",
		"basketCatchable": true,
		"trapChanceByType": {"*-baby-*": 0.3, "*": 0.0 },
		"trapDestroyChanceByType": { "*-baby-*": 0.05, "*": 0.3 },
		"creatureDiet": {
			"foodCategories": ["Fruit", "Grain","Vegetable"],
			"foodTags": ["fruitmash","grass","nibbleCrop", "sweetBerryBush" ],
			"skipFoodTags": ["rice", "parsnip"]
		},
		"handbook": {
			"groupcode": "creaturegroup-cervidae"
		}},
	"drops": [],
	"client": {
		"renderer": "Shape",
		"shapeByType": {
			"*-adult-*-capreoluscapreolus": { "base": "entity/capreolini/capreoluscapreolus-{gender}" },
			"*-baby-*-capreoluscapreolus": { "base": "entity/capreolini/capreoluscapreolus-baby" },
			"*-adult-female-capreoluspygargus": { "base": "entity/capreolini/capreoluscapreolus-female" },
			"*-adult-male-capreoluspygargus": { "base": "entity/capreolini/capreoluspygargus-male" },
			"*-baby-*-capreoluspygargus": { "base": "entity/capreolini/capreoluscapreolus-baby" },
			"*-adult-*-hydropotesinermis": { "base": "entity/capreolini/hydropotesinermis-{gender}" },
			"*-baby-*-hydropotesinermis": { "base": "entity/capreolini/hydropotesinermis-baby" }
		},
		"textureByType": {
			"*-adult-*-capreoluscapreolus": { "base": "entity/capreolini/capreoluscapreolus-adult" },
			"*-baby-*-capreoluscapreolus": { "base": "entity/capreolini/capreoluscapreolus-baby" },
			"*-adult-*-capreoluspygargus": { "base": "entity/capreolini/capreoluspygargus-adult" },
			"*-baby-*-capreoluspygargus": { "base": "entity/capreolini/capreoluscapreolus-baby" },
			"*-adult-*-hydropotesinermis": { "base": "entity/capreolini/hydropotesinermis-adult" },
			"*-baby-*-hydropotesinermis": { "base": "entity/capreolini/hydropotesinermis-baby" },
		},
		"sizeByType": {
			"*-adult-female-capreoluscapreolus": 0.9,
			"*-baby-*-capreoluscapreolus": 0.4,
			"*-adult-male-capreoluspygargus": 1.06,
			"*-baby-*-capreoluspygargus": 0.5,
			"*-adult-female-hydropotesinermis": 0.96,
			"*-baby-*-hydropotesinermis": 0.4
		},
		"behaviors": [
			{"code": "repulseagents" },
			{"code": "controlledphysics","stepHeight": 2.1251},
			{"code": "floatupwhenstuck","onlyWhenDead": true},
			{"code": "interpolateposition" },
			{"code": "harvestable","quantitySlots": 8},
			{ "code": "multiply", "enabledByType": { "*-adult-female-*": true, "*": false } },
			{ "code": "milkable", "enabledByType": { "*-adult-female-*": true, "*": false } },
			{"code": "despawn","minPlayerDistance": 8,"belowLightLevel": 8,"minSeconds": 300},
			{"code": "ropetieable","minGeneration": 2}
		],
		"animations": [
			{"code": "attack","animation": "Attack","animationSpeed": 2.2,"weight": 10,"blendMode": "AddAverage"},
			{"code": "charge","animation": "Charge","animationSpeed": 2.2,"weight": 10,"blendMode": "AddAverage"},
			{"code": "die","animation": "Die","animationSpeed": 1.25,"weight": 10,"blendMode": "Average","triggeredBy": { "onControls": [ "dead" ] }},
			{"code": "eat","animation": "Eat","easeInSpeed": 4,"easeOutSpeed": 4,"blendMode": "Average"},
			{"code": "gallop","animation": "Gallop","supressDefaultAnimation": true,"blendMode": "AddAverage"},
			{"code": "hurt","animation": "Hurt","animationSpeed": 2.2,"weight": 10,"blendMode": "AddAverage"},
			{"code": "idle","animation": "Idle","blendMode": "AddAverage","easeOutSpeed": 4,"triggeredBy": { "defaultAnim": true }},
			{"code": "roar","animation": "Roar","animationSpeed": 2.2,"weight": 10,"blendMode": "AddAverage"},
			{"code": "run","animation": "Run","supressDefaultAnimation": true,"blendMode": "AddAverage"},
			{"code": "sit","animation": "Sit","easeInSpeed": 4,"easeOutSpeed": 4,"blendMode": "Average"},
			{"code": "sleep","animation": "Sleep","easeInSpeed": 4,"easeOutSpeed": 4,"blendMode": "Average"},
			{"code": "stot","animation": "Stot","supressDefaultAnimation": true,"blendMode": "AddAverage"},
			{"code": "swim","animation": "Swim","supressDefaultAnimation": true,"blendMode": "Average"},
			{"code": "walk","animation": "Walk","supressDefaultAnimation": true,"blendMode": "AddAverage"}
		]
	},
	"server": {
		"attributes": {
			"pathfinder": {
				"minTurnAnglePerSec": 90,
				"maxTurnAnglePerSec": 180
			}
		},
		"behaviors": [
			{ "code": "repulseagents" },
			{"code": "controlledphysics","stepHeight": 2.1251},
			{"code": "despawn","minPlayerDistance": 8,"belowLightLevel": 8,"minSeconds": 300},
			{"code": "health",
				"maxhealthByType": {
					"*-adult-*-capreoluscapreolus": 8,
					"*-baby-*-capreoluscapreolus": 4,
					"*-adult-*-capreoluspygargus": 12,
					"*-baby-*-capreoluspygargus": 5,
					"*-adult-*-hydropotesinermis": 5,
					"*-baby-*-hydropotesinermis": 4
				}
			},
			{"code": "deaddecay",
				"hoursToDecay": 96,
				"decayedBlockByType": {
				"*-adult-*": "carcass-small",
				"*-baby-*": "carcass-tiny"
				}
			},
			{"code": "floatupwhenstuck","onlyWhenDead": true},
			{"code": "harvestable",
				"quantitySlots": 8,
				"drops": [
					{
						"type": "item",
						"code": "game:redmeat-raw",
						"quantityByType": {
							"*-adult-*-capreoluscapreolus": {"avg": 6,"var": 2},
							"*-adult-*-capreoluspygargus": {"avg": 10,"var": 3},
							"*-adult-*-hydropotesinermis": {"avg": 3,"var": 1},
						"*-baby-*": {"avg": 1.5,"var": 1}
						}
					},
					{
						"type": "item",
						"code": "fat",
						"quantityByType": {
							"*-adult-*-capreoluscapreolus": {"avg": 1.0,"var": 0.3},
							"*-adult-*-capreoluspygargus": {"avg": 1.3,"var": 0.3},
							"*-adult-*-hydropotesinermis": {"avg": 1.0,"var": 0.3},
							"*-baby-*": {"avg": 0.2,"var": 0}
						}
					},
					{
						"type": "item",
						"code": "capreolinae:pelt-capreolini-{gender}-{type}",
						"quantityByType": {
							"*-adult-*": {"avg": 1.0,"var": 0.0},
							"*": {"avg": 0.0,"var": 0.0}
						}
					},
					{
						"type": "item",
						"code": "capreolinae:pelt-capreolini-baby-{type}",
						"quantityByType": {
							"*-baby-*": {"avg": 1.0,"var": 0.0},
							"*": {"avg": 0.0,"var": 0.0}
						}
					}
				]
			},
			{"code": "breathe" },
			{"code": "multiply",
				"enabledByType": {
					"*-adult-female-*": true,
					"*": false
				},
				"spawnEntityCodesByType": {
				"*-adult-female-*": [ { "code":"capreolinae:cervidae-capreolini-baby-female-{type}"}, {"code": "capreolinae:cervidae-capreolini-baby-male-{type}"} ]},
				"requiresNearbyEntityCodeByType": {
					"*-adult-female-*": "capreolinae:cervidae-capreolini-adult-male-{type}"},
				"requiresNearbyEntityRange": 10,
				"spawnQuantityMin": 1,
				"spawnQuantityMaxByType": {
					"*-hydropotesinermis": 7,
					"*": 2
				},
				"pregnancyDaysByType": {
					"*-capreoluscapreolus": 60,
					"*-capreoluspygargus": 58,
					"*-hydropotesinermis": 38
				},
				"multiplyCooldownDaysMinByType": {
					"*": 4
				},
				"multiplyCooldownDaysMaxByType": {
					"*": 11
				},
				"portionsEatenForMultiplyByType": {
					"*-capreoluscapreolus": 6,
					"*-capreoluspygargus": 8,
					"*-hydropotesinermis": 5
				}
			},
			{"code": "grow",
					"enabledByType": {
					"*-baby-*": true,
					"*": false
				},
				"hoursToGrowByType": {
					"*-hydropotesinermis": 100,
					"*": 94
				},
				"adultEntityCodesByType": {
					"*-baby-male-*": ["capreolinae:cervidae-capreolini-adult-male-{type}"],
					"*-baby-female-*": ["capreolinae:cervidae-capreolini-adult-female-{type}"]
				}
			},
			{"code": "emotionstates",
				"states": [
					{"code": "fleeondamage","duration": 60,"chanceByType": {"*": 1},"slot": 2,"priority": 5,"accumType": "max","whenHealthRelBelow": 0.4},
					{"code": "aggressiveondamage","duration": 300,"chanceByType": {"*-adult-*": 0.25,"*-baby-*": 0.0},"slot": 2,"priority": 2,"accumType": "noaccum"},
					{"code": "fleeondamage","duration": 60,"slot": 2,"chanceByType": {"*-adult-*": 0.25,"*-baby-*": 1},"priority": 1,"accumType": "max"},
					{"code": "alarmherdondamage","chance": 1,"slot": 1,"priority": 1,"accumType": "max"},
					{"code": "saturated","duration": 1200,"chance": 1,"slot": 0,"priority": 1,"accumType": "sum"},
					{ "code": "aggressivearoundentities", "duration": 60, "chanceByType": {"*-baby-*": 0.0,"*-adult-*": 1.0}, "slot": 2, "priority": 5, "entityCodes": ["capreolinae:cervidae-capreolini-baby-*"], "maxGeneration": 2 }
				]
			},
			{
				"code": "taskai",
				"aitasks": [
					{
						"code": "meleeattack",
						"animation": "Attack",
						"enabledByType": {
							"*-adult-male-hydropotesinermis": true,
							"*": false
						},
						"entityCodesByType": {"*-hydropotesinermis": ["cervidae-capreolini-adult-male-hydropotesinermis" ]},
						"knockbackStrengthByType": {"*":0.05},
						"priority": 1.7,
						"damageByType": {"*-hydropotesinermis":4},
						"damageTierByType": {"*":1},
						"mincooldown": 1500,
						"maxcooldown": 2500,
						"minDistByType": {"*":0.5},
						"minVerDistByType": {"*":1},
						"attackDurationMs": 1250,
						"damagePlayerAtMs": 500,
						"animationSpeed": 2,
						"whenNotInEmotionState": "fleeondamage"
					},
					{
						"code": "meleeattack",
						"animation": "Maim",
						"enabledByType": {"*-baby-*": false,"*": true},
						"entityCodesByType": {
							"*": [ "player", "bear-*", "hyena-*", "wolf-*", "caninae-*","machairodontinae-*","pantherinae-*" ]
						},
						"priority": 2,
						"slot": 1,
						"damageByType": {"*-hydropotesinermis":4,"*":5},
						"damageTierByType": {"*":1},
						"mincooldown": 1500,
						"maxcooldown": 2500,
						"minDistByType": {"*":0.5},
						"minVerDistByType": {"*":1},
						"attackDurationMs": 1250,
						"damagePlayerAtMs": 500,
						"animationSpeed": 2,
						"whenInEmotionState": "aggressiveondamage|aggressivearoundentities"
					},
					{
						"code": "fleeentity",
						"animationByType": {"*-adult-*" : "Stot","*-baby-*" : "Run"},
						"entityCodesByType": {
							"*": ["player",  "bear-*", "fox-female-*", "fox-male-*","hyena-male", "hyena-female","wolf-female","wolf-male", "caninae-canina-adult-*","caninae-cerdocyonina-adult-*","caninae-vulpini-adult-*","pantherinae-neofelis-adult-*", "machairodontinae-adult-*","pantherinae-panthera-adult-*"]
						},
						"priority": 1.51,
						"movespeedByType": {
							"*-adult-*-capreoluscapreolus": 0.065,
							"*-baby-*-capreoluscapreolus":0.02,
							"*-adult-*-capreoluspygargus": 0.078,
							"*-baby-*-capreoluspygargus":0.022,
							"*-adult-*-hydropotesinermis": 0.065,
							"*-baby-*-hydropotesinermis":0.02},
						"seekingRange": 18,
						"animationSpeed": 2,
						"whenNotInEmotionState": "aggressiveondamage",
						"soundByType": {
							"*-adult-*":"capreolinae:creature/capreolus/scared",
							"*-baby-*": "creature/capreolus/babyscared"}
					},
					{
						"code": "fleeentity",
						"animation": "Walk",
						"entityCodesByType": {
							"*": ["bell-*","drifter-*", "rhinocerotidae-adult-*"]
						},
						"priority": 1.45,
						"movespeedByType": {
							"*-adult-*-capreoluscapreolus": 0.006,
							"*-adult-*-capreoluspygargus": 0.0072,
							"*-adult-*-hydropotesinermis": 0.006,
							"*-baby-*": 0.002
						},
						"animationSpeed": 0.8,
						"seekingRange": 12,
						"whenNotInEmotionState": "aggressiveondamage|fleeondamage"
					},
					{
						"code": "seekentity",
						"animation": "Charge",
						"enabledByType": {"*-baby-*": false,"*": true},
						"entityCodesByType": {
							"*-adult-male-hydropotesinermis": [ "fox-*","caninae-vulpini-adult-*","caninae-urocyonini-adult-*","cervidae-capreolini-adult-male-hydropotesinermis"  ],
							"*": [ "fox-*","caninae-vulpini-adult-*","caninae-urocyonini-adult-*" ]
						},
						"priority": 1.6,
						"mincooldown": 600,
						"maxcooldown": 650,
						"seekingRange": 5,
						"movespeedByType": {
							"*-adult-*-capreoluscapreolus": 0.024,
							"*-adult-*-capreoluspygargus": 0.029,
							"*-adult-*-hydropotesinermis": 0.024},
						"animationSpeed": 1.0,
						"whenNotInEmotionState": "fleeondamage"
					},
					{
						"code": "seekentity",
						"animation": "Threat",
						"entityCodesByType": {
							"*": [ "player", "bear-*","hyena-*", "wolf-*","caninae-canina-adult-*","caninae-cerdocyonina-adult-*","caninae-urocyonini-adult-*","caninae-vulpini-adult-*","machairodontinae-adult-*","pantherinae-neofelis-adult-*","pantherinae-panthera-adult-*"]
						},
						"priority": 1.5,
						"priorityForCancel": 1.51,
						"mincooldown": 600,
						"maxcooldown": 650,
						"seekingRange": 20,
						"movespeed": 0.0001,
						"animationSpeed": 1.0,
						"whenNotInEmotionState": "fleeondamage"
					},
					{
						"code": "seekentity",
						"animation": "Charge",
						"enabledByType": {"*-baby-*": false,"*": true},
						"entityCodesByType": {
							"*-hydropotesinermis": [ "player", "bear-*","hyena-*", "wolf-*","caninae-canina-adult-*","caninae-cerdocyonina-adult-*","caninae-urocyonini-adult-*","caninae-vulpini-adult-*","cervidae-capreolini-adult-male-hydropotesinermis","machairodontinae-adult-*","pantherinae-neofelis-adult-*","pantherinae-panthera-adult-*"],
						  "*": [ "player", "bear-*","hyena-*", "wolf-*","caninae-canina-adult-*","caninae-cerdocyonina-adult-*","caninae-urocyonini-adult-*","caninae-vulpini-adult-*","machairodontinae-adult-*","pantherinae-neofelis-adult-*","pantherinae-panthera-adult-*"]
						},
						"priority": 1.6,
						"mincooldown": 6000,
						"maxcooldown": 6500,
						"seekingRange": 18,
						"movespeedByType": {
							"*-adult-*-capreoluscapreolus": 0.044,
							"*-adult-*-capreoluspygargus": 0.052,
							"*-adult-*-hydropotesinermis": 0.044},
						"animationSpeed": 2.0,
						"whenInEmotionState": "aggressiveondamage"
					},
					{
						"code": "fleeentity",
						"animationByType": {"*-adult-*" : "Gallop","*-baby-*" : "Run"},
						"entityCodesByType": {
							"*-adult-male-hydropotesinermis": [ "player", "bear-*","hyena-*", "wolf-*","caninae-canina-adult-*","caninae-cerdocyonina-adult-*","caninae-urocyonini-adult-*","caninae-vulpini-adult-*","cervidae-capreolini-adult-male-hydropotesinermis","machairodontinae-adult-*","pantherinae-neofelis-adult-*","pantherinae-panthera-adult-*"],
						  "*": [ "player", "bear-*","hyena-*", "wolf-*","caninae-canina-adult-*","caninae-cerdocyonina-adult-*","caninae-urocyonini-adult-*","caninae-vulpini-adult-*","machairodontinae-adult-*","pantherinae-neofelis-adult-*","pantherinae-panthera-adult-*"]
						},
						"priority": 1.71,
						"movespeedByType": {
							"*-adult-*-capreoluscapreolus": 0.065,
							"*-adult-*-capreoluspygargus": 0.078,
							"*-adult-*-hydropotesinermis": 0.078,
							"*-baby-*": 0.02},
						"seekingRange": 25,
						"animationSpeed": 2.0,
						"soundByType": {
							"*-baby-*": "creature/capreolus/babyscared",
							"*":"creature/capreolus/scared"},
						"whenInEmotionState": "fleeondamage"
					},
					{
						"code": "getoutofwater",
						"animation": "Swim",
						"priority": 1.4,
						"movespeedByType": {
							"*-adult-*-hydropotesinermis": 0.055,
							"*-baby-*-hydropotesinermis": 0.04,
							"*-adult-*": 0.045,
							"*-baby-*": 0.035},
						"animationSpeed": 1
					},
					{
						"code": "stayclosetoentity",
						"animationByType": {"*-adult-*" : "Gallop","*-baby-*" : "Run"},
						"enabledByType": {"*-baby-*": true,"*": false},
						"priority": 1.39,
						"entityCode": "cervidae-capreolini-adult-female-{type}",
						"movespeedByType": {
							"*-baby-*-capreoluscapreolus": 0.02,
							"*-baby-*-capreoluspygargus":0.022,
							"*-baby-*-hydropotesinermis":0.02
							},
						"maxDistance": 6,
						"searchRange": 25,
						"animationSpeed": 2
					},
					{
						"code": "idle",
						"animation": "Sleep",
						"priority": 1.3,
						"priorityForCancel": 1.35,
						"minduration": 200000,
						"maxduration": 800000,
						"mincooldown": 10000,
						"maxcooldown": 30000,
						"animationSpeed": 0.3,
						"whenNotInEmotionState": "aggressiveondamage|aggressivearoundentities|fleeondamage",
						"duringDayTimeFramesByType": {
							"*":[{"fromHour": 10,"toHour": 18},{"fromHour": 0,"toHour": 5}]},
						"stopOnNearbyEntityCodes": [ "player" ],
						"stopRange": 8,
						"stopOnHurt": true
					},
					{
						"code": "seekfoodandeat",
						"animation": "Walk",
						"eatAnimation": "Eat",
						"movespeedByType": {
							"*-adult-*-capreoluscapreolus": 0.004,
							"*-adult-male-capreoluspygargus": 0.0048,
							"*-adult-male-hydropotesinermis": 0.0048,
							"*-baby-*": 0.002
						},
						"priority": 1.25,
						"eatSoundByType": {
							"*":"game:creature/animal-eat-small"},
						"eatTime": 1.5,
						"eatLooseItems": true,
						"animationSpeed": 1.5,
						"whenNotInEmotionState": "aggressiveondamage|aggressivearoundentities|fleeondamage",
						"mincooldownHours": 1,
						"maxcooldownHours": 4
					},
					{
						"code": "idle",
						"animation": "Eat",
						"onBlockBelowCodes": "game:crop-*|game:fern-*|game:flower-*|game:leaves-*|game:sapling-*|game:snowblock|game:snowlayer-*|game:tallgrass-*",
						"priority": 1.2,
						"priorityForCancel": 1.35,
						"minduration": 2667,
						"maxduration": 2667,
						"mincooldown": 6000,
						"maxcooldown": 20000,
						"animationSpeed": 1.5,
						"whenNotInEmotionState": "aggressiveondamage|aggressivearoundentities|fleeondamage"
					},
					{
						"code": "idle",
						"animation": "Roar",
						"enabledByType": {"*-baby-*": false,"*": true},
						"priority": 1.0,
						"priorityForCancel": 1.35,
						"minduration": 4667,
						"maxduration": 4667,
						"chance": 0.01,
						"mincooldown": 8000,
						"maxcooldown": 50000,
						"animationSpeed": 1.0,
						"whenNotInEmotionState": "aggressiveondamage|aggressivearoundentities|fleeondamage",
						"soundByType": {
							"*-hydropotesinermis": "capreolinae:creature/hydropotes/call",
							"*": "game:creature/sheep/idle"
						},
						"soundRangeByType": {
							"*": 60
						}
					},
					{
						"code": "wander",
						"animation": "Walk",
						"priority": 1.0,
						"priorityForCancel": 1.35,
						"movespeedByType": {
							"*-adult-*-capreoluscapreolus": 0.006,
							"*-adult-*-capreoluspygargus": 0.0072,
							"*-adult-*-hydropotesinermis": 0.006,
							"*-baby-*": 0.002
						},
						"animationSpeed": 0.8,
						"minduration": 4667,
						"maxduration": 900000,
						"chance": 0.2,
						"preferredLightLevel": 12,
						"whenNotInEmotionState": "aggressiveondamage|aggressivearoundentities|fleeondamage"
					},
					{
						"code": "idle",
						"animation": "Idle",
						"priority": 0.9,
						"minduration": 6000,
						"maxduration": 45000,
						"mincooldown": 6000,
						"maxcooldown": 120000,
						"priorityForCancel": 1.28,
						"stopOnNearbyEntityCodes": [ "player", "wolf-male", "wolf-female", "hyena-male", "hyena-female", "bear-*" ],
						"stopRange": 10,
						"stopOnHurt": true,
						"whenNotInEmotionState": "aggressiveondamage|aggressivearoundentities|fleeondamage"
					},
					{
						"code": "idle",
						"priority": 0.9,
						"minduration": 6000,
						"maxduration": 45000,
						"mincooldown": 6000,
						"maxcooldown": 120000,
						"priorityForCancel": 1.28,
						"stopOnNearbyEntityCodes": [ "player", "wolf-male", "wolf-female", "hyena-male", "hyena-female", "bear-*" ],
						"stopRange": 10,
						"stopOnHurt": true,
						"animation": "Sit",
						"whenNotInEmotionState": "aggressiveondamage|aggressivearoundentities|fleeondamage"
					},
					{
						"code": "lookaround",
						"priority": 0.5
					}
				]
			},
			{"code": "ropetieable","minGeneration": 2}
		],
		"spawnconditions": {
			"runtime": {
				"group": "neutral",
				"tryOnlySurface": true,
				"chanceByType": {
					"*-adult-female-capreoluscapreolus": 0.0001,"*-adult-male-capreoluscapreolus": 0.0001,
					"*-adult-female-capreoluspygargus": 0.0001,"*-adult-male-capreoluspygargus": 0.0001,
					"*-adult-female-hydropotesinermis": 0.0001,"*-adult-male-hydropotesinermis": 0.0001,
					"*": 0.0},
				"mindistancetoplayer": 100,
				"maxLightLevel": 7,
				"lightLevelType": "onlyBlockLight",
				"spawnCapPlayerScaling": 0.0,			
				"groupSizeByType": {
					"*-adult-male-*": { "dist": "uniform", "avg": 1.0, "var": 0.0 },
					"*-adult-female-hydropotesinermis": { "dist": "invexp", "avg": 4.5, "var": 3.5 },
					"*-adult-female-*": { "dist": "invexp", "avg": 8, "var": 7 }
				},
				"insideBlockCodes": [ "game:air","game:gravel-*",  "game:sand-*","game:snowlayer-1","game:soil-*","game:tallgrass-*" ],
				"companionsByType": {
				"*-adult-female-hydropotesinermis":[ "capreolinae:cervidae-capreolini-baby-female-{type}","capreolinae:cervidae-capreolini-baby-male-{type}" ],
				"*-adult-female-*":[ "capreolinae:cervidae-capreolini-adult-male-{type}","capreolinae:cervidae-capreolini-baby-female-{type}","capreolinae:cervidae-capreolini-baby-male-{type}" ]}
		}},
		"spawnconditionsByType": {
			"cervidae-capreolini-adult-*-capreoluscapreolus": {
				"climate": {
					"minTemp": -2,
					"maxTemp": 18,
					"minRain": 0.25,
					"maxRain": 1.0,
					"minForestOrShrubs": 0.0,
					"maxForest": 1.0,
					"maxShrubs": 1.0,
					"minY": 0.9,
					"maxY": 1.6					
				},
				"runtime": {
					"maxQuantityByGroup": { "code": "cervidae-capreolini-*", "maxQuantity": 2 }
				}
			},
			"cervidae-capreolini-adult-*-capreoluspygargus": {
				"climate": {
					"minTemp": -8,
					"maxTemp": 18,
					"minRain": 0.1,
					"maxRain": 1.0,
					"minForestOrShrubs": 0.0,
					"maxForest": 1.0,
					"maxShrubs": 1.0,
					"minY": 0.9,
					"maxY": 1.6					
				},
				"runtime": {
					"maxQuantityByGroup": { "code": "cervidae-capreolini-*", "maxQuantity": 2 }
				}
			},
			"cervidae-capreolini-adult-*-hydropotesinermis": {
				"climate": {
					"minTemp": 8,
					"maxTemp": 18,
					"minRain": 0.45,
					"maxRain": 0.8,
					"minForestOrShrubs": 0.0,
					"maxForest": 1.0,
					"maxShrubs": 1.0,
					"minY": 0.9,
					"maxY": 1.6					
				},
				"runtime": {
					"maxQuantityByGroup": { "code": "cervidae-capreolini-*", "maxQuantity": 2 }
				}
			}
		}
	},
	"soundsByType": {
		"*-adult-*":{"hurt": "creature/capreolus/scared","death": "creature/capreolus/scared","idle": "game:creature/sheep/idle"},
		"*-baby-*": {"hurt": "creature/capreolus/babyscared","death": "creature/capreolus/babyscared","idle": "game:creature/sheep/idle"}},
	"idleSoundChance": 0.05
}