[
{"name": "Moose Head Mount (Baby)", "ingredientPattern": "_BC,DEF,GHI","ingredients": {"B": { "type": "item", "code": "game:knife-*", "isTool": true },"C": { "type": "item", "code": "game:hammer-*", "isTool": true },"D": { "type": "item", "code": "capreolinae:pelt-alceini-baby-alcesalces" },"E": { "type": "item", "code": "game:metalnailsandstrips-*" },"F": { "type": "item", "code": "game:clay-*" },"G": { "type": "block", "code": "game:debarkedlog-*" },"H": { "type": "block", "code": "game:glass-*" },"I": { "type": "item", "code": "game:powder-borax" }},"width": 3,"height": 3,"output": { "type": "item", "code": "capreolinae:headmount-alceini-baby-alcesalces-00", "quantity": 1  }},
{"name": "Moose Head Mount (Female)", "ingredientPattern": "_BC,DEF,GHI","ingredients": {"B": { "type": "item", "code": "game:knife-*", "isTool": true },"C": { "type": "item", "code": "game:hammer-*", "isTool": true },"D": { "type": "item", "code": "capreolinae:pelt-alceini-female-alcesalces" },"E": { "type": "item", "code": "game:metalnailsandstrips-*" },"F": { "type": "item", "code": "game:clay-*" },"G": { "type": "block", "code": "game:debarkedlog-*" },"H": { "type": "block", "code": "game:glass-*" },"I": { "type": "item", "code": "game:powder-borax" }},"width": 3,"height": 3,"output": { "type": "item", "code": "capreolinae:headmount-alceini-female-alcesalces-00", "quantity": 1  }},
{"name": "Moose Head Mount (Male)", "ingredientPattern": "_BC,DEF,GHI","ingredients": {"B": { "type": "item", "code": "game:knife-*", "isTool": true },"C": { "type": "item", "code": "game:hammer-*", "isTool": true },"D": { "type": "item", "code": "capreolinae:pelt-alceini-male-alcesalces" },"E": { "type": "item", "code": "game:metalnailsandstrips-*" },"F": { "type": "item", "code": "game:clay-*" },"G": { "type": "block", "code": "game:debarkedlog-*" },"H": { "type": "block", "code": "game:glass-*" },"I": { "type": "item", "code": "game:powder-borax" }},"width": 3,"height": 3,"output": { "type": "item", "code": "capreolinae:headmount-alceini-male-alcesalces-00", "quantity": 1  }},
{"name": "Western Roe Deer Head Mount (Baby)", "ingredientPattern": "_BC,DEF,GHI","ingredients": {"B": { "type": "item", "code": "game:knife-*", "isTool": true },"C": { "type": "item", "code": "game:hammer-*", "isTool": true },"D": { "type": "item", "code": "capreolinae:pelt-capreolini-baby-capreoluscapreolus" },"E": { "type": "item", "code": "game:metalnailsandstrips-*" },"F": { "type": "item", "code": "game:clay-*" },"G": { "type": "block", "code": "game:debarkedlog-*" },"H": { "type": "block", "code": "game:glass-*" },"I": { "type": "item", "code": "game:powder-borax" }},"width": 3,"height": 3,"output": { "type": "item", "code": "capreolinae:headmount-capreolini-baby-capreoluscapreolus-00", "quantity": 1  }},
{"name": "Western Roe Deer Head Mount (Female)", "ingredientPattern": "_BC,DEF,GHI","ingredients": {"B": { "type": "item", "code": "game:knife-*", "isTool": true },"C": { "type": "item", "code": "game:hammer-*", "isTool": true },"D": { "type": "item", "code": "capreolinae:pelt-capreolini-female-capreoluscapreolus" },"E": { "type": "item", "code": "game:metalnailsandstrips-*" },"F": { "type": "item", "code": "game:clay-*" },"G": { "type": "block", "code": "game:debarkedlog-*" },"H": { "type": "block", "code": "game:glass-*" },"I": { "type": "item", "code": "game:powder-borax" }},"width": 3,"height": 3,"output": { "type": "item", "code": "capreolinae:headmount-capreolini-female-capreoluscapreolus-00", "quantity": 1  }},
{"name": "Western Roe Deer Head Mount (Male)", "ingredientPattern": "_BC,DEF,GHI","ingredients": {"B": { "type": "item", "code": "game:knife-*", "isTool": true },"C": { "type": "item", "code": "game:hammer-*", "isTool": true },"D": { "type": "item", "code": "capreolinae:pelt-capreolini-male-capreoluscapreolus" },"E": { "type": "item", "code": "game:metalnailsandstrips-*" },"F": { "type": "item", "code": "game:clay-*" },"G": { "type": "block", "code": "game:debarkedlog-*" },"H": { "type": "block", "code": "game:glass-*" },"I": { "type": "item", "code": "game:powder-borax" }},"width": 3,"height": 3,"output": { "type": "item", "code": "capreolinae:headmount-capreolini-male-capreoluscapreolus-00", "quantity": 1  }},
{"name": "Eastern Roe Deer Head Mount (Baby)", "ingredientPattern": "_BC,DEF,GHI","ingredients": {"B": { "type": "item", "code": "game:knife-*", "isTool": true },"C": { "type": "item", "code": "game:hammer-*", "isTool": true },"D": { "type": "item", "code": "capreolinae:pelt-capreolini-baby-capreoluspygargus" },"E": { "type": "item", "code": "game:metalnailsandstrips-*" },"F": { "type": "item", "code": "game:clay-*" },"G": { "type": "block", "code": "game:debarkedlog-*" },"H": { "type": "block", "code": "game:glass-*" },"I": { "type": "item", "code": "game:powder-borax" }},"width": 3,"height": 3,"output": { "type": "item", "code": "capreolinae:headmount-capreolini-baby-capreoluspygargus-00", "quantity": 1  }},
{"name": "Eastern Roe Deer Head Mount (Female)", "ingredientPattern": "_BC,DEF,GHI","ingredients": {"B": { "type": "item", "code": "game:knife-*", "isTool": true },"C": { "type": "item", "code": "game:hammer-*", "isTool": true },"D": { "type": "item", "code": "capreolinae:pelt-capreolini-female-capreoluspygargus" },"E": { "type": "item", "code": "game:metalnailsandstrips-*" },"F": { "type": "item", "code": "game:clay-*" },"G": { "type": "block", "code": "game:debarkedlog-*" },"H": { "type": "block", "code": "game:glass-*" },"I": { "type": "item", "code": "game:powder-borax" }},"width": 3,"height": 3,"output": { "type": "item", "code": "capreolinae:headmount-capreolini-female-capreoluspygargus-00", "quantity": 1  }},
{"name": "Eastern Roe Deer Head Mount (Male)", "ingredientPattern": "_BC,DEF,GHI","ingredients": {"B": { "type": "item", "code": "game:knife-*", "isTool": true },"C": { "type": "item", "code": "game:hammer-*", "isTool": true },"D": { "type": "item", "code": "capreolinae:pelt-capreolini-male-capreoluspygargus" },"E": { "type": "item", "code": "game:metalnailsandstrips-*" },"F": { "type": "item", "code": "game:clay-*" },"G": { "type": "block", "code": "game:debarkedlog-*" },"H": { "type": "block", "code": "game:glass-*" },"I": { "type": "item", "code": "game:powder-borax" }},"width": 3,"height": 3,"output": { "type": "item", "code": "capreolinae:headmount-capreolini-male-capreoluspygargus-00", "quantity": 1  }},
{"name": "Water Deer Head Mount (Baby)", "ingredientPattern": "_BC,DEF,GHI","ingredients": {"B": { "type": "item", "code": "game:knife-*", "isTool": true },"C": { "type": "item", "code": "game:hammer-*", "isTool": true },"D": { "type": "item", "code": "capreolinae:pelt-capreolini-baby-hydropotesinermis" },"E": { "type": "item", "code": "game:metalnailsandstrips-*" },"F": { "type": "item", "code": "game:clay-*" },"G": { "type": "block", "code": "game:debarkedlog-*" },"H": { "type": "block", "code": "game:glass-*" },"I": { "type": "item", "code": "game:powder-borax" }},"width": 3,"height": 3,"output": { "type": "item", "code": "capreolinae:headmount-capreolini-baby-hydropotesinermis-00", "quantity": 1  }},
{"name": "Water Deer Head Mount (Female)", "ingredientPattern": "_BC,DEF,GHI","ingredients": {"B": { "type": "item", "code": "game:knife-*", "isTool": true },"C": { "type": "item", "code": "game:hammer-*", "isTool": true },"D": { "type": "item", "code": "capreolinae:pelt-capreolini-female-hydropotesinermis" },"E": { "type": "item", "code": "game:metalnailsandstrips-*" },"F": { "type": "item", "code": "game:clay-*" },"G": { "type": "block", "code": "game:debarkedlog-*" },"H": { "type": "block", "code": "game:glass-*" },"I": { "type": "item", "code": "game:powder-borax" }},"width": 3,"height": 3,"output": { "type": "item", "code": "capreolinae:headmount-capreolini-female-hydropotesinermis-00", "quantity": 1  }},
{"name": "Water Deer Head Mount (Male)", "ingredientPattern": "_BC,DEF,GHI","ingredients": {"B": { "type": "item", "code": "game:knife-*", "isTool": true },"C": { "type": "item", "code": "game:hammer-*", "isTool": true },"D": { "type": "item", "code": "capreolinae:pelt-capreolini-male-hydropotesinermis" },"E": { "type": "item", "code": "game:metalnailsandstrips-*" },"F": { "type": "item", "code": "game:clay-*" },"G": { "type": "block", "code": "game:debarkedlog-*" },"H": { "type": "block", "code": "game:glass-*" },"I": { "type": "item", "code": "game:powder-borax" }},"width": 3,"height": 3,"output": { "type": "item", "code": "capreolinae:headmount-capreolini-male-hydropotesinermis-00", "quantity": 1  }},
{"name": "Marsh Deer Head Mount (Baby)", "ingredientPattern": "_BC,DEF,GHI","ingredients": {"B": { "type": "item", "code": "game:knife-*", "isTool": true },"C": { "type": "item", "code": "game:hammer-*", "isTool": true },"D": { "type": "item", "code": "capreolinae:pelt-odocoileini-baby-blastocerusdichotomus" },"E": { "type": "item", "code": "game:metalnailsandstrips-*" },"F": { "type": "item", "code": "game:clay-*" },"G": { "type": "block", "code": "game:debarkedlog-*" },"H": { "type": "block", "code": "game:glass-*" },"I": { "type": "item", "code": "game:powder-borax" }},"width": 3,"height": 3,"output": { "type": "item", "code": "capreolinae:headmount-odocoileini-baby-blastocerusdichotomus-00", "quantity": 1  }},
{"name": "Marsh Deer Head Mount (Female)", "ingredientPattern": "_BC,DEF,GHI","ingredients": {"B": { "type": "item", "code": "game:knife-*", "isTool": true },"C": { "type": "item", "code": "game:hammer-*", "isTool": true },"D": { "type": "item", "code": "capreolinae:pelt-odocoileini-female-blastocerusdichotomus" },"E": { "type": "item", "code": "game:metalnailsandstrips-*" },"F": { "type": "item", "code": "game:clay-*" },"G": { "type": "block", "code": "game:debarkedlog-*" },"H": { "type": "block", "code": "game:glass-*" },"I": { "type": "item", "code": "game:powder-borax" }},"width": 3,"height": 3,"output": { "type": "item", "code": "capreolinae:headmount-odocoileini-female-blastocerusdichotomus-00", "quantity": 1  }},
{"name": "Marsh Deer Head Mount (Male)", "ingredientPattern": "_BC,DEF,GHI","ingredients": {"B": { "type": "item", "code": "game:knife-*", "isTool": true },"C": { "type": "item", "code": "game:hammer-*", "isTool": true },"D": { "type": "item", "code": "capreolinae:pelt-odocoileini-male-blastocerusdichotomus" },"E": { "type": "item", "code": "game:metalnailsandstrips-*" },"F": { "type": "item", "code": "game:clay-*" },"G": { "type": "block", "code": "game:debarkedlog-*" },"H": { "type": "block", "code": "game:glass-*" },"I": { "type": "item", "code": "game:powder-borax" }},"width": 3,"height": 3,"output": { "type": "item", "code": "capreolinae:headmount-odocoileini-male-blastocerusdichotomus-00", "quantity": 1  }},
{"name": "Taruca Head Mount (Baby)", "ingredientPattern": "_BC,DEF,GHI","ingredients": {"B": { "type": "item", "code": "game:knife-*", "isTool": true },"C": { "type": "item", "code": "game:hammer-*", "isTool": true },"D": { "type": "item", "code": "capreolinae:pelt-odocoileini-baby-hippocamelusantisensis" },"E": { "type": "item", "code": "game:metalnailsandstrips-*" },"F": { "type": "item", "code": "game:clay-*" },"G": { "type": "block", "code": "game:debarkedlog-*" },"H": { "type": "block", "code": "game:glass-*" },"I": { "type": "item", "code": "game:powder-borax" }},"width": 3,"height": 3,"output": { "type": "item", "code": "capreolinae:headmount-odocoileini-baby-hippocamelusantisensis-00", "quantity": 1  }},
{"name": "Taruca Head Mount (Female)", "ingredientPattern": "_BC,DEF,GHI","ingredients": {"B": { "type": "item", "code": "game:knife-*", "isTool": true },"C": { "type": "item", "code": "game:hammer-*", "isTool": true },"D": { "type": "item", "code": "capreolinae:pelt-odocoileini-female-hippocamelusantisensis" },"E": { "type": "item", "code": "game:metalnailsandstrips-*" },"F": { "type": "item", "code": "game:clay-*" },"G": { "type": "block", "code": "game:debarkedlog-*" },"H": { "type": "block", "code": "game:glass-*" },"I": { "type": "item", "code": "game:powder-borax" }},"width": 3,"height": 3,"output": { "type": "item", "code": "capreolinae:headmount-odocoileini-female-hippocamelusantisensis-00", "quantity": 1  }},
{"name": "Taruca Head Mount (Male)", "ingredientPattern": "_BC,DEF,GHI","ingredients": {"B": { "type": "item", "code": "game:knife-*", "isTool": true },"C": { "type": "item", "code": "game:hammer-*", "isTool": true },"D": { "type": "item", "code": "capreolinae:pelt-odocoileini-male-hippocamelusantisensis" },"E": { "type": "item", "code": "game:metalnailsandstrips-*" },"F": { "type": "item", "code": "game:clay-*" },"G": { "type": "block", "code": "game:debarkedlog-*" },"H": { "type": "block", "code": "game:glass-*" },"I": { "type": "item", "code": "game:powder-borax" }},"width": 3,"height": 3,"output": { "type": "item", "code": "capreolinae:headmount-odocoileini-male-hippocamelusantisensis-00", "quantity": 1  }},
{"name": "Huemul Head Mount (Baby)", "ingredientPattern": "_BC,DEF,GHI","ingredients": {"B": { "type": "item", "code": "game:knife-*", "isTool": true },"C": { "type": "item", "code": "game:hammer-*", "isTool": true },"D": { "type": "item", "code": "capreolinae:pelt-odocoileini-baby-hippocamelusbisulcus" },"E": { "type": "item", "code": "game:metalnailsandstrips-*" },"F": { "type": "item", "code": "game:clay-*" },"G": { "type": "block", "code": "game:debarkedlog-*" },"H": { "type": "block", "code": "game:glass-*" },"I": { "type": "item", "code": "game:powder-borax" }},"width": 3,"height": 3,"output": { "type": "item", "code": "capreolinae:headmount-odocoileini-baby-hippocamelusbisulcus-00", "quantity": 1  }},
{"name": "Huemul Head Mount (Female)", "ingredientPattern": "_BC,DEF,GHI","ingredients": {"B": { "type": "item", "code": "game:knife-*", "isTool": true },"C": { "type": "item", "code": "game:hammer-*", "isTool": true },"D": { "type": "item", "code": "capreolinae:pelt-odocoileini-female-hippocamelusbisulcus" },"E": { "type": "item", "code": "game:metalnailsandstrips-*" },"F": { "type": "item", "code": "game:clay-*" },"G": { "type": "block", "code": "game:debarkedlog-*" },"H": { "type": "block", "code": "game:glass-*" },"I": { "type": "item", "code": "game:powder-borax" }},"width": 3,"height": 3,"output": { "type": "item", "code": "capreolinae:headmount-odocoileini-female-hippocamelusbisulcus-00", "quantity": 1  }},
{"name": "Huemul Head Mount (Male)", "ingredientPattern": "_BC,DEF,GHI","ingredients": {"B": { "type": "item", "code": "game:knife-*", "isTool": true },"C": { "type": "item", "code": "game:hammer-*", "isTool": true },"D": { "type": "item", "code": "capreolinae:pelt-odocoileini-male-hippocamelusbisulcus" },"E": { "type": "item", "code": "game:metalnailsandstrips-*" },"F": { "type": "item", "code": "game:clay-*" },"G": { "type": "block", "code": "game:debarkedlog-*" },"H": { "type": "block", "code": "game:glass-*" },"I": { "type": "item", "code": "game:powder-borax" }},"width": 3,"height": 3,"output": { "type": "item", "code": "capreolinae:headmount-odocoileini-male-hippocamelusbisulcus-00", "quantity": 1  }},
{"name": "Red Brocket Head Mount (Baby)", "ingredientPattern": "_BC,DEF,GHI","ingredients": {"B": { "type": "item", "code": "game:knife-*", "isTool": true },"C": { "type": "item", "code": "game:hammer-*", "isTool": true },"D": { "type": "item", "code": "capreolinae:pelt-odocoileini-baby-mazamaamericana" },"E": { "type": "item", "code": "game:metalnailsandstrips-*" },"F": { "type": "item", "code": "game:clay-*" },"G": { "type": "block", "code": "game:debarkedlog-*" },"H": { "type": "block", "code": "game:glass-*" },"I": { "type": "item", "code": "game:powder-borax" }},"width": 3,"height": 3,"output": { "type": "item", "code": "capreolinae:headmount-odocoileini-baby-mazamaamericana-00", "quantity": 1  }},
{"name": "Red Brocket Head Mount (Female)", "ingredientPattern": "_BC,DEF,GHI","ingredients": {"B": { "type": "item", "code": "game:knife-*", "isTool": true },"C": { "type": "item", "code": "game:hammer-*", "isTool": true },"D": { "type": "item", "code": "capreolinae:pelt-odocoileini-female-mazamaamericana" },"E": { "type": "item", "code": "game:metalnailsandstrips-*" },"F": { "type": "item", "code": "game:clay-*" },"G": { "type": "block", "code": "game:debarkedlog-*" },"H": { "type": "block", "code": "game:glass-*" },"I": { "type": "item", "code": "game:powder-borax" }},"width": 3,"height": 3,"output": { "type": "item", "code": "capreolinae:headmount-odocoileini-female-mazamaamericana-00", "quantity": 1  }},
{"name": "Red Brocket Head Mount (Male)", "ingredientPattern": "_BC,DEF,GHI","ingredients": {"B": { "type": "item", "code": "game:knife-*", "isTool": true },"C": { "type": "item", "code": "game:hammer-*", "isTool": true },"D": { "type": "item", "code": "capreolinae:pelt-odocoileini-male-mazamaamericana" },"E": { "type": "item", "code": "game:metalnailsandstrips-*" },"F": { "type": "item", "code": "game:clay-*" },"G": { "type": "block", "code": "game:debarkedlog-*" },"H": { "type": "block", "code": "game:glass-*" },"I": { "type": "item", "code": "game:powder-borax" }},"width": 3,"height": 3,"output": { "type": "item", "code": "capreolinae:headmount-odocoileini-male-mazamaamericana-00", "quantity": 1  }},
{"name": "Dwarf Brocket Head Mount (Baby)", "ingredientPattern": "_BC,DEF,GHI","ingredients": {"B": { "type": "item", "code": "game:knife-*", "isTool": true },"C": { "type": "item", "code": "game:hammer-*", "isTool": true },"D": { "type": "item", "code": "capreolinae:pelt-odocoileini-baby-mazamachunyi" },"E": { "type": "item", "code": "game:metalnailsandstrips-*" },"F": { "type": "item", "code": "game:clay-*" },"G": { "type": "block", "code": "game:debarkedlog-*" },"H": { "type": "block", "code": "game:glass-*" },"I": { "type": "item", "code": "game:powder-borax" }},"width": 3,"height": 3,"output": { "type": "item", "code": "capreolinae:headmount-odocoileini-baby-mazamachunyi-00", "quantity": 1  }},
{"name": "Dwarf Brocket Head Mount (Female)", "ingredientPattern": "_BC,DEF,GHI","ingredients": {"B": { "type": "item", "code": "game:knife-*", "isTool": true },"C": { "type": "item", "code": "game:hammer-*", "isTool": true },"D": { "type": "item", "code": "capreolinae:pelt-odocoileini-female-mazamachunyi" },"E": { "type": "item", "code": "game:metalnailsandstrips-*" },"F": { "type": "item", "code": "game:clay-*" },"G": { "type": "block", "code": "game:debarkedlog-*" },"H": { "type": "block", "code": "game:glass-*" },"I": { "type": "item", "code": "game:powder-borax" }},"width": 3,"height": 3,"output": { "type": "item", "code": "capreolinae:headmount-odocoileini-female-mazamachunyi-00", "quantity": 1  }},
{"name": "Dwarf Brocket Head Mount (Male)", "ingredientPattern": "_BC,DEF,GHI","ingredients": {"B": { "type": "item", "code": "game:knife-*", "isTool": true },"C": { "type": "item", "code": "game:hammer-*", "isTool": true },"D": { "type": "item", "code": "capreolinae:pelt-odocoileini-male-mazamachunyi" },"E": { "type": "item", "code": "game:metalnailsandstrips-*" },"F": { "type": "item", "code": "game:clay-*" },"G": { "type": "block", "code": "game:debarkedlog-*" },"H": { "type": "block", "code": "game:glass-*" },"I": { "type": "item", "code": "game:powder-borax" }},"width": 3,"height": 3,"output": { "type": "item", "code": "capreolinae:headmount-odocoileini-male-mazamachunyi-00", "quantity": 1  }},
{"name": "Gray Brocket Head Mount (Baby)", "ingredientPattern": "_BC,DEF,GHI","ingredients": {"B": { "type": "item", "code": "game:knife-*", "isTool": true },"C": { "type": "item", "code": "game:hammer-*", "isTool": true },"D": { "type": "item", "code": "capreolinae:pelt-odocoileini-baby-mazamagouazoubira" },"E": { "type": "item", "code": "game:metalnailsandstrips-*" },"F": { "type": "item", "code": "game:clay-*" },"G": { "type": "block", "code": "game:debarkedlog-*" },"H": { "type": "block", "code": "game:glass-*" },"I": { "type": "item", "code": "game:powder-borax" }},"width": 3,"height": 3,"output": { "type": "item", "code": "capreolinae:headmount-odocoileini-baby-mazamagouazoubira-00", "quantity": 1  }},
{"name": "Gray Brocket Head Mount (Female)", "ingredientPattern": "_BC,DEF,GHI","ingredients": {"B": { "type": "item", "code": "game:knife-*", "isTool": true },"C": { "type": "item", "code": "game:hammer-*", "isTool": true },"D": { "type": "item", "code": "capreolinae:pelt-odocoileini-female-mazamagouazoubira" },"E": { "type": "item", "code": "game:metalnailsandstrips-*" },"F": { "type": "item", "code": "game:clay-*" },"G": { "type": "block", "code": "game:debarkedlog-*" },"H": { "type": "block", "code": "game:glass-*" },"I": { "type": "item", "code": "game:powder-borax" }},"width": 3,"height": 3,"output": { "type": "item", "code": "capreolinae:headmount-odocoileini-female-mazamagouazoubira-00", "quantity": 1  }},
{"name": "Gray Brocket Head Mount (Male)", "ingredientPattern": "_BC,DEF,GHI","ingredients": {"B": { "type": "item", "code": "game:knife-*", "isTool": true },"C": { "type": "item", "code": "game:hammer-*", "isTool": true },"D": { "type": "item", "code": "capreolinae:pelt-odocoileini-male-mazamagouazoubira" },"E": { "type": "item", "code": "game:metalnailsandstrips-*" },"F": { "type": "item", "code": "game:clay-*" },"G": { "type": "block", "code": "game:debarkedlog-*" },"H": { "type": "block", "code": "game:glass-*" },"I": { "type": "item", "code": "game:powder-borax" }},"width": 3,"height": 3,"output": { "type": "item", "code": "capreolinae:headmount-odocoileini-male-mazamagouazoubira-00", "quantity": 1  }},
{"name": "Pygmy Brocket Head Mount (Baby)", "ingredientPattern": "_BC,DEF,GHI","ingredients": {"B": { "type": "item", "code": "game:knife-*", "isTool": true },"C": { "type": "item", "code": "game:hammer-*", "isTool": true },"D": { "type": "item", "code": "capreolinae:pelt-odocoileini-baby-mazamanana" },"E": { "type": "item", "code": "game:metalnailsandstrips-*" },"F": { "type": "item", "code": "game:clay-*" },"G": { "type": "block", "code": "game:debarkedlog-*" },"H": { "type": "block", "code": "game:glass-*" },"I": { "type": "item", "code": "game:powder-borax" }},"width": 3,"height": 3,"output": { "type": "item", "code": "capreolinae:headmount-odocoileini-baby-mazamanana-00", "quantity": 1  }},
{"name": "Pygmy Brocket Head Mount (Female)", "ingredientPattern": "_BC,DEF,GHI","ingredients": {"B": { "type": "item", "code": "game:knife-*", "isTool": true },"C": { "type": "item", "code": "game:hammer-*", "isTool": true },"D": { "type": "item", "code": "capreolinae:pelt-odocoileini-female-mazamanana" },"E": { "type": "item", "code": "game:metalnailsandstrips-*" },"F": { "type": "item", "code": "game:clay-*" },"G": { "type": "block", "code": "game:debarkedlog-*" },"H": { "type": "block", "code": "game:glass-*" },"I": { "type": "item", "code": "game:powder-borax" }},"width": 3,"height": 3,"output": { "type": "item", "code": "capreolinae:headmount-odocoileini-female-mazamanana-00", "quantity": 1  }},
{"name": "Pygmy Brocket Head Mount (Male)", "ingredientPattern": "_BC,DEF,GHI","ingredients": {"B": { "type": "item", "code": "game:knife-*", "isTool": true },"C": { "type": "item", "code": "game:hammer-*", "isTool": true },"D": { "type": "item", "code": "capreolinae:pelt-odocoileini-male-mazamanana" },"E": { "type": "item", "code": "game:metalnailsandstrips-*" },"F": { "type": "item", "code": "game:clay-*" },"G": { "type": "block", "code": "game:debarkedlog-*" },"H": { "type": "block", "code": "game:glass-*" },"I": { "type": "item", "code": "game:powder-borax" }},"width": 3,"height": 3,"output": { "type": "item", "code": "capreolinae:headmount-odocoileini-male-mazamanana-00", "quantity": 1  }},
{"name": "Amazonian Brown Brocket Head Mount (Baby)", "ingredientPattern": "_BC,DEF,GHI","ingredients": {"B": { "type": "item", "code": "game:knife-*", "isTool": true },"C": { "type": "item", "code": "game:hammer-*", "isTool": true },"D": { "type": "item", "code": "capreolinae:pelt-odocoileini-baby-mazamanemorivaga" },"E": { "type": "item", "code": "game:metalnailsandstrips-*" },"F": { "type": "item", "code": "game:clay-*" },"G": { "type": "block", "code": "game:debarkedlog-*" },"H": { "type": "block", "code": "game:glass-*" },"I": { "type": "item", "code": "game:powder-borax" }},"width": 3,"height": 3,"output": { "type": "item", "code": "capreolinae:headmount-odocoileini-baby-mazamanemorivaga-00", "quantity": 1  }},
{"name": "Amazonian Brown Brocket Head Mount (Female)", "ingredientPattern": "_BC,DEF,GHI","ingredients": {"B": { "type": "item", "code": "game:knife-*", "isTool": true },"C": { "type": "item", "code": "game:hammer-*", "isTool": true },"D": { "type": "item", "code": "capreolinae:pelt-odocoileini-female-mazamanemorivaga" },"E": { "type": "item", "code": "game:metalnailsandstrips-*" },"F": { "type": "item", "code": "game:clay-*" },"G": { "type": "block", "code": "game:debarkedlog-*" },"H": { "type": "block", "code": "game:glass-*" },"I": { "type": "item", "code": "game:powder-borax" }},"width": 3,"height": 3,"output": { "type": "item", "code": "capreolinae:headmount-odocoileini-female-mazamanemorivaga-00", "quantity": 1  }},
{"name": "Amazonian Brown Brocket Head Mount (Male)", "ingredientPattern": "_BC,DEF,GHI","ingredients": {"B": { "type": "item", "code": "game:knife-*", "isTool": true },"C": { "type": "item", "code": "game:hammer-*", "isTool": true },"D": { "type": "item", "code": "capreolinae:pelt-odocoileini-male-mazamanemorivaga" },"E": { "type": "item", "code": "game:metalnailsandstrips-*" },"F": { "type": "item", "code": "game:clay-*" },"G": { "type": "block", "code": "game:debarkedlog-*" },"H": { "type": "block", "code": "game:glass-*" },"I": { "type": "item", "code": "game:powder-borax" }},"width": 3,"height": 3,"output": { "type": "item", "code": "capreolinae:headmount-odocoileini-male-mazamanemorivaga-00", "quantity": 1  }},
{"name": "Swamp Brocket Head Mount (Baby)", "ingredientPattern": "_BC,DEF,GHI","ingredients": {"B": { "type": "item", "code": "game:knife-*", "isTool": true },"C": { "type": "item", "code": "game:hammer-*", "isTool": true },"D": { "type": "item", "code": "capreolinae:pelt-odocoileini-baby-mazamarufina" },"E": { "type": "item", "code": "game:metalnailsandstrips-*" },"F": { "type": "item", "code": "game:clay-*" },"G": { "type": "block", "code": "game:debarkedlog-*" },"H": { "type": "block", "code": "game:glass-*" },"I": { "type": "item", "code": "game:powder-borax" }},"width": 3,"height": 3,"output": { "type": "item", "code": "capreolinae:headmount-odocoileini-baby-mazamarufina-00", "quantity": 1  }},
{"name": "Swamp Brocket Head Mount (Female)", "ingredientPattern": "_BC,DEF,GHI","ingredients": {"B": { "type": "item", "code": "game:knife-*", "isTool": true },"C": { "type": "item", "code": "game:hammer-*", "isTool": true },"D": { "type": "item", "code": "capreolinae:pelt-odocoileini-female-mazamarufina" },"E": { "type": "item", "code": "game:metalnailsandstrips-*" },"F": { "type": "item", "code": "game:clay-*" },"G": { "type": "block", "code": "game:debarkedlog-*" },"H": { "type": "block", "code": "game:glass-*" },"I": { "type": "item", "code": "game:powder-borax" }},"width": 3,"height": 3,"output": { "type": "item", "code": "capreolinae:headmount-odocoileini-female-mazamarufina-00", "quantity": 1  }},
{"name": "Swamp Brocket Head Mount (Male)", "ingredientPattern": "_BC,DEF,GHI","ingredients": {"B": { "type": "item", "code": "game:knife-*", "isTool": true },"C": { "type": "item", "code": "game:hammer-*", "isTool": true },"D": { "type": "item", "code": "capreolinae:pelt-odocoileini-male-mazamarufina" },"E": { "type": "item", "code": "game:metalnailsandstrips-*" },"F": { "type": "item", "code": "game:clay-*" },"G": { "type": "block", "code": "game:debarkedlog-*" },"H": { "type": "block", "code": "game:glass-*" },"I": { "type": "item", "code": "game:powder-borax" }},"width": 3,"height": 3,"output": { "type": "item", "code": "capreolinae:headmount-odocoileini-male-mazamarufina-00", "quantity": 1  }},
{"name": "Central American Red Brocket Head Mount (Baby)", "ingredientPattern": "_BC,DEF,GHI","ingredients": {"B": { "type": "item", "code": "game:knife-*", "isTool": true },"C": { "type": "item", "code": "game:hammer-*", "isTool": true },"D": { "type": "item", "code": "capreolinae:pelt-odocoileini-baby-mazamatemama" },"E": { "type": "item", "code": "game:metalnailsandstrips-*" },"F": { "type": "item", "code": "game:clay-*" },"G": { "type": "block", "code": "game:debarkedlog-*" },"H": { "type": "block", "code": "game:glass-*" },"I": { "type": "item", "code": "game:powder-borax" }},"width": 3,"height": 3,"output": { "type": "item", "code": "capreolinae:headmount-odocoileini-baby-mazamatemama-00", "quantity": 1  }},
{"name": "Central American Red Brocket Head Mount (Female)", "ingredientPattern": "_BC,DEF,GHI","ingredients": {"B": { "type": "item", "code": "game:knife-*", "isTool": true },"C": { "type": "item", "code": "game:hammer-*", "isTool": true },"D": { "type": "item", "code": "capreolinae:pelt-odocoileini-female-mazamatemama" },"E": { "type": "item", "code": "game:metalnailsandstrips-*" },"F": { "type": "item", "code": "game:clay-*" },"G": { "type": "block", "code": "game:debarkedlog-*" },"H": { "type": "block", "code": "game:glass-*" },"I": { "type": "item", "code": "game:powder-borax" }},"width": 3,"height": 3,"output": { "type": "item", "code": "capreolinae:headmount-odocoileini-female-mazamatemama-00", "quantity": 1  }},
{"name": "Central American Red Brocket Head Mount (Male)", "ingredientPattern": "_BC,DEF,GHI","ingredients": {"B": { "type": "item", "code": "game:knife-*", "isTool": true },"C": { "type": "item", "code": "game:hammer-*", "isTool": true },"D": { "type": "item", "code": "capreolinae:pelt-odocoileini-male-mazamatemama" },"E": { "type": "item", "code": "game:metalnailsandstrips-*" },"F": { "type": "item", "code": "game:clay-*" },"G": { "type": "block", "code": "game:debarkedlog-*" },"H": { "type": "block", "code": "game:glass-*" },"I": { "type": "item", "code": "game:powder-borax" }},"width": 3,"height": 3,"output": { "type": "item", "code": "capreolinae:headmount-odocoileini-male-mazamatemama-00", "quantity": 1  }},
{"name": "Fair Brocket Head Mount (Baby)", "ingredientPattern": "_BC,DEF,GHI","ingredients": {"B": { "type": "item", "code": "game:knife-*", "isTool": true },"C": { "type": "item", "code": "game:hammer-*", "isTool": true },"D": { "type": "item", "code": "capreolinae:pelt-odocoileini-baby-mazamatienhoveni" },"E": { "type": "item", "code": "game:metalnailsandstrips-*" },"F": { "type": "item", "code": "game:clay-*" },"G": { "type": "block", "code": "game:debarkedlog-*" },"H": { "type": "block", "code": "game:glass-*" },"I": { "type": "item", "code": "game:powder-borax" }},"width": 3,"height": 3,"output": { "type": "item", "code": "capreolinae:headmount-odocoileini-baby-mazamatienhoveni-00", "quantity": 1  }},
{"name": "Fair Brocket Head Mount (Female)", "ingredientPattern": "_BC,DEF,GHI","ingredients": {"B": { "type": "item", "code": "game:knife-*", "isTool": true },"C": { "type": "item", "code": "game:hammer-*", "isTool": true },"D": { "type": "item", "code": "capreolinae:pelt-odocoileini-female-mazamatienhoveni" },"E": { "type": "item", "code": "game:metalnailsandstrips-*" },"F": { "type": "item", "code": "game:clay-*" },"G": { "type": "block", "code": "game:debarkedlog-*" },"H": { "type": "block", "code": "game:glass-*" },"I": { "type": "item", "code": "game:powder-borax" }},"width": 3,"height": 3,"output": { "type": "item", "code": "capreolinae:headmount-odocoileini-female-mazamatienhoveni-00", "quantity": 1  }},
{"name": "Fair Brocket Head Mount (Male)", "ingredientPattern": "_BC,DEF,GHI","ingredients": {"B": { "type": "item", "code": "game:knife-*", "isTool": true },"C": { "type": "item", "code": "game:hammer-*", "isTool": true },"D": { "type": "item", "code": "capreolinae:pelt-odocoileini-male-mazamatienhoveni" },"E": { "type": "item", "code": "game:metalnailsandstrips-*" },"F": { "type": "item", "code": "game:clay-*" },"G": { "type": "block", "code": "game:debarkedlog-*" },"H": { "type": "block", "code": "game:glass-*" },"I": { "type": "item", "code": "game:powder-borax" }},"width": 3,"height": 3,"output": { "type": "item", "code": "capreolinae:headmount-odocoileini-male-mazamatienhoveni-00", "quantity": 1  }},
{"name": "Mule Deer Head Mount (Baby)", "ingredientPattern": "_BC,DEF,GHI","ingredients": {"B": { "type": "item", "code": "game:knife-*", "isTool": true },"C": { "type": "item", "code": "game:hammer-*", "isTool": true },"D": { "type": "item", "code": "capreolinae:pelt-odocoileini-baby-odocoileushemionus" },"E": { "type": "item", "code": "game:metalnailsandstrips-*" },"F": { "type": "item", "code": "game:clay-*" },"G": { "type": "block", "code": "game:debarkedlog-*" },"H": { "type": "block", "code": "game:glass-*" },"I": { "type": "item", "code": "game:powder-borax" }},"width": 3,"height": 3,"output": { "type": "item", "code": "capreolinae:headmount-odocoileini-baby-odocoileushemionus-00", "quantity": 1  }},
{"name": "Mule Deer Head Mount (Female)", "ingredientPattern": "_BC,DEF,GHI","ingredients": {"B": { "type": "item", "code": "game:knife-*", "isTool": true },"C": { "type": "item", "code": "game:hammer-*", "isTool": true },"D": { "type": "item", "code": "capreolinae:pelt-odocoileini-female-odocoileushemionus" },"E": { "type": "item", "code": "game:metalnailsandstrips-*" },"F": { "type": "item", "code": "game:clay-*" },"G": { "type": "block", "code": "game:debarkedlog-*" },"H": { "type": "block", "code": "game:glass-*" },"I": { "type": "item", "code": "game:powder-borax" }},"width": 3,"height": 3,"output": { "type": "item", "code": "capreolinae:headmount-odocoileini-female-odocoileushemionus-00", "quantity": 1  }},
{"name": "Mule Deer Head Mount (Male)", "ingredientPattern": "_BC,DEF,GHI","ingredients": {"B": { "type": "item", "code": "game:knife-*", "isTool": true },"C": { "type": "item", "code": "game:hammer-*", "isTool": true },"D": { "type": "item", "code": "capreolinae:pelt-odocoileini-male-odocoileushemionus" },"E": { "type": "item", "code": "game:metalnailsandstrips-*" },"F": { "type": "item", "code": "game:clay-*" },"G": { "type": "block", "code": "game:debarkedlog-*" },"H": { "type": "block", "code": "game:glass-*" },"I": { "type": "item", "code": "game:powder-borax" }},"width": 3,"height": 3,"output": { "type": "item", "code": "capreolinae:headmount-odocoileini-male-odocoileushemionus-00", "quantity": 1  }},
{"name": "Yucatan Brown Brocket Head Mount (Baby)", "ingredientPattern": "_BC,DEF,GHI","ingredients": {"B": { "type": "item", "code": "game:knife-*", "isTool": true },"C": { "type": "item", "code": "game:hammer-*", "isTool": true },"D": { "type": "item", "code": "capreolinae:pelt-odocoileini-baby-odocoileuspandora" },"E": { "type": "item", "code": "game:metalnailsandstrips-*" },"F": { "type": "item", "code": "game:clay-*" },"G": { "type": "block", "code": "game:debarkedlog-*" },"H": { "type": "block", "code": "game:glass-*" },"I": { "type": "item", "code": "game:powder-borax" }},"width": 3,"height": 3,"output": { "type": "item", "code": "capreolinae:headmount-odocoileini-baby-odocoileuspandora-00", "quantity": 1  }},
{"name": "Yucatan Brown Brocket Head Mount (Female)", "ingredientPattern": "_BC,DEF,GHI","ingredients": {"B": { "type": "item", "code": "game:knife-*", "isTool": true },"C": { "type": "item", "code": "game:hammer-*", "isTool": true },"D": { "type": "item", "code": "capreolinae:pelt-odocoileini-female-odocoileuspandora" },"E": { "type": "item", "code": "game:metalnailsandstrips-*" },"F": { "type": "item", "code": "game:clay-*" },"G": { "type": "block", "code": "game:debarkedlog-*" },"H": { "type": "block", "code": "game:glass-*" },"I": { "type": "item", "code": "game:powder-borax" }},"width": 3,"height": 3,"output": { "type": "item", "code": "capreolinae:headmount-odocoileini-female-odocoileuspandora-00", "quantity": 1  }},
{"name": "Yucatan Brown Brocket Head Mount (Male)", "ingredientPattern": "_BC,DEF,GHI","ingredients": {"B": { "type": "item", "code": "game:knife-*", "isTool": true },"C": { "type": "item", "code": "game:hammer-*", "isTool": true },"D": { "type": "item", "code": "capreolinae:pelt-odocoileini-male-odocoileuspandora" },"E": { "type": "item", "code": "game:metalnailsandstrips-*" },"F": { "type": "item", "code": "game:clay-*" },"G": { "type": "block", "code": "game:debarkedlog-*" },"H": { "type": "block", "code": "game:glass-*" },"I": { "type": "item", "code": "game:powder-borax" }},"width": 3,"height": 3,"output": { "type": "item", "code": "capreolinae:headmount-odocoileini-male-odocoileuspandora-00", "quantity": 1  }},
{"name": "White-Tailed Deer Head Mount (Baby)", "ingredientPattern": "_BC,DEF,GHI","ingredients": {"B": { "type": "item", "code": "game:knife-*", "isTool": true },"C": { "type": "item", "code": "game:hammer-*", "isTool": true },"D": { "type": "item", "code": "capreolinae:pelt-odocoileini-baby-odocoileusvirginianus" },"E": { "type": "item", "code": "game:metalnailsandstrips-*" },"F": { "type": "item", "code": "game:clay-*" },"G": { "type": "block", "code": "game:debarkedlog-*" },"H": { "type": "block", "code": "game:glass-*" },"I": { "type": "item", "code": "game:powder-borax" }},"width": 3,"height": 3,"output": { "type": "item", "code": "capreolinae:headmount-odocoileini-baby-odocoileusvirginianus-00", "quantity": 1  }},
{"name": "White-Tailed Deer Head Mount (Female)", "ingredientPattern": "_BC,DEF,GHI","ingredients": {"B": { "type": "item", "code": "game:knife-*", "isTool": true },"C": { "type": "item", "code": "game:hammer-*", "isTool": true },"D": { "type": "item", "code": "capreolinae:pelt-odocoileini-female-odocoileusvirginianus" },"E": { "type": "item", "code": "game:metalnailsandstrips-*" },"F": { "type": "item", "code": "game:clay-*" },"G": { "type": "block", "code": "game:debarkedlog-*" },"H": { "type": "block", "code": "game:glass-*" },"I": { "type": "item", "code": "game:powder-borax" }},"width": 3,"height": 3,"output": { "type": "item", "code": "capreolinae:headmount-odocoileini-female-odocoileusvirginianus-00", "quantity": 1  }},
{"name": "White-Tailed Deer Head Mount (Male)", "ingredientPattern": "_BC,DEF,GHI","ingredients": {"B": { "type": "item", "code": "game:knife-*", "isTool": true },"C": { "type": "item", "code": "game:hammer-*", "isTool": true },"D": { "type": "item", "code": "capreolinae:pelt-odocoileini-male-odocoileusvirginianus" },"E": { "type": "item", "code": "game:metalnailsandstrips-*" },"F": { "type": "item", "code": "game:clay-*" },"G": { "type": "block", "code": "game:debarkedlog-*" },"H": { "type": "block", "code": "game:glass-*" },"I": { "type": "item", "code": "game:powder-borax" }},"width": 3,"height": 3,"output": { "type": "item", "code": "capreolinae:headmount-odocoileini-male-odocoileusvirginianus-00", "quantity": 1  }},
{"name": "Pampas Deer Head Mount (Baby)", "ingredientPattern": "_BC,DEF,GHI","ingredients": {"B": { "type": "item", "code": "game:knife-*", "isTool": true },"C": { "type": "item", "code": "game:hammer-*", "isTool": true },"D": { "type": "item", "code": "capreolinae:pelt-odocoileini-baby-ozotocerosbezoarticus" },"E": { "type": "item", "code": "game:metalnailsandstrips-*" },"F": { "type": "item", "code": "game:clay-*" },"G": { "type": "block", "code": "game:debarkedlog-*" },"H": { "type": "block", "code": "game:glass-*" },"I": { "type": "item", "code": "game:powder-borax" }},"width": 3,"height": 3,"output": { "type": "item", "code": "capreolinae:headmount-odocoileini-baby-ozotocerosbezoarticus-00", "quantity": 1  }},
{"name": "Pampas Deer Head Mount (Female)", "ingredientPattern": "_BC,DEF,GHI","ingredients": {"B": { "type": "item", "code": "game:knife-*", "isTool": true },"C": { "type": "item", "code": "game:hammer-*", "isTool": true },"D": { "type": "item", "code": "capreolinae:pelt-odocoileini-female-ozotocerosbezoarticus" },"E": { "type": "item", "code": "game:metalnailsandstrips-*" },"F": { "type": "item", "code": "game:clay-*" },"G": { "type": "block", "code": "game:debarkedlog-*" },"H": { "type": "block", "code": "game:glass-*" },"I": { "type": "item", "code": "game:powder-borax" }},"width": 3,"height": 3,"output": { "type": "item", "code": "capreolinae:headmount-odocoileini-female-ozotocerosbezoarticus-00", "quantity": 1  }},
{"name": "Pampas Deer Head Mount (Male)", "ingredientPattern": "_BC,DEF,GHI","ingredients": {"B": { "type": "item", "code": "game:knife-*", "isTool": true },"C": { "type": "item", "code": "game:hammer-*", "isTool": true },"D": { "type": "item", "code": "capreolinae:pelt-odocoileini-male-ozotocerosbezoarticus" },"E": { "type": "item", "code": "game:metalnailsandstrips-*" },"F": { "type": "item", "code": "game:clay-*" },"G": { "type": "block", "code": "game:debarkedlog-*" },"H": { "type": "block", "code": "game:glass-*" },"I": { "type": "item", "code": "game:powder-borax" }},"width": 3,"height": 3,"output": { "type": "item", "code": "capreolinae:headmount-odocoileini-male-ozotocerosbezoarticus-00", "quantity": 1  }},
{"name": "Northern Pudu Head Mount (Baby)", "ingredientPattern": "_BC,DEF,GHI","ingredients": {"B": { "type": "item", "code": "game:knife-*", "isTool": true },"C": { "type": "item", "code": "game:hammer-*", "isTool": true },"D": { "type": "item", "code": "capreolinae:pelt-odocoileini-baby-pudellamephistophiles" },"E": { "type": "item", "code": "game:metalnailsandstrips-*" },"F": { "type": "item", "code": "game:clay-*" },"G": { "type": "block", "code": "game:debarkedlog-*" },"H": { "type": "block", "code": "game:glass-*" },"I": { "type": "item", "code": "game:powder-borax" }},"width": 3,"height": 3,"output": { "type": "item", "code": "capreolinae:headmount-odocoileini-baby-pudellamephistophiles-00", "quantity": 1  }},
{"name": "Northern Pudu Head Mount (Female)", "ingredientPattern": "_BC,DEF,GHI","ingredients": {"B": { "type": "item", "code": "game:knife-*", "isTool": true },"C": { "type": "item", "code": "game:hammer-*", "isTool": true },"D": { "type": "item", "code": "capreolinae:pelt-odocoileini-female-pudellamephistophiles" },"E": { "type": "item", "code": "game:metalnailsandstrips-*" },"F": { "type": "item", "code": "game:clay-*" },"G": { "type": "block", "code": "game:debarkedlog-*" },"H": { "type": "block", "code": "game:glass-*" },"I": { "type": "item", "code": "game:powder-borax" }},"width": 3,"height": 3,"output": { "type": "item", "code": "capreolinae:headmount-odocoileini-female-pudellamephistophiles-00", "quantity": 1  }},
{"name": "Northern Pudu Head Mount (Male)", "ingredientPattern": "_BC,DEF,GHI","ingredients": {"B": { "type": "item", "code": "game:knife-*", "isTool": true },"C": { "type": "item", "code": "game:hammer-*", "isTool": true },"D": { "type": "item", "code": "capreolinae:pelt-odocoileini-male-pudellamephistophiles" },"E": { "type": "item", "code": "game:metalnailsandstrips-*" },"F": { "type": "item", "code": "game:clay-*" },"G": { "type": "block", "code": "game:debarkedlog-*" },"H": { "type": "block", "code": "game:glass-*" },"I": { "type": "item", "code": "game:powder-borax" }},"width": 3,"height": 3,"output": { "type": "item", "code": "capreolinae:headmount-odocoileini-male-pudellamephistophiles-00", "quantity": 1  }},
{"name": "Southern Pudu Head Mount (Baby)", "ingredientPattern": "_BC,DEF,GHI","ingredients": {"B": { "type": "item", "code": "game:knife-*", "isTool": true },"C": { "type": "item", "code": "game:hammer-*", "isTool": true },"D": { "type": "item", "code": "capreolinae:pelt-odocoileini-baby-pudupuda" },"E": { "type": "item", "code": "game:metalnailsandstrips-*" },"F": { "type": "item", "code": "game:clay-*" },"G": { "type": "block", "code": "game:debarkedlog-*" },"H": { "type": "block", "code": "game:glass-*" },"I": { "type": "item", "code": "game:powder-borax" }},"width": 3,"height": 3,"output": { "type": "item", "code": "capreolinae:headmount-odocoileini-baby-pudupuda-00", "quantity": 1  }},
{"name": "Southern Pudu Head Mount (Female)", "ingredientPattern": "_BC,DEF,GHI","ingredients": {"B": { "type": "item", "code": "game:knife-*", "isTool": true },"C": { "type": "item", "code": "game:hammer-*", "isTool": true },"D": { "type": "item", "code": "capreolinae:pelt-odocoileini-female-pudupuda" },"E": { "type": "item", "code": "game:metalnailsandstrips-*" },"F": { "type": "item", "code": "game:clay-*" },"G": { "type": "block", "code": "game:debarkedlog-*" },"H": { "type": "block", "code": "game:glass-*" },"I": { "type": "item", "code": "game:powder-borax" }},"width": 3,"height": 3,"output": { "type": "item", "code": "capreolinae:headmount-odocoileini-female-pudupuda-00", "quantity": 1  }},
{"name": "Southern Pudu Head Mount (Male)", "ingredientPattern": "_BC,DEF,GHI","ingredients": {"B": { "type": "item", "code": "game:knife-*", "isTool": true },"C": { "type": "item", "code": "game:hammer-*", "isTool": true },"D": { "type": "item", "code": "capreolinae:pelt-odocoileini-male-pudupuda" },"E": { "type": "item", "code": "game:metalnailsandstrips-*" },"F": { "type": "item", "code": "game:clay-*" },"G": { "type": "block", "code": "game:debarkedlog-*" },"H": { "type": "block", "code": "game:glass-*" },"I": { "type": "item", "code": "game:powder-borax" }},"width": 3,"height": 3,"output": { "type": "item", "code": "capreolinae:headmount-odocoileini-male-pudupuda-00", "quantity": 1  }},
{"name": "Reindeer Head Mount (Baby)", "ingredientPattern": "_BC,DEF,GHI","ingredients": {"B": { "type": "item", "code": "game:knife-*", "isTool": true },"C": { "type": "item", "code": "game:hammer-*", "isTool": true },"D": { "type": "item", "code": "capreolinae:pelt-odocoileini-baby-rangifertarandus" },"E": { "type": "item", "code": "game:metalnailsandstrips-*" },"F": { "type": "item", "code": "game:clay-*" },"G": { "type": "block", "code": "game:debarkedlog-*" },"H": { "type": "block", "code": "game:glass-*" },"I": { "type": "item", "code": "game:powder-borax" }},"width": 3,"height": 3,"output": { "type": "item", "code": "capreolinae:headmount-odocoileini-baby-rangifertarandus-00", "quantity": 1  }},
{"name": "Reindeer Head Mount (Female)", "ingredientPattern": "_BC,DEF,GHI","ingredients": {"B": { "type": "item", "code": "game:knife-*", "isTool": true },"C": { "type": "item", "code": "game:hammer-*", "isTool": true },"D": { "type": "item", "code": "capreolinae:pelt-odocoileini-female-rangifertarandus" },"E": { "type": "item", "code": "game:metalnailsandstrips-*" },"F": { "type": "item", "code": "game:clay-*" },"G": { "type": "block", "code": "game:debarkedlog-*" },"H": { "type": "block", "code": "game:glass-*" },"I": { "type": "item", "code": "game:powder-borax" }},"width": 3,"height": 3,"output": { "type": "item", "code": "capreolinae:headmount-odocoileini-female-rangifertarandus-00", "quantity": 1  }},
{"name": "Reindeer Head Mount (Male)", "ingredientPattern": "_BC,DEF,GHI","ingredients": {"B": { "type": "item", "code": "game:knife-*", "isTool": true },"C": { "type": "item", "code": "game:hammer-*", "isTool": true },"D": { "type": "item", "code": "capreolinae:pelt-odocoileini-male-rangifertarandus" },"E": { "type": "item", "code": "game:metalnailsandstrips-*" },"F": { "type": "item", "code": "game:clay-*" },"G": { "type": "block", "code": "game:debarkedlog-*" },"H": { "type": "block", "code": "game:glass-*" },"I": { "type": "item", "code": "game:powder-borax" }},"width": 3,"height": 3,"output": { "type": "item", "code": "capreolinae:headmount-odocoileini-male-rangifertarandus-00", "quantity": 1  }},


{"name": "Moose Head Mount (Male)","ingredientPattern": "LK","ingredients": {"K": { "type": "item", "code": "capreolinae:headmount-alceini-male-alcesalces-00"},"L": { "type": "item", "code": "game:antler-alcesalces-*", "name": "size", "allowedVariants": ["01","02","03","04","05","06","07","08","09"] }},"width": 2,"height": 1,"output": { "type": "item", "code": "capreolinae:headmount-alceini-male-alcesalces-{size}", "quantity": 1  }}
]